{
  "score0": 0.12209128952457127,
  "score1": 0.005597278998072425,
  "score2": 