{
  "score0": 0.15239957160356182,
  "score1": 0.036683362609019526,
  "score2": 0.16451747667774105,
  "score3": 0.0008928484623123935,
  "score4": 0.278249541032098,
  "score5": 0.3026931073982529,
  "score6": 0.369597054073475
}