{
  "score0": 0.07182865129480964,
  "score1": 0.13537956874156765,
  "score2": 0.0740485852063782,
  "score3": 0.07989260257621116,
  "score4": 0.025104978911750075,
  "score5": 0.034404451622447325,
  "score6": 0.013106081491991764
}