{
  "score0": 0.013934820841080501,
  "score1": 0.2877360806076767,
  "score2": 