{
  "score0": 0.10541427434287716,
  "score1": 0.017849695599584117,
  "score2": 0.4461862119074254,
  "score3": 0.11323064757974831,
  "score4": 0.01633880066819135,
  "score5": 0.08348720913340812,
  "score6": 0.006718591238690016
}