{
  "score0": 0.14996971717058372,
  "score1": 0.04122162464271709,
  "score2": 0.2717723340988494,
  "score3": 0.05097184063268062,
  "score4": 0.0600550582932517,
  "score5": 0.050933108961811295,
  "score6": 