{
  "score0": 0.026354907598345946,
  "score1": 0.11840271489797774,
  "score2": 0.06396286958784622,
  "score3": 0.2909875186655515,
  "score4": 0.1595585176986493,
  "score5": 0.03976451013983759,
  "score6": 0.022668348312270156
}