{
  "score0": 0.04550926938110089,
  "score1": 0.1602706209206836,
  "score2": 0.26553679832331833,
  "score3": 0.026978572203940232,
  "score4": 0.09500840082339268,
  "score5": 0.07510853068545047,
  "score6": 0.00755903154807401
}