{
  "score0": 0.3850695723930333,
  "score1": 0.24504898750318813,
  "score2": 0.0570445859349007,
  "score3": 0.10514821773712517,
  "score4": 0.019695279986399295,
  "score5": 