{
  "score0": 0.31519128459624546,
  "score1": 0.26478686450586336,
  "score2": 0.048058522445312946,
  "score3": 0.007009066585418612,
  "score4": 0.06020248961486263,
  "score5": 0.01845073990848708,
  "score6": 0.01249760534676833
}