{
  "score0": 0.06687930147264322,
  "score1": 0.12366467211021076,
  "score2": 0.14358058967771828,
  "score3": 0.07989260257621116,
  "score4": 0.025104978911750075,
  "score5": 0.034404451622447325,
  "score6": 0.013106081491991764
}