{
  "score0": 0.1299843069461124,
  "score1": 0.11196529498498581,
  "score2": 0.16313448068889394,
  "score3": 0.04035157773343375,
  "score4": 0.08015204122683454,
  "score5": 0.0715642150882022,
  "score6": 0.0008928355845209572
}