{
  "score0": 0.08588145834318862,
  "score1": 0.20114799773650613,
  "score2": 0.03540334788554097,
  "score3": 0.16064121012794155,
  "score4": 0.017375394925323546,
  "score5": 0.0376843421895253,
  "score6": 0.09946812194843414
}