{
  "score0": 0.1159372065152504,
  "score1": 0.16479732829987617,
  "score2": 0.17761554676430924,
  "score3": 0.04732077418720715,
  "score4": 0.0995645314758606,
  "score5": 0.051141152716094714,
  "score6": 0.006750578640556552
}