{
  "score0": 0.09847597991775321,
  "score1": 0.12371093129631351,
  "score2": 0.06898452002822918,
  "score3": 0.06943911149727318,
  "score4": 0.019470253616943694,
  "score5": 0.06224915981886254,
  "score6": 0.04199146188037526
}