{
  "score0": 0.03577213232092904,
  "score1": 0.12782694845654394,
  "score2": 0.10173848860732525,
  "score3": 0.3226051556834278,
  "score4": 0.10516530205531917,
  "score5": 0.011632168520222634,
  "score6": 0.10126846978048747
}