{
  "score0": 0.5497331819467705,
  "score1": 0.3051745228686843,
  "score2": 0.2768795587121797,
  "score3": 0.01961872180986789,
  "score4": 0.02953896003452472,
  "score5": 0.16373294553318282,
  "score6": 