{
  "score0": 0.20114799773650613,
  "score1": 0.03540334788554097,
  "score2": 0.15435631028471006,
  "score3": 0.15259972899076452,
  "score4": 0.05382561004812799,
  "score5": 0.21722129194053155,
  "score6": 0.237524497236383
}