{
  "score0": 0.34152485110597663,
  "score1": 0.25858269985960813,
  "score2": 0.0570445859349007,
  "score3": 0.10514821773712517,
  "score4": 0.019695279986399295,
  "score5": 