{
  "score0": 0.16472423004544476,
  "score1": 0.07617652766926536,
  "score2": 0.12008321820164551,
  "score3": 0.07995403515176797,
  "score4": 0.04738148261480646,
  "score5": 0.013382352173357176,
  "score6": 0.012669046482331386
}