{
  "score0": 0.08673277538094303,
  "score1": 0.19300626058277526,
  "score2": 0.03502335081563967,
  "score3": 0.17912609977502433,
  "score4": 0.006638601920060689,
  "score5": 0.03241265415187316,
  "score6": 0.1287507607598064
}