{
  "score0": 0.34152485110597663,
  "score1": 0.26478686450586336,
  "score2": 0.05329589727307796,
  "score3": 0.0009403461890378828,
  "score4": 0.10514821773712517,
  "score5": 0.019695279986399295,
  "score6": 