{
  "score0": 0.16472423004544476,
  "score1": 0.06687930147264322,
  "score2": 0.12366467211021076,
  "score3": 0.09590577972932583,
  "score4": 0.04738148261480646,
  "score5": 0.013382352173357176,
  "score6": 0.012669046482331386
}