{
  "score0": 0.15304570743584436,
  "score1": 0.007227108226959711,
  "score2": 0.2904221368302225,
  "score3": 