{
  "score0": 0.12646821819629964,
  "score1": 0.11196529498498581,
  "score2": 0.16313448068889394,
  "score3": 0.047438807168417994,
  "score4": 0.09599160779217482,
  "score5": 0.02710584751342998,
  "score6": 0.012585393569119516
}