{
  "score0": 0.1299843069461124,
  "score1": 0.1693539357572386,
  "score2": 0.12532365933622014,
  "score3": 0.03267398582186195,
  "score4": 0.08015204122683454,
  "score5": 0.0715642150882022,
  "score6": 0.0008928355845209572
}