{
  "score0": 0.015036084716755023,
  "score1": 0.5231907004869822,
  "score2": 0.1748283894504764,
  "score3": 0.08381575971368405,
  "score4": 0.06042523597544767,
  "score5": 0.019742631925077823,
  "score6": 0.006901805209076341
}