{
  "score0": 0.23984297353164605,
  "score1": 0.26906573096174513,
  "score2": 0.05393797933477257,
  "score3": 0.012569207294014013,
  "score4": 0.017467254266336562,
  "score5": 0.11099901935544665,
  "score6": 0.032648913521895646
}