{
  "score0": 0.031159521848617033,
  "score1": 0.08413370749028898,
  "score2": 0.1749593980936272,
  "score3": 0.054375811893441345,
  "score4": 0.006993297736858458,
  "score5": 0.041492060865646885,
  "score6": 0.0009393744124346273
}