{
  "score0": 0.00563104655341109,
  "score1": 0.5541012341128915,
  "score2": 0.34396205865179336,
  "score3": 0.06140914679170408,
  "score4": 0.05340114010110438,
  "score5": 0.013012937556500676,
  "score6": 0.013197021231970934
}