{
  "score0": 0.18280306565479573,
  "score1": 0.04021692591301468,
  "score2": 0.16451747667774105,
  "score3": 0.025053151814911582,
  "score4": 0.2992804120539638,
  "score5": 0.12696227560572568,
  "score6": 0.40612328793130187
}