{
  "score0": 0.08227041571590624,
  "score1": 0.15130223600423906,
  "score2": 0.041735235322879885,
  "score3": 0.09607978474474584,
  "score4": 0.04296289338467175,
  "score5": 0.051094184960811424,
  "score6": 0.030866925644281326
}