{
  "score0": 0.11538461336568358,
  "score1": 0.2149600636315653,
  "score2": 0.07519243067993135,
  "score3": 0.06655533941567375,
  "score4": 0.000928659713539288,
  "score5": 0.007229919950385358,
  "score6": 0.007279044252415354
}