{
  "score0": 0.10338760767945566,
  "score1": 0.10205472500759424,
  "score2": 0.04193500115907418,
  "score3": 0.01411481182064802,
  "score4": 0.07133643231826708,
  "score5": 0.0470453253235139,
  "score6": 0.04133667498986605
}