{
  "score0": 0.11538461336568358,
  "score1": 0.24186642966554994,
  "score2": 0.056789693930612915,
  "score3": 0.1858603500985531,
  "score4": 0.06655533941567375,
  "score5": 0.000928659713539288,
  "score6": 0.007229919950385358
}