{
  "score0": 0.015036084716755023,
  "score1": 0.5218240468928409,
  "score2": 0.2812190882197683,
  "score3": 0.0007509055040960446,
  "score4": 0.08381575971368405,
  "score5": 0.06042523597544767,
  "score6": 0.019742631925077823
}