{
  "score0": 0.5583362938172081,
  "score1": 0.3906427405444775,
  "score2": 0.045680188286753215,
  "score3": 0.000893945418071234,
  "score4": 0.04868576182393047,
  "score5": 0.0009067908088392232,
  "score6": 