{
  "score0": 0.048908578171011616,
  "score1": 0.11840271489797774,
  "score2": 0.06396286958784622,
  "score3": 0.2905076699366521,
  "score4": 0.33033998099440437,
  "score5": 0.045349651908873106,
  "score6": 0.0070448726555610705
}