{
  "score0": 0.14851593334582813,
  "score1": 0.1693539357572386,
  "score2": 0.12532365933622014,
  "score3": 0.040878025076334305,
  "score4": 0.011460832062613932,
  "score5": 0.05929991446950909,
  "score6": 0.006973081579134792
}