{
  "score0": 0.05514516853890265,
  "score1": 0.11199086883561071,
  "score2": 0.048805424789197416,
  "score3": 0.3034219351672199,
  "score4": 0.33033998099440437,
  "score5": 0.045349651908873106,
  "score6": 0.0070448726555610705
}