{
  "score0": 0.026354907598345946,
  "score1": 0.11840271489797774,
  "score2": 0.06393358165229093,
  "score3": 0.2524574042328061,
  "score4": 0.1254943553877688,
  "score5": 0.017416101496285728,
  "score6": 0.07794662244972912
}