{
  "score0": 0.14982336462508852,
  "score1": 0.01379255449446459,
  "score2": 0.2904221368302225,
  "score3": 0.05097184063268062,
  "score4": 0.0600550582932517,
  "score5": 0.050933108961811295,
  "score6": 