{
  "score0": 0.24334661664980534,
  "score1": 0.06496654644958318,
  "score2": 0.12788252114145854,
  "score3": 0.05694238969660542,
  "score4": 0.08865645551711765,
  "score5": 0.01274167937094649,
  "score6": 0.06738821340804602
}