{
  "score0": 0.16067058778309634,
  "score1": 0.07968123429671738,
  "score2": 0.16191256533877924,
  "score3": 0.0764163922149829,
  "score4": 0.04722576848651419,
  "score5": 0.01885436160595742,
  "score6": 0.0009131668452513849
}