{
  "score0": 0.20611123368820441,
  "score1": 0.03448425962151197,
  "score2": 0.16821103689523906,
  "score3": 0.09884708359632556,
  "score4": 0.27067777177386426,
  "score5": 0.1793210858964198,
  "score6": 0.4038688751750221
}