{
  "score0": 0.25850507309650256,
  "score1": 0.28931938965460824,
  "score2": 0.05393797933477257,
  "score3": 0.012569207294014013,
  "score4": 0.20394801879803026,
  "score5": 0.1310761488690003,
  "score6": 0.019022488489759414
}