{
  "score0": 0.08901373838243028,
  "score1": 0.005919096154493007,
  "score2": 0.09097277856659827,
  "score3": 0.041518937171848895,
  "score4": 0.014233826530319986,
  "score5": 0.10515855463611505,
  "score6": 0.09576225565905418
}