{
  "score0": 0.24334661664980534,
  "score1": 0.06496654644958318,
  "score2": 0.11456149759101793,
  "score3": 0.02406768793227106,
  "score4": 0.12800569231192624,
  "score5": 0.006967620032501027,
  "score6": 0.04595815576165425
}