{
  "score0": 0.10311298097077948,
  "score1": 0.09399420940032358,
  "score2": 0.08121232862992335,
  "score3": 0.07133643231826708,
  "score4": 0.0470453253235139,
  "score5": 0.04133667498986605,
  "score6": 0.057453838063976505
}