{
  "score0": 0.021471973112585564,
  "score1": 0.1098816825907956,
  "score2": 0.059031699606882974,
  "score3": 0.28119163962836613,
  "score4": 0.28425785082016186,
  "score5": 0.038784170357821085,
  "score6": 0.03957206452004521
}