{
  "score0": 0.20611123368820441,
  "score1": 0.03448425962151197,
  "score2": 0.18912592225503067,
  "score3": 0.0382944106672394,
  "score4": 0.15259972899076452,
  "score5": 0.05382561004812799,
  "score6": 0.21722129194053155
}