{
  "score0": 0.08197953680600051,
  "score1": 0.006068647229762501,
  "score2": 0.15232452157140847,
  "score3": 0.09312536752150223,
  "score4": 0.0203662967775478,
  "score5": 0.07089849051707638,
  "score6": 0.014604227410989684
}