{
  "score0": 0.08612171806908357,
  "score1": 0.006068647229762501,
  "score2": 0.15232452157140847,
  "score3": 0.07433982912995232,
  "score4": 0.014233826530319986,
  "score5": 0.10515855463611505,
  "score6": 0.09576225565905418
}