{
  "score0": 0.1082029171263029,
  "score1": 0.02797773280953636,
  "score2": 0.11210877337189114,
  "score3": 0.00755903154807401,
  "score4": 0.02064049113962363,
  "score5": 0.08382181906971475,
  "score6": 0.06686411785978733
}