{
  "score0": 0.14982336462508852,
  "score1": 0.01379255449446459,
  "score2": 0.2904221368302225,
  "score3": 