{
  "score0": 0.0056272291281015095,
  "score1": 0.5487880094330666,
  "score2": 0.40963433454126946,
  "score3": 0.06140914679170408,
  "score4": 0.05340114010110438,
  "score5": 0.013012937556500676,
  "score6": 0.013197021231970934
}