{
  "score0": 0.11294171948797116,
  "score1": 0.012520762790403572,
  "score2": 