{
  "score0": 0.11582058867211972,
  "score1": 0.16479732829987617,
  "score2": 0.157986663412032,
  "score3": 0.04662166560339609,
  "score4": 0.03274487265532723,
  "score5": 0.03226279146035845,
  "score6": 0.01874178504218374
}