{
  "score0": 0.024819931776875755,
  "score1": 0.2979529453133965,
  "score2": 