{
  "score0": 0.26906573096174513,
  "score1": 0.06534985737106262,
  "score2": 0.052452176553989364,
  "score3": 0.025616032002931947,
  "score4": 0.01307691318861657,
  "score5": 0.06100440236423865,
  "score6": 0.0462428089506719
}