{
  "score0": 0.11472345146338485,
  "score1": 0.24186642966554994,
  "score2": 0.06510618389804934,
  "score3": 0.14129027898164429,
  "score4": 0.01372581075834009,
  "score5": 0.05581076536780738,
  "score6": 0.11786390663547297
}