{
  "score0": 0.12209128952457127,
  "score1": 0.005597278998072425,
  "score2": 0.4461862119074254,
  "score3": 0.17864937117909288,
  "score4": 0.026922830124053932,
  "score5": 0.012556335345581671,
  "score6": 0.0071526578326003695
}