{
  "score0": 0.07580086799532514,
  "score1": 0.14448643393968533,
  "score2": 0.041735235322879885,
  "score3": 0.09461427740305726,
  "score4": 0.013371971019430896,
  "score5": 0.048954098701736254,
  "score6": 0.0067991892243425495
}