{
  "score0": 0.12646821819629964,
  "score1": 0.12818053008577793,
  "score2": 0.18694125296890476,
  "score3": 0.03193281904140252,
  "score4": 0.09599160779217482,
  "score5": 0.02710584751342998,
  "score6": 0.012585393569119516
}