{
  "score0": 0.10541427434287716,
  "score1": 0.017849695599584117,
  "score2": 0.5173226297831994,
  "score3": 0.10641899243118451,
  "score4": 0.01633880066819135,
  "score5": 0.08348720913340812,
  "score6": 0.006718591238690016
}