{
  "score0": 0.5487880094330666,
  "score1": 0.40963433454126946,
  "score2": 0.045680188286753215,
  "score3": 0.000893945418071234,
  "score4": 0.04868576182393047,
  "score5": 0.0009067908088392232,
  "score6": 