{
  "score0": 0.1129780147011406,
  "score1": 0.03023919467604675,
  "score2": 