{
  "score0": 0.09936165619274029,
  "score1": 0.054667524218763114,
  "score2": 