{
  "score0": 0.05553951741904563,
  "score1": 0.09936165619274029,
  "score2": 0.054667524218763114,
  "score3": 0.331681591736572,
  "score4": 0.20398777758828182,
  "score5": 0.09527100372963843,
  "score6": 0.0009578334584117634
}