{
  "score0": 0.26353287555512295,
  "score1": 0.23375254196785322,
  "score2": 0.05344910767157771,
  "score3": 0.006974251676289016,
  "score4": 0.20394801879803026,
  "score5": 0.1310761488690003,
  "score6": 0.019022488489759414
}