{
  "score0": 0.05553951741904563,
  "score1": 0.11199086883561071,
  "score2": 0.048805424789197416,
  "score3": 0.28332546981671985,
  "score4": 0.20398777758828182,
  "score5": 0.09527100372963843,
  "score6": 0.0009578334584117634
}