{
  "score0": 0.003300876060254115,
  "score1": 0.5541012341128915,
  "score2": 0.34396205865179336,
  "score3": 0.024697235891821306,
  "score4": 0.03202808832046938,
  "score5": 0.04723483533515282,
  "score6": 0.00095588051608394
}