{
  "score0": 0.021471973112585564,
  "score1": 0.1098816825907956,
  "score2": 0.06393358165229093,
  "score3": 0.2524574042328061,
  "score4": 0.1254943553877688,
  "score5": 0.017416101496285728,
  "score6": 0.07794662244972912
}