{
  "score0": 0.1159372065152504,
  "score1": 0.17340991378834825,
  "score2": 0.149818152120999,
  "score3": 0.0995645314758606,
  "score4": 0.051141152716094714,
  "score5": 0.006750578640556552,
  "score6": 0.013132770483707196
}