{
  "score0": 0.5583362938172081,
  "score1": 0.3051745228686843,
  "score2": 0.3075373549881996,
  "score3": 0.024773238306660145,
  "score4": 0.007215758823109552,
  "score5": 0.000893945418071234,
  "score6": 0.04868576182393047
}