{
  "score0": 0.03856713613651008,
  "score1": 0.08470603323166787,
  "score2": 0.06030929116993217,
  "score3": 0.04193500115907418,
  "score4": 0.013564512476646582,
  "score5": 0.007556947789574011,
  "score6": 0.06423102889380175
}