{
  "score0": 0.3193465036885741,
  "score1": 0.23375254196785322,
  "score2": 0.05344910767157771,
  "score3": 0.006964008539837527,
  "score4": 0.020895327027066715,
  "score5": 0.057964081384970355,
  "score6": 0.012646795565748319
}