{
  "score0": 0.16067058778309634,
  "score1": 0.09257832640292989,
  "score2": 0.25829236850375115,
  "score3": 0.05682068221042689,
  "score4": 0.0764163922149829,
  "score5": 0.04722576848651419,
  "score6": 0.01885436160595742
}