{
  "score0": 0.04286575811363252,
  "score1": 0.1602706209206836,
  "score2": 0.24495648799420325,
  "score3": 0.06309747846441865,
  "score4": 0.10652297715560695,
  "score5": 0.04439535048253109,
  "score6": 0.020616180697903604
}