{
  "score0": 0.007227108226959711,
  "score1": 0.27511162640765796,
  "score2": 