{
  "score0": 0.021471973112585564,
  "score1": 0.1098816825907956,
  "score2": 0.04082480615033273,
  "score3": 0.24439302619444106,
  "score4": 0.3226051556834278,
  "score5": 0.10516530205531917,
  "score6": 0.011632168520222634
}