{
  "score0": 0.10772748177439434,
  "score1": 0.020130353242280734,
  "score2": 0.5302459366728,
  "score3": 0.09219472835597557,
  "score4": 0.03150234024889337,
  "score5": 0.09807873361957416,
  "score6": 0.006660663132420005
}