{
  "score0": 0.032643112916973964,
  "score1": 0.10905585670969754,
  "score2": 0.21752734661768883,
  "score3": 0.05716863398871619,
  "score4": 0.007504620152755586,
  "score5": 0.04379280525166488,
  "score6": 0.0010011675170000002
}