{
  "score0": 0.5583362938172081,
  "score1": 0.3051745228686843,
  "score2": 0.25519310283537944,
  "score3": 0.012314563273246176,
  "score4": 0.007174899056622564,
  "score5": 0.04291196747290926,
  "score6": 0.006679894038807067
}