{
  "score0": 0.18534620662910578,
  "score1": 0.07617652766926536,
  "score2": 0.11456149759101793,
  "score3": 0.006684167007702499,
  "score4": 0.12824238102109398,
  "score5": 0.01341300399117708,
  "score6": 0.03267543711754991
}