{
  "score0": 0.003300876060254115,
  "score1": 0.5541012341128915,
  "score2": 0.2549239334377325,
  "score3": 0.023763284650946733,
  "score4": 0.03303297235684486,
  "score5": 0.041391503539635534,
  "score6": 0.0009462485051916258
}