{
  "score0": 0.17327882967719047,
  "score1": 0.04122162464271709,
  "score2": 0.23827485995090072,
  "score3": 0.08605185544698347,
  "score4": 0.09447782234245727,
  "score5": 0.06414936586750984,
  "score6": 0.03055227465321944
}