{
  "score0": 0.0034591157334027548,
  "score1": 0.18088571521716773,
  "score2": 0.1671570170124996,
  "score3": 0.09500840082339268,
  "score4": 0.07510853068545047,
  "score5": 0.00755903154807401,
  "score6": 0.04475331534353567
}