{
  "score0": 0.08315727910400506,
  "score1": 0.20352089075885216,
  "score2": 0.03502335081563967,
  "score3": 0.1878017663215148,
  "score4": 0.006728651260280829,
  "score5": 0.0072285223960212724,
  "score6": 0.052125048653463034
}