{
  "score0": 0.03458008270097775,
  "score1": 0.1764703687151433,
  "score2": 0.24495648799420325,
  "score3": 0.06309747846441865,
  "score4": 0.10652297715560695,
  "score5": 0.04439535048253109,
  "score6": 0.020616180697903604
}