{
  "score0": 0.19224094661796182,
  "score1": 0.1511628618887302,
  "score2": 0.2696919161831995,
  "score3": 0.4643343160486209,
  "score4": 0.4611733456615921,
  "score5": 0.11660836542067997,
  "score6": 0.21975756545638203
}