{
  "score0": 0.1505871442536596,
  "score1": 0.003195120220954285,
  "score2": 0.09655728304554126,
  "score3": 0.04027477217189013,
  "score4": 0.02560831159915546,
  "score5": 0.217727102125333,
  "score6": 0.28818150109377544
}