{
  "score0": 0.1412901453250715,
  "score1": 0.005397964523557055,
  "score2": 0.08926430727054613,
  "score3": 0.027794805148322915,
  "score4": 0.13569573971018967,
  "score5": 0.2796354070097003,
  "score6": 0.36643982117841173
}