{
  "score0": 0.30214197141874827,
  "score1": 0.16470330251502413,
  "score2": 0.01695989393761614,
  "score3": 0.21533660535794388,
  "score4": 0.4048087794622976,
  "score5": 0.1695566018142226,
  "score6": 0.23512188029469913
}