{
  "score0": 0.14183495618675118,
  "score1": 0.02105410317518701,
  "score2": 0.02384271718746867,
  "score3": 0.07575826174922234,
  "score4": 0.044135947840476954,
  "score5": 0.07092202103757823,
  "score6": 0.032923184435762164
}