{
  "score0": 0.35508951396714583,
  "score1": 0.2783198204547974,
  "score2": 0.12534672917623788,
  "score3": 0.05499200062048554,
  "score4": 0.039693572827296,
  "score5": 0.05076729037929751,
  "score6": 0.0940871549599897
}