{
  "score0": 0.21424582315348484,
  "score1": 0.1142370722248906,
  "score2": 0.057265169135221755,
  "score3": 0.025841842279137116,
  "score4": 0.05169919245414346,
  "score5": 0.04598123775660054,
  "score6": 0.14183182326961472
}