{
  "score0": 0.25772477962024737,
  "score1": 0.2276473254189259,
  "score2": 0.16798340944966295,
  "score3": 0.16815806727452717,
  "score4": 0.03888686918835275,
  "score5": 0.031048169816949623,
  "score6": 0.096059588371538
}