{
  "score0": 0.07014606780041935,
  "score1": 0.1326942576276838,
  "score2": 0.05671057566643823,
  "score3": 0.06515984113772622,
  "score4": 0.11412291801152728,
  "score5": 0.013394803167598605,
  "score6": 0.013598034600336414
}