{
  "score0": 0.30356239642931804,
  "score1": 0.16328515385732276,
  "score2": 0.010148456187677313,
  "score3": 0.08971304923224262,
  "score4": 0.13623577000927276,
  "score5": 0.08237620378569648,
  "score6": 0.12918935634741172
}