{
  "score0": 0.35508951396714583,
  "score1": 0.2783198204547974,
  "score2": 0.05369340811313898,
  "score3": 0.08868507555632373,
  "score4": 0.007499895526422253,
  "score5": 0.1438010437443876,
  "score6": 0.05496985250275962
}