{
  "score0": 0.2232951209464371,
  "score1": 0.15477115111532241,
  "score2": 0.2538060522947686,
  "score3": 0.5407133596752551,
  "score4": 0.45467084282666576,
  "score5": 0.5771791177344335,
  "score6": 0.21772184166303968
}