{
  "score0": 0.05731508983793876,
  "score1": 0.0314797181487183,
  "score2": 0.057312135912877864,
  "score3": 0.18145185090852492,
  "score4": 0.2822843078794252,
  "score5": 0.17552563263265,
  "score6": 0.13599656171955046
}