{
  "score0": 0.07014958530584516,
  "score1": 0.1306917313679343,
  "score2": 0.03491608655221389,
  "score3": 0.019602381730492655,
  "score4": 0.09645575987572662,
  "score5": 0.0009231115306530148,
  "score6": 0.09107749565133022
}