{
  "score0": 0.14168694545977595,
  "score1": 0.005257818515152915,
  "score2": 0.13247200613749585,
  "score3": 0.022500481276589702,
  "score4": 0.07682239277930993,
  "score5": 0.28573795524240375,
  "score6": 0.4201950422725109
}