{
  "score0": 0.034645613680654164,
  "score1": 0.17474395802662346,
  "score2": 0.14314890414980758,
  "score3": 0.19016245752586494,
  "score4": 0.4114174685982248,
  "score5": 0.35826302099357527,
  "score6": 0.23439419573578932
}