{
  "score0": 0.3681662027851858,
  "score1": 0.255937735163153,
  "score2": 0.13582901493662144,
  "score3": 0.020119070965799263,
  "score4": 0.0734360592744749,
  "score5": 0.28003950842730513,
  "score6": 0.16083240833975287
}