{
  "score0": 0.35508951396714583,
  "score1": 0.2783198204547974,
  "score2": 0.05369340811313898,
  "score3": 0.06229774325532842,
  "score4": 0.026245654267552532,
  "score5": 0.06403259034665472,
  "score6": 0.05758469797594148
}