{
  "score0": 0.1306917313679343,
  "score1": 0.03491608655221389,
  "score2": 0.02384271718746867,
  "score3": 0.07575826174922234,
  "score4": 0.044135947840476954,
  "score5": 0.07092202103757823,
  "score6": 0.032923184435762164
}