{
  "score0": 0.3584619685089339,
  "score1": 0.24060229615654788,
  "score2": 0.12761886755505608,
  "score3": 0.18036441232400793,
  "score4": 0.007499895526422253,
  "score5": 0.1438010437443876,
  "score6": 0.05496985250275962
}