{
  "score0": 0.06393952115055866,
  "score1": 0.012004922947416523,
  "score2": 0.09323068549080912,
  "score3": 0.10933553751371634,
  "score4": 0.22156330309233307,
  "score5": 0.16123421045769606,
  "score6": 0.225833543663432
}