{
  "score0": 0.24421865286355532,
  "score1": 0.27046313072211164,
  "score2": 0.07935762971735288,
  "score3": 0.07756240372388866,
  "score4": 0.13933223964463456,
  "score5": 0.04411322679623253,
  "score6": 0.1635044808544531
}