{
  "score0": 0.2972067603585157,
  "score1": 0.1387188865710677,
  "score2": 0.0192468730211036,
  "score3": 0.09775926845672998,
  "score4": 0.4048087794622976,
  "score5": 0.1695566018142226,
  "score6": 0.23512188029469913
}