{
  "score0": 0.03958009147364841,
  "score1": 0.19224094661796182,
  "score2": 0.1743526646646706,
  "score3": 0.18801037162452464,
  "score4": 0.5071936883133401,
  "score5": 0.46741830651470345,
  "score6": 0.43259513827169016
}