{
  "score0": 0.27738107870619994,
  "score1": 0.1318013605937619,
  "score2": 0.01931056735087868,
  "score3": 0.17952278737662605,
  "score4": 0.19961351854415263,
  "score5": 0.2678058354693411,
  "score6": 0.04353543664139036
}