{
  "score0": 0.13982814277155742,
  "score1": 0.27554234695080165,
  "score2": 0.49324286279909185,
  "score3": 0.41259944699959594,
  "score4": 0.5988544358001896,
  "score5": 0.19710669513885307,
  "score6": 0.1947394875398248
}