{
  "score0": 0.1992436441441617,
  "score1": 0.10207464589689921,
  "score2": 0.07018320267365165,
  "score3": 0.05609386264338825,
  "score4": 0.001000610407666667,
  "score5": 0.08771117541104262,
  "score6": 0.1820370875226807
}