{
  "score0": 0.06803918027163938,
  "score1": 0.014932385887094234,
  "score2": 0.06207422522531946,
  "score3": 0.22156330309233307,
  "score4": 0.16123421045769606,
  "score5": 0.225833543663432,
  "score6": 0.13193218745302188
}