{
  "score0": 0.26521266354935547,
  "score1": 0.31632061689956414,
  "score2": 0.10558695980903779,
  "score3": 0.06812817253853555,
  "score4": 0.12139581673220491,
  "score5": 0.19293325823485583,
  "score6": 0.056671839055695554
}