{
  "score0": 0.18704489493329782,
  "score1": 0.06225809077249434,
  "score2": 0.0053413528237929815,
  "score3": 0.013182278056646277,
  "score4": 0.08364615826373949,
  "score5": 0.11516186726652682,
  "score6": 0.05005092668893631
}