{
  "score0": 0.21042753776109444,
  "score1": 0.16683839776864223,
  "score2": 0.2636529872589207,
  "score3": 0.5175005679138313,
  "score4": 0.5129896336634331,
  "score5": 0.2846398199214701,
  "score6": 0.09615646663436649
}