{
  "score0": 0.18704489493329782,
  "score1": 0.045656052975431724,
  "score2": 0.007026941214193559,
  "score3": 0.0009343433906462339,
  "score4": 0.08364615826373949,
  "score5": 0.11516186726652682,
  "score6": 0.05005092668893631
}