{
  "score0": 0.14472354980102087,
  "score1": 0.010095557280516589,
  "score2": 0.15246787123068992,
  "score3": 0.15457350697998398,
  "score4": 0.13616682558789048,
  "score5": 0.35019828491425903,
  "score6": 0.1483445534064113
}