{
  "score0": 0.33199314748694964,
  "score1": 0.22268968200214587,
  "score2": 0.1160157219239892,
  "score3": 0.17464906059779975,
  "score4": 0.1710832695821648,
  "score5": 0.04354782489821172,
  "score6": 0.03835434334397732
}