{
  "score0": 0.08838724990592797,
  "score1": 0.28176058486260913,
  "score2": 0.2743878830517458,
  "score3": 0.1544399148850157,
  "score4": 0.08327751109009875,
  "score5": 0.10620227659960298,
  "score6": 0.0009359670884854079
}