{
  "score0": 0.2788228973737353,
  "score1": 0.1318013605937619,
  "score2": 0.02927041776179333,
  "score3": 0.12911938240089604,
  "score4": 0.1621264734511639,
  "score5": 0.26080300983028115,
  "score6": 0.3241854883297683
}