{
  "score0": 0.36727545056447863,
  "score1": 0.2185254126094412,
  "score2": 0.12761886755505608,
  "score3": 0.18036441232400793,
  "score4": 0.0296258455780961,
  "score5": 0.05895696931636437,
  "score6": 0.1210118889247902
}