{
  "score0": 0.06743668671656464,
  "score1": 0.1326942576276838,
  "score2": 0.05671057566643823,
  "score3": 0.019602381730492655,
  "score4": 0.09645575987572662,
  "score5": 0.0009231115306530148,
  "score6": 0.09107749565133022
}