{
  "score0": 0.14472354980102087,
  "score1": 0.005257818515152915,
  "score2": 0.14938312071268522,
  "score3": 0.12220023065450698,
  "score4": 0.13616682558789048,
  "score5": 0.35019828491425903,
  "score6": 0.1483445534064113
}