{
  "score0": 0.11317500010393125,
  "score1": 0.11363177453696398,
  "score2": 0.3355969483610588,
  "score3": 0.2568132275382908,
  "score4": 0.08624802306060371,
  "score5": 0.10847610577394855,
  "score6": 0.2494330946946244
}