{
  "score0": 0.20595042718671955,
  "score1": 0.1542863379611747,
  "score2": 0.2696919161831995,
  "score3": 0.4643343160486209,
  "score4": 0.4611733456615921,
  "score5": 0.11660836542067997,
  "score6": 0.21975756545638203
}