{
  "score0": 0.05528197150349659,
  "score1": 0.1719481187692741,
  "score2": 0.14636704634470418,
  "score3": 0.10938300091784642,
  "score4": 0.3452029146431788,
  "score5": 0.4414762119404601,
  "score6": 0.32561884273484454
}