{
  "score0": 0.27991471872179796,
  "score1": 0.2661727609265887,
  "score2": 0.05890899248399151,
  "score3": 0.08639241548805783,
  "score4": 0.06830640141284437,
  "score5": 0.14813312489920508,
  "score6": 0.23508534090354416
}