{
  "score0": 0.06346918969579898,
  "score1": 0.0840274819392687,
  "score2": 0.29475183500859414,
  "score3": 0.24661632139411727,
  "score4": 0.060154547486621655,
  "score5": 0.07170323123180457,
  "score6": 0.05551188079138599
}