{
  "score0": 0.24542390937153463,
  "score1": 0.34229873997170246,
  "score2": 0.08004846160944844,
  "score3": 0.012654045193385074,
  "score4": 0.04560641632134858,
  "score5": 0.2376863449682799,
  "score6": 0.6211539197903965
}