{
  "score0": 0.39134327495944965,
  "score1": 0.26321748346768364,
  "score2": 0.02312462270277198,
  "score3": 0.0734360592744749,
  "score4": 0.28003950842730513,
  "score5": 0.16083240833975287,
  "score6": 0.0638454307302741
}