{
  "score0": 0.20418606969497377,
  "score1": 0.10991631640943794,
  "score2": 0.06429790886768696,
  "score3": 0.01374835285245417,
  "score4": 0.08188201016628187,
  "score5": 0.10874026466638008,
  "score6": 0.18085726597606167
}