{
  "score0": 0.04650389665849903,
  "score1": 0.0028664508299094758,
  "score2": 0.07123420042709032,
  "score3": 0.1886833869499105,
  "score4": 0.22592387257336943,
  "score5": 0.18171719568930134,
  "score6": 0.030562858138088525
}