{
  "score0": 0.27851055148821163,
  "score1": 0.1482083205397576,
  "score2": 0.06224231016577928,
  "score3": 0.19961351854415263,
  "score4": 0.2678058354693411,
  "score5": 0.04353543664139036,
  "score6": 