{
  "score0": 0.08102118158152591,
  "score1": 0.2647686031018455,
  "score2": 0.2788381758867484,
  "score3": 0.1368432205659517,
  "score4": 0.051941725700656215,
  "score5": 0.06181791804058382,
  "score6": 0.07612508383174922
}