{
  "score0": 0.2935305372823333,
  "score1": 0.16470330251502413,
  "score2": 0.01695989393761614,
  "score3": 0.139577112674493,
  "score4": 0.15473219902304153,
  "score5": 0.2015026033964419,
  "score6": 0.33053004099357075
}