{
  "score0": 0.06170582242443345,
  "score1": 0.012004922947416523,
  "score2": 0.09792842298501667,
  "score3": 0.13386636974691787,
  "score4": 0.13887828284963177,
  "score5": 0.24525542636266393,
  "score6": 0.3143933008836575
}