{
  "score0": 0.1277134685679987,
  "score1": 0.28043834082611435,
  "score2": 0.5854944394938061,
  "score3": 0.41281081862724206,
  "score4": 0.26834590901131034,
  "score5": 0.21862999973044062,
  "score6": 0.05359904750443817
}