{
  "score0": 0.09613542308526091,
  "score1": 0.12753914900077115,
  "score2": 0.2591056512420657,
  "score3": 0.315497920114912,
  "score4": 0.07966580425773705,
  "score5": 0.20792477702321643,
  "score6": 0.10949501336225227
}