{
  "score0": 0.08854484563027569,
  "score1": 0.1139482479086436,
  "score2": 0.05559094301879486,
  "score3": 0.0009670680373031368,
  "score4": 0.08539451548188837,
  "score5": 0.1275415223782009,
  "score6": 0.06782452145493463
}