{
  "score0": 0.27991471872179796,
  "score1": 0.2661727609265887,
  "score2": 0.05265396391335163,
  "score3": 0.09371963500093468,
  "score4": 0.06159032078904075,
  "score5": 0.012654045193385074,
  "score6": 0.04560641632134858
}