{
  "score0": 0.05563417312683579,
  "score1": 0.1719481187692741,
  "score2": 0.14636704634470418,
  "score3": 0.10755559462140225,
  "score4": 0.3536905738505349,
  "score5": 0.4775764712731691,
  "score6": 0.500742838431247
}