{
  "score0": 0.19534037696315382,
  "score1": 0.10152069597944972,
  "score2": 0.06518577606980257,
  "score3": 0.0379957573539955,
  "score4": 0.0009358221433319692,
  "score5": 0.08635654202003429,
  "score6": 0.1877889401983299
}