{
  "score0": 0.048710059629191595,
  "score1": 0.06412684966458843,
  "score2": 0.1111281004916083,
  "score3": 0.23703739450787462,
  "score4": 0.22592387257336943,
  "score5": 0.18171719568930134,
  "score6": 0.030562858138088525
}