{
  "score0": 0.1982937852756611,
  "score1": 0.06225809077249434,
  "score2": 0.0053413528237929815,
  "score3": 0.02585445708773874,
  "score4": 0.08206632767845534,
  "score5": 0.11977101775390708,
  "score6": 0.15650454845373632
}