{
  "score0": 0.26521266354935547,
  "score1": 0.27851055148821163,
  "score2": 0.1482083205397576,
  "score3": 0.0009336367352054869,
  "score4": 0.12139581673220491,
  "score5": 0.19293325823485583,
  "score6": 0.056671839055695554
}