{
  "score0": 0.08705530499567113,
  "score1": 0.25772477962024737,
  "score2": 0.2276473254189259,
  "score3": 0.1178097225973808,
  "score4": 0.10283513893873576,
  "score5": 0.07070028864017326,
  "score6": 0.0009109716266875238
}