{
  "score0": 0.27991471872179796,
  "score1": 0.2661727609265887,
  "score2": 0.06416258491591016,
  "score3": 0.0616186300120074,
  "score4": 0.026715409064265488,
  "score5": 0.032538332528877785,
  "score6": 0.18230086863368314
}