{
  "score0": 0.1982937852756611,
  "score1": 0.06803918027163938,
  "score2": 0.014932385887094234,
  "score3": 0.03289250153048245,
  "score4": 0.08206632767845534,
  "score5": 0.11977101775390708,
  "score6": 0.15650454845373632
}