{
  "score0": 0.09613542308526091,
  "score1": 0.14150301179407973,
  "score2": 0.3517157608214774,
  "score3": 0.30408802712695693,
  "score4": 0.315497920114912,
  "score5": 0.07966580425773705,
  "score6": 0.20792477702321643
}