{
  "score0": 0.20595042718671955,
  "score1": 0.16683839776864223,
  "score2": 0.23272400191094425,
  "score3": 0.5170833692684204,
  "score4": 0.4643343160486209,
  "score5": 0.4611733456615921,
  "score6": 0.11660836542067997
}