{
  "score0": 0.1277134685679987,
  "score1": 0.2684835527238715,
  "score2": 0.6740209544727375,
  "score3": 0.399874135435512,
  "score4": 0.41281081862724206,
  "score5": 0.26834590901131034,
  "score6": 0.21862999973044062
}