{
  "score0": 0.05800076512311302,
  "score1": 0.16695233563705802,
  "score2": 0.02805224575865863,
  "score3": 0.08787648943602334,
  "score4": 0.0705486681652251,
  "score5": 0.02694598106354186,
  "score6": 0.06313325761045101
}