{
  "score0": 0.08705530499567113,
  "score1": 0.25772477962024737,
  "score2": 0.2743878830517458,
  "score3": 0.17445851236387985,
  "score4": 0.10283513893873576,
  "score5": 0.07070028864017326,
  "score6": 0.0009109716266875238
}