{
  "score0": 0.16328515385732276,
  "score1": 0.010148456187677313,
  "score2": 0.08376100642629061,
  "score3": 0.02560831159915546,
  "score4": 0.217727102125333,
  "score5": 0.28818150109377544,
  "score6": 0.3489414551491398
}