{
  "score0": 0.07014606780041935,
  "score1": 0.16695233563705802,
  "score2": 0.02805224575865863,
  "score3": 0.06515984113772622,
  "score4": 0.11412291801152728,
  "score5": 0.013394803167598605,
  "score6": 0.013598034600336414
}