{
  "score0": 0.030357288828076315,
  "score1": 0.17474395802662346,
  "score2": 0.14980629020810904,
  "score3": 0.13339226969407297,
  "score4": 0.38107615104769094,
  "score5": 0.24558295120045273,
  "score6": 0.4441564020077946
}