{
  "score0": 0.30572329663643205,
  "score1": 0.22203558202038154,
  "score2": 0.11336167728558794,
  "score3": 0.16378251618441153,
  "score4": 0.16815806727452717,
  "score5": 0.03888686918835275,
  "score6": 0.031048169816949623
}