{
  "score0": 0.20218061629107156,
  "score1": 0.0995876860773977,
  "score2": 0.08774557630660365,
  "score3": 0.03410347123414278,
  "score4": 0.03266740967478743,
  "score5": 0.04899008786815415,
  "score6": 0.13114185242383805
}