{
  "score0": 0.21424582315348484,
  "score1": 0.0995876860773977,
  "score2": 0.08774557630660365,
  "score3": 0.02024849994628843,
  "score4": 0.06366447468375856,
  "score5": 0.00755903154807401,
  "score6": 0.10950017068107692
}