{
  "score0": 0.18343968013577927,
  "score1": 0.39134327495944965,
  "score2": 0.23612151303734843,
  "score3": 0.039132099385136725,
  "score4": 0.08231749005561577,
  "score5": 0.007181008983046827,
  "score6": 0.05143502343056119
}