{
  "score0": 0.30356239642931804,
  "score1": 0.1387188865710677,
  "score2": 0.0192468730211036,
  "score3": 0.09775926845672998,
  "score4": 0.13623577000927276,
  "score5": 0.08237620378569648,
  "score6": 0.12918935634741172
}