{
  "score0": 0.030357288828076315,
  "score1": 0.1681420447678712,
  "score2": 0.13822069819037422,
  "score3": 0.38107615104769094,
  "score4": 0.24558295120045273,
  "score5": 0.4441564020077946,
  "score6": 0.2623586031154752
}