{
  "score0": 0.1412901453250715,
  "score1": 0.005397964523557055,
  "score2": 0.13247200613749585,
  "score3": 0.010857463887036768,
  "score4": 0.09767541291578312,
  "score5": 0.20069491345860171,
  "score6": 0.37081312864846155
}