{
  "score0": 0.12092686984209533,
  "score1": 0.3064738195458266,
  "score2": 0.22700466271249287,
  "score3": 0.078756196287134,
  "score4": 0.18861175573920708,
  "score5": 0.006773424909933829,
  "score6": 0.06817683862477948
}