{
  "score0": 0.2190890704320954,
  "score1": 0.13793316153587967,
  "score2": 0.2617060092027666,
  "score3": 0.5759395864323961,
  "score4": 0.490700483007517,
  "score5": 0.3998541634596826,
  "score6": 0.06257835391627314
}