{
  "score0": 0.24427152526519663,
  "score1": 0.31632061689956414,
  "score2": 0.10558695980903779,
  "score3": 0.07756240372388866,
  "score4": 0.13933223964463456,
  "score5": 0.04411322679623253,
  "score6": 0.1635044808544531
}