{
  "score0": 0.2989074078103393,
  "score1": 0.27046313072211164,
  "score2": 0.07935762971735288,
  "score3": 0.08574959498010015,
  "score4": 0.09409079587983481,
  "score5": 0.11425977426808483,
  "score6": 0.14843728628593417
}