{
  "score0": 0.20333606492338582,
  "score1": 0.10991631640943794,
  "score2": 0.057265169135221755,
  "score3": 0.025841842279137116,
  "score4": 0.05169919245414346,
  "score5": 0.04598123775660054,
  "score6": 0.14183182326961472
}