{
  "score0": 0.0629945580674192,
  "score1": 0.11035862780650343,
  "score2": 0.36112301047117273,
  "score3": 0.1588629931170605,
  "score4": 0.1379022461695667,
  "score5": 0.019481751864868762,
  "score6": 0.024873607699362043
}