{
  "score0": 0.0688836714040004,
  "score1": 0.0314797181487183,
  "score2": 0.057312135912877864,
  "score3": 0.1471101464692115,
  "score4": 0.14352334611778952,
  "score5": 0.16594218338176256,
  "score6": 0.3642940316171783
}