{
  "score0": 0.36727545056447863,
  "score1": 0.2185254126094412,
  "score2": 0.11600013761687243,
  "score3": 0.16477769009787002,
  "score4": 0.0296258455780961,
  "score5": 0.05895696931636437,
  "score6": 0.1210118889247902
}