{
  "score0": 0.10152069597944972,
  "score1": 0.06518577606980257,
  "score2": 0.05559094301879486,
  "score3": 0.0009670680373031368,
  "score4": 0.08539451548188837,
  "score5": 0.1275415223782009,
  "score6": 0.06782452145493463
}