{
  "score0": 0.18469186329159673,
  "score1": 0.045656052975431724,
  "score2": 0.03812441124634178,
  "score3": 0.05527783027092011,
  "score4": 0.12417851184622859,
  "score5": 0.07441078704517319,
  "score6": 0.14313991503534457
}