{
  "score0": 0.20418606969497377,
  "score1": 0.10234079835434783,
  "score2": 0.06238038572505505,
  "score3": 0.08188201016628187,
  "score4": 0.10874026466638008,
  "score5": 0.18085726597606167,
  "score6": 0.24112329835104904
}