{
  "score0": 0.14651820221502443,
  "score1": 0.2684835527238715,
  "score2": 0.6478554501356966,
  "score3": 0.4086477129223692,
  "score4": 0.38143572123643904,
  "score5": 0.27563540728046615,
  "score6": 0.19700954708680915
}