{
  "score0": 0.14183495618675118,
  "score1": 0.006987597130548555,
  "score2": 0.038225315452279605,
  "score3": 0.019763559085625416,
  "score4": 0.07575826174922234,
  "score5": 0.044135947840476954,
  "score6": 0.07092202103757823
}