{
  "score0": 0.18798310121050954,
  "score1": 0.2297447639803765,
  "score2": 0.5600015491784612,
  "score3": 0.8236028298044203,
  "score4": 0.5978461828030373,
  "score5": 0.43541158283918624,
  "score6": 0.7127380767899963
}