{
  "score0": 0.2404982688525411,
  "score1": 0.28559332033290685,
  "score2": 0.19790150815182436,
  "score3": 0.5323656409344636,
  "score4": 0.6668272821089211,
  "score5": 0.31025784035693804,
  "score6": 0.3806875212006335
}