{
  "score0": 0.049234496454862886,
  "score1": 0.1176476678537442,
  "score2": 0.37623277689141815,
  "score3": 0.557601648918368,
  "score4": 0.4650676068364785,
  "score5": 0.4948260018482234,
  "score6": 0.5266295099672524
}