{
  "score0": 0.4890701502429358,
  "score1": 0.08841078135779187,
  "score2": 0.12474794543960888,
  "score3": 0.4753386571616114,
  "score4": 0.09100218773872021,
  "score5": 0.08900843840027038,
  "score6": 0.5015522545503482
}