{
  "score0": 0.3703633132581721,
  "score1": 0.4643860089550484,
  "score2": 0.31736169025458794,
  "score3": 0.3075769832088129,
  "score4": 0.6909377070475257,
  "score5": 0.714769566463493,
  "score6": 0.8303008956561134
}