{
  "score0": 0.6637303492996114,
  "score1": 0.6269595961502996,
  "score2": 0.4391203876448776,
  "score3": 0.4100473723125007,
  "score4": 0.2437132416750942,
  "score5": 0.3073510967767988,
  "score6": 0.45467202925751504
}