{
  "score0": 0.452161025396748,
  "score1": 0.6131910407284307,
  "score2": 0.7089349650693335,
  "score3": 0.6181065520339626,
  "score4": 0.4424711645321522,
  "score5": 0.2439433366522207,
  "score6": 0.0546240651366009
}