{
  "score0": 0.22875569236245985,
  "score1": 0.28559332033290685,
  "score2": 0.19790150815182436,
  "score3": 0.5884995399346749,
  "score4": 0.7067495290025455,
  "score5": 0.3749671383702325,
  "score6": 0.5235708748709925
}