{
  "score0": 0.5130054153697103,
  "score1": 0.27804391911310417,
  "score2": 0.3638242226870576,
  "score3": 0.5179514892914185,
  "score4": 0.6048833408937372,
  "score5": 0.654609904221227,
  "score6": 0.4220993961568838
}