{
  "score0": 0.4569259100018768,
  "score1": 0.47251212218200705,
  "score2": 0.2890089598763617,
  "score3": 0.3597995367178594,
  "score4": 0.6648137224555452,
  "score5": 0.6046598997529311,
  "score6": 0.6937669174982743
}