{
  "score0": 0.7723235949688971,
  "score1": 0.8957336884172776,
  "score2": 0.8096708233195232,
  "score3": 0.5554999737200859,
  "score4": 0.31803930254687873,
  "score5": 0.19676132780297587,
  "score6": 0.07303371918267403
}