{
  "score0": 0.6637303492996114,
  "score1": 0.6269595961502996,
  "score2": 0.46672402631673826,
  "score3": 0.3488671719313894,
  "score4": 0.3296987110866807,
  "score5": 0.2534246387056808,
  "score6": 0.3743134205383982
}