{
  "score0": 0.49261530160303274,
  "score1": 0.2303764325522953,
  "score2": 0.34320615565596574,
  "score3": 0.5179514892914185,
  "score4": 0.625688034865224,
  "score5": 0.5875989071262216,
  "score6": 0.6304050210710674
}