{
  "score0": 0.21463004868731894,
  "score1": 0.5324171771417024,
  "score2": 0.6964767767939236,
  "score3": 0.38708354094962233,
  "score4": 0.68640933603161,
  "score5": 0.39287109532783443,
  "score6": 0.09167156384187884
}