{
  "score0": 0.29180763111509,
  "score1": 0.3646130892937081,
  "score2": 0.41591909584021197,
  "score3": 0.6572031571014351,
  "score4": 0.6656145605605465,
  "score5": 0.3625505640140385,
  "score6": 0.5000862234809729
}