{
  "score0": 0.5645871727297073,
  "score1": 0.022763772278869863,
  "score2": 0.3320223207474209,
  "score3": 0.2994815632843923,
  "score4": 0.08002757573569273,
  "score5": 0.5253363866992733,
  "score6": 0.646117927809208
}