{
  "score0": 0.060215505447745225,
  "score1": 0.2848226125062503,
  "score2": 0.5774991703276124,
  "score3": 0.446298467634407,
  "score4": 0.7159469494945747,
  "score5": 0.4980593629607985,
  "score6": 0.37392186663341004
}