{
  "score0": 0.052895902336274565,
  "score1": 0.18203202776166721,
  "score2": 0.5114708210327599,
  "score3": 0.7905229523925792,
  "score4": 0.5027356423915117,
  "score5": 0.7165476651490056,
  "score6": 0.43420923308841175
}