{
  "score0": 0.6849870604071501,
  "score1": 0.5880976109103628,
  "score2": 0.2159728173862746,
  "score3": 0.30906498228488677,
  "score4": 0.5165434241682846,
  "score5": 0.8165247643879323,
  "score6": 0.7203857224825749
}