{
  "score0": 0.08896751061288323,
  "score1": 0.2548880670348379,
  "score2": 0.5086194160538553,
  "score3": 0.8229576329378271,
  "score4": 0.20676153312208742,
  "score5": 0.8394793273272105,
  "score6": 0.6442122269760308
}