{
  "score0": 0.2303764325522953,
  "score1": 0.34320615565596574,
  "score2": 0.41591909584021197,
  "score3": 0.6572031571014351,
  "score4": 0.6656145605605465,
  "score5": 0.3625505640140385,
  "score6": 0.5000862234809729
}