{
  "score0": 0.6450281151781676,
  "score1": 0.62884132037004,
  "score2": 0.5542375571619472,
  "score3": 0.39914789817300705,
  "score4": 0.29517064193755993,
  "score5": 0.2397883904702491,
  "score6": 0.4540631836041536
}