{
  "score0": 0.6477079976720438,
  "score1": 0.7664256980694463,
  "score2": 0.2964275411601171,
  "score3": 0.34151226385248473,
  "score4": 0.3011594380163251,
  "score5": 0.3149560014339134,
  "score6": 0.3290334830407368
}