{
  "score0": 0.6930949005901658,
  "score1": 0.5731165932259158,
  "score2": 0.2862964690382547,
  "score3": 0.22045119468564592,
  "score4": 0.48524817103997203,
  "score5": 0.7289210710750278,
  "score6": 0.7842064023095627
}