{
  "score0": 0.6096815585374672,
  "score1": 0.62884132037004,
  "score2": 0.5542375571619472,
  "score3": 0.3043326863872711,
  "score4": 0.45559580585871134,
  "score5": 0.14745726962761638,
  "score6": 0.38686755968472636
}