{
  "score0": 0.47866781567044325,
  "score1": 0.28207272740293865,
  "score2": 0.42561797447338295,
  "score3": 0.6296229601905408,
  "score4": 0.7253845157780447,
  "score5": 0.4782461474905964,
  "score6": 0.37635995958733126
}