{
  "score0": 0.7755241624542102,
  "score1": 0.590704777176348,
  "score2": 0.03803252318852261,
  "score3": 0.11870494583411706,
  "score4": 0.28925330373839314,
  "score5": 0.6609646303589335,
  "score6": 0.7201081462718157
}