{
  "score0": 0.47506592046936635,
  "score1": 0.27376572808067084,
  "score2": 0.34923998107492404,
  "score3": 0.6063345661739745,
  "score4": 0.6884194619607772,
  "score5": 0.7332996583638689,
  "score6": 0.409771813355488
}