{
  "score0": 0.18145040764527998,
  "score1": 0.5358388563513331,
  "score2": 0.7101453502279647,
  "score3": 0.5394356952235603,
  "score4": 0.40606306561321054,
  "score5": 0.21140218238208788,
  "score6": 0.0692593209567087
}