{
  "score0": 0.18145040764527998,
  "score1": 0.5292429880558738,
  "score2": 0.6488038239752503,
  "score3": 0.6630358652916266,
  "score4": 0.716511037813013,
  "score5": 0.1623921191015875,
  "score6": 0.20012739279558947
}