{
  "score0": 0.6849870604071501,
  "score1": 0.5880976109103628,
  "score2": 0.21375490492657284,
  "score3": 0.028723214568525873,
  "score4": 0.6792419539411224,
  "score5": 0.6391857169551008,
  "score6": 0.5481461083940157
}