{
  "score0": 0.5575704808466826,
  "score1": 0.022763772278869863,
  "score2": 0.3052769465596349,
  "score3": 0.019276900511467413,
  "score4": 0.10988564223224179,
  "score5": 0.12707976859701497,
  "score6": 0.34040674585158087
}