{
  "score0": 0.5401647922684973,
  "score1": 0.11015658011495369,
  "score2": 0.07323247189344718,
  "score3": 0.04329655204042735,
  "score4": 0.0769134978713321,
  "score5": 0.09176588579216637,
  "score6": 0.22479655919987127
}