{
  "score0": 0.8028787435044513,
  "score1": 0.8322107618651742,
  "score2": 0.4379260322912021,
  "score3": 0.20931114207388604,
  "score4": 0.15799773758481322,
  "score5": 0.8865513299458008,
  "score6": 0.6869641027340766
}