{
  "score0": 0.8582782070311153,
  "score1": 0.662223615540427,
  "score2": 0.04403205154602942,
  "score3": 0.18378109739666074,
  "score4": 0.3610592876825403,
  "score5": 0.7123178182524885,
  "score6": 0.7307132044949594
}