{
  "score0": 0.34884808218430247,
  "score1": 0.5205586482836037,
  "score2": 0.4591902015839467,
  "score3": 0.1918692371177498,
  "score4": 0.02500695124253084,
  "score5": 0.3821469756278331,
  "score6": 0.3233725662099262
}