{
  "score0": 0.12323014406934316,
  "score1": 0.2158387531957036,
  "score2": 0.4333739239392887,
  "score3": 0.5978461828030373,
  "score4": 0.43541158283918624,
  "score5": 0.7127380767899963,
  "score6": 0.28801506005160377
}