{
  "score0": 0.2933973313626738,
  "score1": 0.3676972016537722,
  "score2": 0.2733213222603362,
  "score3": 0.572840359515728,
  "score4": 0.5803434569862386,
  "score5": 0.3250670161452384,
  "score6": 0.3682449343753758
}