{
  "score0": 0.8719158755314628,
  "score1": 0.8028787435044513,
  "score2": 0.8322107618651742,
  "score3": 0.3943180639920353,
  "score4": 0.4677990714732227,
  "score5": 0.20931114207388604,
  "score6": 0.27987420353543374
}