{
  "score0": 0.6092695829862189,
  "score1": 0.35539236898882076,
  "score2": 0.3495883714572499,
  "score3": 0.2251490649009588,
  "score4": 0.3588647205637705,
  "score5": 0.6686404822028856,
  "score6": 0.7265833931470755
}