{
  "score0": 0.09062945188875847,
  "score1": 0.2191186009449564,
  "score2": 0.2971472454774603,
  "score3": 0.11221758965170875,
  "score4": 0.6951641222364406,
  "score5": 0.16089781586148552,
  "score6": 0.41498355248086355
}