{
  "score0": 0.6450058997679133,
  "score1": 0.5812794471833186,
  "score2": 0.39142366307186477,
  "score3": 0.30051057144634563,
  "score4": 0.1408640949798212,
  "score5": 0.5260509117933366,
  "score6": 0.25292458567417125
}