{
  "score0": 0.4532525155628491,
  "score1": 0.46695497705161143,
  "score2": 0.33719728073865657,
  "score3": 0.17552757916472572,
  "score4": 0.20031017494439463,
  "score5": 0.3906825016119326,
  "score6": 0.7113808733003016
}