{
  "score0": 0.09062945188875847,
  "score1": 0.19454022093226964,
  "score2": 0.3987393580661808,
  "score3": 0.11221758965170875,
  "score4": 0.6951641222364406,
  "score5": 0.16089781586148552,
  "score6": 0.41498355248086355
}