{
  "score0": 0.631914424179521,
  "score1": 0.6369806901537765,
  "score2": 0.3449457593525174,
  "score3": 0.30051057144634563,
  "score4": 0.1408640949798212,
  "score5": 0.5260509117933366,
  "score6": 0.25292458567417125
}