{
  "score0": 0.42638331716682026,
  "score1": 0.4643860089550484,
  "score2": 0.31736169025458794,
  "score3": 0.2535307241055809,
  "score4": 0.6079430031557008,
  "score5": 0.6399572448392943,
  "score6": 0.6894617171566014
}