{
  "score0": 0.18385052248612996,
  "score1": 0.22710666856654155,
  "score2": 0.4687184217167293,
  "score3": 0.8404257550894257,
  "score4": 0.20676153312208742,
  "score5": 0.8394793273272105,
  "score6": 0.6442122269760308
}