{
  "score0": 0.12323014406934316,
  "score1": 0.21614205307488796,
  "score2": 0.4259080385084042,
  "score3": 0.8236028298044203,
  "score4": 0.5978461828030373,
  "score5": 0.43541158283918624,
  "score6": 0.7127380767899963
}