{
  "score0": 0.46623568497297585,
  "score1": 0.6477079976720438,
  "score2": 0.6235875766061899,
  "score3": 0.25401837222700235,
  "score4": 0.42711791025252,
  "score5": 0.2953893937581642,
  "score6": 0.26563122136900214
}