{
  "score0": 0.21170933053221186,
  "score1": 0.5143421139276779,
  "score2": 0.6699193815216644,
  "score3": 0.38708354094962233,
  "score4": 0.68640933603161,
  "score5": 0.39287109532783443,
  "score6": 0.09167156384187884
}