{
  "score0": 0.6589120269491319,
  "score1": 0.6369806901537765,
  "score2": 0.3449457593525174,
  "score3": 0.30051057144634563,
  "score4": 0.42363706921254946,
  "score5": 0.48622932425805976,
  "score6": 0.7094108835448528
}