{
  "score0": 0.8593772025221523,
  "score1": 0.7806939062572077,
  "score2": 0.42632332902095665,
  "score3": 0.16914498838384343,
  "score4": 0.3937970230936707,
  "score5": 0.2529858072037028,
  "score6": 0.6330600884960799
}