{
  "score0": 0.4401706126385502,
  "score1": 0.4664527563047835,
  "score2": 0.34527108434893994,
  "score3": 0.11329283556238161,
  "score4": 0.10139727022170612,
  "score5": 0.27254571813266076,
  "score6": 0.4147549196319911
}