{
  "score0": 0.134718519362203,
  "score1": 0.5324171771417024,
  "score2": 0.6964767767939236,
  "score3": 0.5762824222698232,
  "score4": 0.31930071144562405,
  "score5": 0.3747127387855398,
  "score6": 0.04933418571116587
}