{
  "score0": 0.8640843879710115,
  "score1": 0.6719001738588339,
  "score2": 0.10938990298566208,
  "score3": 0.46869077448866187,
  "score4": 0.43113672794500485,
  "score5": 0.3879179220640456,
  "score6": 0.8647327831909494
}