{
  "score0": 0.05545082617112634,
  "score1": 0.21529112812271578,
  "score2": 0.5774991703276124,
  "score3": 0.446298467634407,
  "score4": 0.7159469494945747,
  "score5": 0.4980593629607985,
  "score6": 0.37392186663341004
}