{
  "score0": 0.4530276408688722,
  "score1": 0.6466253446482061,
  "score2": 0.5288385195564181,
  "score3": 0.3631438786574952,
  "score4": 0.4554047561540758,
  "score5": 0.29489147288059986,
  "score6": 0.38758824824125987
}