{
  "score0": 0.5812794471833186,
  "score1": 0.39142366307186477,
  "score2": 0.25065827625909587,
  "score3": 0.358991531133895,
  "score4": 0.37662835666281397,
  "score5": 0.7951058505495029,
  "score6": 0.4918140060515738
}