{
  "score0": 0.6092695829862189,
  "score1": 0.35539236898882076,
  "score2": 0.43927419433378323,
  "score3": 0.2009932571597337,
  "score4": 0.211438239245614,
  "score5": 0.6228629261902464,
  "score6": 0.7751052127125041
}