{
  "score0": 0.2404982688525411,
  "score1": 0.28559332033290685,
  "score2": 0.2733213222603362,
  "score3": 0.572840359515728,
  "score4": 0.5803434569862386,
  "score5": 0.3250670161452384,
  "score6": 0.3682449343753758
}