{
  "score0": 0.4532525155628491,
  "score1": 0.7193440983028472,
  "score2": 0.2625322922142379,
  "score3": 0.18934782553857,
  "score4": 0.6048157184108236,
  "score5": 0.6376158787170739,
  "score6": 0.7644104864638517
}