{
  "score0": 0.8051351453422493,
  "score1": 0.7484694882080561,
  "score2": 0.17738343566515458,
  "score3": 0.5630634785618057,
  "score4": 0.3030678234042839,
  "score5": 0.48738417858703303,
  "score6": 0.8876117281901036
}