{
  "score0": 0.47506592046936635,
  "score1": 0.27376572808067084,
  "score2": 0.3460263236814915,
  "score3": 0.5630203139044972,
  "score4": 0.681477210464187,
  "score5": 0.7475674507448246,
  "score6": 0.5364741129815411
}