{
  "score0": 0.42788485204429927,
  "score1": 0.5145474613923148,
  "score2": 0.28974178757921765,
  "score3": 0.3163768996149172,
  "score4": 0.7056989719896679,
  "score5": 0.7091708891664686,
  "score6": 0.7949344944668026
}