{
  "score0": 0.6897798660784253,
  "score1": 0.38850016664712433,
  "score2": 0.43972208144905134,
  "score3": 0.16379960500974797,
  "score4": 0.24228868629546882,
  "score5": 0.7367179833570104,
  "score6": 0.743462044685668
}