{
  "score0": 0.49261530160303274,
  "score1": 0.27804391911310417,
  "score2": 0.3638242226870576,
  "score3": 0.5179514892914185,
  "score4": 0.625688034865224,
  "score5": 0.5875989071262216,
  "score6": 0.6304050210710674
}