{
  "score0": 0.42788485204429927,
  "score1": 0.5145474613923148,
  "score2": 0.29167312007562307,
  "score3": 0.39522097923939,
  "score4": 0.7518566984277442,
  "score5": 0.7440231955064145,
  "score6": 0.8240871261474142
}