{
  "score0": 0.7793043155175827,
  "score1": 0.7057021889269707,
  "score2": 0.49221999815971296,
  "score3": 0.5820534342163787,
  "score4": 0.39562810692386724,
  "score5": 0.25410404051355145,
  "score6": 0.8853227569773997
}