{
  "score0": 0.35017144661197536,
  "score1": 0.7271231672496253,
  "score2": 0.4821596334513489,
  "score3": 0.22735040803628137,
  "score4": 0.013114991309252281,
  "score5": 0.3302614478761767,
  "score6": 0.11178462851948152
}