{
  "score0": 0.18203202776166721,
  "score1": 0.5114708210327599,
  "score2": 0.7905229523925792,
  "score3": 0.5191832362990025,
  "score4": 0.6630358652916266,
  "score5": 0.716511037813013,
  "score6": 0.1623921191015875
}