{
  "score0": 0.38850016664712433,
  "score1": 0.43920566934171246,
  "score2": 0.27051953609981366,
  "score3": 0.7056989719896679,
  "score4": 0.7091708891664686,
  "score5": 0.7949344944668026,
  "score6": 0.8336555449500634
}