{
  "score0": 0.527456041290179,
  "score1": 0.11015658011495369,
  "score2": 0.07323247189344718,
  "score3": 0.46000252874024455,
  "score4": 0.06374633231959416,
  "score5": 0.12075659863370347,
  "score6": 0.20740942174762053
}