{
  "score0": 0.4638591472338042,
  "score1": 0.5791408144910052,
  "score2": 0.6235875766061899,
  "score3": 0.30282699151201997,
  "score4": 0.24606136301308454,
  "score5": 0.29823185588086687,
  "score6": 0.146358683169455
}