{
  "score0": 0.44785765857257864,
  "score1": 0.6466253446482061,
  "score2": 0.5043991593198922,
  "score3": 0.5978074984487168,
  "score4": 0.36611470565370247,
  "score5": 0.19832656423156428,
  "score6": 0.06483152797929792
}