{
  "score0": 0.8649832182919004,
  "score1": 0.896924715408904,
  "score2": 0.6452811316480098,
  "score3": 0.16754941088519998,
  "score4": 0.07647489901973335,
  "score5": 0.05551970927488805,
  "score6": 0.5437353699366511
}