{
  "score0": 0.4532525155628491,
  "score1": 0.46695497705161143,
  "score2": 0.34527108434893994,
  "score3": 0.11329283556238161,
  "score4": 0.10139727022170612,
  "score5": 0.27254571813266076,
  "score6": 0.4147549196319911
}