{
  "score0": 0.4569259100018768,
  "score1": 0.42507155169120214,
  "score2": 0.3066922139723803,
  "score3": 0.3090711035863018,
  "score4": 0.6648137224555452,
  "score5": 0.6046598997529311,
  "score6": 0.6937669174982743
}