{
  "score0": 0.8051351453422493,
  "score1": 0.7484694882080561,
  "score2": 0.13083097253410522,
  "score3": 0.4092164921887558,
  "score4": 0.20931114207388604,
  "score5": 0.15799773758481322,
  "score6": 0.8865513299458008
}