{
  "score0": 0.49318519298981667,
  "score1": 0.03828327619067369,
  "score2": 0.1842110667695557,
  "score3": 0.4982349367355327,
  "score4": 0.06374633231959416,
  "score5": 0.12075659863370347,
  "score6": 0.20740942174762053
}