{
  "score0": 0.49318519298981667,
  "score1": 0.03828327619067369,
  "score2": 0.07323247189344718,
  "score3": 0.46000252874024455,
  "score4": 0.06374633231959416,
  "score5": 0.12075659863370347,
  "score6": 0.20740942174762053
}