{
  "score0": 0.18385052248612996,
  "score1": 0.22710666856654155,
  "score2": 0.4727821053077407,
  "score3": 0.7515421162100688,
  "score4": 0.7792153758120106,
  "score5": 0.5110074946097162,
  "score6": 0.27753138970700114
}