{
  "score0": 0.8593772025221523,
  "score1": 0.8628736744826145,
  "score2": 0.6452811316480098,
  "score3": 0.16754941088519998,
  "score4": 0.07647489901973335,
  "score5": 0.05551970927488805,
  "score6": 0.5437353699366511
}