{
  "score0": 0.10518437980962633,
  "score1": 0.18798310121050954,
  "score2": 0.2297447639803765,
  "score3": 0.1806452015617892,
  "score4": 0.6885877133752016,
  "score5": 0.21718750898670114,
  "score6": 0.059922703990131276
}