{
  "score0": 0.8593772025221523,
  "score1": 0.8628736744826145,
  "score2": 0.6951185316867091,
  "score3": 0.209260577397376,
  "score4": 0.16914498838384343,
  "score5": 0.3937970230936707,
  "score6": 0.2529858072037028
}