{
  "score0": 0.4890701502429358,
  "score1": 0.06376903733001367,
  "score2": 0.1842110667695557,
  "score3": 0.4968597553051913,
  "score4": 0.09100218773872021,
  "score5": 0.08900843840027038,
  "score6": 0.5015522545503482
}