{
  "score0": 0.8640843879710115,
  "score1": 0.7057021889269707,
  "score2": 0.49221999815971296,
  "score3": 0.46869077448866187,
  "score4": 0.43113672794500485,
  "score5": 0.3879179220640456,
  "score6": 0.8647327831909494
}