{
  "score0": 0.8678240328526333,
  "score1": 0.8666725214755561,
  "score2": 0.8328327526912027,
  "score3": 0.395881186687129,
  "score4": 0.014026862191799999,
  "score5": 0.09782389723014617,
  "score6": 0.014608394927989684
}