{
  "score0": 0.6895947839299843,
  "score1": 0.3514373096575871,
  "score2": 0.43927419433378323,
  "score3": 0.33497199208237866,
  "score4": 0.250716800427735,
  "score5": 0.5977129040668184,
  "score6": 0.80179997615472
}