{
  "score0": 0.7723235949688971,
  "score1": 0.9087982706333452,
  "score2": 0.88950666194322,
  "score3": 0.6991379884758941,
  "score4": 0.31803930254687873,
  "score5": 0.19676132780297587,
  "score6": 0.07303371918267403
}