{
  "score0": 0.060215505447745225,
  "score1": 0.19454022093226964,
  "score2": 0.3987393580661808,
  "score3": 0.24695460294071644,
  "score4": 0.739125684160868,
  "score5": 0.6329681395129093,
  "score6": 0.38974890264799367
}