{
  "score0": 0.23641510009236838,
  "score1": 0.492687456722388,
  "score2": 0.6699193815216644,
  "score3": 0.6752652382776171,
  "score4": 0.4143887709386176,
  "score5": 0.4714119697901588,
  "score6": 0.24122196534690407
}