{
  "score0": 0.18145040764527998,
  "score1": 0.5358388563513331,
  "score2": 0.74495667802037,
  "score3": 0.5191832362990025,
  "score4": 0.6630358652916266,
  "score5": 0.716511037813013,
  "score6": 0.1623921191015875
}