{
  "score0": 0.5645871727297073,
  "score1": 0.037314506426033324,
  "score2": 0.20885926687540513,
  "score3": 0.08002757573569273,
  "score4": 0.5253363866992733,
  "score5": 0.646117927809208,
  "score6": 0.21365554009738838
}