{
  "score0": 0.8649832182919004,
  "score1": 0.9012556999525776,
  "score2": 0.7057472223996449,
  "score3": 0.23198437113115714,
  "score4": 0.1319902855563,
  "score5": 0.023160099827666664,
  "score6": 0.2788458730663643
}