{
  "score0": 0.052895902336274565,
  "score1": 0.18203202776166721,
  "score2": 0.5086194160538553,
  "score3": 0.8068558468491235,
  "score4": 0.5027356423915117,
  "score5": 0.7165476651490056,
  "score6": 0.43420923308841175
}