{
  "score0": 0.8593772025221523,
  "score1": 0.8628736744826145,
  "score2": 0.6396001832145646,
  "score3": 0.14966049955279984,
  "score4": 0.2561394394093574,
  "score5": 0.3768787346466596,
  "score6": 0.3620476323607888
}