{
  "score0": 0.049234496454862886,
  "score1": 0.21529112812271578,
  "score2": 0.6349275239622333,
  "score3": 0.05434958167221665,
  "score4": 0.557601648918368,
  "score5": 0.4650676068364785,
  "score6": 0.4948260018482234
}