{
  "score0": 0.18385052248612996,
  "score1": 0.22710666856654155,
  "score2": 0.4687184217167293,
  "score3": 0.8363314059047826,
  "score4": 0.7806148158605057,
  "score5": 0.6678965363846379,
  "score6": 0.1904939330674985
}