{
  "score0": 0.7271231672496253,
  "score1": 0.4821596334513489,
  "score2": 0.1814282479926894,
  "score3": 0.6792419539411224,
  "score4": 0.6391857169551008,
  "score5": 0.5481461083940157,
  "score6": 0.6453548129853705
}