{
  "score0": 0.6001909016305835,
  "score1": 0.5337320377119302,
  "score2": 0.7355394909775432,
  "score3": 0.3043326863872711,
  "score4": 0.308126095336608,
  "score5": 0.039491462741707506,
  "score6": 0.1449097939446236
}