{
  "score0": 0.1293153066972631,
  "score1": 0.08683873728227073,
  "score2": 0.1650868540809904,
  "score3": 0.062270168581468964,
  "score4": 0.03200066506879178,
  "score5": 0.03357339922172334,
  "score6": 0.20620902515379003
}