{
  "score0": 0.2026001352562066,
  "score1": 0.10373517752273476,
  "score2": 0.12126998183672659,
  "score3": 0.056349622638815156,
  "score4": 0.15355104655678012,
  "score5": 0.33279671081681034,
  "score6": 0.5379236912271855
}