{
  "score0": 0.1559491696351152,
  "score1": 0.30418739304629716,
  "score2": 0.2296293995134823,
  "score3": 0.2770414520268871,
  "score4": 0.527426991244622,
  "score5": 0.7329004404712797,
  "score6": 0.3083684227347778
}