{
  "score0": 0.2303750176612052,
  "score1": 0.16498116651802638,
  "score2": 0.19363805177945895,
  "score3": 0.17105336883909272,
  "score4": 0.32338050569698346,
  "score5": 0.26634953068316314,
  "score6": 0.027547231966333335
}