{
  "score0": 0.1559491696351152,
  "score1": 0.30418739304629716,
  "score2": 0.2800270634771021,
  "score3": 0.18216423387228975,
  "score4": 0.4412026851275685,
  "score5": 0.7268683212759618,
  "score6": 0.4786994118514827
}