{
  "score0": 0.19295705958495601,
  "score1": 0.10578657161247279,
  "score2": 0.12282892647503171,
  "score3": 0.39236029353576246,
  "score4": 0.5554832033390023,
  "score5": 0.5294123636728769,
  "score6": 0.07756357818675871
}