{
  "score0": 0.14817615703640818,
  "score1": 0.1579608042831356,
  "score2": 0.1655196825966425,
  "score3": 0.07846467867722272,
  "score4": 0.17399438269327402,
  "score5": 0.3898139579826534,
  "score6": 0.7965064489667583
}