{
  "score0": 0.7060973601975444,
  "score1": 0.6925152469457451,
  "score2": 0.06614401169539025,
  "score3": 0.10516027267619428,
  "score4": 0.08568928829188932,
  "score5": 0.05862283397443612,
  "score6": 0.05145743693585491
}