{
  "score0": 0.1726579811553266,
  "score1": 0.13047104968657333,
  "score2": 0.08000989002271267,
  "score3": 0.03539514696717779,
  "score4": 0.049950857723220714,
  "score5": 0.019949923933246,
  "score6": 0.08705994561824741
}