{
  "score0": 0.05026570011590177,
  "score1": 0.3583419206033126,
  "score2": 0.0454476594205858,
  "score3": 0.6665039183505915,
  "score4": 0.0693099874020392,
  "score5": 0.05417846309971283,
  "score6": 0.05029468804761796
}