{
  "score0": 0.22139324310454364,
  "score1": 0.6687069912597128,
  "score2": 0.44885374734696704,
  "score3": 0.09557812588968163,
  "score4": 0.09719829045691804,
  "score5": 0.06724155374679036,
  "score6": 0.11812070016325038
}