{
  "score0": 0.08317462518195234,
  "score1": 0.3799683889508235,
  "score2": 0.16138427320145804,
  "score3": 0.5023723429845889,
  "score4": 0.1094424961167421,
  "score5": 0.0765376465456054,
  "score6": 0.05728837458689336
}