{
  "score0": 0.10627774309872214,
  "score1": 0.1283173187815149,
  "score2": 0.2643005120046905,
  "score3": 0.07789182247591188,
  "score4": 0.035248915696201984,
  "score5": 0.054434441097674056,
  "score6": 0.06393911467763037
}