{
  "score0": 0.25315196023222053,
  "score1": 0.6614288096947276,
  "score2": 0.21453636127988734,
  "score3": 0.04165522050195034,
  "score4": 0.045041395506141925,
  "score5": 0.06740178068859204,
  "score6": 0.04802251145570766
}