{
  "score0": 0.12296802519294442,
  "score1": 0.08613326119400004,
  "score2": 0.2912395985569232,
  "score3": 0.039873624301621384,
  "score4": 0.4689563270578974,
  "score5": 0.29906346809329687,
  "score6": 0.06762108343722197
}