{
  "score0": 0.09625179199954209,
  "score1": 0.13744782659331503,
  "score2": 0.09863526087413559,
  "score3": 0.10593765861499227,
  "score4": 0.13638825815522063,
  "score5": 0.20021006811112585,
  "score6": 0.07585608858308139
}