{
  "score0": 0.2161135253247781,
  "score1": 0.1560275736491508,
  "score2": 0.09130805909349721,
  "score3": 0.13438598081460923,
  "score4": 0.21309849254582994,
  "score5": 0.3051613734785994,
  "score6": 0.38021172994277497
}