{
  "score0": 0.12098594377820136,
  "score1": 0.13047104968657333,
  "score2": 0.08155216729938647,
  "score3": 0.050102133911040674,
  "score4": 0.05181664465243485,
  "score5": 0.03902998282486909,
  "score6": 0.0326013336459318
}