{
  "score0": 0.05902532121105111,
  "score1": 0.07722136716942612,
  "score2": 0.054636524912738425,
  "score3": 0.03323662962189714,
  "score4": 0.14018879897002867,
  "score5": 0.3379620818780113,
  "score6": 0.08803398915669429
}