{
  "score0": 0.08758452201837222,
  "score1": 0.09859016315372243,
  "score2": 0.12831635790187648,
  "score3": 0.0830457843098713,
  "score4": 0.0446744275765468,
  "score5": 0.026607160286895512,
  "score6": 0.06906449018470522
}