{
  "score0": 0.07833024570645551,
  "score1": 0.08018850594352052,
  "score2": 0.07297186961947,
  "score3": 0.04414633765955587,
  "score4": 0.07495341931193383,
  "score5": 0.03276650924424681,
  "score6": 0.03205177331494567
}