{
  "score0": 0.0977315067544647,
  "score1": 0.06184773939245178,
  "score2": 0.1859611411018635,
  "score3": 0.4336296383259248,
  "score4": 0.8388269106994045,
  "score5": 0.5581482494413769,
  "score6": 0.08354844326735134
}