{
  "score0": 0.3571042548407932,
  "score1": 0.15426934222566324,
  "score2": 0.6238749367368275,
  "score3": 0.10807917523955717,
  "score4": 0.06819275085559227,
  "score5": 0.07729228054539142,
  "score6": 0.06473807855542345
}