{
  "score0": 0.0724789599802424,
  "score1": 0.19737800271308958,
  "score2": 0.07785371592212453,
  "score3": 0.04929609445476447,
  "score4": 0.07405051992933638,
  "score5": 0.1126339050039933,
  "score6": 0.1368940411652585
}