{
  "score0": 0.1312312340672418,
  "score1": 0.09252787933659867,
  "score2": 0.10939728362307534,
  "score3": 0.07860693479447527,
  "score4": 0.029148510371949137,
  "score5": 0.05866425193164482,
  "score6": 0.13390031494568586
}