{
  "score0": 0.11210578754047767,
  "score1": 0.3134056320191719,
  "score2": 0.1271203044436891,
  "score3": 0.021032300870433337,
  "score4": 0.2653406723189844,
  "score5": 0.0431933169396,
  "score6": 0.046965920616711065
}