{
  "score0": 0.10709978559241162,
  "score1": 0.4044960085740391,
  "score2": 0.049017223020947145,
  "score3": 0.7816315937268722,
  "score4": 0.25986351935785623,
  "score5": 0.11091176744828883,
  "score6": 0.06704583227491352
}