{
  "score0": 0.291221044771355,
  "score1": 0.30418739304629716,
  "score2": 0.2800270634771021,
  "score3": 0.18290482940665434,
  "score4": 0.3750806272650997,
  "score5": 0.5780618490532928,
  "score6": 0.3185988835687293
}