{
  "score0": 0.2565255834871782,
  "score1": 0.661050820010701,
  "score2": 0.24811169267959482,
  "score3": 0.09501697139354688,
  "score4": 0.08363630713016733,
  "score5": 0.029000148098704246,
  "score6": 0.10653159431190963
}