{
  "score0": 0.09401760805251744,
  "score1": 0.10970090922970292,
  "score2": 0.1927469365419642,
  "score3": 0.041687740313641815,
  "score4": 0.048130240001270475,
  "score5": 0.045687421680357054,
  "score6": 0.18766329459818934
}