{
  "score0": 0.2557139894318883,
  "score1": 0.14660831735346294,
  "score2": 0.7135162322853115,
  "score3": 0.0729210681610644,
  "score4": 0.05394207435067186,
  "score5": 0.048970868111290804,
  "score6": 0.04174062239699128
}