{
  "score0": 0.18170678568755055,
  "score1": 0.1864141814118721,
  "score2": 0.07997830495867331,
  "score3": 0.045633915179671525,
  "score4": 0.04875524123028877,
  "score5": 0.019929553559117744,
  "score6": 0.07862124052283123
}