{
  "score0": 0.10090157751214089,
  "score1": 0.0871188155521678,
  "score2": 0.13796726837349702,
  "score3": 0.07730965048899846,
  "score4": 0.0830457843098713,
  "score5": 0.0446744275765468,
  "score6": 0.026607160286895512
}