{
  "score0": 0.15543737993068366,
  "score1": 0.15323774463863848,
  "score2": 0.05501340528601847,
  "score3": 0.057265432919361335,
  "score4": 0.21072229635044,
  "score5": 0.41835653392720173,
  "score6": 0.6977114139319379
}