{
  "score0": 0.16552867736695812,
  "score1": 0.7181332499736425,
  "score2": 0.195775754461175,
  "score3": 0.06701796593809689,
  "score4": 0.06296448709028442,
  "score5": 0.08572123984341522,
  "score6": 0.07571313473294411
}