{
  "score0": 0.11039174978087757,
  "score1": 0.09870783199366419,
  "score2": 0.06075734454672987,
  "score3": 0.03201050075111992,
  "score4": 0.12803831450741146,
  "score5": 0.3834049570727254,
  "score6": 0.06810610749570388
}