{
  "score0": 0.11039174978087757,
  "score1": 0.09120201094921213,
  "score2": 0.17315593297106485,
  "score3": 0.02815037243625002,
  "score4": 0.03201050075111992,
  "score5": 0.12803831450741146,
  "score6": 0.3834049570727254
}