{
  "score0": 0.08088963168517188,
  "score1": 0.06504934528616543,
  "score2": 0.28188434670167867,
  "score3": 0.13618719506079147,
  "score4": 0.02899703766279055,
  "score5": 0.04914283510068889,
  "score6": 0.08388849572808109
}