{
  "score0": 0.18170678568755055,
  "score1": 0.1864141814118721,
  "score2": 0.08987853354830927,
  "score3": 0.056536280753793355,
  "score4": 0.0678626214242418,
  "score5": 0.01944584956972017,
  "score6": 0.06968077075686582
}