{
  "score0": 0.6759674006682491,
  "score1": 0.802931632642165,
  "score2": 0.09882036513702652,
  "score3": 0.07391428392651447,
  "score4": 0.07162577926539462,
  "score5": 0.09634141923792539,
  "score6": 0.0512818574685879
}