{
  "score0": 0.3240988720713875,
  "score1": 0.14422608374102294,
  "score2": 0.6846351659326958,
  "score3": 0.03919347239494669,
  "score4": 0.07148548206804868,
  "score5": 0.06574192845371542,
  "score6": 0.03328796501140829
}