{
  "score0": 0.1283173187815149,
  "score1": 0.09173166034914065,
  "score2": 0.06075734454672987,
  "score3": 0.03201050075111992,
  "score4": 0.12803831450741146,
  "score5": 0.3834049570727254,
  "score6": 0.06810610749570388
}