{
  "score0": 0.34526661829820743,
  "score1": 0.1287849736133505,
  "score2": 0.6461673766982663,
  "score3": 0.07161978135519188,
  "score4": 0.09005456502230054,
  "score5": 0.07428743367699601,
  "score6": 0.03628478054732232
}