{
  "score0": 0.6897352379651112,
  "score1": 0.8017441924846224,
  "score2": 0.1084110177200805,
  "score3": 0.1044209764203246,
  "score4": 0.03548578376840378,
  "score5": 0.09672711593041482,
  "score6": 0.02794103226426667
}