{
  "score0": 0.07539140787280114,
  "score1": 0.06582873571961874,
  "score2": 0.2056658169664415,
  "score3": 0.09494341713866061,
  "score4": 0.028390596512522192,
  "score5": 0.04790980474367552,
  "score6": 0.17064034872351722
}