{
  "score0": 0.08332922080117977,
  "score1": 0.0741309951647005,
  "score2": 0.06776104270020394,
  "score3": 0.032245489008207694,
  "score4": 0.035192710961069885,
  "score5": 0.03520579341193941,
  "score6": 0.04984918866267809
}