{
  "score0": 0.06473429645100374,
  "score1": 0.1655775938735611,
  "score2": 0.0599193963470754,
  "score3": 0.054429330260611225,
  "score4": 0.056328075695932844,
  "score5": 0.10429919920320253,
  "score6": 0.1898013484510258
}