{
  "score0": 0.7622925338222701,
  "score1": 0.07590085343344274,
  "score2": 0.09547891861384433,
  "score3": 0.06051145501467207,
  "score4": 0.09035062129624111,
  "score5": 0.02878113423350175,
  "score6": 0.03428144496771033
}