{
  "score0": 0.6770588261310255,
  "score1": 0.802931632642165,
  "score2": 0.09561644293641727,
  "score3": 0.09425742045561625,
  "score4": 0.02681882506486266,
  "score5": 0.07720779989187027,
  "score6": 0.10823859242109946
}