{
  "score0": 0.18337376456324575,
  "score1": 0.2146076720872648,
  "score2": 0.15287559186554034,
  "score3": 0.4461671592436029,
  "score4": 0.5642099680887216,
  "score5": 0.08015630550688728,
  "score6": 0.07589575168459468
}