{
  "score0": 0.1000957968741219,
  "score1": 0.07658508671431324,
  "score2": 0.1839524588257487,
  "score3": 0.061544124448676345,
  "score4": 0.08547182167181215,
  "score5": 0.0744448039311579,
  "score6": 0.043360016581920145
}