{
  "score0": 0.09252787933659867,
  "score1": 0.1205711236402143,
  "score2": 0.0730226112469419,
  "score3": 0.056328075695932844,
  "score4": 0.10429919920320253,
  "score5": 0.1898013484510258,
  "score6": 0.4293538368311314
}