{
  "score0": 0.3488413141484353,
  "score1": 0.1582554741697123,
  "score2": 0.10062902559824405,
  "score3": 0.05067258134877584,
  "score4": 0.1069065142418908,
  "score5": 0.08347723229343045,
  "score6": 0.051720814703056124
}