{
  "score0": 0.0985258065868785,
  "score1": 0.08664457588314482,
  "score2": 0.08466376888913602,
  "score3": 0.029006472644188458,
  "score4": 0.05181664465243485,
  "score5": 0.03902998282486909,
  "score6": 0.0326013336459318
}