{
  "score0": 0.23389863480950826,
  "score1": 0.1480482558485029,
  "score2": 0.059633857344811116,
  "score3": 0.449522699931419,
  "score4": 0.4757952873874116,
  "score5": 0.25216355480493347,
  "score6": 0.18071764397563794
}