{
  "score0": 0.10128985514959624,
  "score1": 0.08532736338716013,
  "score2": 0.37753383969257254,
  "score3": 0.05916669811438796,
  "score4": 0.47530663746676344,
  "score5": 0.12179521668383492,
  "score6": 0.044044473072736574
}