{
  "score0": 0.1435004272199939,
  "score1": 0.1333454365914763,
  "score2": 0.05506178332796592,
  "score3": 0.03539514696717779,
  "score4": 0.049950857723220714,
  "score5": 0.019949923933246,
  "score6": 0.08705994561824741
}