{
  "score0": 0.14395885632397232,
  "score1": 0.16990933791941001,
  "score2": 0.10163029829696625,
  "score3": 0.041227319629088204,
  "score4": 0.09430213586592236,
  "score5": 0.036148695971643004,
  "score6": 0.17186651897516048
}