{
  "score0": 0.11013200769705044,
  "score1": 0.09084287794269666,
  "score2": 0.1839524588257487,
  "score3": 0.05472818180384622,
  "score4": 0.20098851002049192,
  "score5": 0.059410075727467315,
  "score6": 0.09177801283078414
}