{
  "score0": 0.6101772436369984,
  "score1": 0.09013849149667219,
  "score2": 0.09294510696144673,
  "score3": 0.05075775369170099,
  "score4": 0.1085000118737171,
  "score5": 0.02038544497899682,
  "score6": 0.04999874064492865
}