{
  "score0": 0.10622288676274048,
  "score1": 0.08867021346099623,
  "score2": 0.2912395985569232,
  "score3": 0.039873624301621384,
  "score4": 0.49235962090119223,
  "score5": 0.1268603875889927,
  "score6": 0.046677429711833335
}