{
  "score0": 0.07230533144142091,
  "score1": 0.3506516772233543,
  "score2": 0.02937088940200478,
  "score3": 0.698136366686905,
  "score4": 0.18168284440182667,
  "score5": 0.06510086298783828,
  "score6": 0.06021856602544421
}