{
  "score0": 0.35847883385145185,
  "score1": 0.16480100079864252,
  "score2": 0.6486242907853703,
  "score3": 0.053389539860097764,
  "score4": 0.05393220293340633,
  "score5": 0.048556892403613626,
  "score6": 0.05408398206423379
}