{
  "score0": 0.1000957968741219,
  "score1": 0.07658508671431324,
  "score2": 0.1337102230924832,
  "score3": 0.061544124448676345,
  "score4": 0.09700880775295191,
  "score5": 0.052354123173303825,
  "score6": 0.025758805570528204
}