{
  "score0": 0.15950482403745114,
  "score1": 0.05690532575721843,
  "score2": 0.18333929416085895,
  "score3": 0.22256152798218665,
  "score4": 0.6303724183954954,
  "score5": 0.08310681164872145,
  "score6": 0.053413704934518434
}