{
  "score0": 0.11616090981991885,
  "score1": 0.1930546318595118,
  "score2": 0.10229065387461636,
  "score3": 0.03879375915527601,
  "score4": 0.060409511580312714,
  "score5": 0.057217914437757006,
  "score6": 0.03444861292473688
}