{
  "score0": 0.11644319226381222,
  "score1": 0.10423895259594629,
  "score2": 0.3547927148563251,
  "score3": 0.10921493809868406,
  "score4": 0.050956285954996385,
  "score5": 0.032764318783927125,
  "score6": 0.17830022866631132
}