{
  "score0": 0.1269085755721473,
  "score1": 0.04709083885680997,
  "score2": 0.09691678349114113,
  "score3": 0.1600647270212762,
  "score4": 0.2371236597344756,
  "score5": 0.1330040302421194,
  "score6": 0.3539153430061503
}