{
  "score0": 0.11417372472027064,
  "score1": 0.17870847049666116,
  "score2": 0.04830362431300616,
  "score3": 0.04708127314997287,
  "score4": 0.10020244302450303,
  "score5": 0.17795149297949453,
  "score6": 0.1002307061949208
}