{
  "score0": 0.1435004272199939,
  "score1": 0.12138052958818683,
  "score2": 0.04057559895855695,
  "score3": 0.04748567194329693,
  "score4": 0.050896834336372675,
  "score5": 0.13381399528419058,
  "score6": 0.08011521221392173
}