{
  "score0": 0.6792707338264741,
  "score1": 0.7947267432224577,
  "score2": 0.04785303848344784,
  "score3": 0.12879083634940436,
  "score4": 0.08578901674567031,
  "score5": 0.06951528790765009,
  "score6": 0.06224835246038423
}