{
  "score0": 0.10090157751214089,
  "score1": 0.0871188155521678,
  "score2": 0.1337102230924832,
  "score3": 0.061544124448676345,
  "score4": 0.09700880775295191,
  "score5": 0.052354123173303825,
  "score6": 0.025758805570528204
}