{
  "score0": 0.7119174801948028,
  "score1": 0.783603285773824,
  "score2": 0.11137914409669794,
  "score3": 0.029087200541980846,
  "score4": 0.10773230149005208,
  "score5": 0.15035618166896192,
  "score6": 0.13532163950554335
}