{
  "score0": 0.06328548005548634,
  "score1": 0.0760124721409428,
  "score2": 0.16008554325066776,
  "score3": 0.0409011990637754,
  "score4": 0.040179935153206135,
  "score5": 0.06272827675640152,
  "score6": 0.17941337762311912
}