{
  "score0": 0.15502961439808743,
  "score1": 0.0522074586286333,
  "score2": 0.1435003315182102,
  "score3": 0.22256152798218665,
  "score4": 0.6303724183954954,
  "score5": 0.08310681164872145,
  "score6": 0.053413704934518434
}