{
  "score0": 0.21016218840788198,
  "score1": 0.7158072768646706,
  "score2": 0.2712483096850826,
  "score3": 0.13809020626940374,
  "score4": 0.09486345191574291,
  "score5": 0.052024127526130164,
  "score6": 0.10632174982749977
}