{
  "score0": 0.08521098942053354,
  "score1": 0.3799683889508235,
  "score2": 0.10428834755882732,
  "score3": 0.5812987082326085,
  "score4": 0.08962465242279011,
  "score5": 0.064691440189545,
  "score6": 0.13646021761990698
}