{
  "score0": 0.1435004272199939,
  "score1": 0.1333454365914763,
  "score2": 0.05383204874966787,
  "score3": 0.04579265317761257,
  "score4": 0.04072144808437386,
  "score5": 0.04748567194329693,
  "score6": 0.050896834336372675
}