{
  "score0": 0.08521098942053354,
  "score1": 0.3667160291933062,
  "score2": 0.20773783686624092,
  "score3": 0.08962465242279011,
  "score4": 0.064691440189545,
  "score5": 0.13646021761990698,
  "score6": 0.1228112689636328
}