{
  "score0": 0.25315196023222053,
  "score1": 0.633959299905841,
  "score2": 0.5018574477187189,
  "score3": 0.058382797209670295,
  "score4": 0.04165522050195034,
  "score5": 0.045041395506141925,
  "score6": 0.06740178068859204
}