{
  "score0": 0.05026570011590177,
  "score1": 0.3583419206033126,
  "score2": 0.13694448517709942,
  "score3": 0.49668663710047545,
  "score4": 0.0744322617127836,
  "score5": 0.05900993507736211,
  "score6": 0.05025654256484608
}