{
  "score0": 0.16671038234979613,
  "score1": 0.2532009000495473,
  "score2": 0.30173052347238133,
  "score3": 0.1580708411767802,
  "score4": 0.27952079683272907,
  "score5": 0.5081413364906591,
  "score6": 0.1455813382313866
}