{
  "score0": 0.27486558452970966,
  "score1": 0.14393937744537805,
  "score2": 0.04684946695429135,
  "score3": 0.29671049761924606,
  "score4": 0.36121322950790874,
  "score5": 0.23706410602491626,
  "score6": 0.17796578115576459
}