{
  "score0": 0.10067358251399366,
  "score1": 0.12207620827210677,
  "score2": 0.04057559895855695,
  "score3": 0.04748567194329693,
  "score4": 0.050896834336372675,
  "score5": 0.13381399528419058,
  "score6": 0.08011521221392173
}