{
  "score0": 0.07158608645768848,
  "score1": 0.09462931555014162,
  "score2": 0.10723606289586847,
  "score3": 0.0441067168199645,
  "score4": 0.07485724395003562,
  "score5": 0.0504469498348263,
  "score6": 0.03206871909765633
}