{
  "score0": 0.11647558172984233,
  "score1": 0.4044960085740391,
  "score2": 0.049017223020947145,
  "score3": 0.7240878622593702,
  "score4": 0.20816351784154033,
  "score5": 0.12510022544407776,
  "score6": 0.06617255600349511
}