{
  "score0": 0.06547812433664556,
  "score1": 0.36254937187900227,
  "score2": 0.09158356190809742,
  "score3": 0.45124515958648187,
  "score4": 0.08956267385393825,
  "score5": 0.061244667019178294,
  "score6": 0.07701163240239427
}