{
  "score0": 0.7132945525066704,
  "score1": 0.5735244950738189,
  "score2": 0.07227500100244438,
  "score3": 0.12497774941440659,
  "score4": 0.06053333007556113,
  "score5": 0.11772782755124407,
  "score6": 0.06766374815934109
}