{
  "score0": 0.23993770958608904,
  "score1": 0.22947821253427175,
  "score2": 0.08272006978722539,
  "score3": 0.26479966913565917,
  "score4": 0.39556221554179866,
  "score5": 0.4961881855356231,
  "score6": 0.07752587130143256
}