{
  "score0": 0.11937301254777467,
  "score1": 0.22297270555659526,
  "score2": 0.17719533039861501,
  "score3": 0.021032300870433337,
  "score4": 0.2653406723189844,
  "score5": 0.0431933169396,
  "score6": 0.6040022741356849
}