{
  "score0": 0.21016218840788198,
  "score1": 0.7158072768646706,
  "score2": 0.31871856104695045,
  "score3": 0.13089252087171968,
  "score4": 0.09486345191574291,
  "score5": 0.052024127526130164,
  "score6": 0.10632174982749977
}