{
  "score0": 0.43126327257244557,
  "score1": 0.11392449745019675,
  "score2": 0.10368441472360816,
  "score3": 0.08117590360613557,
  "score4": 0.10899827926553711,
  "score5": 0.03876986124501085,
  "score6": 0.0501025483447392
}