{
  "score0": 0.11673119240313058,
  "score1": 0.05373753133800295,
  "score2": 0.16927144499422417,
  "score3": 0.061819390918944096,
  "score4": 0.39928062779767454,
  "score5": 0.2369168700407146,
  "score6": 0.041558109323600004
}