{
  "score0": 0.08833953072148537,
  "score1": 0.3821925522117851,
  "score2": 0.02937088940200478,
  "score3": 0.7387705454332861,
  "score4": 0.17775466664045747,
  "score5": 0.08213144623956403,
  "score6": 0.06652303227138023
}