{
  "score0": 0.08518323959127004,
  "score1": 0.06504934528616543,
  "score2": 0.2629424264385428,
  "score3": 0.08951865288122751,
  "score4": 0.03233959773738917,
  "score5": 0.06318295752243831,
  "score6": 0.2412314358183392
}