{
  "score0": 0.15950482403745114,
  "score1": 0.062120687414973993,
  "score2": 0.29325075986341986,
  "score3": 0.6303724183954954,
  "score4": 0.08310681164872145,
  "score5": 0.053413704934518434,
  "score6": 0.060195715727866674
}