{
  "score0": 0.11647558172984233,
  "score1": 0.3860671969080876,
  "score2": 0.06753577435650424,
  "score3": 0.7240878622593702,
  "score4": 0.20816351784154033,
  "score5": 0.12510022544407776,
  "score6": 0.06617255600349511
}