{
  "score0": 0.11417372472027064,
  "score1": 0.1847768224422132,
  "score2": 0.07465044687009792,
  "score3": 0.056524904098385176,
  "score4": 0.06064620516918426,
  "score5": 0.04708127314997287,
  "score6": 0.10020244302450303
}