{
  "score0": 0.7095591625298342,
  "score1": 0.6925152469457451,
  "score2": 0.06614401169539025,
  "score3": 0.09445146553199486,
  "score4": 0.05086399796352087,
  "score5": 0.11781920978993891,
  "score6": 0.04074055846464373
}