{
  "score0": 0.07947349035415277,
  "score1": 0.3592526149723551,
  "score2": 0.16448031598732846,
  "score3": 0.08956267385393825,
  "score4": 0.061244667019178294,
  "score5": 0.07701163240239427,
  "score6": 0.09149681772468789
}