{
  "score0": 0.13805081549928855,
  "score1": 0.06720561093264837,
  "score2": 0.22061184085133298,
  "score3": 0.10678244026645974,
  "score4": 0.03324064845159649,
  "score5": 0.025433227458334637,
  "score6": 0.19758724194516786
}