{
  "score0": 0.13158875346936624,
  "score1": 0.06184773939245178,
  "score2": 0.1941181830698385,
  "score3": 0.06202316191064364,
  "score4": 0.4689563270578974,
  "score5": 0.29906346809329687,
  "score6": 0.06762108343722197
}