{
  "score0": 0.7262244812909389,
  "score1": 0.17128869868214938,
  "score2": 0.15168665029753325,
  "score3": 0.12719271122219689,
  "score4": 0.09605419914185703,
  "score5": 0.12870166411936965,
  "score6": 0.033858396485890584
}