{
  "score0": 0.1563132500374923,
  "score1": 0.05728787177516617,
  "score2": 0.0845861692471215,
  "score3": 0.1861651844868385,
  "score4": 0.21081803129250978,
  "score5": 0.1095765344239633,
  "score6": 0.2692489441470783
}