{
  "score0": 0.18433442213523013,
  "score1": 0.12186692201222907,
  "score2": 0.08269688634373203,
  "score3": 0.0628553185553556,
  "score4": 0.13192938802390575,
  "score5": 0.13816137865215594,
  "score6": 0.07481000213914761
}