{
  "score0": 0.7262244812909389,
  "score1": 0.14395372089235348,
  "score2": 0.10460525907474695,
  "score3": 0.06749887057077515,
  "score4": 0.12719271122219689,
  "score5": 0.09605419914185703,
  "score6": 0.12870166411936965
}