{
  "score0": 0.09683573508080318,
  "score1": 0.06720561093264837,
  "score2": 0.22061184085133298,
  "score3": 0.09494341713866061,
  "score4": 0.028390596512522192,
  "score5": 0.04790980474367552,
  "score6": 0.17064034872351722
}