{
  "score0": 0.7030906823790398,
  "score1": 0.8047115377041689,
  "score2": 0.10742195949760693,
  "score3": 0.02681882506486266,
  "score4": 0.07720779989187027,
  "score5": 0.10823859242109946,
  "score6": 0.08812471609596577
}