{
  "score0": 0.2303750176612052,
  "score1": 0.12454713062804375,
  "score2": 0.06424565109525802,
  "score3": 0.4889149094139369,
  "score4": 0.17105336883909272,
  "score5": 0.32338050569698346,
  "score6": 0.26634953068316314
}