{
  "score0": 0.06753950784837207,
  "score1": 0.07815338575845604,
  "score2": 0.06776104270020394,
  "score3": 0.032245489008207694,
  "score4": 0.035192710961069885,
  "score5": 0.03520579341193941,
  "score6": 0.04984918866267809
}