{
  "score0": 0.22139324310454364,
  "score1": 0.68305763794201,
  "score2": 0.195775754461175,
  "score3": 0.06701796593809689,
  "score4": 0.06296448709028442,
  "score5": 0.08572123984341522,
  "score6": 0.07571313473294411
}