{
  "score0": 0.1269085755721473,
  "score1": 0.04172513252014372,
  "score2": 0.06889083192581445,
  "score3": 0.2371236597344756,
  "score4": 0.1330040302421194,
  "score5": 0.3539153430061503,
  "score6": 0.19239824735725172
}