{
  "score0": 0.23993770958608904,
  "score1": 0.22947821253427175,
  "score2": 0.04684946695429135,
  "score3": 0.26479966913565917,
  "score4": 0.30667970338084016,
  "score5": 0.6611771130038181,
  "score6": 0.05198022451380315
}