{
  "score0": 0.3161610070193272,
  "score1": 0.14422608374102294,
  "score2": 0.6223213470242165,
  "score3": 0.07389721306529586,
  "score4": 0.034852930594680274,
  "score5": 0.05834486155200441,
  "score6": 0.05406833361943708
}