{
  "score0": 0.1496416796366029,
  "score1": 0.10411803055171474,
  "score2": 0.2694003682519587,
  "score3": 0.2364675035993479,
  "score4": 0.48688909069118247,
  "score5": 0.6581408358671582,
  "score6": 0.2182183669960014
}