{
  "score0": 0.07818294121946509,
  "score1": 0.7030906823790398,
  "score2": 0.8047115377041689,
  "score3": 0.09605099412002088,
  "score4": 0.0731038223799562,
  "score5": 0.014209308406268663,
  "score6": 0.05764037756469442
}