{
  "score0": 0.07300466690409817,
  "score1": 0.19737800271308958,
  "score2": 0.07413855792680288,
  "score3": 0.027088494677472374,
  "score4": 0.11182764815863268,
  "score5": 0.1387191898583207,
  "score6": 0.1948424506219807
}