{
  "score0": 0.22949370165928634,
  "score1": 0.14620817536218425,
  "score2": 0.06249997098338887,
  "score3": 0.449522699931419,
  "score4": 0.3491524409326476,
  "score5": 0.670532426763908,
  "score6": 0.07758033666152915
}