{
  "score0": 0.0919547493862256,
  "score1": 0.05868582889745492,
  "score2": 0.1927469365419642,
  "score3": 0.051903805858699616,
  "score4": 0.0071005335751784075,
  "score5": 0.11512689738448956,
  "score6": 0.18565648025402415
}