{
  "score0": 0.13762227596697346,
  "score1": 0.10659393813499728,
  "score2": 0.1667479999731521,
  "score3": 0.029085560007746994,
  "score4": 0.05213047085774119,
  "score5": 0.06629201711346179,
  "score6": 0.18442335319329498
}