{
  "score0": 0.8199437737582419,
  "score1": 0.13097100492338684,
  "score2": 0.15168665029753325,
  "score3": 0.12719271122219689,
  "score4": 0.09605419914185703,
  "score5": 0.12870166411936965,
  "score6": 0.033858396485890584
}