{
  "score0": 0.18519814418638467,
  "score1": 0.12372819106379541,
  "score2": 0.24719231448716214,
  "score3": 0.24902287704010959,
  "score4": 0.3674374006594702,
  "score5": 0.30184396069730796,
  "score6": 0.03618787826096667
}