{
  "score0": 0.7706833009561131,
  "score1": 0.07590085343344274,
  "score2": 0.09877234983880623,
  "score3": 0.04236428163951672,
  "score4": 0.12565279685347902,
  "score5": 0.07604869709475566,
  "score6": 0.09449979181473168
}