{
  "score0": 0.06579672572901504,
  "score1": 0.13744782659331503,
  "score2": 0.09863526087413559,
  "score3": 0.049317349667413614,
  "score4": 0.06912668141622205,
  "score5": 0.14537946766041696,
  "score6": 0.11686030718498042
}