{
  "score0": 0.12419512957962671,
  "score1": 0.09181188643036917,
  "score2": 0.08337721392752846,
  "score3": 0.056349622638815156,
  "score4": 0.15355104655678012,
  "score5": 0.33279671081681034,
  "score6": 0.5379236912271855
}