{
  "score0": 0.15605995594354402,
  "score1": 0.15323774463863848,
  "score2": 0.10996205576571955,
  "score3": 0.04868593839681515,
  "score4": 0.1868154880929945,
  "score5": 0.36255068476829727,
  "score6": 0.5943801157694231
}