{
  "score0": 0.09982946534389081,
  "score1": 0.2548100416551723,
  "score2": 0.14298037598530575,
  "score3": 0.07199852129974024,
  "score4": 0.19227561554728725,
  "score5": 0.20597643616055064,
  "score6": 0.14895145736876172
}