{
  "score0": 0.25908691179621735,
  "score1": 0.15426934222566324,
  "score2": 0.6238749367368275,
  "score3": 0.08206988588110155,
  "score4": 0.04606481380015418,
  "score5": 0.06960968185189315,
  "score6": 0.04354444113364803
}