{
  "score0": 0.08944306007093575,
  "score1": 0.0829268803252809,
  "score2": 0.3919630874335568,
  "score3": 0.02058472622287401,
  "score4": 0.40963730424360884,
  "score5": 0.06900978952858174,
  "score6": 0.0346280498212786
}