{
  "score0": 0.09165666304022152,
  "score1": 0.10067358251399366,
  "score2": 0.12207620827210677,
  "score3": 0.03749314662717466,
  "score4": 0.062299529458579354,
  "score5": 0.03494984815048593,
  "score6": 0.02516825610917027
}