{
  "score0": 0.1579608042831356,
  "score1": 0.1655196825966425,
  "score2": 0.1551169730642579,
  "score3": 0.37235145659722096,
  "score4": 0.4949998424074649,
  "score5": 0.0487297289174544,
  "score6": 0.040161124842676955
}