{
  "score0": 0.0977315067544647,
  "score1": 0.06184773939245178,
  "score2": 0.1941181830698385,
  "score3": 0.09883754835732139,
  "score4": 0.8432009687791678,
  "score5": 0.7692583443655469,
  "score6": 0.07136926299276751
}