{
  "score0": 0.684790165196907,
  "score1": 0.7765785182710689,
  "score2": 0.1299317260041426,
  "score3": 0.10379973663894781,
  "score4": 0.07151087956500475,
  "score5": 0.11628319277698095,
  "score6": 0.06893914672809508
}