{
  "score0": 0.06510838989453181,
  "score1": 0.1641970224780289,
  "score2": 0.055316710726703223,
  "score3": 0.03392865070186788,
  "score4": 0.08887630288416577,
  "score5": 0.1470636484742369,
  "score6": 0.10790102494869562
}