{
  "score0": 0.10693248515087689,
  "score1": 0.10411803055171474,
  "score2": 0.29256670339598095,
  "score3": 0.1762034315337433,
  "score4": 0.37235145659722096,
  "score5": 0.4949998424074649,
  "score6": 0.0487297289174544
}