{
  "score0": 0.34322067509601,
  "score1": 0.08332922080117977,
  "score2": 0.0741309951647005,
  "score3": 0.05067258134877584,
  "score4": 0.056915184278326654,
  "score5": 0.15367536225138037,
  "score6": 0.058542262428563065
}