{
  "score0": 0.3571042548407932,
  "score1": 0.15426934222566324,
  "score2": 0.5853278648382414,
  "score3": 0.13280190424198313,
  "score4": 0.056374100164665035,
  "score5": 0.07740591042066419,
  "score6": 0.053871498887100445
}