{
  "score0": 0.14963901141365277,
  "score1": 0.06647528461281112,
  "score2": 0.34387101469539966,
  "score3": 0.8236045016837087,
  "score4": 0.12090963188780879,
  "score5": 0.07921753410916581,
  "score6": 0.08919263200457715
}