{
  "score0": 0.3240988720713875,
  "score1": 0.1924043870418044,
  "score2": 0.449259476564392,
  "score3": 0.07148548206804868,
  "score4": 0.06574192845371542,
  "score5": 0.03328796501140829,
  "score6": 0.0416223697624648
}