{
  "score0": 0.09165666304022152,
  "score1": 0.10067358251399366,
  "score2": 0.12207620827210677,
  "score3": 0.03749314662717466,
  "score4": 0.1661687049096223,
  "score5": 0.04845638638673624,
  "score6": 0.05579488831138358
}