{
  "score0": 0.32427221968867553,
  "score1": 0.19321370250741673,
  "score2": 0.5023514932285188,
  "score3": 0.09005456502230054,
  "score4": 0.07428743367699601,
  "score5": 0.03628478054732232,
  "score6": 0.0579864958898498
}