{
  "score0": 0.6897352379651112,
  "score1": 0.7735027198985791,
  "score2": 0.04999448754282822,
  "score3": 0.10361148637059552,
  "score4": 0.03548578376840378,
  "score5": 0.09672711593041482,
  "score6": 0.02794103226426667
}