{
  "score0": 0.24185765408793536,
  "score1": 0.045798903256173196,
  "score2": 0.06292672218627125,
  "score3": 0.21081803129250978,
  "score4": 0.1095765344239633,
  "score5": 0.2692489441470783,
  "score6": 0.13759603917367322
}