{
  "score0": 0.8017441924846224,
  "score1": 0.1084110177200805,
  "score2": 0.1061271355100011,
  "score3": 0.12565279685347902,
  "score4": 0.07604869709475566,
  "score5": 0.09449979181473168,
  "score6": 0.025620499476444403
}