{
  "score0": 0.12364121158472652,
  "score1": 0.07780753302621103,
  "score2": 0.10939728362307534,
  "score3": 0.07860693479447527,
  "score4": 0.013042910470148841,
  "score5": 0.11653073604387366,
  "score6": 0.240552728331205
}