{
  "score0": 0.07422890018889931,
  "score1": 0.3860671969080876,
  "score2": 0.16138427320145804,
  "score3": 0.5023723429845889,
  "score4": 0.1094424961167421,
  "score5": 0.0765376465456054,
  "score6": 0.05728837458689336
}