{
  "score0": 0.1435004272199939,
  "score1": 0.1333454365914763,
  "score2": 0.05800084281344927,
  "score3": 0.035290822097933265,
  "score4": 0.03984469556807707,
  "score5": 0.04906739058766183,
  "score6": 0.049405326958438134
}