{
  "score0": 0.11137995211509673,
  "score1": 0.08664457588314482,
  "score2": 0.08466376888913602,
  "score3": 0.029006472644188458,
  "score4": 0.10465474680670522,
  "score5": 0.021095355371888554,
  "score6": 0.11762357199202171
}