{
  "score0": 0.12696491898793427,
  "score1": 0.06415514395115801,
  "score2": 0.1859611411018635,
  "score3": 0.4336296383259248,
  "score4": 0.8388269106994045,
  "score5": 0.5581482494413769,
  "score6": 0.08354844326735134
}