{
  "score0": 0.26513244730910346,
  "score1": 0.15502961439808743,
  "score2": 0.0522074586286333,
  "score3": 0.2973711329174528,
  "score4": 0.23705163218711833,
  "score5": 0.5388886901256574,
  "score6": 0.06758337655189581
}