{
  "score0": 0.3023397274516898,
  "score1": 0.16480100079864252,
  "score2": 0.6486242907853703,
  "score3": 0.0729210681610644,
  "score4": 0.05394207435067186,
  "score5": 0.048970868111290804,
  "score6": 0.04174062239699128
}