{
  "score0": 0.0919547493862256,
  "score1": 0.05868582889745492,
  "score2": 0.13340723664275045,
  "score3": 0.07005899969317526,
  "score4": 0.0071005335751784075,
  "score5": 0.11512689738448956,
  "score6": 0.18565648025402415
}