{
  "score0": 0.15781997684107812,
  "score1": 0.19284988801029215,
  "score2": 0.12558351123057904,
  "score3": 0.039669907274699996,
  "score4": 0.36073319607610865,
  "score5": 0.061830923343866674,
  "score6": 0.7760340928997649
}