{
  "score0": 0.15325333543920722,
  "score1": 0.05690532575721843,
  "score2": 0.17475245759841304,
  "score3": 0.3424341824404216,
  "score4": 0.6351369817719407,
  "score5": 0.4663870547709102,
  "score6": 0.04617330594567743
}