{
  "score0": 0.18519814418638467,
  "score1": 0.10578657161247279,
  "score2": 0.09283714705037507,
  "score3": 0.6491184835235223,
  "score4": 0.24902287704010959,
  "score5": 0.3674374006594702,
  "score6": 0.30184396069730796
}