{
  "score0": 0.15781997684107812,
  "score1": 0.18508754376905015,
  "score2": 0.13709371940177065,
  "score3": 0.039669907274699996,
  "score4": 0.36073319607610865,
  "score5": 0.061830923343866674,
  "score6": 0.7760340928997649
}