{
  "score0": 0.1293153066972631,
  "score1": 0.08683873728227073,
  "score2": 0.1756195880107708,
  "score3": 0.06493469001730068,
  "score4": 0.059315577825331665,
  "score5": 0.02505960782463118,
  "score6": 0.1955062548019202
}