{
  "score0": 0.05902532121105111,
  "score1": 0.0760124721409428,
  "score2": 0.17076010403980377,
  "score3": 0.028083789321112867,
  "score4": 0.03323662962189714,
  "score5": 0.14018879897002867,
  "score6": 0.3379620818780113
}