{
  "score0": 0.23084153289726222,
  "score1": 0.633959299905841,
  "score2": 0.4640456094918844,
  "score3": 0.08572980254181317,
  "score4": 0.07459021085177105,
  "score5": 0.06064681139964719,
  "score6": 0.11842313687851565
}