{
  "score0": 0.20081928101655766,
  "score1": 0.1289196572420139,
  "score2": 0.716657848544342,
  "score3": 0.07668771688525376,
  "score4": 0.17560699298069946,
  "score5": 0.0454461974820588,
  "score6": 0.12025377663191827
}