{
  "score0": 0.1375331839184443,
  "score1": 0.30319371634209247,
  "score2": 0.12558351123057904,
  "score3": 0.039669907274699996,
  "score4": 0.36073319607610865,
  "score5": 0.061830923343866674,
  "score6": 0.7760340928997649
}