{
  "score0": 0.25311881895612487,
  "score1": 0.661050820010701,
  "score2": 0.24811169267959482,
  "score3": 0.10511718627059084,
  "score4": 0.06580335046092246,
  "score5": 0.05945264674934864,
  "score6": 0.11842313687851568
}