{
  "score0": 0.05501594696830145,
  "score1": 0.202907522219659,
  "score2": 0.13378854499856277,
  "score3": 0.01927167239558963,
  "score4": 0.1797852248099153,
  "score5": 0.16276003840373865,
  "score6": 0.10332601729932127
}