{
  "score0": 0.06772637117991746,
  "score1": 0.1641970224780289,
  "score2": 0.055316710726703223,
  "score3": 0.06987316654242486,
  "score4": 0.14698514764030166,
  "score5": 0.17961539049136374,
  "score6": 0.08198744354176978
}