{
  "score0": 0.19085329563933381,
  "score1": 0.7093654018421868,
  "score2": 0.3793283991623222,
  "score3": 0.0804476626341437,
  "score4": 0.08363630713016733,
  "score5": 0.029000148098704246,
  "score6": 0.10653159431190963
}