{
  "score0": 0.2026001352562066,
  "score1": 0.10373517752273476,
  "score2": 0.12126998183672659,
  "score3": 0.0888079031100933,
  "score4": 0.20046840060406615,
  "score5": 0.026663157306195433,
  "score6": 0.5339987584959764
}