{
  "score0": 0.18170678568755055,
  "score1": 0.1864141814118721,
  "score2": 0.08987853354830927,
  "score3": 0.07629156058120588,
  "score4": 0.060409511580312714,
  "score5": 0.057217914437757006,
  "score6": 0.03444861292473688
}