{
  "score0": 0.2054941195073302,
  "score1": 0.19127636611100549,
  "score2": 0.07707164334275557,
  "score3": 0.42920193213616864,
  "score4": 0.44185215769752234,
  "score5": 0.7646356472961333,
  "score6": 0.06177645798377009
}