{
  "score0": 0.11777579002172793,
  "score1": 0.11967738166166773,
  "score2": 0.32758154653089694,
  "score3": 0.11174072815441873,
  "score4": 0.046876013839726734,
  "score5": 0.08704648864877561,
  "score6": 0.29216597363968594
}