{
  "score0": 0.1174205969692606,
  "score1": 0.05373753133800295,
  "score2": 0.16927144499422417,
  "score3": 0.08741950306667008,
  "score4": 0.6698221456948249,
  "score5": 0.6111837432449945,
  "score6": 0.04617330594567743
}