{
  "score0": 0.11013200769705044,
  "score1": 0.09084287794269666,
  "score2": 0.19263744422627468,
  "score3": 0.04427027083861395,
  "score4": 0.11144836045970317,
  "score5": 0.06270214565043015,
  "score6": 0.050409078760835606
}