{
  "score0": 0.07539538389148476,
  "score1": 0.06659833469695865,
  "score2": 0.08436100589745071,
  "score3": 0.06694318757556676,
  "score4": 0.020181734113596642,
  "score5": 0.06026222967197321,
  "score6": 0.06210365724658893
}