{
  "score0": 0.2026001352562066,
  "score1": 0.10373517752273476,
  "score2": 0.08020537364381647,
  "score3": 0.12774717626357665,
  "score4": 0.16156315358213766,
  "score5": 0.2639017003609139,
  "score6": 0.3139944551433708
}