{
  "score0": 0.06427919752454316,
  "score1": 0.1655775938735611,
  "score2": 0.060557159890845945,
  "score3": 0.033945561704393834,
  "score4": 0.09179571653135869,
  "score5": 0.14683690036601718,
  "score6": 0.23469023010943293
}