{
  "score0": 0.08088963168517188,
  "score1": 0.07726686907225253,
  "score2": 0.13691434909485187,
  "score3": 0.02899703766279055,
  "score4": 0.04914283510068889,
  "score5": 0.08388849572808109,
  "score6": 0.19343886178391437
}