{
  "score0": 0.20322408461670866,
  "score1": 0.17670339555388948,
  "score2": 0.7000202575326187,
  "score3": 0.07820771870039865,
  "score4": 0.11625839208251199,
  "score5": 0.028874812912217312,
  "score6": 0.07346675252253648
}