{
  "score0": 0.10909994489607679,
  "score1": 0.10423895259594629,
  "score2": 0.32758154653089694,
  "score3": 0.11174072815441873,
  "score4": 0.046876013839726734,
  "score5": 0.08704648864877561,
  "score6": 0.29216597363968594
}