{
  "score0": 0.06753950784837207,
  "score1": 0.08018850594352052,
  "score2": 0.07376451762283474,
  "score3": 0.05079971535521898,
  "score4": 0.032245489008207694,
  "score5": 0.035192710961069885,
  "score6": 0.03520579341193941
}