{
  "score0": 0.44166876756763973,
  "score1": 0.48173058626256615,
  "score2": 0.49838794904286293,
  "score3": 0.6718695120282301,
  "score4": 0.7947499515185715,
  "score5": 0.3838949645031147,
  "score6": 0.6696085544911213
}