{
  "score0": 0.617859900007451,
  "score1": 0.32069971797672503,
  "score2": 0.20967056446067786,
  "score3": 0.641760710004274,
  "score4": 0.599893366948684,
  "score5": 0.15452595611208578,
  "score6": 0.0902421826777839
}