{
  "score0": 0.2099349485141917,
  "score1": 0.6122288043016326,
  "score2": 0.5015290715132344,
  "score3": 0.17606963378987683,
  "score4": 0.5310740463862209,
  "score5": 0.533986017731892,
  "score6": 0.14362630035208332
}