{
  "score0": 0.46149436495835955,
  "score1": 0.2956600532642199,
  "score2": 0.21398101328455132,
  "score3": 0.6538452307553567,
  "score4": 0.7365399333296607,
  "score5": 0.09994554264105404,
  "score6": 0.4516854173246561
}