{
  "score0": 0.423286410088651,
  "score1": 0.26662855681219216,
  "score2": 0.040515327339944486,
  "score3": 0.6581934398892783,
  "score4": 0.8098089616262906,
  "score5": 0.42187568466716163,
  "score6": 0.5931281051106809
}