{
  "score0": 0.28541043994953363,
  "score1": 0.05909441536085861,
  "score2": 0.24958493929401948,
  "score3": 0.5489735296173807,
  "score4": 0.5319919197993298,
  "score5": 0.612030339605863,
  "score6": 0.6570881256875222
}