{
  "score0": 0.43899941509863677,
  "score1": 0.2446991098075354,
  "score2": 0.08556507382575966,
  "score3": 0.14956838383238383,
  "score4": 0.19336146557181322,
  "score5": 0.2986755888439759,
  "score6": 0.3477324387023168
}