{
  "score0": 0.16244988666204788,
  "score1": 0.5927112448300258,
  "score2": 0.4012320962664481,
  "score3": 0.3581666310884783,
  "score4": 0.453759672100906,
  "score5": 0.3390563601149275,
  "score6": 0.02173712791149814
}