{
  "score0": 0.13710105460280025,
  "score1": 0.41807513018015313,
  "score2": 0.16881098671734296,
  "score3": 0.36642617553284956,
  "score4": 0.22946982847342837,
  "score5": 0.10370798570216655,
  "score6": 0.20639256964395533
}