{
  "score0": 0.5583305112535033,
  "score1": 0.3958108083849442,
  "score2": 0.042777119460243485,
  "score3": 0.32597630615380874,
  "score4": 0.21147775516517142,
  "score5": 0.2965908655043645,
  "score6": 0.11536415157703335
}