{
  "score0": 0.4789895160163695,
  "score1": 0.39826857667629145,
  "score2": 0.20536620742060563,
  "score3": 0.31238080253484846,
  "score4": 0.21758465588982293,
  "score5": 0.10200567952896693,
  "score6": 0.27162757990361813
}