{
  "score0": 0.10048194460681961,
  "score1": 0.4045630284287961,
  "score2": 0.4342678857437778,
  "score3": 0.569676362859891,
  "score4": 0.6997561458591025,
  "score5": 0.6749669366234134,
  "score6": 0.4143157109145544
}