{
  "score0": 0.13483961329017435,
  "score1": 0.1856921258243184,
  "score2": 0.6229606948874729,
  "score3": 0.7066045025978717,
  "score4": 0.22032594778172676,
  "score5": 0.6311483303494627,
  "score6": 0.41803601735926194
}