{
  "score0": 0.4806104217460334,
  "score1": 0.5134565677998252,
  "score2": 0.6522746306752496,
  "score3": 0.6589449985843082,
  "score4": 0.5292383182099903,
  "score5": 0.5574715684227245,
  "score6": 0.18102850206463636
}