{
  "score0": 0.16693135531555717,
  "score1": 0.582812941859928,
  "score2": 0.5491283427739068,
  "score3": 0.31359558918693536,
  "score4": 0.20160293669539353,
  "score5": 0.1915002322176861,
  "score6": 0.2945406969390074
}