{
  "score0": 0.10822830910952976,
  "score1": 0.5952713492997355,
  "score2": 0.19855976056425237,
  "score3": 0.11722111409036214,
  "score4": 0.19225595039339252,
  "score5": 0.40511767241922664,
  "score6": 0.23024586484818219
}