{
  "score0": 0.5714343164006789,
  "score1": 0.31078338574503517,
  "score2": 0.2351638212898164,
  "score3": 0.23385014713177163,
  "score4": 0.6019029261151818,
  "score5": 0.6889086654049613,
  "score6": 0.22890034392679182
}