{
  "score0": 0.5203388416706671,
  "score1": 0.42940895834083,
  "score2": 0.256884597336933,
  "score3": 0.28112079794576084,
  "score4": 0.33381903493427884,
  "score5": 0.5971352530415923,
  "score6": 0.5926033549273385
}