{
  "score0": 0.2935508898439649,
  "score1": 0.14927089949129002,
  "score2": 0.33611535464947373,
  "score3": 0.07999622492613334,
  "score4": 0.22268779067712421,
  "score5": 0.12234350850494354,
  "score6": 0.5814445159597892
}