{
  "score0": 0.26589348663598844,
  "score1": 0.5813029623947141,
  "score2": 0.3768975137980384,
  "score3": 0.14937611792895097,
  "score4": 0.34385193130016095,
  "score5": 0.1807207462138333,
  "score6": 0.4396550619391883
}