{
  "score0": 0.2982423520876486,
  "score1": 0.02854357611058758,
  "score2": 0.3375867131033358,
  "score3": 0.6183894380414874,
  "score4": 0.4074913633460337,
  "score5": 0.7375808982327197,
  "score6": 0.2984712617622398
}