{
  "score0": 0.37769656912987765,
  "score1": 0.1307755286516893,
  "score2": 0.041202588253792506,
  "score3": 0.05888912165295371,
  "score4": 0.2551308257883546,
  "score5": 0.5204157022939978,
  "score6": 0.2442504142573918
}