{
  "score0": 0.14216206750034985,
  "score1": 0.41807513018015313,
  "score2": 0.15364999581093952,
  "score3": 0.29725171232111297,
  "score4": 0.4322102778640044,
  "score5": 0.11546089152197504,
  "score6": 0.04181105821993406
}