{
  "score0": 0.4789895160163695,
  "score1": 0.4908277980926693,
  "score2": 0.32125498957277876,
  "score3": 0.10200567952896693,
  "score4": 0.27162757990361813,
  "score5": 0.7089767585594792,
  "score6": 0.6774536577640217
}