{
  "score0": 0.10822830910952976,
  "score1": 0.42292472875638454,
  "score2": 0.16881098671734296,
  "score3": 0.36642617553284956,
  "score4": 0.22946982847342837,
  "score5": 0.10370798570216655,
  "score6": 0.20639256964395533
}