{
  "score0": 0.16834864367239205,
  "score1": 0.11798817325648717,
  "score2": 0.09914395303644156,
  "score3": 0.5395399296222131,
  "score4": 0.7940480970108813,
  "score5": 0.4992393223208613,
  "score6": 0.4580234649150218
}