{
  "score0": 0.02854357611058758,
  "score1": 0.3375867131033358,
  "score2": 0.49535184821403516,
  "score3": 0.721640433129107,
  "score4": 0.4902577423234697,
  "score5": 0.8153580952925187,
  "score6": 0.6679791884608716
}