{
  "score0": 0.16144873859867553,
  "score1": 0.2719264993377569,
  "score2": 0.6430483012435164,
  "score3": 0.6035640784724641,
  "score4": 0.22666965612641485,
  "score5": 0.3708259716780607,
  "score6": 0.7201348452422058
}