{
  "score0": 0.1741487493900817,
  "score1": 0.5719857330713676,
  "score2": 0.4012320962664481,
  "score3": 0.27022671377391333,
  "score4": 0.34001663552999345,
  "score5": 0.46436395614168874,
  "score6": 0.0487292213606029
}