{
  "score0": 0.6433043407880414,
  "score1": 0.3185839701222512,
  "score2": 0.3935957711553344,
  "score3": 0.5106841339024185,
  "score4": 0.5932674165229618,
  "score5": 0.0799365773835094,
  "score6": 0.10153503452988151
}