{
  "score0": 0.16144873859867553,
  "score1": 0.2719264993377569,
  "score2": 0.6518460186720859,
  "score3": 0.7896170790411783,
  "score4": 0.7066045025978717,
  "score5": 0.22032594778172676,
  "score6": 0.6311483303494627
}