{
  "score0": 0.14266024273385564,
  "score1": 0.3964958168016765,
  "score2": 0.1586234886904356,
  "score3": 0.22573675569523668,
  "score4": 0.4322102778640044,
  "score5": 0.11546089152197504,
  "score6": 0.04181105821993406
}