{
  "score0": 0.31598669449174815,
  "score1": 0.02734865904627697,
  "score2": 0.2422566374240474,
  "score3": 0.20071591803704522,
  "score4": 0.6703960618414607,
  "score5": 0.6955719788869033,
  "score6": 0.8313338730426002
}