{
  "score0": 0.06759913417104547,
  "score1": 0.3888022563215579,
  "score2": 0.4523858764019967,
  "score3": 0.4251016933827154,
  "score4": 0.721640433129107,
  "score5": 0.4902577423234697,
  "score6": 0.8153580952925187
}