{
  "score0": 0.27143436255207504,
  "score1": 0.6101336651138262,
  "score2": 0.4692013878712919,
  "score3": 0.2559204651765748,
  "score4": 0.34385193130016095,
  "score5": 0.26498400541281736,
  "score6": 0.19469621992844388
}