{
  "score0": 0.27143436255207504,
  "score1": 0.5703358413121116,
  "score2": 0.3768975137980384,
  "score3": 0.14937611792895097,
  "score4": 0.34385193130016095,
  "score5": 0.26498400541281736,
  "score6": 0.19469621992844388
}