{
  "score0": 0.13646376088738832,
  "score1": 0.21275269897673718,
  "score2": 0.6545679292167619,
  "score3": 0.4979808747468287,
  "score4": 0.35344350982120765,
  "score5": 0.18821694407323938,
  "score6": 0.12277247478525298
}