{
  "score0": 0.3765746471013943,
  "score1": 0.10369510903826848,
  "score2": 0.060584394107174616,
  "score3": 0.051390957344712246,
  "score4": 0.28154821387013423,
  "score5": 0.505780184473529,
  "score6": 0.6668988900806986
}