{
  "score0": 0.1431451983507082,
  "score1": 0.13483961329017435,
  "score2": 0.1856921258243184,
  "score3": 0.7023959736374644,
  "score4": 0.6694061834178232,
  "score5": 0.5114697354031891,
  "score6": 0.07665779671126488
}