{
  "score0": 0.06104255989219408,
  "score1": 0.42307409408092883,
  "score2": 0.4216287414125328,
  "score3": 0.518107428959643,
  "score4": 0.7140083693293464,
  "score5": 0.6697119231199514,
  "score6": 0.8004630300397277
}