{
  "score0": 0.4847874504505151,
  "score1": 0.4763913732088074,
  "score2": 0.4974590739900756,
  "score3": 0.6309011459274448,
  "score4": 0.7420823010114489,
  "score5": 0.7154755167316161,
  "score6": 0.63594632868266
}