{
  "score0": 0.5203388416706671,
  "score1": 0.42940895834083,
  "score2": 0.256884597336933,
  "score3": 0.3142393940693427,
  "score4": 0.5045491289327667,
  "score5": 0.35999632917272617,
  "score6": 0.5453068214742921
}