{
  "score0": 0.5804460689940887,
  "score1": 0.3958108083849442,
  "score2": 0.042777119460243485,
  "score3": 0.5737816062256471,
  "score4": 0.08867453023236666,
  "score5": 0.5895342028857921,
  "score6": 0.2698261286003642
}