{
  "score0": 0.14121552597476789,
  "score1": 0.014414816344381718,
  "score2": 0.18497557130497236,
  "score3": 0.5041655997131823,
  "score4": 0.564131430294183,
  "score5": 0.6369056767034843,
  "score6": 0.7591680914429588
}