{
  "score0": 0.48322937218786755,
  "score1": 0.41818246883892746,
  "score2": 0.4892765567645778,
  "score3": 0.6309011459274448,
  "score4": 0.7420823010114489,
  "score5": 0.7154755167316161,
  "score6": 0.63594632868266
}