{
  "score0": 0.617859900007451,
  "score1": 0.346902288094557,
  "score2": 0.37982912815056125,
  "score3": 0.599893366948684,
  "score4": 0.15452595611208578,
  "score5": 0.0902421826777839,
  "score6": 0.296595128277606
}