{
  "score0": 0.13866010478455199,
  "score1": 0.447117208756073,
  "score2": 0.27147890948107994,
  "score3": 0.1671423088840829,
  "score4": 0.41298246771010066,
  "score5": 0.03581050932285416,
  "score6": 0.32589942157175295
}