{
  "score0": 0.4301062388496017,
  "score1": 0.2667496554096869,
  "score2": 0.026100309547293712,
  "score3": 0.5340816259992667,
  "score4": 0.6538452307553567,
  "score5": 0.7365399333296607,
  "score6": 0.09994554264105404
}