{
  "score0": 0.16144873859867553,
  "score1": 0.2719264993377569,
  "score2": 0.6616759393051856,
  "score3": 0.8102531202616671,
  "score4": 0.5062149909966147,
  "score5": 0.33313339543164616,
  "score6": 0.6321317299523704
}