{
  "score0": 0.4859823471796579,
  "score1": 0.4806104217460334,
  "score2": 0.4974590739900756,
  "score3": 0.5460976824789869,
  "score4": 0.71704758673219,
  "score5": 0.7090860125919014,
  "score6": 0.4786274306894433
}