{
  "score0": 0.46117051709181467,
  "score1": 0.4514481561207013,
  "score2": 0.439660096414495,
  "score3": 0.6607167319303019,
  "score4": 0.7450950875471962,
  "score5": 0.5887860561934676,
  "score6": 0.3052258566291662
}