{
  "score0": 0.10822830910952976,
  "score1": 0.42292472875638454,
  "score2": 0.16617937630832308,
  "score3": 0.2485063693307753,
  "score4": 0.12796767336405854,
  "score5": 0.27917220185291747,
  "score6": 0.34233564117607873
}