{
  "score0": 0.14121552597476789,
  "score1": 0.014414816344381718,
  "score2": 0.19519344888775855,
  "score3": 0.5729475022177404,
  "score4": 0.4708629940836951,
  "score5": 0.589647152175988,
  "score6": 0.53993817881191
}