{
  "score0": 0.47672655515856543,
  "score1": 0.46149436495835955,
  "score2": 0.2956600532642199,
  "score3": 0.14261993407251433,
  "score4": 0.3989287161500368,
  "score5": 0.6568646275613581,
  "score6": 0.18269509533950323
}