{
  "score0": 0.17847496144283956,
  "score1": 0.582812941859928,
  "score2": 0.32637617836226274,
  "score3": 0.27022671377391333,
  "score4": 0.34001663552999345,
  "score5": 0.46436395614168874,
  "score6": 0.0487292213606029
}