{
  "score0": 0.13919673712689287,
  "score1": 0.2277452145481037,
  "score2": 0.6125975798046939,
  "score3": 0.5510134038769351,
  "score4": 0.23231699817921805,
  "score5": 0.21847991623579363,
  "score6": 0.23506855185545553
}