{
  "score0": 0.5617970254416322,
  "score1": 0.2607424630100656,
  "score2": 0.2650359323486185,
  "score3": 0.5737816062256471,
  "score4": 0.08867453023236666,
  "score5": 0.5895342028857921,
  "score6": 0.2698261286003642
}