{
  "score0": 0.28840782293750744,
  "score1": 0.1349817831090548,
  "score2": 0.27616028852589325,
  "score3": 0.18590197268028053,
  "score4": 0.2650739123618679,
  "score5": 0.14565492442084302,
  "score6": 0.5542135045360711
}