{
  "score0": 0.1431451983507082,
  "score1": 0.1282731738800067,
  "score2": 0.1366636942709901,
  "score3": 0.5624927483967714,
  "score4": 0.6694061834178232,
  "score5": 0.5114697354031891,
  "score6": 0.07665779671126488
}