{
  "score0": 0.4216610048834116,
  "score1": 0.32218367418105226,
  "score2": 0.05320627400193565,
  "score3": 0.42154869535193357,
  "score4": 0.5938818464149254,
  "score5": 0.43390088106125946,
  "score6": 0.44498969960691137
}