{
  "score0": 0.2837286326559046,
  "score1": 0.05203695423793585,
  "score2": 0.32620201187593856,
  "score3": 0.5544827057136822,
  "score4": 0.3056465356582647,
  "score5": 0.7626424410592832,
  "score6": 0.6871336253433208
}