{
  "score0": 0.16144873859867553,
  "score1": 0.2046883292399295,
  "score2": 0.6229606948874729,
  "score3": 0.7066045025978717,
  "score4": 0.22032594778172676,
  "score5": 0.6311483303494627,
  "score6": 0.41803601735926194
}