{
  "score0": 0.5396766855967984,
  "score1": 0.284258041643671,
  "score2": 0.2650359323486185,
  "score3": 0.6043950068868208,
  "score4": 0.12199332544666668,
  "score5": 0.1691449883838434,
  "score6": 0.419928298716147
}