{
  "score0": 0.29496745770735455,
  "score1": 0.10634055002967294,
  "score2": 0.6666831682131288,
  "score3": 0.14315014845993335,
  "score4": 0.08840309482527325,
  "score5": 0.2369085110164553,
  "score6": 0.6052216720743155
}