{
  "score0": 0.6253133005369372,
  "score1": 0.32646906595261094,
  "score2": 0.23867452392977936,
  "score3": 0.6364682558248379,
  "score4": 0.5068308815700385,
  "score5": 0.17744447249742534,
  "score6": 0.07130637938814079
}