{
  "score0": 0.617859900007451,
  "score1": 0.32069971797672503,
  "score2": 0.28904694853243257,
  "score3": 0.6518632737469509,
  "score4": 0.31066974132714315,
  "score5": 0.07868593259749233,
  "score6": 0.2336368430376504
}