{
  "score0": 0.28634297820169197,
  "score1": 0.10358203596511774,
  "score2": 0.5952713492997355,
  "score3": 0.1331705235412487,
  "score4": 0.08490577602759435,
  "score5": 0.2183635045452416,
  "score6": 0.5746071479134479
}