{
  "score0": 0.4695590894161211,
  "score1": 0.5539744314199013,
  "score2": 0.7105262039353141,
  "score3": 0.732604944234807,
  "score4": 0.5359254287185444,
  "score5": 0.6117814416925696,
  "score6": 0.49586105701225347
}