{
  "score0": 0.4301062388496017,
  "score1": 0.2667496554096869,
  "score2": 0.06390057180306795,
  "score3": 0.352747734046132,
  "score4": 0.6684516645768769,
  "score5": 0.6888811674934878,
  "score6": 0.8000887996916908
}