{
  "score0": 0.14121552597476789,
  "score1": 0.014414816344381718,
  "score2": 0.15593612015321007,
  "score3": 0.46035204979906563,
  "score4": 0.5590833748838994,
  "score5": 0.539223958016493,
  "score6": 0.784323497490759
}