{
  "score0": 0.4614252111961472,
  "score1": 0.5594575059427958,
  "score2": 0.7051013607389011,
  "score3": 0.7141196312886834,
  "score4": 0.7018129787797444,
  "score5": 0.5120540998360954,
  "score6": 0.37434218722541507
}