{
  "score0": 0.4789895160163695,
  "score1": 0.39826857667629145,
  "score2": 0.2300581636525358,
  "score3": 0.21758465588982293,
  "score4": 0.10200567952896693,
  "score5": 0.27162757990361813,
  "score6": 0.7089767585594792
}