{
  "score0": 0.5714343164006789,
  "score1": 0.4611131758027202,
  "score2": 0.09396691235506799,
  "score3": 0.2339046124918682,
  "score4": 0.8518625032635329,
  "score5": 0.5848616858262686,
  "score6": 0.1486882160313
}