{
  "score0": 0.16693135531555717,
  "score1": 0.582812941859928,
  "score2": 0.32637617836226274,
  "score3": 0.3632191609860523,
  "score4": 0.1524597445653595,
  "score5": 0.19147292170508903,
  "score6": 0.29441488089174994
}