{
  "score0": 0.14121552597476789,
  "score1": 0.053574425372800535,
  "score2": 0.17711796196517848,
  "score3": 0.5590833748838994,
  "score4": 0.539223958016493,
  "score5": 0.784323497490759,
  "score6": 0.4754380763552502
}