{
  "score0": 0.4695590894161211,
  "score1": 0.5539744314199013,
  "score2": 0.7051875791806393,
  "score3": 0.6694048578081354,
  "score4": 0.6097341410596986,
  "score5": 0.5908583478829146,
  "score6": 0.4012210169214406
}