{
  "score0": 0.1628615338892563,
  "score1": 0.1282731738800067,
  "score2": 0.1366636942709901,
  "score3": 0.5395399296222131,
  "score4": 0.7940480970108813,
  "score5": 0.4992393223208613,
  "score6": 0.4580234649150218
}