{
  "score0": 0.24189934829710752,
  "score1": 0.6183643944943515,
  "score2": 0.5015290715132344,
  "score3": 0.17606963378987683,
  "score4": 0.5310740463862209,
  "score5": 0.533986017731892,
  "score6": 0.14362630035208332
}