{
  "score0": 0.4301062388496017,
  "score1": 0.2667496554096869,
  "score2": 0.11321165207353312,
  "score3": 0.663158339516374,
  "score4": 0.6716773698649402,
  "score5": 0.2780966116772153,
  "score6": 0.3853153745560844
}