{
  "score0": 0.5583305112535033,
  "score1": 0.3712651396109588,
  "score2": 0.2820625092980254,
  "score3": 0.3417861372745363,
  "score4": 0.22757875252803075,
  "score5": 0.1955361274570004,
  "score6": 0.26580960157363914
}