{
  "score0": 0.10369510903826848,
  "score1": 0.060584394107174616,
  "score2": 0.17711796196517848,
  "score3": 0.5590833748838994,
  "score4": 0.539223958016493,
  "score5": 0.784323497490759,
  "score6": 0.4754380763552502
}