{
  "score0": 0.43899941509863677,
  "score1": 0.2446991098075354,
  "score2": 0.09762366462563042,
  "score3": 0.124261397341917,
  "score4": 0.22963679753798397,
  "score5": 0.3789709155755423,
  "score6": 0.2233574605818546
}