{
  "score0": 0.447117208756073,
  "score1": 0.27147890948107994,
  "score2": 0.14438122803860917,
  "score3": 0.19336146557181322,
  "score4": 0.2986755888439759,
  "score5": 0.3477324387023168,
  "score6": 0.13849040090897013
}