{
  "score0": 0.27479752143818786,
  "score1": 0.05909441536085861,
  "score2": 0.29089691914273386,
  "score3": 0.6309836514218264,
  "score4": 0.3056465356582647,
  "score5": 0.7626424410592832,
  "score6": 0.6871336253433208
}