{
  "score0": 0.3765746471013943,
  "score1": 0.10369510903826848,
  "score2": 0.02664691728354364,
  "score3": 0.0632874009258352,
  "score4": 0.28154821387013423,
  "score5": 0.505780184473529,
  "score6": 0.6668988900806986
}