{
  "score0": 0.31598669449174815,
  "score1": 0.02686656851139641,
  "score2": 0.27535991196724346,
  "score3": 0.1213961923893183,
  "score4": 0.20071591803704522,
  "score5": 0.6703960618414607,
  "score6": 0.6955719788869033
}