{
  "score0": 0.4216610048834116,
  "score1": 0.32218367418105226,
  "score2": 0.027696433379492423,
  "score3": 0.29663488526329634,
  "score4": 0.5938818464149254,
  "score5": 0.43390088106125946,
  "score6": 0.44498969960691137
}