{
  "score0": 0.28541043994953363,
  "score1": 0.05909441536085861,
  "score2": 0.29089691914273386,
  "score3": 0.4324295049778799,
  "score4": 0.4216020330468618,
  "score5": 0.6177507004329871,
  "score6": 0.620111466649342
}