{
  "score0": 0.4725976605706497,
  "score1": 0.6635033524851184,
  "score2": 0.14585024445559072,
  "score3": 0.035707898440883436,
  "score4": 0.057867086474484436,
  "score5": 0.12537366000077485,
  "score6": 0.43233814836392453
}