{
  "score0": 0.10405276924004772,
  "score1": 0.5417239583264692,
  "score2": 0.7744303216126408,
  "score3": 0.6690855562861464,
  "score4": 0.4613145905535738,
  "score5": 0.07476507609505771,
  "score6": 0.13693461901325327
}