{
  "score0": 0.4725976605706497,
  "score1": 0.6635033524851184,
  "score2": 0.1522912111454221,
  "score3": 0.0813316272931958,
  "score4": 0.1409284927702834,
  "score5": 0.15784008903506003,
  "score6": 0.47943804975005505
}