{
  "score0": 0.561574101036721,
  "score1": 0.5090283145163267,
  "score2": 0.4699664120217256,
  "score3": 0.20150915832165936,
  "score4": 0.06883104741353362,
  "score5": 0.1456826993097776,
  "score6": 0.014517369774533334
}