{
  "score0": 0.5474600309880917,
  "score1": 0.7286635006564407,
  "score2": 0.7104302328886212,
  "score3": 0.5617042303383879,
  "score4": 0.15450275549471768,
  "score5": 0.11047387807549668,
  "score6": 0.02624202046793127
}