{
  "score0": 0.3670732583736551,
  "score1": 0.6995752899624877,
  "score2": 0.14558435200408393,
  "score3": 0.09782765849925844,
  "score4": 0.14523297678759986,
  "score5": 0.11826869814551644,
  "score6": 0.4394452175368106
}