{
  "score0": 0.2385120842839353,
  "score1": 0.17256504339748638,
  "score2": 0.07694981164714393,
  "score3": 0.16319726684898941,
  "score4": 0.31423456214263557,
  "score5": 0.630496435283404,
  "score6": 0.6907122359356922
}