{
  "score0": 0.10405276924004772,
  "score1": 0.6595261395351912,
  "score2": 0.7226374680882263,
  "score3": 0.4613145905535738,
  "score4": 0.07476507609505771,
  "score5": 0.13693461901325327,
  "score6": 0.0222857856615557
}