{
  "score0": 0.6110515951894958,
  "score1": 0.744075551818147,
  "score2": 0.6713966903631973,
  "score3": 0.272023698791688,
  "score4": 0.24109863877594587,
  "score5": 0.11754489310746515,
  "score6": 0.40286632729034944
}