{
  "score0": 0.2155184761330264,
  "score1": 0.12771884807105105,
  "score2": 0.3116567531629644,
  "score3": 0.4698404163589031,
  "score4": 0.4942746381429477,
  "score5": 0.7133434158949249,
  "score6": 0.7346155593142051
}