{
  "score0": 0.5636895524366173,
  "score1": 0.36731590721931434,
  "score2": 0.20380181324620178,
  "score3": 0.09082112634655186,
  "score4": 0.14188926415049466,
  "score5": 0.5367964590412907,
  "score6": 0.747328429139237
}