{
  "score0": 0.08328929068809722,
  "score1": 0.6779895483861799,
  "score2": 0.7889206562143547,
  "score3": 0.5577907417082311,
  "score4": 0.44513351846630217,
  "score5": 0.07397303032170276,
  "score6": 0.33858734552583375
}