{
  "score0": 0.41165496846786176,
  "score1": 0.7734876922836427,
  "score2": 0.15058131800063326,
  "score3": 0.09782765849925844,
  "score4": 0.14523297678759986,
  "score5": 0.11826869814551644,
  "score6": 0.4394452175368106
}