{
  "score0": 0.36322653909732106,
  "score1": 0.6995752899624877,
  "score2": 0.14558435200408393,
  "score3": 0.07983339550725564,
  "score4": 0.1426395599999795,
  "score5": 0.09779054802439853,
  "score6": 0.3773161102369538
}