{
  "score0": 0.1464304958723415,
  "score1": 0.2448634183659109,
  "score2": 0.36444917902706236,
  "score3": 0.2996946914607294,
  "score4": 0.5908928035463424,
  "score5": 0.36247013023477076,
  "score6": 0.3638358090863479
}