{
  "score0": 0.5468449930064226,
  "score1": 0.52238799086687,
  "score2": 0.6214440383297272,
  "score3": 0.16410147062942387,
  "score4": 0.05891950818045218,
  "score5": 0.24943402077887145,
  "score6": 0.1439604841645387
}