{
  "score0": 0.15831929359170954,
  "score1": 0.33809891199562403,
  "score2": 0.1937912481837962,
  "score3": 0.37821273152715956,
  "score4": 0.26046840537797245,
  "score5": 0.15425264099498423,
  "score6": 0.2646752111361531
}