{
  "score0": 0.4725976605706497,
  "score1": 0.6635033524851184,
  "score2": 0.15657287630118147,
  "score3": 0.0978770048412988,
  "score4": 0.012642781746299346,
  "score5": 0.05199363792709496,
  "score6": 0.20752327461459405
}