{
  "score0": 0.6087801868713811,
  "score1": 0.744075551818147,
  "score2": 0.6614102589492898,
  "score3": 0.4658311872273506,
  "score4": 0.11297537384250844,
  "score5": 0.08051267228572528,
  "score6": 0.06654415584986954
}