{
  "score0": 0.06175469893002275,
  "score1": 0.6139968069218726,
  "score2": 0.7855490603332711,
  "score3": 0.3416231050370892,
  "score4": 0.3044485273920006,
  "score5": 0.06271357069211671,
  "score6": 0.0412514640236149
}