{
  "score0": 0.533340279000643,
  "score1": 0.6087138718839714,
  "score2": 0.2156224343852022,
  "score3": 0.15254413778144763,
  "score4": 0.2961560582762585,
  "score5": 0.7049896081043885,
  "score6": 0.41056387849458603
}