{
  "score0": 0.33068619656878473,
  "score1": 0.16454093753747118,
  "score2": 0.1542333252407705,
  "score3": 0.0633570006179638,
  "score4": 0.007260074756798073,
  "score5": 0.403142051099463,
  "score6": 0.46220520782638036
}