{
  "score0": 0.46738790227723,
  "score1": 0.5629183811373742,
  "score2": 0.4563678733723276,
  "score3": 0.3192114549208293,
  "score4": 0.15320858053179542,
  "score5": 0.2125686309434316,
  "score6": 0.0467077382296931
}