{
  "score0": 0.20924886564351525,
  "score1": 0.26378954062981075,
  "score2": 0.6230996444562867,
  "score3": 0.1893378422318566,
  "score4": 0.6261512060376656,
  "score5": 0.7563220234060579,
  "score6": 0.6982006591754354
}