{
  "score0": 0.1960042411310695,
  "score1": 0.1684314218260335,
  "score2": 0.2728599706148204,
  "score3": 0.2953663829737458,
  "score4": 0.6676282552787268,
  "score5": 0.6180139369571432,
  "score6": 0.7433606742411009
}