{
  "score0": 0.5305153360571141,
  "score1": 0.5685513964371689,
  "score2": 0.3073812874968186,
  "score3": 0.07870116933512988,
  "score4": 0.15254413778144763,
  "score5": 0.2961560582762585,
  "score6": 0.7049896081043885
}