{
  "score0": 0.5332853910275305,
  "score1": 0.7286635006564407,
  "score2": 0.7104302328886212,
  "score3": 0.529684018453672,
  "score4": 0.09393237876972917,
  "score5": 0.16212214508620174,
  "score6": 0.03385094051355158
}