{
  "score0": 0.28350143548396906,
  "score1": 0.5606457000434513,
  "score2": 0.2682549621467071,
  "score3": 0.6497356138884984,
  "score4": 0.6897315893480114,
  "score5": 0.3885497515281751,
  "score6": 0.2888305998118954
}