{
  "score0": 0.11861936641447597,
  "score1": 0.29003790572664834,
  "score2": 0.5061412349208012,
  "score3": 0.6916167749924461,
  "score4": 0.7397820538531675,
  "score5": 0.3921100328273377,
  "score6": 0.3917460304732355
}