{
  "score0": 0.24320926408432436,
  "score1": 0.15525300035580364,
  "score2": 0.10730220750807919,
  "score3": 0.1893102102545936,
  "score4": 0.22675317589641517,
  "score5": 0.6357110552949272,
  "score6": 0.5309920415887722
}