{
  "score0": 0.20924886564351525,
  "score1": 0.2871493000271486,
  "score2": 0.5989019659482597,
  "score3": 0.1893378422318566,
  "score4": 0.6261512060376656,
  "score5": 0.7563220234060579,
  "score6": 0.6982006591754354
}