{
  "score0": 0.29737313365498486,
  "score1": 0.08504354671155814,
  "score2": 0.5610353056092083,
  "score3": 0.46418028164213204,
  "score4": 0.26345784376718945,
  "score5": 0.48311534391021277,
  "score6": 0.32072077095310697
}