{
  "score0": 0.5506201705063529,
  "score1": 0.5090283145163267,
  "score2": 0.570628197474138,
  "score3": 0.12642199476758034,
  "score4": 0.08938549819020354,
  "score5": 0.11269080442176449,
  "score6": 0.4701142171008488
}