{
  "score0": 0.7608611064554744,
  "score1": 0.23573464286915902,
  "score2": 0.09505410946494389,
  "score3": 0.1590420731966509,
  "score4": 0.1979889292880825,
  "score5": 0.41304268709090025,
  "score6": 0.7253819473024102
}