{
  "score0": 0.2385120842839353,
  "score1": 0.17256504339748638,
  "score2": 0.05031071037889895,
  "score3": 0.17357640496915763,
  "score4": 0.28973078679292924,
  "score5": 0.36659471928464854,
  "score6": 0.4717592399762438
}