{
  "score0": 0.23499485774696066,
  "score1": 0.1650202150422569,
  "score2": 0.07694981164714393,
  "score3": 0.16319726684898941,
  "score4": 0.31423456214263557,
  "score5": 0.630496435283404,
  "score6": 0.6907122359356922
}