{
  "score0": 0.21754584216898462,
  "score1": 0.10168085504270856,
  "score2": 0.2604466373571242,
  "score3": 0.45840493044733427,
  "score4": 0.6756870131537701,
  "score5": 0.7230720895814118,
  "score6": 0.6454686301292956
}