{
  "score0": 0.1464304958723415,
  "score1": 0.2448634183659109,
  "score2": 0.1725238826605972,
  "score3": 0.20270431215563645,
  "score4": 0.5531728121448188,
  "score5": 0.45090533340758254,
  "score6": 0.39799480217161615
}