{
  "score0": 0.7578124132326788,
  "score1": 0.6097706259950857,
  "score2": 0.6806957842873702,
  "score3": 0.03711648835601438,
  "score4": 0.21195103049130323,
  "score5": 0.018933951906248248,
  "score6": 0.2503366507267575
}