{
  "score0": 0.10405276924004772,
  "score1": 0.5417239583264692,
  "score2": 0.7340792184934807,
  "score3": 0.6233423861238326,
  "score4": 0.34328787532172617,
  "score5": 0.12412326690714974,
  "score6": 0.3601290280851286
}