{
  "score0": 0.6110515951894958,
  "score1": 0.7652052637379425,
  "score2": 0.5811382724089674,
  "score3": 0.24109863877594587,
  "score4": 0.11754489310746515,
  "score5": 0.40286632729034944,
  "score6": 0.2754427355449994
}