{
  "score0": 0.11417317885275731,
  "score1": 0.24833536696554173,
  "score2": 0.14584540644077132,
  "score3": 0.17898046216944263,
  "score4": 0.47478878271726305,
  "score5": 0.31289149838840324,
  "score6": 0.10556245818796951
}