{
  "score0": 0.2427550271774832,
  "score1": 0.1650202150422569,
  "score2": 0.06388640924362522,
  "score3": 0.2806518508499575,
  "score4": 0.1414979167469921,
  "score5": 0.6624022462404039,
  "score6": 0.5764495004331552
}