{
  "score0": 0.5594891581514889,
  "score1": 0.7423465639923071,
  "score2": 0.7083705231919899,
  "score3": 0.6906207028118928,
  "score4": 0.13891676171983067,
  "score5": 0.14167496027121373,
  "score6": 0.07018029007880545
}