{
  "score0": 0.731672211261627,
  "score1": 0.1793960788110604,
  "score2": 0.10742673722200723,
  "score3": 0.3177320793544254,
  "score4": 0.6135262452938749,
  "score5": 0.3411891871164417,
  "score6": 0.5847883006199216
}