{
  "score0": 0.21641948822356621,
  "score1": 0.08071202099465194,
  "score2": 0.2797265227571333,
  "score3": 0.262445899857834,
  "score4": 0.6560728516915334,
  "score5": 0.6057348919550688,
  "score6": 0.78024057759691
}