{
  "score0": 0.06413169794341772,
  "score1": 0.5987355799148768,
  "score2": 0.7855490603332711,
  "score3": 0.5959251341468711,
  "score4": 0.3366612186302997,
  "score5": 0.21158824330163128,
  "score6": 0.0009631249926648863
}