{
  "score0": 0.09448239493728396,
  "score1": 0.62507395134991,
  "score2": 0.7226374680882263,
  "score3": 0.4613145905535738,
  "score4": 0.07476507609505771,
  "score5": 0.13693461901325327,
  "score6": 0.0222857856615557
}