{
  "score0": 0.24395998685477302,
  "score1": 0.12125654604600755,
  "score2": 0.3844321828756864,
  "score3": 0.17763143652530533,
  "score4": 0.4305336228078909,
  "score5": 0.46246970704371043,
  "score6": 0.18550343440070946
}