{
  "score0": 0.25606529169041026,
  "score1": 0.1147098278137089,
  "score2": 0.5803020161856483,
  "score3": 0.6061283675611506,
  "score4": 0.34933845645563477,
  "score5": 0.41559146095343263,
  "score6": 0.11742328230289191
}