{
  "score0": 0.1464304958723415,
  "score1": 0.2448634183659109,
  "score2": 0.1725238826605972,
  "score3": 0.12239485545668144,
  "score4": 0.47478878271726305,
  "score5": 0.31289149838840324,
  "score6": 0.10556245818796951
}