{
  "score0": 0.25606529169041026,
  "score1": 0.1147098278137089,
  "score2": 0.5803020161856483,
  "score3": 0.6439496026828785,
  "score4": 0.6280446284481166,
  "score5": 0.3686800138719461,
  "score6": 0.08997820069614128
}