{
  "score0": 0.36731590721931434,
  "score1": 0.20380181324620178,
  "score2": 0.15234941175625358,
  "score3": 0.007260074756798073,
  "score4": 0.403142051099463,
  "score5": 0.46220520782638036,
  "score6": 0.03752770505789626
}