{
  "score0": 0.550634299172223,
  "score1": 0.512138860301871,
  "score2": 0.2957614035324061,
  "score3": 0.2041069894274169,
  "score4": 0.10870686983166929,
  "score5": 0.33944788745829896,
  "score6": 0.5863815398598529
}