{
  "score0": 0.7647064455396616,
  "score1": 0.23573464286915902,
  "score2": 0.09505410946494389,
  "score3": 0.1432369542027903,
  "score4": 0.2616600833061025,
  "score5": 0.6382338834782599,
  "score6": 0.6790933027747105
}