{
  "score0": 0.1960042411310695,
  "score1": 0.12104433388436464,
  "score2": 0.247328302795551,
  "score3": 0.6676282552787268,
  "score4": 0.6180139369571432,
  "score5": 0.7433606742411009,
  "score6": 0.6925806399290847
}