{
  "score0": 0.21754584216898462,
  "score1": 0.10168085504270856,
  "score2": 0.27268310147390484,
  "score3": 0.27392563909296075,
  "score4": 0.670547598261166,
  "score5": 0.7048570431604378,
  "score6": 0.7666718544016251
}