{
  "score0": 0.5741475104476879,
  "score1": 0.533340279000643,
  "score2": 0.6033265984075695,
  "score3": 0.17911313610269197,
  "score4": 0.1402043120234596,
  "score5": 0.09215138267665851,
  "score6": 0.5348066026362185
}