{
  "score0": 0.24930214401993425,
  "score1": 0.08695755396287723,
  "score2": 0.5838627477827503,
  "score3": 0.6722240791280001,
  "score4": 0.7644064849293143,
  "score5": 0.39269965896272335,
  "score6": 0.041198287342904316
}