{
  "score0": 0.5629183811373742,
  "score1": 0.4563678733723276,
  "score2": 0.306299320884064,
  "score3": 0.05891950818045218,
  "score4": 0.24943402077887145,
  "score5": 0.1439604841645387,
  "score6": 0.12185101017983913
}