{
  "score0": 0.21623593645650463,
  "score1": 0.10168085504270856,
  "score2": 0.27268310147390484,
  "score3": 0.262445899857834,
  "score4": 0.6560728516915334,
  "score5": 0.6057348919550688,
  "score6": 0.78024057759691
}