{
  "score0": 0.1597962603079241,
  "score1": 0.27825534651762623,
  "score2": 0.6044028414433747,
  "score3": 0.4855028592158992,
  "score4": 0.7019935272704471,
  "score5": 0.6847693086455147,
  "score6": 0.34060020008206043
}