{
  "score0": 0.7413910614055675,
  "score1": 0.7426978158968965,
  "score2": 0.607767263196849,
  "score3": 0.13429036835649658,
  "score4": 0.17914533229081495,
  "score5": 0.025493154391755365,
  "score6": 0.09287997486466076
}