{
  "score0": 0.753405436686159,
  "score1": 0.720826704679695,
  "score2": 0.6806957842873702,
  "score3": 0.08296619957855035,
  "score4": 0.2475099502508645,
  "score5": 0.032678216272735004,
  "score6": 0.04667259933670368
}