{
  "score0": 0.45054933624689564,
  "score1": 0.5628630994757045,
  "score2": 0.4803403220544675,
  "score3": 0.3192114549208293,
  "score4": 0.15320858053179542,
  "score5": 0.2125686309434316,
  "score6": 0.0467077382296931
}