{
  "score0": 0.2385120842839353,
  "score1": 0.14095997429583773,
  "score2": 0.0638787180672691,
  "score3": 0.28973078679292924,
  "score4": 0.36659471928464854,
  "score5": 0.4717592399762438,
  "score6": 0.48025076108082515
}