{
  "score0": 0.23499485774696066,
  "score1": 0.1650202150422569,
  "score2": 0.06388640924362522,
  "score3": 0.2305560973625046,
  "score4": 0.1496354895855434,
  "score5": 0.6047839232656254,
  "score6": 0.6283709123137977
}