{
  "score0": 0.7425290972893818,
  "score1": 0.22506901807077434,
  "score2": 0.08491465869890986,
  "score3": 0.1590420731966509,
  "score4": 0.1979889292880825,
  "score5": 0.41304268709090025,
  "score6": 0.7253819473024102
}