{
  "score0": 0.3034708229247,
  "score1": 0.1563930030378482,
  "score2": 0.18665224326211824,
  "score3": 0.20914311068106065,
  "score4": 0.01310282689345029,
  "score5": 0.10305147115668849,
  "score6": 0.1385170479707679
}