{
  "score0": 0.06175469893002275,
  "score1": 0.6139968069218726,
  "score2": 0.7855490603332711,
  "score3": 0.5959251341468711,
  "score4": 0.3366612186302997,
  "score5": 0.21158824330163128,
  "score6": 0.0009631249926648863
}