{
  "score0": 0.5506201705063529,
  "score1": 0.5090283145163267,
  "score2": 0.4699664120217256,
  "score3": 0.19169032486274004,
  "score4": 0.06057314802770075,
  "score5": 0.08784193805622163,
  "score6": 0.31686145132975946
}