{
  "score0": 0.2783427432432156,
  "score1": 0.5589520852202157,
  "score2": 0.2710523559969959,
  "score3": 0.6470898398608894,
  "score4": 0.7232509705242652,
  "score5": 0.7079968326856504,
  "score6": 0.49838555439102694
}