{
  "score0": 0.25606529169041026,
  "score1": 0.1147098278137089,
  "score2": 0.5635152585910722,
  "score3": 0.5096754812739897,
  "score4": 0.3455650841653521,
  "score5": 0.32963283314760733,
  "score6": 0.145099871413241
}