{
  "score0": 0.5587967827940403,
  "score1": 0.512138860301871,
  "score2": 0.2775684057885641,
  "score3": 0.2144094453842201,
  "score4": 0.2208317600571789,
  "score5": 0.4119812693485542,
  "score6": 0.7100855836600752
}