{
  "score0": 0.23870498792632955,
  "score1": 0.13985223337474043,
  "score2": 0.10730220750807919,
  "score3": 0.2806518508499575,
  "score4": 0.1414979167469921,
  "score5": 0.6624022462404039,
  "score6": 0.5764495004331552
}