{
  "score0": 0.7658040090764693,
  "score1": 0.19902358144851784,
  "score2": 0.11310920700696325,
  "score3": 0.027859251627426404,
  "score4": 0.37251470097602657,
  "score5": 0.07348606378307118,
  "score6": 0.3028162080941566
}