{
  "score0": 0.25475849436026987,
  "score1": 0.08695755396287723,
  "score2": 0.5838627477827503,
  "score3": 0.6849483281453369,
  "score4": 0.6280446284481166,
  "score5": 0.3686800138719461,
  "score6": 0.08997820069614128
}