{
  "score0": 0.5740037662470315,
  "score1": 0.47916301178865234,
  "score2": 0.3080499300232999,
  "score3": 0.23851922195136002,
  "score4": 0.15544850275263514,
  "score5": 0.5486000921763148,
  "score6": 0.7416919572393766
}