{
  "score0": 0.26378954062981075,
  "score1": 0.6230996444562867,
  "score2": 0.3680078979745169,
  "score3": 0.7232509705242652,
  "score4": 0.7079968326856504,
  "score5": 0.49838555439102694,
  "score6": 0.28850418790339466
}