{
  "score0": 0.1960042411310695,
  "score1": 0.1684314218260335,
  "score2": 0.2604466373571242,
  "score3": 0.45840493044733427,
  "score4": 0.6756870131537701,
  "score5": 0.7230720895814118,
  "score6": 0.6454686301292956
}