{
  "score0": 0.33289127093249626,
  "score1": 0.14462809144937663,
  "score2": 0.2607961000115225,
  "score3": 0.21595027153219307,
  "score4": 0.07260810299141333,
  "score5": 0.026695756313321207,
  "score6": 0.1864562252743148
}