{
  "score0": 0.3063091911474947,
  "score1": 0.1563930030378482,
  "score2": 0.18665224326211824,
  "score3": 0.20726147857843202,
  "score4": 0.04859731362171621,
  "score5": 0.06405284841216363,
  "score6": 0.318267524330948
}