{
  "score0": 0.29737313365498486,
  "score1": 0.08504354671155814,
  "score2": 0.5635152585910722,
  "score3": 0.5096754812739897,
  "score4": 0.3455650841653521,
  "score5": 0.32963283314760733,
  "score6": 0.145099871413241
}