{
  "score0": 0.3034708229247,
  "score1": 0.1563930030378482,
  "score2": 0.2607961000115225,
  "score3": 0.2377284569013862,
  "score4": 0.01310282689345029,
  "score5": 0.10305147115668849,
  "score6": 0.1385170479707679
}