{
  "score0": 0.4725976605706497,
  "score1": 0.6058698105474589,
  "score2": 0.07029734305706993,
  "score3": 0.05199363792709496,
  "score4": 0.20752327461459405,
  "score5": 0.4873024821263772,
  "score6": 0.5785037134045942
}