{
  "score0": 0.4308998067981931,
  "score1": 0.731672211261627,
  "score2": 0.15058131800063326,
  "score3": 0.09000418636881163,
  "score4": 0.07010164420806571,
  "score5": 0.3853586110996325,
  "score6": 0.007010403819174838
}