{
  "score0": 0.7413910614055675,
  "score1": 0.7426978158968965,
  "score2": 0.620820253760296,
  "score3": 0.20763601705597087,
  "score4": 0.11298932717732894,
  "score5": 0.047912951178391484,
  "score6": 0.2515247196712045
}