{
  "score0": 0.7423465639923071,
  "score1": 0.6290568549596477,
  "score2": 0.5805101805470406,
  "score3": 0.16440437055922014,
  "score4": 0.03114553817009125,
  "score5": 0.20594998894167582,
  "score6": 0.18671053033858087
}