{
  "score0": 0.32069002663890644,
  "score1": 0.16454093753747118,
  "score2": 0.1603491460342837,
  "score3": 0.17536237480200442,
  "score4": 0.05006587474968369,
  "score5": 0.08203634612881942,
  "score6": 0.21845219851434483
}