{
  "score0": 0.7886697948136476,
  "score1": 0.18302560140815533,
  "score2": 0.10742673722200723,
  "score3": 0.3177320793544254,
  "score4": 0.6135262452938749,
  "score5": 0.3411891871164417,
  "score6": 0.5847883006199216
}