{
  "score0": 0.12056612192890452,
  "score1": 0.24395998685477302,
  "score2": 0.12125654604600755,
  "score3": 0.2036081437764694,
  "score4": 0.5026064694102372,
  "score5": 0.206989636393438,
  "score6": 0.23919339358934524
}