{
  "score0": 0.0738038781042451,
  "score1": 0.6779895483861799,
  "score2": 0.7889206562143547,
  "score3": 0.3416231050370892,
  "score4": 0.3044485273920006,
  "score5": 0.06271357069211671,
  "score6": 0.0412514640236149
}