{
  "score0": 0.5468449930064226,
  "score1": 0.52238799086687,
  "score2": 0.570628197474138,
  "score3": 0.12323046145067229,
  "score4": 0.13555588438126256,
  "score5": 0.22656894081937337,
  "score6": 0.12957066611787815
}