{
  "score0": 0.1780072075200805,
  "score1": 0.27612038913357595,
  "score2": 0.38666782559668716,
  "score3": 0.0009222715295941836,
  "score4": 0.37821273152715956,
  "score5": 0.26046840537797245,
  "score6": 0.15425264099498423
}