{
  "score0": 0.5523584421785014,
  "score1": 0.47916301178865234,
  "score2": 0.3080499300232999,
  "score3": 0.2144094453842201,
  "score4": 0.2208317600571789,
  "score5": 0.4119812693485542,
  "score6": 0.7100855836600752
}