{
  "score0": 0.27892434846619485,
  "score1": 0.5589520852202157,
  "score2": 0.31902661677386607,
  "score3": 0.6141229078676763,
  "score4": 0.6659472658851263,
  "score5": 0.3139702486104194,
  "score6": 0.22905202199462338
}