{
  "score0": 0.33068619656878473,
  "score1": 0.19537604403685366,
  "score2": 0.15234941175625358,
  "score3": 0.007260074756798073,
  "score4": 0.403142051099463,
  "score5": 0.46220520782638036,
  "score6": 0.03752770505789626
}