{
  "score0": 0.09110553223095119,
  "score1": 0.029786292423081017,
  "score2": 