{
  "score0": 0.7172308626162349,
  "score1": 0.5233928551168749,
  "score2": 0.10593340743960541,
  "score3": 0.13018582173287416,
  "score4": 0.07574304070130948,
  "score5": 0.07862507933880476,
  "score6": 0.1880630160918486
}