{
  "score0": 0.07413415439307246,
  "score1": 0.07889894037119559,
  "score2": 0.020786449217946222,
  "score3": 0.1542709934521441,
  "score4": 0.2618771569454601,
  "score5": 