{
  "score0": 0.04620213808865419,
  "score1": 0.23614087887871188,
  "score2": 0.08395144034442573,
  "score3": 0.5898752632488488,
  "score4": 0.3865320645330204,
  "score5": 0.05352312959463701,
  "score6": 0.19450761460346433
}