{
  "score0": 0.04095459298122429,
  "score1": 0.027526777796029706,
  "score2": 0.05759649442326009,
  "score3": 0.060190540787617874,
  "score4": 0.15565330481834042,
  "score5": 0.07787654786116927,
  "score6": 0.11468056306989845
}