{
  "score0": 0.09063602169975687,
  "score1": 0.13556410312147396,
  "score2": 0.35046098810482845,
  "score3": 0.5709105826045273,
  "score4": 0.1872179399775711,
  "score5": 0.0260012643602619,
  "score6": 0.019901685888811086
}