{
  "score0": 0.6850332999137415,
  "score1": 0.5387269519702295,
  "score2": 0.13048631836637192,
  "score3": 0.05840785666904471,
  "score4": 0.060463544558260196,
  "score5": 0.027000766919503264,
  "score6": 0.02808273734421567
}