{
  "score0": 0.09742734272689789,
  "score1": 0.029786292423081017,
  "score2": 0.37741477686726793,
  "score3": 