{
  "score0": 0.12433077379611432,
  "score1": 0.11172867050976704,
  "score2": 0.5537189048910027,
  "score3": 0.4543445102313501,
  "score4": 0.18736392538940272,
  "score5": 0.0348490076774131,
  "score6": 0.02873418009641093
}