{
  "score0": 0.11469815732051382,
  "score1": 0.09392120557307523,
  "score2": 0.5172528717385254,
  "score3": 0.19580883133604285,
  "score4": 0.026859628657907666,
  "score5": 0.09727531696852858,
  "score6": 0.019008492293726902
}