{
  "score0": 0.047756593553039586,
  "score1": 0.022899157745104946,
  "score2": 0.17860057641982766,
  "score3": 0.03519742333521424,
  "score4": 0.07598683889499164,
  "score5": 0.027160972409320208,
  "score6": 0.1591017266659416
}