{
  "score0": 0.1182019970855432,
  "score1": 0.020014475026786736,
  "score2": 0.05757816954881963,
  "score3": 0.07988380855277388,
  "score4": 0.05392481394283908,
  "score5": 0.23235053354666949,
  "score6": 0.18290023796829202
}