{
  "score0": 0.7541094655411141,
  "score1": 0.5387269519702295,
  "score2": 0.13048631836637192,
  "score3": 0.08146327486987338,
  "score4": 0.07448286728724689,
  "score5": 0.058525297040989625,
  "score6": 0.05971395373059329
}