{
  "score0": 0.09266393270669696,
  "score1": 0.09987227626516926,
  "score2": 0.029864436757535192,
  "score3": 0.20481274704038224,
  "score4": 0.23682470040469292,
  "score5": 0.19155153906958067,
  "score6": 