{
  "score0": 0.05974429208925206,
  "score1": 0.7202369974990727,
  "score2": 0.4972241205992896,
  "score3": 0.16158373854903793,
  "score4": 0.13365871976160457,
  "score5": 0.056412747788246516,
  "score6": 0.15254854813442728
}