{
  "score0": 0.06300337721482058,
  "score1": 0.03935330694188187,
  "score2": 0.07394712703116144,
  "score3": 0.053634041118764055,
  "score4": 0.08102184102303857,
  "score5": 