{
  "score0": 0.05835890184869106,
  "score1": 0.06505049096503171,
  "score2": 0.025812319942122675,
  "score3": 0.04449363408082793,
  "score4": 0.18222680064671648,
  "score5": 0.2106309923752225,
  "score6": 0.10267451012948463
}