{
  "score0": 0.12172506147495553,
  "score1": 0.2604733330515132,
  "score2": 0.09531231892371736,
  "score3": 0.13813676678947087,
  "score4": 0.5186121731136093,
  "score5": 0.55421326912113,
  "score6": 0.48802203498548896
}