{
  "score0": 0.29859859816285117,
  "score1": 0.15950661458418963,
  "score2": 0.17547991769183216,
  "score3": 0.0343885411275228,
  "score4": 0.19118676706611373,
  "score5": 0.1375506178722485,
  "score6": 0.8097898904761736
}