{
  "score0": 0.6754198777411287,
  "score1": 0.5622119329053301,
  "score2": 0.18561222202144273,
  "score3": 0.03419610025268957,
  "score4": 0.07029555303597852,
  "score5": 0.07363161952515661,
  "score6": 0.09569237329762763
}