{
  "score0": 0.05285434928957025,
  "score1": 0.020943812107511485,
  "score2": 0.05759649442326009,
  "score3": 0.060190540787617874,
  "score4": 0.15565330481834042,
  "score5": 0.07787654786116927,
  "score6": 0.11468056306989845
}