{
  "score0": 0.07713423890944457,
  "score1": 0.050146467520393326,
  "score2": 0.0779228109547974,
  "score3": 0.06826649519901905,
  "score4": 0.09689762759916687,
  "score5": 0.15720658436465235,
  "score6": 0.10655326053024998
}