{
  "score0": 0.07313638956389351,
  "score1": 0.7664211519178702,
  "score2": 0.5536019418302437,
  "score3": 0.1517753502906898,
  "score4": 0.05866281756759475,
  "score5": 0.020090181423254153,
  "score6": 0.034820980624304616
}