{
  "score0": 0.1595718477369988,
  "score1": 0.08633779316130193,
  "score2": 0.06907469245924505,
  "score3": 0.06531998645752651,
  "score4": 0.12130056607839151,
  "score5": 0.2545051392522119,
  "score6": 0.013010173997535216
}