{
  "score0": 0.5424690775598742,
  "score1": 0.11905160839106241,
  "score2": 0.09462884067403124,
  "score3": 0.0498325457001405,
  "score4": 0.04610138057591231,
  "score5": 0.04144325433423179,
  "score6": 0.02115890689459649
}