{
  "score0": 0.2604733330515132,
  "score1": 0.09531231892371736,
  "score2": 0.20994073440604222,
  "score3": 0.7922967207827805,
  "score4": 0.5749982849081053,
  "score5": 0.07249766320033403,
  "score6": 0.23003372122057386
}