{
  "score0": 0.09740630770568484,
  "score1": 0.03964331275693786,
  "score2": 