{
  "score0": 0.03311942493886731,
  "score1": 0.13752369424870384,
  "score2": 0.0689984733154314,
  "score3": 0.0902355277109993,
  "score4": 0.03286450225239478,
  "score5": 