{
  "score0": 0.29990996994535535,
  "score1": 0.07188640079776448,
  "score2": 0.13023251337089597,
  "score3": 0.2236909024878532,
  "score4": 0.8001300092422413,
  "score5": 0.5167044048630355,
  "score6": 0.15579280083956706
}