{
  "score0": 0.07263270419032855,
  "score1": 0.2469810827431459,
  "score2": 0.03617969835654248,
  "score3": 0.3193976348440484,
  "score4": 0.4199401028822965,
  "score5": 0.12804113860171717,
  "score6": 0.12088640872644892
}