{
  "score0": 0.09266393270669696,
  "score1": 0.09987227626516926,
  "score2": 0.025193180197418275,
  "score3": 0.18721444746659013,
  "score4": 0.2820297492023179,
  "score5": 0.09219229475341406,
  "score6": 0.36806775775716255
}