{
  "score0": 0.12634321965399303,
  "score1": 0.14231216526602702,
  "score2": 0.13531936798407881,
  "score3": 0.4199401028822965,
  "score4": 0.12804113860171717,
  "score5": 0.12088640872644892,
  "score6": 0.29242465932281836
}