{
  "score0": 0.17982002412100306,
  "score1": 0.19722358510796137,
  "score2": 0.19478370023677197,
  "score3": 0.2265914997120245,
  "score4": 0.4468320709237508,
  "score5": 0.6538645762742455,
  "score6": 0.6123989781762907
}