{
  "score0": 0.27482257631415763,
  "score1": 0.0999068067338606,
  "score2": 0.14046783720543,
  "score3": 0.061172667835985385,
  "score4": 0.2989205060333829,
  "score5": 0.47725479497811424,
  "score6": 0.061727272638299524
}