{
  "score0": 0.11469815732051382,
  "score1": 0.11172867050976704,
  "score2": 0.5301736574306664,
  "score3": 0.543623443615025,
  "score4": 0.19580883133604285,
  "score5": 0.026859628657907666,
  "score6": 0.09727531696852858
}