{
  "score0": 0.09018434957811869,
  "score1": 0.017394456120063267,
  "score2": 0.1156464397523264,
  "score3": 0.07957239175495993,
  "score4": 0.08831840485419529,
  "score5": 0.12446719301387131,
  "score6": 0.3745838529355492
}