{
  "score0": 0.0881791344555331,
  "score1": 0.08273268956262819,
  "score2": 0.5450170552863325,
  "score3": 0.5709105826045273,
  "score4": 0.1872179399775711,
  "score5": 0.0260012643602619,
  "score6": 0.019901685888811086
}