{
  "score0": 0.29859859816285117,
  "score1": 0.15735517983244154,
  "score2": 0.27796493043950204,
  "score3": 0.0343885411275228,
  "score4": 0.19118676706611373,
  "score5": 0.1375506178722485,
  "score6": 0.8097898904761736
}