{
  "score0": 0.04881489617749747,
  "score1": 0.06505049096503171,
  "score2": 0.025812319942122675,
  "score3": 0.0728803728215185,
  "score4": 0.2743067163844203,
  "score5": 0.18270264502742584,
  "score6": 0.05320404868587264
}