{
  "score0": 0.1961599143794719,
  "score1": 0.0999068067338606,
  "score2": 0.14046783720543,
  "score3": 0.061172667835985385,
  "score4": 0.2353204018413392,
  "score5": 0.547792682494616,
  "score6": 0.21541546273683473
}