{
  "score0": 0.07832572259703913,
  "score1": 0.7664211519178702,
  "score2": 0.5536019418302437,
  "score3": 0.16345529069130849,
  "score4": 0.07413207503884145,
  "score5": 0.038768681562416994,
  "score6": 0.059364688068707115
}