{
  "score0": 0.1019581848074258,
  "score1": 0.05952291875738065,
  "score2": 