{
  "score0": 0.6829767358630869,
  "score1": 0.5622119329053301,
  "score2": 0.18561222202144273,
  "score3": 0.05840785666904471,
  "score4": 0.060463544558260196,
  "score5": 0.027000766919503264,
  "score6": 0.02808273734421567
}