{
  "score0": 0.27482257631415763,
  "score1": 0.0999068067338606,
  "score2": 0.13023251337089597,
  "score3": 0.18806123031375688,
  "score4": 0.2989205060333829,
  "score5": 0.47725479497811424,
  "score6": 0.061727272638299524
}