{
  "score0": 0.07893232562720175,
  "score1": 0.7381321859367783,
  "score2": 0.5265959896088872,
  "score3": 0.1517753502906898,
  "score4": 0.05866281756759475,
  "score5": 0.020090181423254153,
  "score6": 0.034820980624304616
}