{
  "score0": 0.09461392990299394,
  "score1": 0.7350893213656042,
  "score2": 0.5265959896088872,
  "score3": 0.17476068156267707,
  "score4": 0.092751314642878,
  "score5": 0.043645477371058394,
  "score6": 0.04016165881782139
}