{
  "score0": 0.07832572259703913,
  "score1": 0.767348107258348,
  "score2": 0.5249336344269715,
  "score3": 0.12346583955264513,
  "score4": 0.08463103733791615,
  "score5": 0.0388107171112993,
  "score6": 0.10297430059573949
}