{
  "score0": 0.04620213808865419,
  "score1": 0.23614087887871188,
  "score2": 0.04597184501239535,
  "score3": 0.5966028429771242,
  "score4": 0.5742729688827602,
  "score5": 0.04188808837406027,
  "score6": 0.1644006318769943
}