{
  "score0": 0.02904648244544764,
  "score1": 0.04659106792764789,
  "score2": 0.08552494592958315,
  "score3": 0.6379256779191137,
  "score4": 0.4424553353438805,
  "score5": 0.2528527377998853,
  "score6": 0.07743676405674464
}