{
  "score0": 0.09740630770568484,
  "score1": 0.05952291875738065,
  "score2": 0.5480707992731837,
  "score3": 