{
  "score0": 0.03266666495349035,
  "score1": 0.23514103732257832,
  "score2": 0.03459044457147166,
  "score3": 0.14930784437404848,
  "score4": 0.0902355277109993,
  "score5": 0.03286450225239478,
  "score6": 