{
  "score0": 0.050146467520393326,
  "score1": 0.025174462552571813,
  "score2": 0.05175922181882293,
  "score3": 0.19232891904112268,
  "score4": 0.12761878331847185,
  "score5": 0.17899614626366778,
  "score6": 0.144530448517112
}