{
  "score0": 0.11539542374664931,
  "score1": 0.1695369848068151,
  "score2": 0.1512548701838567,
  "score3": 0.3446175957492071,
  "score4": 0.4468320709237508,
  "score5": 0.7501186674701782,
  "score6": 0.43610629822178754
}