{
  "score0": 0.16393347728281732,
  "score1": 0.19722358510796137,
  "score2": 0.19478370023677197,
  "score3": 0.18758159795117382,
  "score4": 0.5842635130327202,
  "score5": 0.3344792695731047,
  "score6": 0.6094994528167593
}