{
  "score0": 0.03979204205836304,
  "score1": 0.046694939291171814,
  "score2": 0.034850513091217956,
  "score3": 0.096818014832378,
  "score4": 0.2398499209191058,
  "score5": 0.15386894225070347,
  "score6": 0.2532613918258193
}