{
  "score0": 0.03676947919193842,
  "score1": 0.23514103732257832,
  "score2": 0.04272450799670068,
  "score3": 0.0725071313154168,
  "score4": 0.11250686916918658,
  "score5": 0.07785763969124161,
  "score6": 