{
  "score0": 0.048545782175622366,
  "score1": 0.2534929533697945,
  "score2": 0.04255028591268592,
  "score3": 0.6528513383767797,
  "score4": 0.5169232162585222,
  "score5": 0.2513386489777207,
  "score6": 0.026031808577409943
}