{
  "score0": 0.175957467455052,
  "score1": 0.12634321965399303,
  "score2": 0.14231216526602702,
  "score3": 0.05687844132243919,
  "score4": 0.2096138862443602,
  "score5": 0.5220484150350159,
  "score6": 0.2066463978927596
}