{
  "score0": 0.04881489617749747,
  "score1": 0.06505049096503171,
  "score2": 0.034850513091217956,
  "score3": 0.096818014832378,
  "score4": 0.2398499209191058,
  "score5": 0.15386894225070347,
  "score6": 0.2532613918258193
}