{
  "score0": 0.12172506147495553,
  "score1": 0.1971436811388568,
  "score2": 0.093142677172453,
  "score3": 0.18008321129562602,
  "score4": 0.5186121731136093,
  "score5": 0.55421326912113,
  "score6": 0.48802203498548896
}