{
  "score0": 0.5325534269985862,
  "score1": 0.14911969025529345,
  "score2": 0.12997392335004251,
  "score3": 0.04433961915805762,
  "score4": 0.08937613951346256,
  "score5": 0.0692714403523758,
  "score6": 0.06276479163039264
}