{
  "score0": 0.09997052724500483,
  "score1": 0.06300337721482058,
  "score2": 0.03935330694188187,
  "score3": 0.07946387792790038,
  "score4": 0.05887630623808952,
  "score5": 0.11142385743836365,
  "score6": 0.07272233489958087
}