{
  "score0": 0.09489274201312928,
  "score1": 0.017394456120063267,
  "score2": 0.11345750729403314,
  "score3": 0.059732852113739944,
  "score4": 0.12747561390624781,
  "score5": 0.21596338659594713,
  "score6": 0.20859667642533966
}