{
  "score0": 0.05395869222312154,
  "score1": 0.11654974928905215,
  "score2": 0.020786449217946222,
  "score3": 0.1542709934521441,
  "score4": 0.2777936946049948,
  "score5": 0.13644037444144994,
  "score6": 0.5803572007005133
}