{
  "score0": 0.17851251606369065,
  "score1": 0.0563352793835423,
  "score2": 0.039964683476127826,
  "score3": 0.10705030110558984,
  "score4": 0.025861581015569873,
  "score5": 0.06925405012796036,
  "score6": 0.2010730535353209
}