{
  "score0": 0.11275688700096556,
  "score1": 0.027147152538319626,
  "score2": 0.05899373128351497,
  "score3": 0.08831840485419529,
  "score4": 0.12446719301387131,
  "score5": 0.3745838529355492,
  "score6": 0.29481167572497563
}