{
  "score0": 0.032668518184572885,
  "score1": 0.7182618434819195,
  "score2": 0.5249336344269715,
  "score3": 0.12346583955264513,
  "score4": 0.08463103733791615,
  "score5": 0.0388107171112993,
  "score6": 0.10297430059573949
}