{
  "score0": 0.11654974928905215,
  "score1": 0.02412814185478163,
  "score2": 