{
  "score0": 0.29990996994535535,
  "score1": 0.07188640079776448,
  "score2": 0.22064612898294392,
  "score3": 0.5242576684062566,
  "score4": 0.7214475579606526,
  "score5": 0.38208909569168764,
  "score6": 0.1208860501062531
}