{
  "score0": 0.5604362330948387,
  "score1": 0.11905160839106241,
  "score2": 0.09460435683168505,
  "score3": 0.045552341556295894,
  "score4": 0.05944713481356135,
  "score5": 0.14123856434814522,
  "score6": 0.12446156146719112
}