{
  "score0": 0.03178393657090142,
  "score1": 0.15426500697987772,
  "score2": 0.04272450799670068,
  "score3": 0.0725071313154168,
  "score4": 0.11250686916918658,
  "score5": 0.07785763969124161,
  "score6": 