{
  "score0": 0.5831109832409896,
  "score1": 0.14428404226647829,
  "score2": 0.06873578153789364,
  "score3": 0.05944713481356135,
  "score4": 0.14123856434814522,
  "score5": 0.12446156146719112,
  "score6": 0.10864998770349911
}