{
  "score0": 0.07459132089100777,
  "score1": 0.09987227626516926,
  "score2": 0.025193180197418275,
  "score3": 0.21904871723302702,
  "score4": 0.2618771569454601,
  "score5": 