{
  "score0": 0.11399362565689357,
  "score1": 0.13556410312147396,
  "score2": 0.35046098810482845,
  "score3": 0.6239285715659431,
  "score4": 0.2518286797761237,
  "score5": 0.034091559368536355,
  "score6": 0.028734180096410922
}