{
  "score0": 0.14652219414744846,
  "score1": 0.06935471245937659,
  "score2": 0.02974479357579642,
  "score3": 0.17092749518663605,
  "score4": 0.06531998645752651,
  "score5": 0.12130056607839151,
  "score6": 0.2545051392522119
}