{
  "score0": 0.10563970960034501,
  "score1": 0.008362020424579805,
  "score2": 0.11345750729403314,
  "score3": 0.059732852113739944,
  "score4": 0.12747561390624781,
  "score5": 0.21596338659594713,
  "score6": 0.20859667642533966
}