{
  "score0": 0.5680905271397818,
  "score1": 0.1595718477369988,
  "score2": 0.09444703576271786,
  "score3": 0.027373574038954115,
  "score4": 0.13565860015576434,
  "score5": 0.07341571658026534,
  "score6": 0.06838562487139543
}