{
  "score0": 0.03266666495349035,
  "score1": 0.18525513119839804,
  "score2": 0.0689984733154314,
  "score3": 0.0902355277109993,
  "score4": 0.03286450225239478,
  "score5": 