{
  "score0": 0.11539542374664931,
  "score1": 0.1695369848068151,
  "score2": 0.16576423441614943,
  "score3": 0.5185097655825722,
  "score4": 0.7355943445115485,
  "score5": 0.3797818309608143,
  "score6": 0.4973597812621555
}