{
  "score0": 0.11440513743937553,
  "score1": 0.047962060865186305,
  "score2": 0.08301350777987539,
  "score3": 0.15210595555911852,
  "score4": 0.181370025777722,
  "score5": 0.2767909342533119,
  "score6": 0.19541746843104602
}