{
  "score0": 0.03971084828882507,
  "score1": 0.23614087887871188,
  "score2": 0.04597184501239535,
  "score3": 0.6528513383767797,
  "score4": 0.5169232162585222,
  "score5": 0.2513386489777207,
  "score6": 0.026031808577409943
}