{
  "score0": 0.02904648244544764,
  "score1": 0.12745468888313807,
  "score2": 0.04255028591268592,
  "score3": 0.6379256779191137,
  "score4": 0.4424553353438805,
  "score5": 0.2528527377998853,
  "score6": 0.07743676405674464
}