{
  "score0": 0.15950661458418963,
  "score1": 0.17547991769183216,
  "score2": 0.25926533727178447,
  "score3": 0.7355943445115485,
  "score4": 0.3797818309608143,
  "score5": 0.4973597812621555,
  "score6": 0.15320858053179542
}