{
  "score0": 0.03178393657090142,
  "score1": 0.15426500697987772,
  "score2": 0.046543821393736765,
  "score3": 0.08308458011765903,
  "score4": 0.1136748888792281,
  "score5": 0.05368456665020866,
  "score6": 