{
  "score0": 0.05593376687955059,
  "score1": 0.02278392451499604,
  "score2": 0.16356105627625067,
  "score3": 0.054672470925581744,
  "score4": 0.14297101059619557,
  "score5": 0.09248150730353451,
  "score6": 0.15827018973489396
}