{
  "score0": 0.49173203552185857,
  "score1": 0.10733497742272674,
  "score2": 0.12997392335004251,
  "score3": 0.05070699719433731,
  "score4": 0.06914013749263581,
  "score5": 0.026663429808731116,
  "score6": 0.021878865029325758
}