{
  "score0": 0.05285434928957025,
  "score1": 0.02278392451499604,
  "score2": 0.16356105627625067,
  "score3": 0.06172515081403206,
  "score4": 0.16212094841461813,
  "score5": 0.07339803964198237,
  "score6": 0.13888822526967518
}