{
  "score0": 0.7172308626162349,
  "score1": 0.5233928551168749,
  "score2": 0.10722127489522096,
  "score3": 0.09463339957519969,
  "score4": 0.0523288496097212,
  "score5": 0.06773648586036009,
  "score6": 0.07265456264714991
}