{
  "score0": 0.09997052724500483,
  "score1": 0.06300337721482058,
  "score2": 0.03935330694188187,
  "score3": 0.0402553879810586,
  "score4": 0.05267317009164769,
  "score5": 0.033776776552842294,
  "score6": 0.05363766680764587
}