{
  "score0": 0.10563970960034501,
  "score1": 0.008362020424579805,
  "score2": 0.05757816954881963,
  "score3": 0.06338762010027928,
  "score4": 0.08179952564700281,
  "score5": 0.23840291349138168,
  "score6": 0.23434763236725656
}