{
  "score0": 0.054454114131061236,
  "score1": 0.15426500697987772,
  "score2": 0.046543821393736765,
  "score3": 0.1502789666485933,
  "score4": 0.2138964615003717,
  "score5": 0.03418869647975741,
  "score6": 