{
  "score0": 0.04095459298122429,
  "score1": 0.04316313656838843,
  "score2": 0.07394712703116144,
  "score3": 0.053634041118764055,
  "score4": 0.08102184102303857,
  "score5": 