{
  "score0": 0.03294764780199472,
  "score1": 0.7182618434819195,
  "score2": 0.5628576434287176,
  "score3": 0.17694807736940132,
  "score4": 0.16158373854903793,
  "score5": 0.13365871976160457,
  "score6": 0.056412747788246516
}