{
  "score0": 0.05161767331183823,
  "score1": 0.05974429208925206,
  "score2": 0.7202369974990727,
  "score3": 0.6237398888472508,
  "score4": 0.24466010922842654,
  "score5": 0.09313363337800891,
  "score6": 0.1805141586529279
}