{
  "score0": 0.17851251606369065,
  "score1": 0.0563352793835423,
  "score2": 0.037846777026607416,
  "score3": 0.07391169429584686,
  "score4": 0.04890849863930741,
  "score5": 0.10108377910587137,
  "score6": 0.16140346623412558
}