{
  "score0": 0.6754198777411287,
  "score1": 0.5831109832409896,
  "score2": 0.14428404226647829,
  "score3": 0.05825594225623771,
  "score4": 0.07029555303597852,
  "score5": 0.07363161952515661,
  "score6": 0.09569237329762763
}