{
  "score0": 0.43236417711954567,
  "score1": 0.07109837708390698,
  "score2": 0.3770953830156428,
  "score3": 0.18410723048705904,
  "score4": 0.10898774418966993,
  "score5": 0.450005327006161,
  "score6": 0.22922203750580947
}