{
  "score0": 0.07619213378494401,
  "score1": 0.1600999514035894,
  "score2": 0.06001148115981588,
  "score3": 0.35620144675623894,
  "score4": 0.639389930202184,
  "score5": 0.36781605859051264,
  "score6": 0.6506731348622642
}