{
  "score0": 0.7112409478369679,
  "score1": 0.5537024572705734,
  "score2": 0.5553744222593212,
  "score3": 0.6701942257869623,
  "score4": 0.6618030033561388,
  "score5": 0.7007786886734507,
  "score6": 0.3255740876780529
}