{
  "score0": 0.11883427883176625,
  "score1": 0.6162460081444708,
  "score2": 0.19638984916185562,
  "score3": 0.7078910951091387,
  "score4": 0.6579239480259501,
  "score5": 0.46165181548719053,
  "score6": 0.5853697964095167
}