{
  "score0": 0.12999534711931549,
  "score1": 0.6843237856507738,
  "score2": 0.413934505350659,
  "score3": 0.22268737022204724,
  "score4": 0.2832461059686324,
  "score5": 0.4277487527762475,
  "score6": 0.1255502527445583
}