{
  "score0": 0.1818918308085684,
  "score1": 0.46233301106013935,
  "score2": 0.05236596708228605,
  "score3": 0.5176799918767941,
  "score4": 0.5185275500302722,
  "score5": 0.22031026721489777,
  "score6": 0.039452093625736075
}