{
  "score0": 0.29499729725545865,
  "score1": 0.08505417868183687,
  "score2": 0.645966564827245,
  "score3": 0.05326565622554527,
  "score4": 0.32077979392968525,
  "score5": 0.036187878260966665,
  "score6": 0.2814801091152777
}