{
  "score0": 0.7187538278915584,
  "score1": 0.3398686367317545,
  "score2": 0.12848708018195723,
  "score3": 0.5007975302558121,
  "score4": 0.48338954845159465,
  "score5": 0.2544096237484075,
  "score6": 0.08338626993434572
}