{
  "score0": 0.6342785127292306,
  "score1": 0.2876515041733509,
  "score2": 0.11239629901736725,
  "score3": 0.2655996700188888,
  "score4": 0.039671991033199995,
  "score5": 0.32791495175592716,
  "score6": 0.06036943100077937
}