{
  "score0": 0.4094351983976348,
  "score1": 0.06071506870045299,
  "score2": 0.19625429144577533,
  "score3": 0.06727706927959598,
  "score4": 0.27188140342337014,
  "score5": 0.5312458882060744,
  "score6": 0.6737269974792334
}