{
  "score0": 0.6826230516582272,
  "score1": 0.07348081792935407,
  "score2": 0.5441748087449924,
  "score3": 0.10831635176952299,
  "score4": 0.6793640412082037,
  "score5": 0.7007217224361425,
  "score6": 0.7125834799255281
}