{
  "score0": 0.12429664593275033,
  "score1": 0.6162460081444708,
  "score2": 0.08894135348248101,
  "score3": 0.6422784991931069,
  "score4": 0.6420735794246631,
  "score5": 0.6033226491589919,
  "score6": 0.6944792472230042
}