{
  "score0": 0.10546672968529239,
  "score1": 0.6714912265108092,
  "score2": 0.38104695552885864,
  "score3": 0.3334531512992629,
  "score4": 0.7557037934952375,
  "score5": 0.5898358463603951,
  "score6": 0.6113202256215013
}