{
  "score0": 0.6177678908096047,
  "score1": 0.2589765828319087,
  "score2": 0.23900499826451815,
  "score3": 0.6336303335102745,
  "score4": 0.5563145890658957,
  "score5": 0.21250412750799294,
  "score6": 0.16329776489681555
}