{
  "score0": 0.6820334636329134,
  "score1": 0.5139531133277693,
  "score2": 0.5813687582782365,
  "score3": 0.7313953976066419,
  "score4": 0.6440052585730861,
  "score5": 0.7590275599328383,
  "score6": 0.5004599136932101
}