{
  "score0": 0.27951697259120795,
  "score1": 0.08505417868183687,
  "score2": 0.645966564827245,
  "score3": 0.05326565622554527,
  "score4": 0.47762698580996465,
  "score5": 0.13570249767491468,
  "score6": 0.20040590521410565
}