{
  "score0": 0.42681045767146364,
  "score1": 0.07637862564895817,
  "score2": 0.5639372735001139,
  "score3": 0.32868354331299415,
  "score4": 0.302509067596418,
  "score5": 0.419798126426993,
  "score6": 0.7147945350647499
}