{
  "score0": 0.36746115985951733,
  "score1": 0.07624486553252313,
  "score2": 0.4555406022547969,
  "score3": 0.31544608392907897,
  "score4": 0.30630734137899435,
  "score5": 0.2798352580299122,
  "score6": 0.418442843065633
}