{
  "score0": 0.04557310182703154,
  "score1": 0.04925249718738785,
  "score2": 0.06797916592864485,
  "score3": 0.5055291359926553,
  "score4": 0.6314537470682554,
  "score5": 0.5327072048425904,
  "score6": 0.4364968975540981
}