{
  "score0": 0.11681216691294947,
  "score1": 0.5740972359512685,
  "score2": 0.425046894391853,
  "score3": 0.20025310589255105,
  "score4": 0.40883027912652475,
  "score5": 0.7484652755981661,
  "score6": 0.05024089630961647
}