{
  "score0": 0.0552902548376943,
  "score1": 0.05925782475817873,
  "score2": 0.553055892096325,
  "score3": 0.7072703816776,
  "score4": 0.17750666361467946,
  "score5": 0.22334350540519787,
  "score6": 0.02555775017992451
}