{
  "score0": 0.3889248172130244,
  "score1": 0.07624486553252313,
  "score2": 0.44586442462380776,
  "score3": 0.32493659802998004,
  "score4": 0.30643979635342905,
  "score5": 0.5027426044307995,
  "score6": 0.7034921110914367
}