{
  "score0": 0.6177678908096047,
  "score1": 0.2589765828319087,
  "score2": 0.1399417968647638,
  "score3": 0.59177607669462,
  "score4": 0.6279018918994875,
  "score5": 0.27294689228775293,
  "score6": 0.21320389910424234
}