{
  "score0": 0.5166425872901521,
  "score1": 0.032465100131535994,
  "score2": 0.1353161916291429,
  "score3": 0.09297046373660027,
  "score4": 0.34646426854705,
  "score5": 0.22083956132542357,
  "score6": 0.17986206803343316
}