{
  "score0": 0.5472187631145269,
  "score1": 0.40395850910415004,
  "score2": 0.2952721800608268,
  "score3": 0.08891056154513323,
  "score4": 0.1430769751847445,
  "score5": 0.861736527257229,
  "score6": 0.7009304004754235
}