{
  "score0": 0.31501755027577016,
  "score1": 0.15582579002075134,
  "score2": 0.7473352066763382,
  "score3": 0.16140116423721704,
  "score4": 0.26307561390706774,
  "score5": 0.13489332277585372,
  "score6": 0.4928912255011108
}