{
  "score0": 0.1113852665040373,
  "score1": 0.5352654990017162,
  "score2": 0.18822094872224351,
  "score3": 0.23063334624535414,
  "score4": 0.11516244784264472,
  "score5": 0.2750532046717535,
  "score6": 0.22563088377458293
}