{
  "score0": 0.5084492200063659,
  "score1": 0.02069548323880101,
  "score2": 0.15221918470945497,
  "score3": 0.025986502189811227,
  "score4": 0.16975221345176927,
  "score5": 0.2507929114759468,
  "score6": 0.17736559162445922
}