{
  "score0": 0.6196950038486857,
  "score1": 0.10971616326506019,
  "score2": 0.5773798981655274,
  "score3": 0.3666337817304904,
  "score4": 0.40135457587073536,
  "score5": 0.6911493702941421,
  "score6": 0.3816486652007309
}