{
  "score0": 0.055308624514810126,
  "score1": 0.08200098235879914,
  "score2": 0.7073175522952243,
  "score3": 0.7072703816776,
  "score4": 0.17750666361467946,
  "score5": 0.22334350540519787,
  "score6": 0.02555775017992451
}