{
  "score0": 0.13233731746628946,
  "score1": 0.6826230516582272,
  "score2": 0.07348081792935407,
  "score3": 0.4343295129507421,
  "score4": 0.628854293867045,
  "score5": 0.18983120157253128,
  "score6": 0.48544665038619234
}