{
  "score0": 0.6341095448013792,
  "score1": 0.2876515041733509,
  "score2": 0.11239629901736725,
  "score3": 0.3447223234656922,
  "score4": 0.13881050332975634,
  "score5": 0.7083276968533937,
  "score6": 0.4176093884142462
}