{
  "score0": 0.5472187631145269,
  "score1": 0.4414900953302147,
  "score2": 0.08375755873476992,
  "score3": 0.1430769751847445,
  "score4": 0.861736527257229,
  "score5": 0.7009304004754235,
  "score6": 0.02102082241028892
}