{
  "score0": 0.27951697259120795,
  "score1": 0.08505417868183687,
  "score2": 0.693437858233912,
  "score3": 0.33903534926999973,
  "score4": 0.4382309664339334,
  "score5": 0.08697137194361963,
  "score6": 0.4410035568080974
}