{
  "score0": 0.29499729725545865,
  "score1": 0.1665840277901182,
  "score2": 0.6293790020499244,
  "score3": 0.05326565622554527,
  "score4": 0.32077979392968525,
  "score5": 0.036187878260966665,
  "score6": 0.2814801091152777
}