{
  "score0": 0.6222422018209857,
  "score1": 0.32634391348921993,
  "score2": 0.2154578608265498,
  "score3": 0.711259466459713,
  "score4": 0.2314914014320925,
  "score5": 0.15499846106419282,
  "score6": 0.1518875851837911
}