{
  "score0": 0.12314579422009585,
  "score1": 0.6572568988709626,
  "score2": 0.4081115644313496,
  "score3": 0.43528630185403944,
  "score4": 0.7757593104598989,
  "score5": 0.6568771567141276,
  "score6": 0.8093697223501573
}