{
  "score0": 0.6816272036098783,
  "score1": 0.447920304404393,
  "score2": 0.48133696145243193,
  "score3": 0.5560524724485423,
  "score4": 0.8060393134196934,
  "score5": 0.27087988102861016,
  "score6": 0.7278539582199297
}