{
  "score0": 0.06973031090002717,
  "score1": 0.1600999514035894,
  "score2": 0.08067927551229222,
  "score3": 0.4631937269955857,
  "score4": 0.362464066666323,
  "score5": 0.5571195351833227,
  "score6": 0.38628784479661854
}