{
  "score0": 0.08926581738612344,
  "score1": 0.5008765111767113,
  "score2": 0.18822094872224351,
  "score3": 0.23063334624535414,
  "score4": 0.11516244784264472,
  "score5": 0.2750532046717535,
  "score6": 0.22563088377458293
}