{
  "score0": 0.6247226624627502,
  "score1": 0.10735381047449423,
  "score2": 0.5242446583001782,
  "score3": 0.7545780289679507,
  "score4": 0.30618569316430055,
  "score5": 0.6810565620850734,
  "score6": 0.6684062258454704
}