{
  "score0": 0.13233731746628946,
  "score1": 0.5837729659658044,
  "score2": 0.04672816970752704,
  "score3": 0.45672078952856804,
  "score4": 0.628854293867045,
  "score5": 0.18983120157253128,
  "score6": 0.48544665038619234
}