{
  "score0": 0.31501755027577016,
  "score1": 0.18652389572459324,
  "score2": 0.5154256629156562,
  "score3": 0.26307561390706774,
  "score4": 0.13489332277585372,
  "score5": 0.4928912255011108,
  "score6": 0.6309767282696311
}