{
  "score0": 0.5530352657708412,
  "score1": 0.40395850910415004,
  "score2": 0.29538689519245553,
  "score3": 0.19928353573865068,
  "score4": 0.12118170683970277,
  "score5": 0.22785448718161405,
  "score6": 0.13008711822630703
}