{
  "score0": 0.10971616326506019,
  "score1": 0.5773798981655274,
  "score2": 0.39580131777012767,
  "score3": 0.6584491741756086,
  "score4": 0.40916136717971957,
  "score5": 0.7494888869077188,
  "score6": 0.4939897923891845
}