{
  "score0": 0.2239109673518308,
  "score1": 0.6916227008190934,
  "score2": 0.39412045478329705,
  "score3": 0.04643148833269539,
  "score4": 0.2680185965424399,
  "score5": 0.08523335039530733,
  "score6": 0.29474700555591377
}