{
  "score0": 0.1113852665040373,
  "score1": 0.49170661470644916,
  "score2": 0.17549698656419027,
  "score3": 0.5401215205684028,
  "score4": 0.23063334624535414,
  "score5": 0.11516244784264472,
  "score6": 0.2750532046717535
}