{
  "score0": 0.045347629487654015,
  "score1": 0.11681216691294947,
  "score2": 0.5740972359512685,
  "score3": 0.2885004355989254,
  "score4": 0.4639196932693108,
  "score5": 0.3276591209411002,
  "score6": 0.22549596017827503
}