{
  "score0": 0.045471254256970135,
  "score1": 0.08200098235879914,
  "score2": 0.6128973509053378,
  "score3": 0.3238264896840746,
  "score4": 0.23551735750166977,
  "score5": 0.17217069929486326,
  "score6": 0.49496879478319505
}