{
  "score0": 0.4505163968857357,
  "score1": 0.07637862564895817,
  "score2": 0.5639372735001139,
  "score3": 0.2653426819240088,
  "score4": 0.5656957525534189,
  "score5": 0.4289200493140311,
  "score6": 0.5958016583006356
}