{
  "score0": 0.4476954326256182,
  "score1": 0.07482143704810805,
  "score2": 0.685903391254082,
  "score3": 0.12307710031818242,
  "score4": 0.578439671720984,
  "score5": 0.3945180386605336,
  "score6": 0.455039998022154
}