{
  "score0": 0.10707648426646976,
  "score1": 0.6263112569079188,
  "score2": 0.3178171722790193,
  "score3": 0.5197915901217321,
  "score4": 0.8224479880139172,
  "score5": 0.4094830267549672,
  "score6": 0.605427693090466
}