{
  "score0": 0.31776380669991966,
  "score1": 0.09540877566562103,
  "score2": 0.5557595600298871,
  "score3": 0.06197195857358862,
  "score4": 0.18725664974658782,
  "score5": 0.0986338313304,
  "score6": 0.4616179043885736
}