{
  "score0": 0.04583866448344299,
  "score1": 0.13571211061383284,
  "score2": 0.05993650876337263,
  "score3": 0.46237055193259163,
  "score4": 0.61756974644552,
  "score5": 0.44607021716177603,
  "score6": 0.2546569637723467
}