{
  "score0": 0.02000964803924996,
  "score1": 0.09175099791504182,
  "score2": 0.6454189854301777,
  "score3": 0.5386475208236952,
  "score4": 0.4079027909166319,
  "score5": 0.29739169139548766,
  "score6": 0.17622894463643904
}