{
  "score0": 0.30590003515534725,
  "score1": 0.08926581738612344,
  "score2": 0.5008765111767113,
  "score3": 0.05285216766126869,
  "score4": 0.17400660045157068,
  "score5": 0.09275783444750672,
  "score6": 0.4300333590725412
}