{
  "score0": 0.1818918308085684,
  "score1": 0.5005734062664902,
  "score2": 0.023681746134772405,
  "score3": 0.5176799918767941,
  "score4": 0.5185275500302722,
  "score5": 0.22031026721489777,
  "score6": 0.039452093625736075
}