{
  "score0": 0.12999534711931549,
  "score1": 0.6843237856507738,
  "score2": 0.376185727811798,
  "score3": 0.3575935458872414,
  "score4": 0.2832461059686324,
  "score5": 0.4277487527762475,
  "score6": 0.1255502527445583
}