{
  "score0": 0.5084492200063659,
  "score1": 0.032465100131535994,
  "score2": 0.14017710493216853,
  "score3": 0.15799344208742197,
  "score4": 0.025986502189811227,
  "score5": 0.16975221345176927,
  "score6": 0.2507929114759468
}