{
  "score0": 0.5594550510636855,
  "score1": 0.56401096398914,
  "score2": 0.7203941431465373,
  "score3": 0.7603377286181837,
  "score4": 0.6504442109641383,
  "score5": 0.3833459963793242,
  "score6": 0.35278601921988395
}