{
  "score0": 0.6196950038486857,
  "score1": 0.13048110248945285,
  "score2": 0.5324716567412875,
  "score3": 0.2980082711818992,
  "score4": 0.40135457587073536,
  "score5": 0.6911493702941421,
  "score6": 0.3816486652007309
}