{
  "score0": 0.6233508448461396,
  "score1": 0.13048110248945285,
  "score2": 0.5324716567412875,
  "score3": 0.6264724218637637,
  "score4": 0.205228155304356,
  "score5": 0.6982238681728391,
  "score6": 0.7382303928032936
}