{
  "score0": 0.13652763487909503,
  "score1": 0.49170661470644916,
  "score2": 0.21295744843692604,
  "score3": 0.46098880695836447,
  "score4": 0.19581699113224163,
  "score5": 0.09127643017332983,
  "score6": 0.26197220369639446
}