{
  "score0": 0.04583866448344299,
  "score1": 0.08210022927558851,
  "score2": 0.08483037158485096,
  "score3": 0.5055291359926553,
  "score4": 0.61756974644552,
  "score5": 0.44607021716177603,
  "score6": 0.2546569637723467
}