{
  "score0": 0.07619213378494401,
  "score1": 0.16339096263144628,
  "score2": 0.2200873582446187,
  "score3": 0.639389930202184,
  "score4": 0.36781605859051264,
  "score5": 0.6506731348622642,
  "score6": 0.7626387541672842
}