{
  "score0": 0.12596452038667977,
  "score1": 0.6714912265108092,
  "score2": 0.38104695552885864,
  "score3": 0.32979664284207916,
  "score4": 0.7792292064592846,
  "score5": 0.5555804729326989,
  "score6": 0.8234861583881985
}