{
  "score0": 0.1320608299069587,
  "score1": 0.6259244959208805,
  "score2": 0.3861108815013382,
  "score3": 0.4289841834749846,
  "score4": 0.296757080265057,
  "score5": 0.25128637281170424,
  "score6": 0.3972029430606545
}