{
  "score0": 0.36746115985951733,
  "score1": 0.07624486553252313,
  "score2": 0.44979666252196565,
  "score3": 0.3588783580727674,
  "score4": 0.2689244477815621,
  "score5": 0.3647822306016611,
  "score6": 0.188065143456262
}