{
  "score0": 0.1316840916359868,
  "score1": 0.6259244959208805,
  "score2": 0.41648245481697443,
  "score3": 0.37113560583767274,
  "score4": 0.20025310589255105,
  "score5": 0.40883027912652475,
  "score6": 0.7484652755981661
}