{
  "score0": 0.07466349664252571,
  "score1": 0.15460287092852903,
  "score2": 0.2200873582446187,
  "score3": 0.639389930202184,
  "score4": 0.36781605859051264,
  "score5": 0.6506731348622642,
  "score6": 0.7626387541672842
}