{
  "score0": 0.045471254256970135,
  "score1": 0.08200098235879914,
  "score2": 0.7073175522952243,
  "score3": 0.28980945898707006,
  "score4": 0.3466207915899293,
  "score5": 0.03617883885954198,
  "score6": 0.607834313183941
}