{
  "score0": 0.6296663577165398,
  "score1": 0.27973912993076167,
  "score2": 0.23900499826451815,
  "score3": 0.6336303335102745,
  "score4": 0.5563145890658957,
  "score5": 0.21250412750799294,
  "score6": 0.16329776489681555
}