{
  "score0": 0.04925249718738785,
  "score1": 0.06797916592864485,
  "score2": 0.4985282132484789,
  "score3": 0.4079027909166319,
  "score4": 0.29739169139548766,
  "score5": 0.17622894463643904,
  "score6": 0.5017352480166647
}