{
  "score0": 0.6101782351082115,
  "score1": 0.3148778239067968,
  "score2": 0.2004014669571156,
  "score3": 0.3619049874823144,
  "score4": 0.0417318245965127,
  "score5": 0.24807219331366112,
  "score6": 0.17494386949150242
}