{
  "score0": 0.10707648426646976,
  "score1": 0.5873653389509949,
  "score2": 0.04881670808583519,
  "score3": 0.6617884592973277,
  "score4": 0.5197915901217321,
  "score5": 0.8224479880139172,
  "score6": 0.4094830267549672
}