{
  "score0": 0.07482143704810805,
  "score1": 0.685903391254082,
  "score2": 0.3178171722790193,
  "score3": 0.5197915901217321,
  "score4": 0.8224479880139172,
  "score5": 0.4094830267549672,
  "score6": 0.605427693090466
}