{
  "score0": 0.12124273330829793,
  "score1": 0.5837729659658044,
  "score2": 0.04672816970752704,
  "score3": 0.45672078952856804,
  "score4": 0.6579239480259501,
  "score5": 0.46165181548719053,
  "score6": 0.5853697964095167
}