{
  "score0": 0.1906863602554872,
  "score1": 0.49063046481701783,
  "score2": 0.023681746134772405,
  "score3": 0.16437393252071872,
  "score4": 0.5348147218713354,
  "score5": 0.065672075461027,
  "score6": 0.07276439136894182
}