{
  "score0": 0.10359904245074708,
  "score1": 0.6657797387010347,
  "score2": 0.3281559200135117,
  "score3": 0.5291763831338585,
  "score4": 0.7087861251230212,
  "score5": 0.6034079270673923,
  "score6": 0.4619375107598976
}