{
  "score0": 0.12429664593275033,
  "score1": 0.6162460081444708,
  "score2": 0.19638984916185562,
  "score3": 0.5188254414388755,
  "score4": 0.7634735437849222,
  "score5": 0.46959531562612183,
  "score6": 0.7829335116404931
}