{
  "score0": 0.45173411937094987,
  "score1": 0.07109837708390698,
  "score2": 0.3770953830156428,
  "score3": 0.12965221893949982,
  "score4": 0.18221874833587146,
  "score5": 0.3717414847871643,
  "score6": 0.08160353863909461
}