{
  "score0": 0.12514510347644878,
  "score1": 0.6428338631121523,
  "score2": 0.376185727811798,
  "score3": 0.3529426381037439,
  "score4": 0.25548539853098057,
  "score5": 0.37978445816149503,
  "score6": 0.3448089368953084
}