{
  "score0": 0.045347629487654015,
  "score1": 0.11681216691294947,
  "score2": 0.553055892096325,
  "score3": 0.22775754127803174,
  "score4": 0.4639196932693108,
  "score5": 0.3276591209411002,
  "score6": 0.22549596017827503
}