{
  "score0": 0.12650176869133115,
  "score1": 0.6260560010195458,
  "score2": 0.3469319325174371,
  "score3": 0.22268737022204724,
  "score4": 0.5356658582571058,
  "score5": 0.32033487717290327,
  "score6": 0.12054484644699841
}