{
  "score0": 0.12596452038667977,
  "score1": 0.6607565887197389,
  "score2": 0.4081115644313496,
  "score3": 0.43528630185403944,
  "score4": 0.7792292064592846,
  "score5": 0.5555804729326989,
  "score6": 0.8234861583881985
}