{
  "score0": 0.36746115985951733,
  "score1": 0.08046550751327015,
  "score2": 0.41652708306204406,
  "score3": 0.3647822306016611,
  "score4": 0.188065143456262,
  "score5": 0.7279177515784147,
  "score6": 0.804275488607337
}