{
  "score0": 0.4476954326256182,
  "score1": 0.12002350077661224,
  "score2": 0.563257554691054,
  "score3": 0.5007540322100651,
  "score4": 0.5299150486904679,
  "score5": 0.3945180386605336,
  "score6": 0.455039998022154
}