{
  "score0": 0.5773680485915312,
  "score1": 0.6016602170760561,
  "score2": 0.6950597394526113,
  "score3": 0.6698141727674475,
  "score4": 0.40513751233244855,
  "score5": 0.2593186655048287,
  "score6": 0.20310237540825746
}