{
  "score0": 0.6699553121164493,
  "score1": 0.7923123539146323,
  "score2": 0.06075749612787852,
  "score3": 0.15119040645984183,
  "score4": 0.07715701900651918,
  "score5": 0.06951528790765009,
  "score6": 0.07216890020788741
}