{
  "score0": 0.20756232901393135,
  "score1": 0.11482097292847342,
  "score2": 0.703918017739443,
  "score3": 0.043792872494108064,
  "score4": 0.21406617460122387,
  "score5": 0.04544718123010811,
  "score6": 0.12716906126486482
}