{
  "score0": 0.2157689749998144,
  "score1": 0.6689090064548219,
  "score2": 0.31256881621255783,
  "score3": 0.11748142711484884,
  "score4": 0.08620559152886581,
  "score5": 0.0711492484059974,
  "score6": 0.11864075792343887
}