{
  "score0": 0.13709196219688116,
  "score1": 0.13740170664716186,
  "score2": 0.08278294815076413,
  "score3": 0.07629156058120588,
  "score4": 0.06894642771150476,
  "score5": 0.06765410609925683,
  "score6": 0.03762709333025588
}