{
  "score0": 0.06808093507623397,
  "score1": 0.3849419952274914,
  "score2": 0.1633076014467778,
  "score3": 0.5161412347338482,
  "score4": 0.09992362047802117,
  "score5": 0.07948064463408182,
  "score6": 0.06693417836131475
}