{
  "score0": 0.23251048247330822,
  "score1": 0.19054077154792093,
  "score2": 0.2132291926337581,
  "score3": 0.23935295563761363,
  "score4": 0.49240957620497117,
  "score5": 0.722767726806628,
  "score6": 0.3540676346457367
}