{
  "score0": 0.3192683759009709,
  "score1": 0.08437485185783473,
  "score2": 0.5756276535761591,
  "score3": 0.1911036103244025,
  "score4": 0.06479449309290998,
  "score5": 0.06917050881890617,
  "score6": 0.05389922019169167
}