{
  "score0": 0.06777193416781228,
  "score1": 0.3409082003951522,
  "score2": 0.19557285669366709,
  "score3": 0.08177114976622867,
  "score4": 0.04602430339087199,
  "score5": 0.14388262107763627,
  "score6": 0.1218729893319835
}