{
  "score0": 0.16384222168004903,
  "score1": 0.13740170664716186,
  "score2": 0.0970793587911949,
  "score3": 0.038894132031469124,
  "score4": 0.09425986745799926,
  "score5": 0.036148695971643004,
  "score6": 0.1786922079485058
}