{
  "score0": 0.6201759145529511,
  "score1": 0.12915941100490957,
  "score2": 0.11985705586372511,
  "score3": 0.0784487290203046,
  "score4": 0.11763251041730759,
  "score5": 0.0880243631066485,
  "score6": 0.11888038967503473
}