{
  "score0": 0.6887058865290365,
  "score1": 0.7184199038710705,
  "score2": 0.1042271379248103,
  "score3": 0.03238399715797776,
  "score4": 0.09661846075260684,
  "score5": 0.17549387748555723,
  "score6": 0.12839420316205652
}