{
  "score0": 0.3286913729746568,
  "score1": 0.10209509010877446,
  "score2": 0.6189348768161188,
  "score3": 0.14463784621048068,
  "score4": 0.08916978175917978,
  "score5": 0.0690568789436334,
  "score6": 0.0647657998600147
}