{
  "score0": 0.11482097292847342,
  "score1": 0.703918017739443,
  "score2": 0.1674916625576549,
  "score3": 0.06715904764163365,
  "score4": 0.074888920800404,
  "score5": 0.0771998329176188,
  "score6": 0.0690674722115932
}