{
  "score0": 0.1892288431494925,
  "score1": 0.6689090064548219,
  "score2": 0.31256881621255783,
  "score3": 0.1496371122096288,
  "score4": 0.10574252096852237,
  "score5": 0.04511488880734671,
  "score6": 0.09512449287417689
}