{
  "score0": 0.12697983775420624,
  "score1": 0.08936885450900656,
  "score2": 0.20958446586139703,
  "score3": 0.05484510489045516,
  "score4": 0.09873572094861577,
  "score5": 0.06292495507678268,
  "score6": 0.06057495892316078
}