{
  "score0": 0.06868992866151953,
  "score1": 0.3849419952274914,
  "score2": 0.10562235629812962,
  "score3": 0.675722432163286,
  "score4": 0.08177114976622867,
  "score5": 0.04602430339087199,
  "score6": 0.14388262107763627
}