{
  "score0": 0.14148844647165815,
  "score1": 0.0913772841516129,
  "score2": 0.10294094840947694,
  "score3": 0.1040525275125695,
  "score4": 0.1826737528586089,
  "score5": 0.3240764987716429,
  "score6": 0.4074092541557714
}