{
  "score0": 0.38896066606681107,
  "score1": 0.09423312241563071,
  "score2": 0.12068774848895063,
  "score3": 0.0813092102427742,
  "score4": 0.09688311470367132,
  "score5": 0.03884280101869716,
  "score6": 0.040624625612140475
}