{
  "score0": 0.25830544097899466,
  "score1": 0.09104911677130123,
  "score2": 0.6189348768161188,
  "score3": 0.07288348874494822,
  "score4": 0.04199074949867343,
  "score5": 0.06254979495416135,
  "score6": 0.04361085152033739
}