{
  "score0": 0.10263546220769434,
  "score1": 0.1675454109381419,
  "score2": 0.05258158322994074,
  "score3": 0.04186291573380941,
  "score4": 0.12373228881473002,
  "score5": 0.18898806671724402,
  "score6": 0.08278358012431077
}