{
  "score0": 0.21627134385904412,
  "score1": 0.19054077154792093,
  "score2": 0.23280581647558357,
  "score3": 0.18367230782342692,
  "score4": 0.4116144503689782,
  "score5": 0.5824536561319841,
  "score6": 0.10240749614726148
}