{
  "score0": 0.06493437942794877,
  "score1": 0.37517578473816915,
  "score2": 0.07227408130308896,
  "score3": 0.7276191718530035,
  "score4": 0.10565645951998703,
  "score5": 0.07934448939163095,
  "score6": 0.07783857956650136
}