{
  "score0": 0.1683628957127512,
  "score1": 0.6566588773117348,
  "score2": 0.49193362342791236,
  "score3": 0.06636598210672161,
  "score4": 0.06715904764163365,
  "score5": 0.074888920800404,
  "score6": 0.0771998329176188
}