{
  "score0": 0.304635585319533,
  "score1": 0.24825893604947036,
  "score2": 0.14216465751519947,
  "score3": 0.4116144503689782,
  "score4": 0.5824536561319841,
  "score5": 0.10240749614726148,
  "score6": 0.08232035076308568
}