{
  "score0": 0.09216009436083611,
  "score1": 0.12387282788954843,
  "score2": 0.41284820550010687,
  "score3": 0.096051995002226,
  "score4": 0.04167924834781242,
  "score5": 0.050385037841856516,
  "score6": 0.2107547909674874
}