{
  "score0": 0.1372022764932632,
  "score1": 0.08677920416278209,
  "score2": 0.15501764513239924,
  "score3": 0.053186949068751654,
  "score4": 0.052609402372852436,
  "score5": 0.01322127178166309,
  "score6": 0.15400779845252868
}