{
  "score0": 0.6637252160469677,
  "score1": 0.7013417850339999,
  "score2": 0.1042271379248103,
  "score3": 0.03238399715797776,
  "score4": 0.09661846075260684,
  "score5": 0.17549387748555723,
  "score6": 0.12839420316205652
}