{
  "score0": 0.1382295935766939,
  "score1": 0.12140495046457239,
  "score2": 0.1871094698226123,
  "score3": 0.0290868120069321,
  "score4": 0.05213880686345257,
  "score5": 0.04861498397490573,
  "score6": 0.16055250698432952
}