{
  "score0": 0.12387140575890514,
  "score1": 0.10278857855916171,
  "score2": 0.16086645640292965,
  "score3": 0.062297529502417404,
  "score4": 0.025294489616312543,
  "score5": 0.007036490085646142,
  "score6": 0.1903435545686453
}