{
  "score0": 0.10912434347698159,
  "score1": 0.6887058865290365,
  "score2": 0.31569318872809315,
  "score3": 0.1571181810718947,
  "score4": 0.0931736126491381,
  "score5": 0.038752829330147384,
  "score6": 0.06742312587230602
}