{
  "score0": 0.1337812452463052,
  "score1": 0.08677920416278209,
  "score2": 0.15501764513239924,
  "score3": 0.08570229730816,
  "score4": 0.025409614351543222,
  "score5": 0.10298523855390651,
  "score6": 0.21679973694629293
}