{
  "score0": 0.32844671656583635,
  "score1": 0.08437485185783473,
  "score2": 0.639486553335101,
  "score3": 0.09074083665620536,
  "score4": 0.05489118098926509,
  "score5": 0.06464117236767603,
  "score6": 0.03011962890043089
}