{
  "score0": 0.12767109847529232,
  "score1": 0.052544156781607135,
  "score2": 0.19024018048769636,
  "score3": 0.32009182952126286,
  "score4": 0.8196238174205366,
  "score5": 0.13413708439401942,
  "score6": 0.10931191581824266
}