{
  "score0": 0.10769418977168713,
  "score1": 0.38746563240972054,
  "score2": 0.0599941329268456,
  "score3": 0.7167911924003579,
  "score4": 0.15296504493807156,
  "score5": 0.12652252485255386,
  "score6": 0.051826848672309
}