{
  "score0": 0.16559387080990617,
  "score1": 0.13778637050343823,
  "score2": 0.30687016190309974,
  "score3": 0.06929382536528363,
  "score4": 0.04476532495887615,
  "score5": 0.01966942496189136,
  "score6": 0.15050304505343995
}