{
  "score0": 0.29998794536515583,
  "score1": 0.15861460893519197,
  "score2": 0.07411852986289036,
  "score3": 0.42815985033943943,
  "score4": 0.4366240723529277,
  "score5": 0.25239040672038443,
  "score6": 0.15715957014841797
}