{
  "score0": 0.14182834204469913,
  "score1": 0.1869424802188993,
  "score2": 0.08393239629077816,
  "score3": 0.08109218116625165,
  "score4": 0.13272077521382786,
  "score5": 0.15152343081359296,
  "score6": 0.07478338729335761
}