{
  "score0": 0.14429707073963927,
  "score1": 0.11129973177846231,
  "score2": 0.12927621754761146,
  "score3": 0.09598247854636865,
  "score4": 0.10891010802688446,
  "score5": 0.16379047620666895,
  "score6": 0.05545728197316807
}