{
  "score0": 0.2157689749998144,
  "score1": 0.6689090064548219,
  "score2": 0.45857250669629507,
  "score3": 0.09638009433899274,
  "score4": 0.09719829045691804,
  "score5": 0.06032372667904865,
  "score6": 0.11864075792343887
}