{
  "score0": 0.38896066606681107,
  "score1": 0.11179358953289387,
  "score2": 0.0792051140380357,
  "score3": 0.06245900676796815,
  "score4": 0.1077238587132124,
  "score5": 0.038924445860029765,
  "score6": 0.05982224484837628
}