{
  "score0": 0.24402183399614094,
  "score1": 0.3268382953127415,
  "score2": 0.2620070196894628,
  "score3": 0.1821653321764675,
  "score4": 0.40786096775846775,
  "score5": 0.6863570147503871,
  "score6": 0.5399997545108216
}