{
  "score0": 0.09487600106913296,
  "score1": 0.07006791351029135,
  "score2": 0.37284094384670546,
  "score3": 0.05776203558177781,
  "score4": 0.3957660794718268,
  "score5": 0.1514041016809613,
  "score6": 0.046677429711833335
}