{
  "score0": 0.11088448529825497,
  "score1": 0.07640990368216914,
  "score2": 0.2835616386538281,
  "score3": 0.05776203558177781,
  "score4": 0.37684444646525,
  "score5": 0.22248807712059968,
  "score6": 0.06762108343722197
}