{
  "score0": 0.05088993097793289,
  "score1": 0.13280460656296217,
  "score2": 0.07769018488906408,
  "score3": 0.020160007187802833,
  "score4": 0.06373470095941365,
  "score5": 0.1232717211727261,
  "score6": 0.235516204009992
}