{
  "score0": 0.7043990445571776,
  "score1": 0.7923123539146323,
  "score2": 0.06075749612787852,
  "score3": 0.12674762110413457,
  "score4": 0.06992069054956818,
  "score5": 0.07824610423711016,
  "score6": 0.04380414265519705
}