{
  "score0": 0.0912202989307669,
  "score1": 0.06777193416781228,
  "score2": 0.3409082003951522,
  "score3": 0.054468860066686074,
  "score4": 0.38493308677559446,
  "score5": 0.14623114206831075,
  "score6": 0.04236695402762292
}