{
  "score0": 0.7043990445571776,
  "score1": 0.8130327524863774,
  "score2": 0.14647804188915037,
  "score3": 0.11320343184830373,
  "score4": 0.06992069054956818,
  "score5": 0.07824610423711016,
  "score6": 0.04380414265519705
}