{
  "score0": 0.12387140575890514,
  "score1": 0.10278857855916171,
  "score2": 0.16846660221766405,
  "score3": 0.03753774638164387,
  "score4": 0.0247826403340468,
  "score5": 0.12803831450741146,
  "score6": 0.35771691727098043
}