{
  "score0": 0.1698523830304696,
  "score1": 0.304635585319533,
  "score2": 0.24825893604947036,
  "score3": 0.04114793947504813,
  "score4": 0.2032063673345154,
  "score5": 0.3664335698565256,
  "score6": 0.6708960768527271
}