{
  "score0": 0.13998159679987812,
  "score1": 0.12600411170514247,
  "score2": 0.3538871224864125,
  "score3": 0.10336558129611706,
  "score4": 0.049191414502595406,
  "score5": 0.08132337084696069,
  "score6": 0.2613742116576716
}