{
  "score0": 0.21417467686751043,
  "score1": 0.13927295073238502,
  "score2": 0.22963625083241698,
  "score3": 0.24492166764880688,
  "score4": 0.34586883514327904,
  "score5": 0.2714185615903935,
  "score6": 0.03623081119614068
}