{
  "score0": 0.10263546220769434,
  "score1": 0.12255444671726592,
  "score2": 0.07474438136702724,
  "score3": 0.04563545320314083,
  "score4": 0.04257954847591569,
  "score5": 0.019929179822178695,
  "score6": 0.0701480465160217
}