{
  "score0": 0.1252492734098035,
  "score1": 0.075022503627797,
  "score2": 0.1637614088187695,
  "score3": 0.0921912020853199,
  "score4": 0.10332664299838407,
  "score5": 0.05511846183286253,
  "score6": 0.02189505551775037
}