{
  "score0": 0.13797085468445328,
  "score1": 0.11934361664565968,
  "score2": 0.09063412545942937,
  "score3": 0.07852669826502316,
  "score4": 0.045274881868310114,
  "score5": 0.04139095676859485,
  "score6": 0.12697269565086886
}