{
  "score0": 0.11558538543511448,
  "score1": 0.052544156781607135,
  "score2": 0.18102437040064315,
  "score3": 0.40112883289866147,
  "score4": 0.7889063701273887,
  "score5": 0.5775727908595288,
  "score6": 0.082579611698454
}