{
  "score0": 0.6201759145529511,
  "score1": 0.16237551973979733,
  "score2": 0.1388052638998218,
  "score3": 0.11763251041730759,
  "score4": 0.0880243631066485,
  "score5": 0.11888038967503473,
  "score6": 0.049606974477965554
}