{
  "score0": 0.22974475037053999,
  "score1": 0.15861460893519197,
  "score2": 0.07411852986289036,
  "score3": 0.37439992329202226,
  "score4": 0.4342338269328936,
  "score5": 0.7743748746410614,
  "score6": 0.046965920616711065
}