{
  "score0": 0.13205964985274724,
  "score1": 0.3292273246606094,
  "score2": 0.11134140936741661,
  "score3": 0.0461848383706,
  "score4": 0.3416564276650596,
  "score5": 0.061830923343866674,
  "score6": 0.2843316892035098
}