{
  "score0": 0.1456636513721432,
  "score1": 0.1318717159064097,
  "score2": 0.06893848746076627,
  "score3": 0.0247826403340468,
  "score4": 0.12803831450741146,
  "score5": 0.35771691727098043,
  "score6": 0.050098618565493934
}