{
  "score0": 0.1617012001858077,
  "score1": 0.21563641284987303,
  "score2": 0.08469831796726884,
  "score3": 0.1122007738910558,
  "score4": 0.1531796732453451,
  "score5": 0.18181212797872992,
  "score6": 0.13919476029399677
}