{
  "score0": 0.6924857785257301,
  "score1": 0.4755446655935249,
  "score2": 0.0847335548939848,
  "score3": 0.11428518208311456,
  "score4": 0.06053333007556113,
  "score5": 0.0882696517826221,
  "score6": 0.06115535311876614
}