{
  "score0": 0.3294179701093392,
  "score1": 0.3268382953127415,
  "score2": 0.2620070196894628,
  "score3": 0.1728919597460461,
  "score4": 0.36120045768684167,
  "score5": 0.5610395511592472,
  "score6": 0.4426650963775292
}