{
  "score0": 0.10263546220769434,
  "score1": 0.12255444671726592,
  "score2": 0.06879048329317583,
  "score3": 0.049803388761184154,
  "score4": 0.0628242477536347,
  "score5": 0.04186291573380941,
  "score6": 0.12373228881473002
}