{
  "score0": 0.04876172185877294,
  "score1": 0.11129973177846231,
  "score2": 0.12927621754761146,
  "score3": 0.035552786619911805,
  "score4": 0.050344281320742014,
  "score5": 0.11251468152157168,
  "score6": 0.11768628108553947
}