{
  "score0": 0.09821279419343291,
  "score1": 0.04169981618339134,
  "score2": 0.19479917104249933,
  "score3": 0.17918436136982416,
  "score4": 0.8144273239134382,
  "score5": 0.7631133360007936,
  "score6": 0.07145612062922385
}