{
  "score0": 0.1683628957127512,
  "score1": 0.674475059860677,
  "score2": 0.1674916625576549,
  "score3": 0.06715904764163365,
  "score4": 0.074888920800404,
  "score5": 0.0771998329176188,
  "score6": 0.0690674722115932
}