{
  "score0": 0.22693645225913084,
  "score1": 0.08890799105972996,
  "score2": 0.08393239629077816,
  "score3": 0.08109218116625165,
  "score4": 0.07989534057862394,
  "score5": 0.193838059611349,
  "score6": 0.08070285432349328
}