{
  "score0": 0.13465286371026766,
  "score1": 0.13778637050343823,
  "score2": 0.30687016190309974,
  "score3": 0.06929382536528363,
  "score4": 0.035248915696201984,
  "score5": 0.04626366563743711,
  "score6": 0.07131341901914873
}