{
  "score0": 0.1372022764932632,
  "score1": 0.09970616944612483,
  "score2": 0.16086645640292965,
  "score3": 0.062297529502417404,
  "score4": 0.025294489616312543,
  "score5": 0.007036490085646142,
  "score6": 0.1903435545686453
}