{
  "score0": 0.27299717726756495,
  "score1": 0.2273349509926478,
  "score2": 0.06913345765727964,
  "score3": 0.026289027731667972,
  "score4": 0.15056355130823465,
  "score5": 0.31671291416086955,
  "score6": 0.5817681701100113
}