{
  "score0": 0.14243038565323005,
  "score1": 0.15137215434653553,
  "score2": 0.16196330801766035,
  "score3": 0.09598247854636865,
  "score4": 0.10891010802688446,
  "score5": 0.16379047620666895,
  "score6": 0.05545728197316807
}