{
  "score0": 0.18412750834777317,
  "score1": 0.6932353040599566,
  "score2": 0.31569318872809315,
  "score3": 0.1571181810718947,
  "score4": 0.10574252096852237,
  "score5": 0.04511488880734671,
  "score6": 0.09512449287417689
}