{
  "score0": 0.21575561838678153,
  "score1": 0.2273349509926478,
  "score2": 0.06913345765727964,
  "score3": 0.06574523169509254,
  "score4": 0.21242194713880588,
  "score5": 0.06198372323603726,
  "score6": 0.6501672819971535
}