{
  "score0": 0.11934361664565968,
  "score1": 0.1121245258978425,
  "score2": 0.07756310872725523,
  "score3": 0.02688764892175734,
  "score4": 0.08878329215358109,
  "score5": 0.16418750067902377,
  "score6": 0.4231472619974949
}