{
  "score0": 0.11314696731024584,
  "score1": 0.0615187837356618,
  "score2": 0.16020166614849057,
  "score3": 0.06308795387489974,
  "score4": 0.09880766778333949,
  "score5": 0.0517026616247075,
  "score6": 0.027233307403325847
}