{
  "score0": 0.1337812452463052,
  "score1": 0.11519122511741225,
  "score2": 0.09063412545942937,
  "score3": 0.07852669826502316,
  "score4": 0.025409614351543222,
  "score5": 0.10298523855390651,
  "score6": 0.21679973694629293
}