{
  "score0": 0.09552465210941738,
  "score1": 0.38746563240972054,
  "score2": 0.0599941329268456,
  "score3": 0.7575440132032272,
  "score4": 0.23737421687791185,
  "score5": 0.11067998045514658,
  "score6": 0.06696371822889363
}