{
  "score0": 0.6637252160469677,
  "score1": 0.6812634018672772,
  "score2": 0.14681619121949863,
  "score3": 0.1269647899826689,
  "score4": 0.03238399715797776,
  "score5": 0.09661846075260684,
  "score6": 0.17549387748555723
}