{
  "score0": 0.12697983775420624,
  "score1": 0.08936885450900656,
  "score2": 0.1431299816900773,
  "score3": 0.05484510489045516,
  "score4": 0.21689314788528127,
  "score5": 0.06744738955821221,
  "score6": 0.11135825295500146
}