{
  "score0": 0.2804878172226084,
  "score1": 0.13892298944110235,
  "score2": 0.05053906908105895,
  "score3": 0.44670606842815747,
  "score4": 0.3066656159418346,
  "score5": 0.5952313409453277,
  "score6": 0.07758033666152915
}