{
  "score0": 0.32844671656583635,
  "score1": 0.142746340602334,
  "score2": 0.5021337789921853,
  "score3": 0.05489118098926509,
  "score4": 0.06464117236767603,
  "score5": 0.03011962890043089,
  "score6": 0.07062566263643157
}