{
  "score0": 0.30079906724068806,
  "score1": 0.13876668496192587,
  "score2": 0.5914477285222245,
  "score3": 0.09074083665620536,
  "score4": 0.05489118098926509,
  "score5": 0.06464117236767603,
  "score6": 0.03011962890043089
}