{
  "score0": 0.6767951260329909,
  "score1": 0.4755446655935249,
  "score2": 0.0847335548939848,
  "score3": 0.15119040645984183,
  "score4": 0.07715701900651918,
  "score5": 0.06951528790765009,
  "score6": 0.07216890020788741
}