{
  "score0": 0.21563641284987303,
  "score1": 0.08469831796726884,
  "score2": 0.07876295446910107,
  "score3": 0.18460830153156152,
  "score4": 0.11626582885767545,
  "score5": 0.3588469250443309,
  "score6": 0.21727744268558288
}