{
  "score0": 0.21169981175197108,
  "score1": 0.1002432427539448,
  "score2": 0.08346966744671112,
  "score3": 0.6680748921227287,
  "score4": 0.24492166764880688,
  "score5": 0.34586883514327904,
  "score6": 0.2714185615903935
}