{
  "score0": 0.10263546220769434,
  "score1": 0.12255444671726592,
  "score2": 0.07147560997259395,
  "score3": 0.049803388761184154,
  "score4": 0.04050917260958924,
  "score5": 0.08877354024214783,
  "score6": 0.10725094342545301
}