{
  "score0": 0.12767109847529232,
  "score1": 0.0548799975939849,
  "score2": 0.343346817365366,
  "score3": 0.8196238174205366,
  "score4": 0.13413708439401942,
  "score5": 0.10931191581824266,
  "score6": 0.10129001383607265
}