{
  "score0": 0.1241078040632626,
  "score1": 0.12387282788954843,
  "score2": 0.41284820550010687,
  "score3": 0.09618094317441635,
  "score4": 0.04476532495887615,
  "score5": 0.01966942496189136,
  "score6": 0.15050304505343995
}