{
  "score0": 0.33595044707191,
  "score1": 0.34770165746126835,
  "score2": 0.07189031088932658,
  "score3": 0.34334904392544313,
  "score4": 0.5309649576015473,
  "score5": 0.3075412816842821,
  "score6": 0.034876385665768846
}