{
  "score0": 0.06669014378453937,
  "score1": 0.5527991012972415,
  "score2": 0.39260551265686616,
  "score3": 0.1238643073116748,
  "score4": 0.4495110307816275,
  "score5": 0.35423967326340816,
  "score6": 0.4329540081462587
}