{
  "score0": 0.48519066264971883,
  "score1": 0.24248476929232055,
  "score2": 0.38341001048398327,
  "score3": 0.5444457539992215,
  "score4": 0.3563279512910212,
  "score5": 0.23626400249162713,
  "score6": 0.6712403705230209
}