{
  "score0": 0.4269598788479665,
  "score1": 0.11877170991394667,
  "score2": 0.18910203245468618,
  "score3": 0.6096845277566657,
  "score4": 0.17212309575340226,
  "score5": 0.12471441771290255,
  "score6": 0.5000053385992196
}