{
  "score0": 0.5144198051842367,
  "score1": 0.09825835981007636,
  "score2": 0.6032305262164158,
  "score3": 0.6300555362261465,
  "score4": 0.4060737447966489,
  "score5": 0.596413137784371,
  "score6": 0.21552963504600545
}