{
  "score0": 0.5487470989318122,
  "score1": 0.09825835981007636,
  "score2": 0.6032305262164158,
  "score3": 0.6300555362261465,
  "score4": 0.6690497987740169,
  "score5": 0.39035699946617336,
  "score6": 0.18662549613326318
}