{
  "score0": 0.19743894848508325,
  "score1": 0.2888879550477636,
  "score2": 0.05253707229678621,
  "score3": 0.5163527181069442,
  "score4": 0.3334056733389967,
  "score5": 0.24168866970885974,
  "score6": 0.4836408281061619
}