{
  "score0": 0.5679355894419313,
  "score1": 0.09213327614008263,
  "score2": 0.4756060622459293,
  "score3": 0.5697311970914279,
  "score4": 0.4560480839305479,
  "score5": 0.43303148894271226,
  "score6": 0.22481111011931
}