{
  "score0": 0.5392003393626243,
  "score1": 0.06371917650109221,
  "score2": 0.4756060622459293,
  "score3": 0.5697311970914279,
  "score4": 0.4560480839305479,
  "score5": 0.43303148894271226,
  "score6": 0.22481111011931
}