{
  "score0": 0.051049337279699104,
  "score1": 0.6370670089525488,
  "score2": 0.39255043939843887,
  "score3": 0.05918964863225908,
  "score4": 0.3991277021298683,
  "score5": 0.43559377609636013,
  "score6": 0.22722240600498386
}