{
  "score0": 0.4932329084385539,
  "score1": 0.671012601562607,
  "score2": 0.49045580581926485,
  "score3": 0.3563279512910212,
  "score4": 0.23626400249162713,
  "score5": 0.6712403705230209,
  "score6": 0.204647132246258
}