{
  "score0": 0.06895779667125429,
  "score1": 0.5527991012972415,
  "score2": 0.4316892081905986,
  "score3": 0.09186165945058329,
  "score4": 0.4079448294868994,
  "score5": 0.4908303545010367,
  "score6": 0.20681931177506088
}