{
  "score0": 0.3177097369440954,
  "score1": 0.49158381459526296,
  "score2": 0.7515590069032207,
  "score3": 0.7368882111809266,
  "score4": 0.3042961639625556,
  "score5": 0.42218949648221465,
  "score6": 0.36240854077213097
}