{
  "score0": 0.5639451413894322,
  "score1": 0.27426288540343297,
  "score2": 0.21063013920340048,
  "score3": 0.5064906339965161,
  "score4": 0.35707101207290176,
  "score5": 0.6992344547379744,
  "score6": 0.8141024922589354
}