{
  "score0": 0.6685095637590812,
  "score1": 0.5086999918795349,
  "score2": 0.30122323966346487,
  "score3": 0.3059486277778361,
  "score4": 0.48243006874193933,
  "score5": 0.21008711740749542,
  "score6": 0.8723013304108279
}