{
  "score0": 0.045643417112193996,
  "score1": 0.3457914712424313,
  "score2": 0.42383682271768014,
  "score3": 0.7510543546551585,
  "score4": 0.39557673927197207,
  "score5": 0.6459906671395909,
  "score6": 0.7984543111612444
}