{
  "score0": 0.6711359839212604,
  "score1": 0.3833747425052602,
  "score2": 0.3079122144263819,
  "score3": 0.15002812266584237,
  "score4": 0.4147261617939712,
  "score5": 0.45996245752965176,
  "score6": 0.101637295269309
}