{
  "score0": 0.06895779667125429,
  "score1": 0.5723967986652266,
  "score2": 0.2595035902955693,
  "score3": 0.4079448294868994,
  "score4": 0.4908303545010367,
  "score5": 0.20681931177506088,
  "score6": 0.5318404694594581
}