{
  "score0": 0.15305582065797424,
  "score1": 0.4983389664178477,
  "score2": 0.3059380397978154,
  "score3": 0.38795955521131015,
  "score4": 0.42734930725675246,
  "score5": 0.35745106007365596,
  "score6": 0.42910811253354747
}