{
  "score0": 0.5073371950218362,
  "score1": 0.27217442320147284,
  "score2": 0.06490291355620424,
  "score3": 0.43305108080731136,
  "score4": 0.27195326496198985,
  "score5": 0.4344361627182029,
  "score6": 0.3288540945677307
}