{
  "score0": 0.03668152473564413,
  "score1": 0.38599066155089934,
  "score2": 0.6647219943177917,
  "score3": 0.8039732183814468,
  "score4": 0.735941525630822,
  "score5": 0.7328852039864685,
  "score6": 0.6483781912670107
}