{
  "score0": 0.2079283129305359,
  "score1": 0.24009362976908966,
  "score2": 0.5849687053440704,
  "score3": 0.20253166474555748,
  "score4": 0.3873956096021092,
  "score5": 0.347038544217703,
  "score6": 0.46296923407272866
}