{
  "score0": 0.1329935649334091,
  "score1": 0.5868878099708944,
  "score2": 0.30859032402036785,
  "score3": 0.4409283720429719,
  "score4": 0.36993652621544904,
  "score5": 0.7920954242128277,
  "score6": 0.6351379780822713
}