{
  "score0": 0.5819151134025078,
  "score1": 0.4640861055237986,
  "score2": 0.3399845786740471,
  "score3": 0.48283976392562367,
  "score4": 0.5512198907681707,
  "score5": 0.17731023769785104,
  "score6": 0.4950514064887255
}