{
  "score0": 0.1529239332001295,
  "score1": 0.6386274529328749,
  "score2": 0.2805097023306302,
  "score3": 0.4075524293554737,
  "score4": 0.1445913807136002,
  "score5": 0.3244686831235271,
  "score6": 0.8836768606071262
}