{
  "score0": 0.040768868758478065,
  "score1": 0.34864755274235315,
  "score2": 0.43325479542894363,
  "score3": 0.819968925436609,
  "score4": 0.05857610203283506,
  "score5": 0.8010701292876713,
  "score6": 0.48665086470714275
}