{
  "score0": 0.48731894258932457,
  "score1": 0.32088641044006255,
  "score2": 0.25095230515997025,
  "score3": 0.4763964240126299,
  "score4": 0.4199841651928475,
  "score5": 0.7357464191721861,
  "score6": 0.295682108359563
}