{
  "score0": 0.1329935649334091,
  "score1": 0.5868878099708944,
  "score2": 0.27245514389424275,
  "score3": 0.4409283720429719,
  "score4": 0.40246474392605486,
  "score5": 0.5982707637814698,
  "score6": 0.8658541420369773
}