{
  "score0": 0.19743894848508325,
  "score1": 0.2888879550477636,
  "score2": 0.045604427454537216,
  "score3": 0.5077434740535453,
  "score4": 0.39178841033605655,
  "score5": 0.15446188719944276,
  "score6": 0.4786133951388744
}