{
  "score0": 0.04742026690327192,
  "score1": 0.40202059245574895,
  "score2": 0.4940270098592268,
  "score3": 0.76160222482874,
  "score4": 0.6269692455395597,
  "score5": 0.7882771481312331,
  "score6": 0.10733710312198134
}