{
  "score0": 0.4908683208453197,
  "score1": 0.24248476929232055,
  "score2": 0.4015303676133842,
  "score3": 0.49090572581707104,
  "score4": 0.43482167886710493,
  "score5": 0.4199453341826673,
  "score6": 0.323297274882572
}