{
  "score0": 0.4526963458031421,
  "score1": 0.4640861055237986,
  "score2": 0.3399845786740471,
  "score3": 0.5718697751053825,
  "score4": 0.3702225279629343,
  "score5": 0.46955504080431115,
  "score6": 0.27349043129691153
}