{
  "score0": 0.23765874383629346,
  "score1": 0.33695414508626015,
  "score2": 0.034628294314324966,
  "score3": 0.5423541508354872,
  "score4": 0.4509528614716831,
  "score5": 0.7151653179053442,
  "score6": 0.35750991655455505
}