{
  "score0": 0.34864755274235315,
  "score1": 0.43325479542894363,
  "score2": 0.7683338377859307,
  "score3": 0.35974086576101544,
  "score4": 0.6235899331091189,
  "score5": 0.44188003021982025,
  "score6": 0.36649382267823283
}