{
  "score0": 0.11552083989743306,
  "score1": 0.6007636847379406,
  "score2": 0.41172501400330647,
  "score3": 0.1824987205603763,
  "score4": 0.320621924679192,
  "score5": 0.4686155456258346,
  "score6": 0.22043864930827262
}