{
  "score0": 0.03668152473564413,
  "score1": 0.4025072062645739,
  "score2": 0.577066909279901,
  "score3": 0.7396824043062669,
  "score4": 0.8039732183814468,
  "score5": 0.735941525630822,
  "score6": 0.7328852039864685
}