{
  "score0": 0.4122482593137032,
  "score1": 0.31763332959007645,
  "score2": 0.04747749465050489,
  "score3": 0.38662091442247637,
  "score4": 0.5309649576015473,
  "score5": 0.3075412816842821,
  "score6": 0.034876385665768846
}