{
  "score0": 0.35318799035685455,
  "score1": 0.5288305651246028,
  "score2": 0.7515590069032207,
  "score3": 0.7127233183425113,
  "score4": 0.7509462093414134,
  "score5": 0.3125684506320941,
  "score6": 0.2350028291073646
}