{
  "score0": 0.42701454637758074,
  "score1": 0.34770165746126835,
  "score2": 0.07189031088932658,
  "score3": 0.34334904392544313,
  "score4": 0.7323209031646599,
  "score5": 0.08455168022712073,
  "score6": 0.17114456816322568
}