{
  "score0": 0.3177097369440954,
  "score1": 0.489082739906175,
  "score2": 0.6347739487712689,
  "score3": 0.5511606549120102,
  "score4": 0.22558797837156686,
  "score5": 0.4732962575167981,
  "score6": 0.4235751005480129
}