{
  "score0": 0.6685095637590812,
  "score1": 0.5086999918795349,
  "score2": 0.15086441402853218,
  "score3": 0.41805909628032517,
  "score4": 0.3835383757626068,
  "score5": 0.42375591960803,
  "score6": 0.7710785609550751
}