{
  "score0": 0.36984228729832336,
  "score1": 0.32688373245283603,
  "score2": 0.05814339673726982,
  "score3": 0.41705839538431966,
  "score4": 0.4567700857701083,
  "score5": 0.15687547086480716,
  "score6": 0.4524691931613449
}