{
  "score0": 0.15306673568449547,
  "score1": 0.5609943319206608,
  "score2": 0.31858017446735387,
  "score3": 0.4075524293554737,
  "score4": 0.1445913807136002,
  "score5": 0.3244686831235271,
  "score6": 0.8836768606071262
}