{
  "score0": 0.3782409612022149,
  "score1": 0.04525903997117063,
  "score2": 0.3850489971960877,
  "score3": 0.41476378235963024,
  "score4": 0.2931593705340914,
  "score5": 0.40462059270983025,
  "score6": 0.5750012452352024
}