{
  "score0": 0.20749546508433597,
  "score1": 0.30842680026782887,
  "score2": 0.2615657729506646,
  "score3": 0.036765243480156355,
  "score4": 0.535766053747705,
  "score5": 0.5574740414366683,
  "score6": 0.7216609620353415
}