{
  "score0": 0.37027668158542865,
  "score1": 0.4932329084385539,
  "score2": 0.7212510779954159,
  "score3": 0.6721642915664884,
  "score4": 0.2353659666210539,
  "score5": 0.25817278761503465,
  "score6": 0.6993709970269361
}