{
  "score0": 0.5699679064265218,
  "score1": 0.3794142449207952,
  "score2": 0.1704105123305445,
  "score3": 0.23261643327945405,
  "score4": 0.3226127632095461,
  "score5": 0.019365053885840876,
  "score6": 0.5208073229834452
}