{
  "score0": 0.38070415613132974,
  "score1": 0.039479111702001246,
  "score2": 0.47172912606515105,
  "score3": 0.6923940084520978,
  "score4": 0.7190818342359305,
  "score5": 0.4968095835552673,
  "score6": 0.6635311826090668
}