{
  "score0": 0.37725000520042534,
  "score1": 0.07779526565379807,
  "score2": 0.41915189874082087,
  "score3": 0.7383659722873207,
  "score4": 0.8467282796802156,
  "score5": 0.6174869081131922,
  "score6": 0.42865868854008715
}