{
  "score0": 0.22852953969040746,
  "score1": 0.3752092806108557,
  "score2": 0.060344462329893135,
  "score3": 0.554303177957627,
  "score4": 0.485190628300679,
  "score5": 0.17602969915932196,
  "score6": 0.7001070272138222
}