{
  "score0": 0.3610795972681216,
  "score1": 0.27426288540343297,
  "score2": 0.21063013920340048,
  "score3": 0.5222168695914967,
  "score4": 0.4804397481616731,
  "score5": 0.4730411931927483,
  "score6": 0.45880449374089927
}