{
  "score0": 0.07494356319252025,
  "score1": 0.2817223989946609,
  "score2": 0.558671500396791,
  "score3": 0.3267650178710501,
  "score4": 0.3367068299051115,
  "score5": 0.21584796667829487,
  "score6": 0.54232054374546
}