{
  "score0": 0.4137118237624742,
  "score1": 0.31763332959007645,
  "score2": 0.09829894664856917,
  "score3": 0.3736358913049367,
  "score4": 0.23335459463706396,
  "score5": 0.3531363796261346,
  "score6": 0.0884895761643328
}