{
  "score0": 0.5073371950218362,
  "score1": 0.14675937074622963,
  "score2": 0.19328394496185297,
  "score3": 0.43305108080731136,
  "score4": 0.27195326496198985,
  "score5": 0.4344361627182029,
  "score6": 0.3288540945677307
}