{
  "score0": 0.5679355894419313,
  "score1": 0.09213327614008263,
  "score2": 0.557016442126601,
  "score3": 0.5847596908991542,
  "score4": 0.43967304429618137,
  "score5": 0.5068328786309971,
  "score6": 0.16914767679780876
}