{
  "score0": 0.5699679064265218,
  "score1": 0.3794142449207952,
  "score2": 0.17565220464777553,
  "score3": 0.2271650041268929,
  "score4": 0.2531278898676557,
  "score5": 0.1416560624886696,
  "score6": 0.6906617630812185
}