{
  "score0": 0.19533114228729045,
  "score1": 0.21516180507904026,
  "score2": 0.19294744159531402,
  "score3": 0.14820182989104116,
  "score4": 0.7212962442438217,
  "score5": 0.683940048733385,
  "score6": 0.1985684350803473
}