{
  "score0": 0.14675937074622963,
  "score1": 0.19328394496185297,
  "score2": 0.5362654440757311,
  "score3": 0.3057877757580138,
  "score4": 0.64627585292451,
  "score5": 0.39958207185760725,
  "score6": 0.1539850092116206
}