{
  "score0": 0.5502243743619271,
  "score1": 0.09213327614008263,
  "score2": 0.557016442126601,
  "score3": 0.6151487588050265,
  "score4": 0.6690497987740169,
  "score5": 0.39035699946617336,
  "score6": 0.18662549613326318
}