{
  "score0": 0.44356486151709196,
  "score1": 0.11877170991394667,
  "score2": 0.11042864796952151,
  "score3": 0.6624456954888699,
  "score4": 0.13160343144757833,
  "score5": 0.12221940157723683,
  "score6": 0.44003006110872606
}