{
  "score0": 0.13860735099370794,
  "score1": 0.5868878099708944,
  "score2": 0.27245514389424275,
  "score3": 0.4684331370446901,
  "score4": 0.20659092341301735,
  "score5": 0.31756650921258145,
  "score6": 0.8629689008959988
}