{
  "score0": 0.48731894258932457,
  "score1": 0.3115403936386729,
  "score2": 0.32364358900488804,
  "score3": 0.4199841651928475,
  "score4": 0.7357464191721861,
  "score5": 0.295682108359563,
  "score6": 0.2711553326692045
}