{
  "score0": 0.4635230147582199,
  "score1": 0.27217442320147284,
  "score2": 0.06693349570015718,
  "score3": 0.590026944047176,
  "score4": 0.1301410189788659,
  "score5": 0.23685766237949002,
  "score6": 0.3179113103323741
}