{
  "score0": 0.22852953969040746,
  "score1": 0.33695414508626015,
  "score2": 0.034628294314324966,
  "score3": 0.5548975448232976,
  "score4": 0.485190628300679,
  "score5": 0.17602969915932196,
  "score6": 0.7001070272138222
}