{
  "score0": 0.07307529138451296,
  "score1": 0.3869444603508953,
  "score2": 0.6647219943177917,
  "score3": 0.8039732183814468,
  "score4": 0.735941525630822,
  "score5": 0.7328852039864685,
  "score6": 0.6483781912670107
}