{
  "score0": 0.38070415613132974,
  "score1": 0.04525903997117063,
  "score2": 0.3467567159680377,
  "score3": 0.6923940084520978,
  "score4": 0.7190818342359305,
  "score5": 0.4968095835552673,
  "score6": 0.6635311826090668
}