{
  "score0": 0.31855764803658143,
  "score1": 0.09771071123246321,
  "score2": 0.41357040969690134,
  "score3": 0.5870339093351481,
  "score4": 0.7269591203908473,
  "score5": 0.5773210655015282,
  "score6": 0.3187079005863552
}