{
  "score0": 0.7822198738605373,
  "score1": 0.5086999918795349,
  "score2": 0.30122323966346487,
  "score3": 0.3074628052690856,
  "score4": 0.4763964240126299,
  "score5": 0.3417030527071903,
  "score6": 0.6631757584306099
}