{
  "score0": 0.44356486151709196,
  "score1": 0.08902381094665145,
  "score2": 0.22490914314084298,
  "score3": 0.13160343144757833,
  "score4": 0.12221940157723683,
  "score5": 0.44003006110872606,
  "score6": 0.5729725048600882
}