{
  "score0": 0.13086038340062983,
  "score1": 0.6386274529328749,
  "score2": 0.27245514389424275,
  "score3": 0.4684331370446901,
  "score4": 0.20659092341301735,
  "score5": 0.31756650921258145,
  "score6": 0.8629689008959988
}