{
  "score0": 0.2229907491652872,
  "score1": 0.1256592834634566,
  "score2": 0.57287662769092,
  "score3": 0.20253166474555748,
  "score4": 0.15402603435305376,
  "score5": 0.3785466263451516,
  "score6": 0.4559622604112679
}