{
  "score0": 0.31855764803658143,
  "score1": 0.10499176102900368,
  "score2": 0.3534782689481901,
  "score3": 0.5033067853689119,
  "score4": 0.5870339093351481,
  "score5": 0.7269591203908473,
  "score6": 0.5773210655015282
}