{
  "score0": 0.5819393929196162,
  "score1": 0.4194816527605528,
  "score2": 0.1943389560595368,
  "score3": 0.47229058333128693,
  "score4": 0.27991991310383746,
  "score5": 0.7149231095480789,
  "score6": 0.2957475133858156
}