{
  "score0": 0.36984228729832336,
  "score1": 0.3331514044400465,
  "score2": 0.3566765287583277,
  "score3": 0.15687547086480716,
  "score4": 0.4524691931613449,
  "score5": 0.10064536301861926,
  "score6": 0.11645562659773051
}