{
  "score0": 0.36984228729832336,
  "score1": 0.32688373245283603,
  "score2": 0.08972012698696058,
  "score3": 0.3385375654408098,
  "score4": 0.43301190076293855,
  "score5": 0.2444290738678034,
  "score6": 0.32044795403350235
}