{
  "score0": 0.34686141660933767,
  "score1": 0.5190502532446897,
  "score2": 0.6079215278767678,
  "score3": 0.7201865070270584,
  "score4": 0.35974086576101544,
  "score5": 0.6235899331091189,
  "score6": 0.44188003021982025
}