{
  "score0": 0.20749546508433597,
  "score1": 0.3175222854691464,
  "score2": 0.12195727167316023,
  "score3": 0.11995134426235854,
  "score4": 0.535766053747705,
  "score5": 0.5574740414366683,
  "score6": 0.7216609620353415
}