{
  "score0": 0.6270377629073098,
  "score1": 0.6141726939924737,
  "score2": 0.3694304158468464,
  "score3": 0.5584807292308779,
  "score4": 0.552175763021332,
  "score5": 0.027511457651661363,
  "score6": 0.23095755389162545
}