{
  "score0": 0.1927524746011078,
  "score1": 0.24636356939761683,
  "score2": 0.61802645258914,
  "score3": 0.24850072096404494,
  "score4": 0.3057877757580138,
  "score5": 0.64627585292451,
  "score6": 0.39958207185760725
}