{
  "score0": 0.3782409612022149,
  "score1": 0.04525903997117063,
  "score2": 0.3467567159680377,
  "score3": 0.5548290201637084,
  "score4": 0.1591682563142777,
  "score5": 0.4906900058356407,
  "score6": 0.636465651583491
}