{
  "score0": 0.258509356249163,
  "score1": 0.2216719348724548,
  "score2": 0.5573081448627188,
  "score3": 0.2769907492928173,
  "score4": 0.6545413233280826,
  "score5": 0.7582253517747674,
  "score6": 0.34867031851356706
}