{
  "score0": 0.09807698808631252,
  "score1": 0.5735234101784455,
  "score2": 0.7287344436214425,
  "score3": 0.7310128798160286,
  "score4": 0.06396178577690377,
  "score5": 0.17405081913218381,
  "score6": 0.028672238037166013
}