{
  "score0": 0.7304401737255486,
  "score1": 0.6613409463083981,
  "score2": 0.7310914559822492,
  "score3": 0.2203329671050668,
  "score4": 0.16859996006003056,
  "score5": 0.12403012902703481,
  "score6": 0.599152573223611
}