{
  "score0": 0.21111469167745742,
  "score1": 0.21927149241057178,
  "score2": 0.5059946026887393,
  "score3": 0.5713020030205375,
  "score4": 0.700062822956291,
  "score5": 0.6668778578379456,
  "score6": 0.2882407518883366
}