{
  "score0": 0.2601465937290883,
  "score1": 0.15748865983429186,
  "score2": 0.24215192385199133,
  "score3": 0.5578308999507547,
  "score4": 0.6060606125266397,
  "score5": 0.7001299050861869,
  "score6": 0.741099948661433
}