{
  "score0": 0.46113944635956466,
  "score1": 0.6159697268814855,
  "score2": 0.7043390428389182,
  "score3": 0.6809722419544757,
  "score4": 0.11436701244435844,
  "score5": 0.18689674862829123,
  "score6": 0.06272107417028096
}