{
  "score0": 0.28143560623384023,
  "score1": 0.10575714691586847,
  "score2": 0.4862940855699257,
  "score3": 0.6875103100357701,
  "score4": 0.8201270234310241,
  "score5": 0.45085833503981165,
  "score6": 0.08322490626296102
}