{
  "score0": 0.419547989215309,
  "score1": 0.1508652420148902,
  "score2": 0.26360622755590984,
  "score3": 0.3074995340313227,
  "score4": 0.09991373816657216,
  "score5": 0.0569730395143333,
  "score6": 0.20192154268864893
}