{
  "score0": 0.21668733581710956,
  "score1": 0.5479730150871867,
  "score2": 0.27071591368035436,
  "score3": 0.6651809892466987,
  "score4": 0.7230537046117411,
  "score5": 0.6885036024516734,
  "score6": 0.5876183156279218
}