{
  "score0": 0.38659784458873775,
  "score1": 0.1672589150829982,
  "score2": 0.35135131042462125,
  "score3": 0.26962403986130373,
  "score4": 0.0845322862601765,
  "score5": 0.06385297939324015,
  "score6": 0.340710284999534
}