{
  "score0": 0.09668407625847697,
  "score1": 0.27633199141335013,
  "score2": 0.10451127474112233,
  "score3": 0.196181508001229,
  "score4": 0.486343729072831,
  "score5": 0.3831095916206921,
  "score6": 0.1245583911088249
}