{
  "score0": 0.4809625629431407,
  "score1": 0.6328544341557885,
  "score2": 0.6706227166860601,
  "score3": 0.7239892378455971,
  "score4": 0.1981877471891537,
  "score5": 0.17866311405186852,
  "score6": 0.09410491014653734
}