{
  "score0": 0.6941115336766288,
  "score1": 0.7069415016864452,
  "score2": 0.39607747315453956,
  "score3": 0.0880224377103314,
  "score4": 0.19605722134320436,
  "score5": 0.32639480275172716,
  "score6": 0.7461798882114469
}