{
  "score0": 0.7134841401548406,
  "score1": 0.7494830351964971,
  "score2": 0.758047137331746,
  "score3": 0.047688846064840716,
  "score4": 0.31006415090463246,
  "score5": 0.020810273922864983,
  "score6": 0.2204515447191487
}