{
  "score0": 0.2702380899911842,
  "score1": 0.0984097192959651,
  "score2": 0.3788846320561605,
  "score3": 0.27154386490281657,
  "score4": 0.5057858164009842,
  "score5": 0.5854557356368038,
  "score6": 0.1793395209950733
}