{
  "score0": 0.6941115336766288,
  "score1": 0.7069415016864452,
  "score2": 0.37522016749871023,
  "score3": 0.2503111086113452,
  "score4": 0.1454353112092999,
  "score5": 0.40228450955608447,
  "score6": 0.6402307279763104
}