{
  "score0": 0.767478574381198,
  "score1": 0.22626459972776783,
  "score2": 0.09288822886807299,
  "score3": 0.026612455496011257,
  "score4": 0.28805373276327223,
  "score5": 0.48889596738805136,
  "score6": 0.7645852222666935
}