{
  "score0": 0.48073117127956244,
  "score1": 0.23336131161724968,
  "score2": 0.1895516872595323,
  "score3": 0.014049672299079176,
  "score4": 0.4335736364020886,
  "score5": 0.4556621929604107,
  "score6": 0.18344545759164654
}