{
  "score0": 0.419547989215309,
  "score1": 0.1508652420148902,
  "score2": 0.13973405334736386,
  "score3": 0.27363617010342167,
  "score4": 0.08224895856521863,
  "score5": 0.09991378733005174,
  "score6": 0.2750897426644044
}