{
  "score0": 0.37497376707903185,
  "score1": 0.16149256404060625,
  "score2": 0.17217601809916466,
  "score3": 0.29999193426838805,
  "score4": 0.042153209757603234,
  "score5": 0.08470972455966223,
  "score6": 0.12706838449815772
}