{
  "score0": 0.17366073693549922,
  "score1": 0.32272399052537903,
  "score2": 0.3868375998328922,
  "score3": 0.2948521875664912,
  "score4": 0.6055172304659763,
  "score5": 0.45873740764354803,
  "score6": 0.3690165232804974
}