{
  "score0": 0.6990560183488104,
  "score1": 0.7721060949244984,
  "score2": 0.6633729360438231,
  "score3": 0.2650588511351685,
  "score4": 0.1475322093189889,
  "score5": 0.07519229920754258,
  "score6": 0.25997773668918467
}