{
  "score0": 0.5183854611789515,
  "score1": 0.7898406481307473,
  "score2": 0.15277029854962612,
  "score3": 0.128974449079993,
  "score4": 0.08986444372547318,
  "score5": 0.481615554588493,
  "score6": 0.012650472963425953
}