{
  "score0": 0.4634885457201503,
  "score1": 0.16971678130840875,
  "score2": 0.12972606682169469,
  "score3": 0.10206660868231426,
  "score4": 0.014049672299079176,
  "score5": 0.4335736364020886,
  "score6": 0.4556621929604107
}