{
  "score0": 0.08922433996564469,
  "score1": 0.5445224254488322,
  "score2": 0.7428937714756052,
  "score3": 0.6771867531070815,
  "score4": 0.7310128798160286,
  "score5": 0.06396178577690377,
  "score6": 0.17405081913218381
}