{
  "score0": 0.5149235215630137,
  "score1": 0.7898406481307473,
  "score2": 0.1541683302510732,
  "score3": 0.12876065708706094,
  "score4": 0.17436975105434574,
  "score5": 0.13094650494728657,
  "score6": 0.5971232915941852
}