{
  "score0": 0.7398127464214755,
  "score1": 0.7043529907336953,
  "score2": 0.7110942168446139,
  "score3": 0.16772191653876775,
  "score4": 0.10533834502950253,
  "score5": 0.1649499656106381,
  "score6": 0.5399020237464417
}