{
  "score0": 0.4809625629431407,
  "score1": 0.6159697268814855,
  "score2": 0.7247438803121995,
  "score3": 0.7143280629720641,
  "score4": 0.1981877471891537,
  "score5": 0.17866311405186852,
  "score6": 0.09410491014653734
}