{
  "score0": 0.6401511261801927,
  "score1": 0.5989593564029347,
  "score2": 0.29221831626579536,
  "score3": 0.3100850721966288,
  "score4": 0.2240275694360816,
  "score5": 0.6085522293997575,
  "score6": 0.7590803751483644
}