{
  "score0": 0.29637292119712183,
  "score1": 0.13255244569359587,
  "score2": 0.1452864047628612,
  "score3": 0.36316863411352607,
  "score4": 0.22762771315126176,
  "score5": 0.757177026232566,
  "score6": 0.6340468709078443
}