{
  "score0": 0.4406545825895366,
  "score1": 0.16971678130840875,
  "score2": 0.13973405334736386,
  "score3": 0.27363617010342167,
  "score4": 0.08224895856521863,
  "score5": 0.09991378733005174,
  "score6": 0.2750897426644044
}