{
  "score0": 0.0917492020752798,
  "score1": 0.5798556721098425,
  "score2": 0.7665687979116708,
  "score3": 0.39158167383131604,
  "score4": 0.4532498237049433,
  "score5": 0.08296224131925357,
  "score6": 0.059068324573051834
}