{
  "score0": 0.20673909732556456,
  "score1": 0.1782096228038889,
  "score2": 0.22297460673284786,
  "score3": 0.40107386609585083,
  "score4": 0.7415532362211673,
  "score5": 0.6350848662271665,
  "score6": 0.7837654240173979
}