{
  "score0": 0.7134841401548406,
  "score1": 0.7494830351964971,
  "score2": 0.758047137331746,
  "score3": 0.10221968482580569,
  "score4": 0.356516210634342,
  "score5": 0.04035930770149624,
  "score6": 0.09571942251737486
}