{
  "score0": 0.7398127464214755,
  "score1": 0.7043529907336953,
  "score2": 0.7162261619777056,
  "score3": 0.16610886759435614,
  "score4": 0.23230416036710264,
  "score5": 0.33760779275786207,
  "score6": 0.21216918029426735
}