{
  "score0": 0.7894041521463475,
  "score1": 0.23276381918962347,
  "score2": 0.07697980410363749,
  "score3": 0.21873393831068996,
  "score4": 0.6578740146164601,
  "score5": 0.7003785903029454,
  "score6": 0.38125526856421077
}