{
  "score0": 0.7743958119876664,
  "score1": 0.6243745422190174,
  "score2": 0.41059689773755464,
  "score3": 0.20635356935917423,
  "score4": 0.18150470299363133,
  "score5": 0.33313298465887614,
  "score6": 0.18525334793562756
}