{
  "score0": 0.6613409463083981,
  "score1": 0.7310914559822492,
  "score2": 0.23453630765755898,
  "score3": 0.0880224377103314,
  "score4": 0.19605722134320436,
  "score5": 0.32639480275172716,
  "score6": 0.7461798882114469
}