{
  "score0": 0.07833300139027267,
  "score1": 0.5662365977032682,
  "score2": 0.7241551241629229,
  "score3": 0.7437990004198197,
  "score4": 0.42033372192199686,
  "score5": 0.2821264192828406,
  "score6": 0.0009542464431053013
}