{
  "score0": 0.27685632991981163,
  "score1": 0.10575714691586847,
  "score2": 0.4862940855699257,
  "score3": 0.705086604664228,
  "score4": 0.679148476904715,
  "score5": 0.5307676017250449,
  "score6": 0.11182276289589495
}