{
  "score0": 0.19377862524100903,
  "score1": 0.11898279300258117,
  "score2": 0.07711187033979167,
  "score3": 0.2520053209689908,
  "score4": 0.47981103971042377,
  "score5": 0.5683343150275358,
  "score6": 0.4980475430844032
}