{
  "score0": 0.2961465961542458,
  "score1": 0.13255244569359587,
  "score2": 0.1452864047628612,
  "score3": 0.22993946081381533,
  "score4": 0.32076180808099314,
  "score5": 0.7330418026459774,
  "score6": 0.5048482468113472
}