{
  "score0": 0.7727980226857061,
  "score1": 0.2517255700702888,
  "score2": 0.09711249217463075,
  "score3": 0.2214871296608308,
  "score4": 0.28805373276327223,
  "score5": 0.48889596738805136,
  "score6": 0.7645852222666935
}