{
  "score0": 0.5354318493519047,
  "score1": 0.7393733568122653,
  "score2": 0.6194539139978568,
  "score3": 0.2871262663474341,
  "score4": 0.1685812552539053,
  "score5": 0.5856476089487656,
  "score6": 0.36103796732878585
}