{
  "score0": 0.6629478963286067,
  "score1": 0.6462647835224795,
  "score2": 0.4006455351813406,
  "score3": 0.26468003702077764,
  "score4": 0.25381525598994775,
  "score5": 0.45489528048278877,
  "score6": 0.7407507835994407
}