{
  "score0": 0.39431453888953505,
  "score1": 0.7475413155485988,
  "score2": 0.1541683302510732,
  "score3": 0.12876065708706094,
  "score4": 0.17436975105434574,
  "score5": 0.13094650494728657,
  "score6": 0.5971232915941852
}