{
  "score0": 0.2491721670119193,
  "score1": 0.2076778144403413,
  "score2": 0.571606501396516,
  "score3": 0.2769907492928173,
  "score4": 0.6738377770791278,
  "score5": 0.7677209665801127,
  "score6": 0.6855018274709567
}