{
  "score0": 0.7398127464214755,
  "score1": 0.7043529907336953,
  "score2": 0.7746307024730523,
  "score3": 0.20635356935917423,
  "score4": 0.18150470299363133,
  "score5": 0.33313298465887614,
  "score6": 0.18525334793562756
}