{
  "score0": 0.6990560183488104,
  "score1": 0.6812684416838639,
  "score2": 0.6226736233965342,
  "score3": 0.20422656190346836,
  "score4": 0.0452098475696372,
  "score5": 0.22185616654081688,
  "score6": 0.2379592847809878
}