{
  "score0": 0.5867603394405929,
  "score1": 0.7761171928391595,
  "score2": 0.6400295273585264,
  "score3": 0.4590020620137314,
  "score4": 0.24862356632329563,
  "score5": 0.24992822393360647,
  "score6": 0.058108899181333225
}