{
  "score0": 0.7236236272546169,
  "score1": 0.6838735572032313,
  "score2": 0.7408530019296525,
  "score3": 0.047688846064840716,
  "score4": 0.31006415090463246,
  "score5": 0.020810273922864983,
  "score6": 0.2204515447191487
}