{
  "score0": 0.13140637224196267,
  "score1": 0.2235002688977015,
  "score2": 0.4887517812535462,
  "score3": 0.5685735325769236,
  "score4": 0.6990058236945048,
  "score5": 0.7506569260904877,
  "score6": 0.35990228433747284
}