{
  "score0": 0.0847507279113638,
  "score1": 0.5662365977032682,
  "score2": 0.7241551241629229,
  "score3": 0.5787148220874553,
  "score4": 0.4532498237049433,
  "score5": 0.08296224131925357,
  "score6": 0.059068324573051834
}