{
  "score0": 0.21668733581710956,
  "score1": 0.5673839370706053,
  "score2": 0.38499708325536264,
  "score3": 0.7230537046117411,
  "score4": 0.6885036024516734,
  "score5": 0.5876183156279218,
  "score6": 0.29571566240802066
}