{
  "score0": 0.7271677257044887,
  "score1": 0.6634007545622455,
  "score2": 0.612086578141069,
  "score3": 0.2677823811130808,
  "score4": 0.05037247089114603,
  "score5": 0.1350489567009462,
  "score6": 0.3935103527016303
}