{
  "score0": 0.6941115336766288,
  "score1": 0.7237842799286935,
  "score2": 0.2774023097846027,
  "score3": 0.19605722134320436,
  "score4": 0.32639480275172716,
  "score5": 0.7461798882114469,
  "score6": 0.4911033053299842
}