{
  "score0": 0.20673909732556456,
  "score1": 0.15932063960386933,
  "score2": 0.2769282998249151,
  "score3": 0.7415532362211673,
  "score4": 0.6350848662271665,
  "score5": 0.7837654240173979,
  "score6": 0.676953942055786
}