{
  "score0": 0.13140637224196267,
  "score1": 0.25073536338099256,
  "score2": 0.5088634340738095,
  "score3": 0.6990058236945048,
  "score4": 0.7506569260904877,
  "score5": 0.35990228433747284,
  "score6": 0.4529285816630741
}