{
  "score0": 0.2920215499782024,
  "score1": 0.08607916036842324,
  "score2": 0.4467065294886758,
  "score3": 0.688396934597029,
  "score4": 0.27154386490281657,
  "score5": 0.5057858164009842,
  "score6": 0.5854557356368038
}