{
  "score0": 0.7304401737255486,
  "score1": 0.6898432624518972,
  "score2": 0.7219915075007204,
  "score3": 0.22190442750636094,
  "score4": 0.16859996006003056,
  "score5": 0.12403012902703481,
  "score6": 0.599152573223611
}