{
  "score0": 0.7398127464214755,
  "score1": 0.6306938654493269,
  "score2": 0.35676798350904426,
  "score3": 0.18150470299363133,
  "score4": 0.33313298465887614,
  "score5": 0.18525334793562756,
  "score6": 0.2934610166164235
}