{
  "score0": 0.43026679208411767,
  "score1": 0.7524909020287324,
  "score2": 0.13238483387691075,
  "score3": 0.12301658059581093,
  "score4": 0.21343914530297817,
  "score5": 0.22839189764292053,
  "score6": 0.5065299728449678
}