{
  "score0": 0.717199396449652,
  "score1": 0.6634007545622455,
  "score2": 0.612086578141069,
  "score3": 0.2799932506619238,
  "score4": 0.0520179313991293,
  "score5": 0.19735935493502255,
  "score6": 0.039669907274699996
}