{
  "score0": 0.7759440486363373,
  "score1": 0.2517255700702888,
  "score2": 0.09711249217463075,
  "score3": 0.1793904193982493,
  "score4": 0.30631492720379044,
  "score5": 0.7239643637844765,
  "score6": 0.7383749040026005
}