{
  "score0": 0.4634885457201503,
  "score1": 0.21885081200542283,
  "score2": 0.1895516872595323,
  "score3": 0.014049672299079176,
  "score4": 0.4335736364020886,
  "score5": 0.4556621929604107,
  "score6": 0.18344545759164654
}