{
  "score0": 0.6815216311697591,
  "score1": 0.6528779402049045,
  "score2": 0.35126505615264897,
  "score3": 0.23610776805885306,
  "score4": 0.19660224966701723,
  "score5": 0.2400927784731539,
  "score6": 0.5845582146462994
}