{
  "score0": 0.6990560183488104,
  "score1": 0.7721060949244984,
  "score2": 0.7132305842616611,
  "score3": 0.2762597325161244,
  "score4": 0.20422656190346836,
  "score5": 0.0452098475696372,
  "score6": 0.22185616654081688
}