{
  "score0": 0.45699275012296203,
  "score1": 0.667748094223985,
  "score2": 0.7043390428389182,
  "score3": 0.6831578190933855,
  "score4": 0.2071371265923214,
  "score5": 0.1533045816692881,
  "score6": 0.06441362808271515
}