{
  "score0": 0.1824480831236617,
  "score1": 0.32272399052537903,
  "score2": 0.41551016327830453,
  "score3": 0.006770326237267559,
  "score4": 0.39129547163490047,
  "score5": 0.3398686976871473,
  "score6": 0.1813597068339218
}