{
  "score0": 0.7033963165013664,
  "score1": 0.6898432624518972,
  "score2": 0.7219915075007204,
  "score3": 0.2799932506619238,
  "score4": 0.0520179313991293,
  "score5": 0.19735935493502255,
  "score6": 0.039669907274699996
}