{
  "score0": 0.773397064219413,
  "score1": 0.22626459972776783,
  "score2": 0.09288822886807299,
  "score3": 0.026612455496011257,
  "score4": 0.44456159352886476,
  "score5": 0.11881853057544108,
  "score6": 0.3539425173291804
}