{
  "score0": 0.7759440486363373,
  "score1": 0.2517255700702888,
  "score2": 0.07819971697625955,
  "score3": 0.2825833914481329,
  "score4": 0.39396383514816913,
  "score5": 0.7576537101615576,
  "score6": 0.6365715030486953
}