{
  "score0": 0.6838735572032313,
  "score1": 0.7408530019296525,
  "score2": 0.09037941858462833,
  "score3": 0.06310831180375696,
  "score4": 0.2706096485580631,
  "score5": 0.577588202458403,
  "score6": 0.6492794828978937
}