{
  "score0": 0.1824480831236617,
  "score1": 0.3328412816639436,
  "score2": 0.2371118537803443,
  "score3": 0.39129547163490047,
  "score4": 0.3398686976871473,
  "score5": 0.1813597068339218,
  "score6": 0.2916273366299645
}