{
  "score0": 0.4930351832267338,
  "score1": 0.7081874843326734,
  "score2": 0.6410188059410253,
  "score3": 0.5610300859042041,
  "score4": 0.14634585059704994,
  "score5": 0.12534135201859628,
  "score6": 0.11605722353711112
}