{
  "score0": 0.23373530689001273,
  "score1": 0.10243214651496906,
  "score2": 0.4770662092501494,
  "score3": 0.544226180693455,
  "score4": 0.4830594275561036,
  "score5": 0.37640679574245395,
  "score6": 0.1933092515883071
}