{
  "score0": 0.6990560183488104,
  "score1": 0.7721060949244984,
  "score2": 0.6480881028631909,
  "score3": 0.1887939690375701,
  "score4": 0.2486075692761215,
  "score5": 0.0255303985158733,
  "score6": 0.20780812474831903
}