{
  "score0": 0.10312949020926981,
  "score1": 0.2653852543281758,
  "score2": 0.1492598691659359,
  "score3": 0.12508353651909535,
  "score4": 0.486343729072831,
  "score5": 0.3831095916206921,
  "score6": 0.1245583911088249
}