{
  "score0": 0.25087957208217404,
  "score1": 0.12362106202489961,
  "score2": 0.22546936757909708,
  "score3": 0.38621341925004665,
  "score4": 0.6972165402544839,
  "score5": 0.6445849967713434,
  "score6": 0.7814055032361544
}