{
  "score0": 0.12082940036906917,
  "score1": 0.2653852543281758,
  "score2": 0.1492598691659359,
  "score3": 0.14695537011872872,
  "score4": 0.5803949671728885,
  "score5": 0.552938880963581,
  "score6": 0.3951707556847175
}