{
  "score0": 0.2509410763121289,
  "score1": 0.18325749890520893,
  "score2": 0.1056281286201542,
  "score3": 0.32005911809957244,
  "score4": 0.2316142975640024,
  "score5": 0.7042790732622217,
  "score6": 0.6695290794072383
}