{
  "score0": 0.3056095403267432,
  "score1": 0.18325749890520893,
  "score2": 0.1056281286201542,
  "score3": 0.36316863411352607,
  "score4": 0.22762771315126176,
  "score5": 0.757177026232566,
  "score6": 0.6340468709078443
}