{
  "score0": 0.2750866642347992,
  "score1": 0.10243214651496906,
  "score2": 0.489312924549316,
  "score3": 0.6799401045404331,
  "score4": 0.679148476904715,
  "score5": 0.5307676017250449,
  "score6": 0.11182276289589495
}