{
  "score0": 0.48850967440422827,
  "score1": 0.7636675862246607,
  "score2": 0.09037941858462833,
  "score3": 0.06310831180375696,
  "score4": 0.2706096485580631,
  "score5": 0.577588202458403,
  "score6": 0.6492794828978937
}