{
  "score0": 0.08922433996564469,
  "score1": 0.5445224254488322,
  "score2": 0.7251764254136618,
  "score3": 0.7048407279498621,
  "score4": 0.5299270885715165,
  "score5": 0.0961754359726023,
  "score6": 0.1425325288997322
}