{
  "score0": 0.23931276357839565,
  "score1": 0.1759965146516595,
  "score2": 0.1675578778813271,
  "score3": 0.230995056348126,
  "score4": 0.42824878978208397,
  "score5": 0.7011666094398628,
  "score6": 0.7278338797053384
}