{
  "score0": 0.7894041521463475,
  "score1": 0.18403844247168477,
  "score2": 0.13175412396552327,
  "score3": 0.6578740146164601,
  "score4": 0.7003785903029454,
  "score5": 0.38125526856421077,
  "score6": 0.6302743133504175
}