{
  "score0": 0.5107016411997833,
  "score1": 0.7081874843326734,
  "score2": 0.6239021885790433,
  "score3": 0.40403421009350843,
  "score4": 0.2871262663474341,
  "score5": 0.1685812552539053,
  "score6": 0.5856476089487656
}