{
  "score0": 0.09429872845409394,
  "score1": 0.2702380899911842,
  "score2": 0.0984097192959651,
  "score3": 0.29831584307503034,
  "score4": 0.532020909040387,
  "score5": 0.29397490008734556,
  "score6": 0.3584761167507308
}