{
  "score0": 0.773397064219413,
  "score1": 0.19377862524100903,
  "score2": 0.11898279300258117,
  "score3": 0.04864982583551177,
  "score4": 0.44456159352886476,
  "score5": 0.11881853057544108,
  "score6": 0.3539425173291804
}