{
  "score0": 0.23931276357839565,
  "score1": 0.1759965146516595,
  "score2": 0.14030663367588314,
  "score3": 0.2267132317073354,
  "score4": 0.2520053209689908,
  "score5": 0.47981103971042377,
  "score6": 0.5683343150275358
}