{
  "score0": 0.2961465961542458,
  "score1": 0.16015085655554395,
  "score2": 0.1427808501081988,
  "score3": 0.297117186603462,
  "score4": 0.32076180808099314,
  "score5": 0.7330418026459774,
  "score6": 0.5048482468113472
}