{
  "score0": 0.48850967440422827,
  "score1": 0.7547341159810376,
  "score2": 0.13415695639039782,
  "score3": 0.10779652727948508,
  "score4": 0.033006440330186224,
  "score5": 0.06310831180375696,
  "score6": 0.2706096485580631
}