{
  "score0": 0.23373530689001273,
  "score1": 0.10243214651496906,
  "score2": 0.489312924549316,
  "score3": 0.6621380582799904,
  "score4": 0.41780538855520843,
  "score5": 0.5357895104477862,
  "score6": 0.1264367566659543
}