{
  "score0": 0.6815216311697591,
  "score1": 0.6528779402049045,
  "score2": 0.37522016749871023,
  "score3": 0.2503111086113452,
  "score4": 0.1454353112092999,
  "score5": 0.40228450955608447,
  "score6": 0.6402307279763104
}