{
  "score0": 0.2920215499782024,
  "score1": 0.08607916036842324,
  "score2": 0.4770662092501494,
  "score3": 0.544226180693455,
  "score4": 0.4830594275561036,
  "score5": 0.37640679574245395,
  "score6": 0.1933092515883071
}