{
  "score0": 0.43026679208411767,
  "score1": 0.7475413155485988,
  "score2": 0.1541683302510732,
  "score3": 0.09783496646245948,
  "score4": 0.22768075092175036,
  "score5": 0.11907395444477482,
  "score6": 0.47948049015607136
}