{
  "score0": 0.23931276357839565,
  "score1": 0.14671930554380327,
  "score2": 0.07711187033979167,
  "score3": 0.2520053209689908,
  "score4": 0.47981103971042377,
  "score5": 0.5683343150275358,
  "score6": 0.4980475430844032
}