{
  "score0": 0.08175277211033165,
  "score1": 0.5798556721098425,
  "score2": 0.7665687979116708,
  "score3": 0.705369828492142,
  "score4": 0.6631853021175277,
  "score5": 0.06471887362963527,
  "score6": 0.4875386544369558
}