{
  "score0": 0.21796900261913135,
  "score1": 0.12362106202489961,
  "score2": 0.22485154787869346,
  "score3": 0.5292467880063234,
  "score4": 0.7163689099419726,
  "score5": 0.7419484752780013,
  "score6": 0.6477045413454775
}