{
  "score0": 0.6091060488696126,
  "score1": 0.48073117127956244,
  "score2": 0.23336131161724968,
  "score3": 0.2805011572220927,
  "score4": 0.2034459570332928,
  "score5": 0.5737702462582556,
  "score6": 0.7679218791911536
}