{
  "score0": 0.2475249497415906,
  "score1": 0.5592827703569428,
  "score2": 0.3187275569368514,
  "score3": 0.6594233755813977,
  "score4": 0.6757120876443737,
  "score5": 0.34166649898409496,
  "score6": 0.30058658761955737
}