{
  "score0": 0.4752373775322838,
  "score1": 0.7120174835857485,
  "score2": 0.5151393807355169,
  "score3": 0.48288458678859425,
  "score4": 0.2946474610057184,
  "score5": 0.46024519907638634,
  "score6": 0.09638741356139391
}