{
  "score0": 0.5769398651778169,
  "score1": 0.4313675594868468,
  "score2": 0.7323647157793423,
  "score3": 0.4436132041507311,
  "score4": 0.30835920265796307,
  "score5": 0.33440862906632,
  "score6": 0.4954126570545942
}