{
  "score0": 0.7472027815781846,
  "score1": 0.7177587685100949,
  "score2": 0.6743211444679741,
  "score3": 0.1338621997428273,
  "score4": 0.3569653407103963,
  "score5": 0.18538275252410027,
  "score6": 0.01922156049795255
}