{
  "score0": 0.6972288546023482,
  "score1": 0.6756648604793539,
  "score2": 0.6126951849836371,
  "score3": 0.26255538152919017,
  "score4": 0.21206914971098909,
  "score5": 0.019724098353579012,
  "score6": 0.037401276783912904
}