{
  "score0": 0.35469240746117653,
  "score1": 0.6846062077797627,
  "score2": 0.3858385335073818,
  "score3": 0.2839937220347493,
  "score4": 0.8398748635863624,
  "score5": 0.15190304490559356,
  "score6": 0.06887804166394032
}