{
  "score0": 0.7877990735510035,
  "score1": 0.7601189464378597,
  "score2": 0.8328777040946684,
  "score3": 0.3143620579012052,
  "score4": 0.47121802574014215,
  "score5": 0.6982180422982408,
  "score6": 0.3972907494356354
}