{
  "score0": 0.5222307076218609,
  "score1": 0.35980840092792093,
  "score2": 0.643027867851194,
  "score3": 0.3655109565076356,
  "score4": 0.41790869212012977,
  "score5": 0.3897620487837458,
  "score6": 0.5647096716032788
}