{
  "score0": 0.39993073127259465,
  "score1": 0.7085461571625791,
  "score2": 0.5617607925529873,
  "score3": 0.25941712198562167,
  "score4": 0.2839937220347493,
  "score5": 0.8398748635863624,
  "score6": 0.15190304490559356
}