{
  "score0": 0.4573222891407123,
  "score1": 0.6528782752610014,
  "score2": 0.7566735348680766,
  "score3": 0.5269129234840667,
  "score4": 0.41390359922604464,
  "score5": 0.623812014703884,
  "score6": 0.1418293964362469
}