{
  "score0": 0.6959890678306913,
  "score1": 0.4604890137605044,
  "score2": 0.22160371503970705,
  "score3": 0.11917159364731257,
  "score4": 0.034861851111982846,
  "score5": 0.03227567065419435,
  "score6": 0.13277765108133222
}