{
  "score0": 0.6181739818001938,
  "score1": 0.57360620075652,
  "score2": 0.8285885142426366,
  "score3": 0.3087882561560527,
  "score4": 0.47015354598870224,
  "score5": 0.2998569491775684,
  "score6": 0.36439058465663005
}