{
  "score0": 0.542625902440193,
  "score1": 0.5788863932565544,
  "score2": 0.6631280593260231,
  "score3": 0.5605362397357864,
  "score4": 0.4239406143633409,
  "score5": 0.5723781216106761,
  "score6": 0.6572835706856893
}