{
  "score0": 0.5347353133992776,
  "score1": 0.43044958205005013,
  "score2": 0.6631280593260231,
  "score3": 0.5605362397357864,
  "score4": 0.4239406143633409,
  "score5": 0.5723781216106761,
  "score6": 0.6572835706856893
}