{
  "score0": 0.8187419174878875,
  "score1": 0.7561245794939926,
  "score2": 0.643575879398661,
  "score3": 0.18908259510054895,
  "score4": 0.19525104865117848,
  "score5": 0.1917868003829654,
  "score6": 0.019188732771972954
}