{
  "score0": 0.475997586754405,
  "score1": 0.551133368293891,
  "score2": 0.609645892172264,
  "score3": 0.2660677084205581,
  "score4": 0.8386174266387297,
  "score5": 0.5825318541968681,
  "score6": 0.642549542926647
}