{
  "score0": 0.39253268917771966,
  "score1": 0.4080523431813752,
  "score2": 0.5571949159286419,
  "score3": 0.7078520473961364,
  "score4": 0.4682053438323878,
  "score5": 0.6452984268188112,
  "score6": 0.4534968052420854
}