{
  "score0": 0.7472027815781846,
  "score1": 0.7820880722047769,
  "score2": 0.59051280420424,
  "score3": 0.3569653407103963,
  "score4": 0.18538275252410027,
  "score5": 0.01922156049795255,
  "score6": 0.019714697757441463
}