{
  "score0": 0.475997586754405,
  "score1": 0.551133368293891,
  "score2": 0.43230171304415943,
  "score3": 0.4352567453603897,
  "score4": 0.7498051204014068,
  "score5": 0.6071975844235951,
  "score6": 0.5644229143560512
}