{
  "score0": 0.5621187649145575,
  "score1": 0.35980840092792093,
  "score2": 0.643027867851194,
  "score3": 0.588851022164108,
  "score4": 0.3616292918919473,
  "score5": 0.4407698625940611,
  "score6": 0.26331325364151775
}