{
  "score0": 0.7950748388811876,
  "score1": 0.6957548354376178,
  "score2": 0.820176802965025,
  "score3": 0.3804828019641627,
  "score4": 0.34854516999996005,
  "score5": 0.7152268209944684,
  "score6": 0.7669329392691552
}