{
  "score0": 0.3819463927469094,
  "score1": 0.5514680359458339,
  "score2": 0.4476598445893051,
  "score3": 0.5053544713252962,
  "score4": 0.4821818123366619,
  "score5": 0.2960695957911805,
  "score6": 0.5250960921510325
}