{
  "score0": 0.6407117030727502,
  "score1": 0.6058702850947328,
  "score2": 0.6592769668657193,
  "score3": 0.24978305181182603,
  "score4": 0.4017928706045313,
  "score5": 0.4867150677939051,
  "score6": 0.24882925228918906
}