{
  "score0": 0.6280736823632498,
  "score1": 0.7932203565246907,
  "score2": 0.12749076717349153,
  "score3": 0.035999840617698536,
  "score4": 0.007107227716040672,
  "score5": 0.17031812800123314,
  "score6": 0.7450139032761518
}