{
  "score0": 0.33252829120666794,
  "score1": 0.39695262224605216,
  "score2": 0.47113617167205557,
  "score3": 0.5238872644432703,
  "score4": 0.6147154528561836,
  "score5": 0.814990129305821,
  "score6": 0.43761039871041246
}