{
  "score0": 0.7515524714409385,
  "score1": 0.29738428839933334,
  "score2": 0.6662193003805067,
  "score3": 0.18249658871581054,
  "score4": 0.44969668306953214,
  "score5": 0.3450586159039071,
  "score6": 0.8536859604409953
}