{
  "score0": 0.7450600784627749,
  "score1": 0.6690752305619949,
  "score2": 0.44917062486233417,
  "score3": 0.1659177976720483,
  "score4": 0.30888684171174213,
  "score5": 0.02566514983598871,
  "score6": 0.006851041426723496
}