{
  "score0": 0.5959746266421682,
  "score1": 0.6380233395202403,
  "score2": 0.5965403125632329,
  "score3": 0.2880411514881132,
  "score4": 0.28662213131986,
  "score5": 0.2860830349550356,
  "score6": 0.25424329796861955
}