{
  "score0": 0.7495892586541186,
  "score1": 0.39981104584307525,
  "score2": 0.4139852642563427,
  "score3": 0.14915675120650793,
  "score4": 0.06930275478402306,
  "score5": 0.027389617850807624,
  "score6": 0.074997851069476
}