{
  "score0": 0.77731226036983,
  "score1": 0.9054798379853314,
  "score2": 0.5597919506981223,
  "score3": 0.38296441539083165,
  "score4": 0.4889680734821347,
  "score5": 0.84381318645855,
  "score6": 0.1982345837159817
}