{
  "score0": 0.8220457612464444,
  "score1": 0.1445201708023484,
  "score2": 0.04035639094828179,
  "score3": 0.1767270911350521,
  "score4": 0.44653803276924803,
  "score5": 0.42871075234039147,
  "score6": 0.38511874057646717
}