{
  "score0": 0.3095671077666896,
  "score1": 0.428326079093235,
  "score2": 0.4653237514926454,
  "score3": 0.8468678472151513,
  "score4": 0.13720965979539698,
  "score5": 0.0881362816282894,
  "score6": 0.2244560017270805
}