{
  "score0": 0.3232946603758446,
  "score1": 0.428326079093235,
  "score2": 0.45299138393897176,
  "score3": 0.408703934227895,
  "score4": 0.48042374547594296,
  "score5": 0.654691633152379,
  "score6": 0.4721119951503934
}