{
  "score0": 0.4573222891407123,
  "score1": 0.7120174835857485,
  "score2": 0.6202470678145929,
  "score3": 0.4601601919522908,
  "score4": 0.41390359922604464,
  "score5": 0.623812014703884,
  "score6": 0.1418293964362469
}