{
  "score0": 0.4755848446243067,
  "score1": 0.8145656677090556,
  "score2": 0.8000055981136104,
  "score3": 0.2758118312766924,
  "score4": 0.6353071052512576,
  "score5": 0.8196974658484653,
  "score6": 0.19244837424208497
}