{
  "score0": 0.7065862298058507,
  "score1": 0.7876950003195136,
  "score2": 0.7873454194766958,
  "score3": 0.6526673250584217,
  "score4": 0.14419288973044972,
  "score5": 0.6105084750339301,
  "score6": 0.05083738294739328
}