{
  "score0": 0.7488185990538073,
  "score1": 0.6407406631277339,
  "score2": 0.6087550612518651,
  "score3": 0.05608178706102241,
  "score4": 0.08800921068957189,
  "score5": 0.019549162724985688,
  "score6": 0.033359021458222574
}