{
  "score0": 0.6565612407725807,
  "score1": 0.57360620075652,
  "score2": 0.8285885142426366,
  "score3": 0.2542590610155095,
  "score4": 0.3361601149973426,
  "score5": 0.28729162360996696,
  "score6": 0.35334411843320757
}