{
  "score0": 0.7447462431880193,
  "score1": 0.4604890137605044,
  "score2": 0.13191367201011814,
  "score3": 0.2246959854522866,
  "score4": 0.06930275478402306,
  "score5": 0.027389617850807624,
  "score6": 0.074997851069476
}