{
  "score0": 0.77731226036983,
  "score1": 0.9001255652775492,
  "score2": 0.7920748092281256,
  "score3": 0.3929739776449344,
  "score4": 0.38296441539083165,
  "score5": 0.4889680734821347,
  "score6": 0.84381318645855
}