{
  "score0": 0.8124245393324486,
  "score1": 0.14648437094025105,
  "score2": 0.1141529238374088,
  "score3": 0.03356603426475743,
  "score4": 0.20117611575013203,
  "score5": 0.6130340430379924,
  "score6": 0.35808278582150077
}