{
  "score0": 0.7715337624691441,
  "score1": 0.7561245794939926,
  "score2": 0.643575879398661,
  "score3": 0.21148917943378254,
  "score4": 0.5257589655622669,
  "score5": 0.17893752780097708,
  "score6": 0.191889036578901
}