{
  "score0": 0.6817856918489813,
  "score1": 0.4964963336452203,
  "score2": 0.21538096073724006,
  "score3": 0.21623241877663243,
  "score4": 0.02546797997690609,
  "score5": 0.03034773543366229,
  "score6": 0.04501108308048221
}