{
  "score0": 0.3385428966709726,
  "score1": 0.49970028261795196,
  "score2": 0.49953335650302694,
  "score3": 0.4508571786693885,
  "score4": 0.599873781723829,
  "score5": 0.4547675332272762,
  "score6": 0.13219400258322136
}