{
  "score0": 0.7707465535229843,
  "score1": 0.41609707493032344,
  "score2": 0.4139852642563427,
  "score3": 0.14915675120650793,
  "score4": 0.06267714522302859,
  "score5": 0.06639248146909063,
  "score6": 0.11028009674710389
}