{
  "score0": 0.7557390281719027,
  "score1": 0.746685349452834,
  "score2": 0.6776945718720452,
  "score3": 0.5739395494778318,
  "score4": 0.501388097764134,
  "score5": 0.143182034916723,
  "score6": 0.06627155527367277
}