{
  "score0": 0.6565612407725807,
  "score1": 0.57360620075652,
  "score2": 0.8319428830018619,
  "score3": 0.2512587613623072,
  "score4": 0.35617458429167775,
  "score5": 0.3124913147080685,
  "score6": 0.31149250815152346
}