{
  "score0": 0.7050672073159421,
  "score1": 0.7932203565246907,
  "score2": 0.07290374286170226,
  "score3": 0.0415033152890224,
  "score4": 0.019733169773092394,
  "score5": 0.1829561908825822,
  "score6": 0.5122411245408062
}