{
  "score0": 0.5347353133992776,
  "score1": 0.43044958205005013,
  "score2": 0.6070836288652712,
  "score3": 0.5657933158083094,
  "score4": 0.3958888584886278,
  "score5": 0.4726597085983269,
  "score6": 0.8353393122284984
}