{
  "score0": 0.7890313355520814,
  "score1": 0.7359446640594073,
  "score2": 0.6703481500125633,
  "score3": 0.35360860177852665,
  "score4": 0.5257589655622669,
  "score5": 0.17893752780097708,
  "score6": 0.191889036578901
}