{
  "score0": 0.34598552158557855,
  "score1": 0.6612758674222285,
  "score2": 0.6853981487258269,
  "score3": 0.23833551627859173,
  "score4": 0.837409465596162,
  "score5": 0.8494589996418419,
  "score6": 0.37956375917705526
}