{
  "score0": 0.5742829539400636,
  "score1": 0.5644287712572548,
  "score2": 0.5582434230234804,
  "score3": 0.5530077335460729,
  "score4": 0.5467429695775835,
  "score5": 0.8188576093574165,
  "score6": 0.2703888586650108
}