{
  "score0": 0.6329352310398036,
  "score1": 0.5510804342344585,
  "score2": 0.8814395043128341,
  "score3": 0.3087882561560527,
  "score4": 0.47015354598870224,
  "score5": 0.2998569491775684,
  "score6": 0.36439058465663005
}