{
  "score0": 0.6528782752610014,
  "score1": 0.7566735348680766,
  "score2": 0.6089120931159907,
  "score3": 0.6472654491684867,
  "score4": 0.2874786726789009,
  "score5": 0.16742001968083856,
  "score6": 0.7337507673916339
}