{
  "score0": 0.3185253352188629,
  "score1": 0.5299750052592701,
  "score2": 0.5042765166742995,
  "score3": 0.4511784919015271,
  "score4": 0.599873781723829,
  "score5": 0.4547675332272762,
  "score6": 0.13219400258322136
}