{
  "score0": 0.7692573845839061,
  "score1": 0.778026014263086,
  "score2": 0.7375662094160828,
  "score3": 0.627060457407228,
  "score4": 0.21080105365749705,
  "score5": 0.3278026387405211,
  "score6": 0.1579611893122758
}