{
  "score0": 0.39993073127259465,
  "score1": 0.7085677936669712,
  "score2": 0.3858385335073818,
  "score3": 0.2839937220347493,
  "score4": 0.8398748635863624,
  "score5": 0.15190304490559356,
  "score6": 0.06887804166394032
}