{
  "score0": 0.7980110217170082,
  "score1": 0.6957548354376178,
  "score2": 0.820176802965025,
  "score3": 0.3804828019641627,
  "score4": 0.23411328264018708,
  "score5": 0.7509000223660941,
  "score6": 0.7235936564715543
}