{
  "score0": 0.3637401989786321,
  "score1": 0.8168886024964035,
  "score2": 0.07290374286170226,
  "score3": 0.029127604085037177,
  "score4": 0.025656933155053168,
  "score5": 0.06252467003505895,
  "score6": 0.5125177134309823
}