{
  "score0": 0.2956377990952311,
  "score1": 0.5775287301674084,
  "score2": 0.6607442562628186,
  "score3": 0.539135349976173,
  "score4": 0.4630123013301535,
  "score5": 0.42977685558659,
  "score6": 0.4633570254494523
}