{
  "score0": 0.5959746266421682,
  "score1": 0.6380233395202403,
  "score2": 0.6402104364176746,
  "score3": 0.6327837979480694,
  "score4": 0.28158785945501524,
  "score5": 0.3845999837627249,
  "score6": 0.050159343187909704
}