{
  "score0": 0.6283395832363583,
  "score1": 0.7593442377787694,
  "score2": 0.8996422532769106,
  "score3": 0.3657635281932044,
  "score4": 0.3679881125456313,
  "score5": 0.38584769051065776,
  "score6": 0.27315525152350484
}