{
  "score0": 0.45821029677026875,
  "score1": 0.4775723326227214,
  "score2": 0.5351531753262454,
  "score3": 0.4821818123366619,
  "score4": 0.2960695957911805,
  "score5": 0.5250960921510325,
  "score6": 0.25797313322229076
}