{
  "score0": 0.6817856918489813,
  "score1": 0.5706637145149736,
  "score2": 0.10206536564382933,
  "score3": 0.02546797997690609,
  "score4": 0.03034773543366229,
  "score5": 0.04501108308048221,
  "score6": 0.18525777208296568
}