{
  "score0": 0.5435447728959384,
  "score1": 0.8080734671337765,
  "score2": 0.534675396971465,
  "score3": 0.6353071052512576,
  "score4": 0.8196974658484653,
  "score5": 0.19244837424208497,
  "score6": 0.12637675778700155
}