{
  "score0": 0.7703892920107287,
  "score1": 0.7177587685100949,
  "score2": 0.6487266823874962,
  "score3": 0.10016897918832297,
  "score4": 0.2508521876028335,
  "score5": 0.0940172210506271,
  "score6": 0.01826841231137273
}