{
  "score0": 0.8220457612464444,
  "score1": 0.14979816598021253,
  "score2": 0.07175292635937071,
  "score3": 0.013253294245567595,
  "score4": 0.1767270911350521,
  "score5": 0.44653803276924803,
  "score6": 0.42871075234039147
}