{
  "score0": 0.4755848446243067,
  "score1": 0.8145656677090556,
  "score2": 0.7531258911471136,
  "score3": 0.3900016326828111,
  "score4": 0.8395456438286294,
  "score5": 0.7422516611361045,
  "score6": 0.4826054149170669
}