{
  "score0": 0.7295067371053253,
  "score1": 0.778026014263086,
  "score2": 0.7375662094160828,
  "score3": 0.627060457407228,
  "score4": 0.28476695336120683,
  "score5": 0.15141508086237723,
  "score6": 0.24703300379589802
}