{
  "score0": 0.3110269402232854,
  "score1": 0.45821029677026875,
  "score2": 0.4775723326227214,
  "score3": 0.43380422426224285,
  "score4": 0.35497068486284206,
  "score5": 0.7987825030850261,
  "score6": 0.38956808297473233
}