{
  "score0": 0.5174810616286747,
  "score1": 0.4625100665957236,
  "score2": 0.5222036348306961,
  "score3": 0.31367273319565403,
  "score4": 0.5423995269407049,
  "score5": 0.22588672576590815,
  "score6": 0.20101424330856796
}