{
  "score0": 0.31642506783398094,
  "score1": 0.5299750052592701,
  "score2": 0.5042765166742995,
  "score3": 0.43113672794500485,
  "score4": 0.356439553048282,
  "score5": 0.7439155806924157,
  "score6": 0.42333332304738974
}