{
  "score0": 0.7324153065415092,
  "score1": 0.7876950003195136,
  "score2": 0.7873454194766958,
  "score3": 0.3414689222582072,
  "score4": 0.21080105365749705,
  "score5": 0.3278026387405211,
  "score6": 0.1579611893122758
}