{
  "score0": 0.7734860919700971,
  "score1": 0.6690752305619949,
  "score2": 0.44917062486233417,
  "score3": 0.5896084653702441,
  "score4": 0.1554182649377612,
  "score5": 0.027874563649196465,
  "score6": 0.03301196173426456
}