{
  "score0": 0.39695262224605216,
  "score1": 0.47113617167205557,
  "score2": 0.5222036348306961,
  "score3": 0.31367273319565403,
  "score4": 0.5423995269407049,
  "score5": 0.22588672576590815,
  "score6": 0.20101424330856796
}