{
  "score0": 0.3095671077666896,
  "score1": 0.5344149389267244,
  "score2": 0.555214167669973,
  "score3": 0.13720965979539698,
  "score4": 0.0881362816282894,
  "score5": 0.2244560017270805,
  "score6": 0.7957850971834833
}