{
  "score0": 0.6899628500273954,
  "score1": 0.6756648604793539,
  "score2": 0.6786308895191049,
  "score3": 0.15677719446071958,
  "score4": 0.16666246892314399,
  "score5": 0.03201606699218756,
  "score6": 0.241296874365759
}