{
  "score0": 0.5769398651778169,
  "score1": 0.4313675594868468,
  "score2": 0.748729599607837,
  "score3": 0.4917245816214894,
  "score4": 0.29043658750774165,
  "score5": 0.34421188164509164,
  "score6": 0.5533657638838295
}