{
  "score0": 0.41661699145418374,
  "score1": 0.6966717891179709,
  "score2": 0.14259124277877605,
  "score3": 0.03504098628702463,
  "score4": 0.035100729430234894,
  "score5": 0.12711012283793094,
  "score6": 0.5118988818514585
}