{
  "score0": 0.4818988841242662,
  "score1": 0.35469240746117653,
  "score2": 0.6846062077797627,
  "score3": 0.3655109565076356,
  "score4": 0.41790869212012977,
  "score5": 0.3897620487837458,
  "score6": 0.5647096716032788
}