{
  "score0": 0.790892087560683,
  "score1": 0.9001255652775492,
  "score2": 0.7532957758986191,
  "score3": 0.47373923555502656,
  "score4": 0.5128229211678987,
  "score5": 0.694588858271905,
  "score6": 0.20500002054756594
}