{
  "score0": 0.6058702850947328,
  "score1": 0.6592769668657193,
  "score2": 0.2677337973538804,
  "score3": 0.17655517954241784,
  "score4": 0.2921795687720569,
  "score5": 0.47402066598801146,
  "score6": 0.14355575278060637
}