{
  "score0": 0.6407406631277339,
  "score1": 0.6087550612518651,
  "score2": 0.10206536564382933,
  "score3": 0.02546797997690609,
  "score4": 0.03034773543366229,
  "score5": 0.04501108308048221,
  "score6": 0.18525777208296568
}