{
  "score0": 0.6407117030727502,
  "score1": 0.6058702850947328,
  "score2": 0.6853981487258269,
  "score3": 0.27253253375930836,
  "score4": 0.1376499675971938,
  "score5": 0.5976520918642478,
  "score6": 0.2673254420866671
}