{
  "score0": 0.46911697580318484,
  "score1": 0.4391957412751018,
  "score2": 0.7323647157793423,
  "score3": 0.4436132041507311,
  "score4": 0.30835920265796307,
  "score5": 0.33440862906632,
  "score6": 0.4954126570545942
}