{
  "score0": 0.7287335631991827,
  "score1": 0.14648437094025105,
  "score2": 0.1141529238374088,
  "score3": 0.07605100727727189,
  "score4": 0.19163993829687076,
  "score5": 0.2819691720951842,
  "score6": 0.6431853083064863
}