{
  "score0": 0.7515524714409385,
  "score1": 0.2936563202442184,
  "score2": 0.6477882169984607,
  "score3": 0.16772868311554975,
  "score4": 0.44969668306953214,
  "score5": 0.3450586159039071,
  "score6": 0.8536859604409953
}