{
  "score0": 0.6959890678306913,
  "score1": 0.4604890137605044,
  "score2": 0.13191367201011814,
  "score3": 0.21139216870510089,
  "score4": 0.03487266528429787,
  "score5": 0.019414501883207192,
  "score6": 0.034963792101321854
}