{
  "score0": 0.14951410134363788,
  "score1": 0.2726991992270051,
  "score2": 0.5761680550300176,
  "score3": 0.7170782804950746,
  "score4": 0.6783058298523725,
  "score5": 0.7856210701443068,
  "score6": 0.1822009470303237
}