{
  "score0": 0.6182770446664066,
  "score1": 0.3040886951093682,
  "score2": 0.10143074792907872,
  "score3": 0.08016881301468169,
  "score4": 0.23917227075871217,
  "score5": 0.6664133848455311,
  "score6": 0.681020837109922
}