{
  "score0": 0.7745522004011818,
  "score1": 0.6206665978876773,
  "score2": 0.3217479706327326,
  "score3": 0.13824789993651143,
  "score4": 0.11232015148143035,
  "score5": 0.35777347371670987,
  "score6": 0.5529891345175968
}