{
  "score0": 0.6820134916684563,
  "score1": 0.765936749046837,
  "score2": 0.6511501240562473,
  "score3": 0.20700994781497417,
  "score4": 0.09192776413826728,
  "score5": 0.1260522718811414,
  "score6": 0.249472457943025
}