{
  "score0": 0.7647837460159468,
  "score1": 0.9468834443214426,
  "score2": 0.7267469900367948,
  "score3": 0.13846455306975713,
  "score4": 0.06132574853565883,
  "score5": 0.05390006216783007,
  "score6": 0.3657447268939103
}