{
  "score0": 0.23766868877802133,
  "score1": 0.5791053087562937,
  "score2": 0.7609232479626038,
  "score3": 0.23289064142018992,
  "score4": 0.10029766131599227,
  "score5": 0.12991201569666727,
  "score6": 0.6999087843357059
}