{
  "score0": 0.9341273121692055,
  "score1": 0.626075492380499,
  "score2": 0.18706451386515707,
  "score3": 0.05101913913662405,
  "score4": 0.025731578806429872,
  "score5": 0.1395221536993001,
  "score6": 0.33649893209751464
}