{
  "score0": 0.08897460158010097,
  "score1": 0.13841263043278493,
  "score2": 0.3818036232783388,
  "score3": 0.6094353982537685,
  "score4": 0.33370976059678015,
  "score5": 0.61560991809172,
  "score6": 0.7408747824705729
}