{
  "score0": 0.7745522004011818,
  "score1": 0.6206665978876773,
  "score2": 0.3217479706327326,
  "score3": 0.09440262737840865,
  "score4": 0.12624501940293995,
  "score5": 0.5071648050687411,
  "score6": 0.553431614974807
}