{
  "score0": 0.138672859292496,
  "score1": 0.6536821976014715,
  "score2": 0.5537122332762643,
  "score3": 0.5101558281500009,
  "score4": 0.6746689240935482,
  "score5": 0.6260726604454896,
  "score6": 0.6257534759454603
}