{
  "score0": 0.17326498954541084,
  "score1": 0.1133338140794391,
  "score2": 0.15020271981322245,
  "score3": 0.35711961349317495,
  "score4": 0.36485039703730404,
  "score5": 0.4992262268040105,
  "score6": 0.39861240255640396
}