{
  "score0": 0.9393682825621681,
  "score1": 0.9439233134903727,
  "score2": 0.6004905755174699,
  "score3": 0.13511117893303368,
  "score4": 0.026941240138915083,
  "score5": 0.019824804705633324,
  "score6": 0.11246228750467321
}