{
  "score0": 0.12769387909171362,
  "score1": 0.19838411271240447,
  "score2": 0.35072939792314994,
  "score3": 0.4456075001061092,
  "score4": 0.4348323732377035,
  "score5": 0.5619383414286703,
  "score6": 0.6587558246157765
}