{
  "score0": 0.3855994556631063,
  "score1": 0.7772937109867982,
  "score2": 0.6075947148951756,
  "score3": 0.6573781780954797,
  "score4": 0.5968716205542031,
  "score5": 0.12672101533322333,
  "score6": 0.22257772998464181
}