{
  "score0": 0.7804795637004784,
  "score1": 0.6153006727132501,
  "score2": 0.31042375041020903,
  "score3": 0.13824789993651143,
  "score4": 0.11232015148143035,
  "score5": 0.35777347371670987,
  "score6": 0.5529891345175968
}