{
  "score0": 0.8162706895813844,
  "score1": 0.7491160891367626,
  "score2": 0.9541372128454416,
  "score3": 0.6763082476486725,
  "score4": 0.28879788171909226,
  "score5": 0.15751234203373432,
  "score6": 0.08176883297645778
}