{
  "score0": 0.14154975213602572,
  "score1": 0.4723496056259952,
  "score2": 0.678476619633107,
  "score3": 0.5426800289112144,
  "score4": 0.5731763581453724,
  "score5": 0.5708116931529854,
  "score6": 0.4709743772893068
}