{
  "score0": 0.6943201869577127,
  "score1": 0.8122755410817533,
  "score2": 0.8185132020963559,
  "score3": 0.42972747903640274,
  "score4": 0.13277280700450764,
  "score5": 0.10046929909744057,
  "score6": 0.3898236374591868
}