{
  "score0": 0.6002893267867196,
  "score1": 0.49001445626918566,
  "score2": 0.6950228776541324,
  "score3": 0.6233891500592944,
  "score4": 0.5996104550525196,
  "score5": 0.3590882570328715,
  "score6": 0.5502353475558821
}