{
  "score0": 0.9158263366776965,
  "score1": 0.624879396319031,
  "score2": 0.3845184995993927,
  "score3": 0.03452921781609299,
  "score4": 0.03024841794898305,
  "score5": 0.1408764853247052,
  "score6": 0.38865319722456826
}