{
  "score0": 0.6874922555461317,
  "score1": 0.9375634249746114,
  "score2": 0.9193941344935959,
  "score3": 0.45673472453943814,
  "score4": 0.13022419986371447,
  "score5": 0.05580103736154092,
  "score6": 0.0206748342337387
}