{
  "score0": 0.7009071390122639,
  "score1": 0.7819767902909219,
  "score2": 0.662725852931754,
  "score3": 0.27377948092248816,
  "score4": 0.10006619363351728,
  "score5": 0.10681877923191649,
  "score6": 0.5658196549602048
}