{
  "score0": 0.8926296785636918,
  "score1": 0.7398216490332619,
  "score2": 0.9021913311619786,
  "score3": 0.4867632060072666,
  "score4": 0.2258311926305468,
  "score5": 0.1682301315232696,
  "score6": 0.11659859563334696
}