{
  "score0": 0.11345684005816216,
  "score1": 0.19814635510862563,
  "score2": 0.12372191555742942,
  "score3": 0.40659374527088277,
  "score4": 0.44811156167622956,
  "score5": 0.4301923630714764,
  "score6": 0.5235113137598524
}