{
  "score0": 0.5925644230696527,
  "score1": 0.44317814802946937,
  "score2": 0.15261617350320428,
  "score3": 0.09401242196756326,
  "score4": 0.263897010318073,
  "score5": 0.4101722837304932,
  "score6": 0.4377757078558478
}