{
  "score0": 0.8207922492682911,
  "score1": 0.7346422413023433,
  "score2": 0.9470198974729821,
  "score3": 0.6164016560065737,
  "score4": 0.283452709393186,
  "score5": 0.2582956548060582,
  "score6": 0.06626425050910387
}