{
  "score0": 0.40465680189039566,
  "score1": 0.6943201869577127,
  "score2": 0.8122755410817533,
  "score3": 0.7995231653526642,
  "score4": 0.44669293692215456,
  "score5": 0.14597892186494763,
  "score6": 0.08941492093145001
}