{
  "score0": 0.95523814600898,
  "score1": 0.9439233134903727,
  "score2": 0.6334329682722123,
  "score3": 0.18811498328685922,
  "score4": 0.036570159966215376,
  "score5": 0.03976784807790514,
  "score6": 0.23254161857950084
}