{
  "score0": 0.6387295795918704,
  "score1": 0.3855994556631063,
  "score2": 0.7772937109867982,
  "score3": 0.6302273251056543,
  "score4": 0.6790245891942045,
  "score5": 0.5911066107397913,
  "score6": 0.14818344396952682
}