{
  "score0": 0.23896599073127664,
  "score1": 0.11345684005816216,
  "score2": 0.19814635510862563,
  "score3": 0.12372191555742942,
  "score4": 0.36485039703730404,
  "score5": 0.4992262268040105,
  "score6": 0.39861240255640396
}