{
  "score0": 0.4068438294569379,
  "score1": 0.8058637189502332,
  "score2": 0.7376803526699375,
  "score3": 0.6631731706786508,
  "score4": 0.25524613118843276,
  "score5": 0.3322112912535077,
  "score6": 0.1682867628779095
}