{
  "score0": 0.6058095559347563,
  "score1": 0.3338798339139595,
  "score2": 0.10127390168918021,
  "score3": 0.3591720098522375,
  "score4": 0.48526221313498374,
  "score5": 0.5421428399342987,
  "score6": 0.20217665003981394
}