{
  "score0": 0.5430799938746869,
  "score1": 0.43966637218087035,
  "score2": 0.7914861899946458,
  "score3": 0.6308026597102596,
  "score4": 0.6783014715502708,
  "score5": 0.5432061909379317,
  "score6": 0.10740427025125766
}