{
  "score0": 0.22396362854232493,
  "score1": 0.11353705262717045,
  "score2": 0.1274359213975915,
  "score3": 0.3574380594497165,
  "score4": 0.5456685509776151,
  "score5": 0.5544481781602771,
  "score6": 0.26196936179216496
}