{
  "score0": 0.9568819186339592,
  "score1": 0.9461708713858226,
  "score2": 0.5195981632558693,
  "score3": 0.06383153424513337,
  "score4": 0.02067008717964092,
  "score5": 0.16275766984056617,
  "score6": 0.5245463541140309
}