{
  "score0": 0.0598551313880322,
  "score1": 0.6217551917264587,
  "score2": 0.4989147327295589,
  "score3": 0.5327364999062146,
  "score4": 0.5860211944773486,
  "score5": 0.6021321380751756,
  "score6": 0.41358929992858634
}