{
  "score0": 0.22396362854232493,
  "score1": 0.11353705262717045,
  "score2": 0.12676855070350349,
  "score3": 0.12243432821717884,
  "score4": 0.39151322604667793,
  "score5": 0.5845034748936755,
  "score6": 0.4894688583780136
}