{
  "score0": 0.6058095559347563,
  "score1": 0.31285720557719704,
  "score2": 0.18321040778596848,
  "score3": 0.07217932841210864,
  "score4": 0.2829151244243176,
  "score5": 0.38127673636598375,
  "score6": 0.41859083009264086
}