{
  "score0": 0.6636778805947873,
  "score1": 0.25091339071737034,
  "score2": 0.1065262730771039,
  "score3": 0.15829930433054445,
  "score4": 0.29361872454191207,
  "score5": 0.40789680631750613,
  "score6": 0.6294089460433097
}