{
  "score0": 0.9341273121692055,
  "score1": 0.626075492380499,
  "score2": 0.23953254466789428,
  "score3": 0.025731578806429872,
  "score4": 0.1395221536993001,
  "score5": 0.33649893209751464,
  "score6": 0.37508022071799546
}