{
  "score0": 0.10946908716339686,
  "score1": 0.30246928353680225,
  "score2": 0.6372529619865601,
  "score3": 0.735738153460287,
  "score4": 0.6672270995165668,
  "score5": 0.8393180778249526,
  "score6": 0.25073109915923464
}