{
  "score0": 0.49418560667825895,
  "score1": 0.8439145379271994,
  "score2": 0.760474546456571,
  "score3": 0.62216158688854,
  "score4": 0.5192440184222681,
  "score5": 0.22611012307217254,
  "score6": 0.2632494751835027
}