{
  "score0": 0.49418560667825895,
  "score1": 0.8439145379271994,
  "score2": 0.760474546456571,
  "score3": 0.6124433505314535,
  "score4": 0.5473404700409111,
  "score5": 0.21313951352847493,
  "score6": 0.186074230600426
}