{
  "score0": 0.8162706895813844,
  "score1": 0.7491160891367626,
  "score2": 0.9541372128454416,
  "score3": 0.5937066133188258,
  "score4": 0.2362998689816628,
  "score5": 0.11809993565598939,
  "score6": 0.08801248760382041
}