{
  "score0": 0.7722529947126109,
  "score1": 0.5923633288973483,
  "score2": 0.3364588748060864,
  "score3": 0.09440262737840865,
  "score4": 0.12624501940293995,
  "score5": 0.5071648050687411,
  "score6": 0.553431614974807
}