{
  "score0": 0.14951410134363788,
  "score1": 0.2726991992270051,
  "score2": 0.5761680550300176,
  "score3": 0.7170782804950746,
  "score4": 0.6672270995165668,
  "score5": 0.8393180778249526,
  "score6": 0.25073109915923464
}