{
  "score0": 0.9320278576412616,
  "score1": 0.605246226689653,
  "score2": 0.3625154343589679,
  "score3": 0.020352032801756653,
  "score4": 0.04452815840549138,
  "score5": 0.18965253301476293,
  "score6": 0.41910295430228406
}