{
  "score0": 0.1470056076952519,
  "score1": 0.5757892809434803,
  "score2": 0.5265921659262663,
  "score3": 0.5101558281500009,
  "score4": 0.6746689240935482,
  "score5": 0.6260726604454896,
  "score6": 0.6257534759454603
}