{
  "score0": 0.3855994556631063,
  "score1": 0.7772937109867982,
  "score2": 0.6206148378482862,
  "score3": 0.12672101533322333,
  "score4": 0.22257772998464181,
  "score5": 0.08001881792545026,
  "score6": 0.26208910964068644
}