{
  "score0": 0.14154975213602572,
  "score1": 0.4723496056259952,
  "score2": 0.5248110073489884,
  "score3": 0.5727388112907799,
  "score4": 0.5670319463362474,
  "score5": 0.4893258962927253,
  "score6": 0.36636901618582046
}