{
  "score0": 0.950655089099077,
  "score1": 0.9282214959860343,
  "score2": 0.6579155302704823,
  "score3": 0.14902990844389752,
  "score4": 0.062835429410799,
  "score5": 0.031947433409008755,
  "score6": 0.10847616559245282
}