{
  "score0": 0.6536821976014715,
  "score1": 0.5537122332762643,
  "score2": 0.6950228776541324,
  "score3": 0.6233891500592944,
  "score4": 0.5996104550525196,
  "score5": 0.3590882570328715,
  "score6": 0.5502353475558821
}