{
  "score0": 0.6387295795918704,
  "score1": 0.3855994556631063,
  "score2": 0.7772937109867982,
  "score3": 0.6308026597102596,
  "score4": 0.6783014715502708,
  "score5": 0.5432061909379317,
  "score6": 0.10740427025125766
}