{
  "score0": 0.6528106408868206,
  "score1": 0.779869582942151,
  "score2": 0.6535950365544673,
  "score3": 0.4299762886020468,
  "score4": 0.08525949666449922,
  "score5": 0.12428614389635476,
  "score6": 0.24206774907673861
}