{
  "score0": 0.7951862788293476,
  "score1": 0.6399375268675613,
  "score2": 0.29023569790953613,
  "score3": 0.07903456115238806,
  "score4": 0.12643659514132932,
  "score5": 0.5441614651845105,
  "score6": 0.6487408207438726
}