{
  "score0": 0.7951862788293476,
  "score1": 0.6399375268675613,
  "score2": 0.2702266513508041,
  "score3": 0.07281547177047179,
  "score4": 0.4507765804449793,
  "score5": 0.6533377331811123,
  "score6": 0.6341356782035519
}