{
  "score0": 0.49418560667825895,
  "score1": 0.8439145379271994,
  "score2": 0.7376803526699375,
  "score3": 0.6631731706786508,
  "score4": 0.25524613118843276,
  "score5": 0.3322112912535077,
  "score6": 0.1682867628779095
}