{
  "score0": 0.4769255483242087,
  "score1": 0.8281088023046004,
  "score2": 0.7566610033492064,
  "score3": 0.6124433505314535,
  "score4": 0.5473404700409111,
  "score5": 0.21313951352847493,
  "score6": 0.186074230600426
}