{
  "score0": 0.5871227033331666,
  "score1": 0.24229762813344607,
  "score2": 0.12737765872185813,
  "score3": 0.08016881301468169,
  "score4": 0.17426555372541427,
  "score5": 0.2949379161877005,
  "score6": 0.48756000284059253
}