{
  "score0": 0.7647837460159468,
  "score1": 0.9468834443214426,
  "score2": 0.9037271785144801,
  "score3": 0.32554730618094196,
  "score4": 0.13022511233708348,
  "score5": 0.05392060350473221,
  "score6": 0.11527523242387502
}