{
  "score0": 0.6943201869577127,
  "score1": 0.8122755410817533,
  "score2": 0.6445972263804728,
  "score3": 0.13277280700450764,
  "score4": 0.10046929909744057,
  "score5": 0.3898236374591868,
  "score6": 0.38381741935217106
}