{
  "score0": 0.6002893267867196,
  "score1": 0.49001445626918566,
  "score2": 0.8407260744195688,
  "score3": 0.644613380825904,
  "score4": 0.6493972797683991,
  "score5": 0.33875169025962815,
  "score6": 0.21623769873443074
}