{
  "score0": 0.7009071390122639,
  "score1": 0.7822712770074628,
  "score2": 0.6395531987575639,
  "score3": 0.15705634781024524,
  "score4": 0.03274314345229777,
  "score5": 0.22022303529296722,
  "score6": 0.5208157885854232
}