{
  "score0": 0.5925644230696527,
  "score1": 0.44317814802946937,
  "score2": 0.15827637627612065,
  "score3": 0.06873746183691128,
  "score4": 0.25854002552514055,
  "score5": 0.5093985939311678,
  "score6": 0.45016042669401374
}