{
  "score0": 0.5723080716978683,
  "score1": 0.4256820923883424,
  "score2": 0.1526923916913214,
  "score3": 0.042156383902783846,
  "score4": 0.18324474339518332,
  "score5": 0.40710459815575634,
  "score6": 0.5126263035024222
}