{
  "score0": 0.6684955345853637,
  "score1": 0.8023951808885111,
  "score2": 0.6866694648688436,
  "score3": 0.34527594342932355,
  "score4": 0.10759860546366645,
  "score5": 0.1352593648410491,
  "score6": 0.42423836410783483
}