{
  "score0": 0.19957952069665091,
  "score1": 0.11448680382307841,
  "score2": 0.13799356973938084,
  "score3": 0.37941742622554664,
  "score4": 0.46357790789949155,
  "score5": 0.47171204804480904,
  "score6": 0.16550358860353875
}