{
  "score0": 0.9158263366776965,
  "score1": 0.624879396319031,
  "score2": 0.41341592085940654,
  "score3": 0.03873565220109005,
  "score4": 0.045575231313769025,
  "score5": 0.17649564555044656,
  "score6": 0.33433953188435517
}