{
  "score0": 0.3383690763313177,
  "score1": 0.6343949603434816,
  "score2": 0.7185105222771878,
  "score3": 0.7995231653526642,
  "score4": 0.44669293692215456,
  "score5": 0.14597892186494763,
  "score6": 0.08941492093145001
}