{
  "score0": 0.5871227033331666,
  "score1": 0.24229762813344607,
  "score2": 0.17739118874519172,
  "score3": 0.07217932841210864,
  "score4": 0.2829151244243176,
  "score5": 0.38127673636598375,
  "score6": 0.41859083009264086
}