{
  "score0": 0.19962889521577812,
  "score1": 0.6304542499319538,
  "score2": 0.4461689310682936,
  "score3": 0.5133681926561987,
  "score4": 0.5727388112907799,
  "score5": 0.5670319463362474,
  "score6": 0.4893258962927253
}