{
  "score0": 0.30246928353680225,
  "score1": 0.6372529619865601,
  "score2": 0.7761282129168553,
  "score3": 0.7740698696185458,
  "score4": 0.23289064142018992,
  "score5": 0.10029766131599227,
  "score6": 0.12991201569666727
}