{
  "score0": 0.25091339071737034,
  "score1": 0.1065262730771039,
  "score2": 0.10530214196105192,
  "score3": 0.0940983866184172,
  "score4": 0.3574380594497165,
  "score5": 0.5456685509776151,
  "score6": 0.5544481781602771
}