{
  "score0": 0.6180031684278178,
  "score1": 0.47833109654030714,
  "score2": 0.02709124563201719,
  "score3": 0.04131941556269671,
  "score4": 0.2011639197298672,
  "score5": 0.4775537950683301,
  "score6": 0.4783485152971711
}