{
  "score0": 0.7804795637004784,
  "score1": 0.6153006727132501,
  "score2": 0.31042375041020903,
  "score3": 0.09038996407457714,
  "score4": 0.07509518386507752,
  "score5": 0.45749964008679234,
  "score6": 0.6094412355816013
}