{
  "score0": 0.6331699181504526,
  "score1": 0.7905339177441458,
  "score2": 0.5734651132599752,
  "score3": 0.20700994781497417,
  "score4": 0.09192776413826728,
  "score5": 0.1260522718811414,
  "score6": 0.249472457943025
}