{
  "score0": 0.8262839077638042,
  "score1": 0.7592221243659061,
  "score2": 0.9560414255744295,
  "score3": 0.6763082476486725,
  "score4": 0.28879788171909226,
  "score5": 0.15751234203373432,
  "score6": 0.08176883297645778
}