{
  "score0": 0.6058095559347563,
  "score1": 0.31285720557719704,
  "score2": 0.1888471219557791,
  "score3": 0.13339081999711805,
  "score4": 0.3794871000971185,
  "score5": 0.5133446678975501,
  "score6": 0.4630895477374096
}