{
  "score0": 0.779869582942151,
  "score1": 0.6535950365544673,
  "score2": 0.4299762886020468,
  "score3": 0.0790865935718424,
  "score4": 0.07281547177047179,
  "score5": 0.4507765804449793,
  "score6": 0.6533377331811123
}