{
  "score0": 0.9510906451083107,
  "score1": 0.9334534175590412,
  "score2": 0.6237900875856067,
  "score3": 0.1801097509809329,
  "score4": 0.04817719148896411,
  "score5": 0.03006555235185549,
  "score6": 0.08183028472112205
}