{
  "score0": 0.6924963161258232,
  "score1": 0.9568819186339592,
  "score2": 0.9461708713858226,
  "score3": 0.45673472453943814,
  "score4": 0.13022419986371447,
  "score5": 0.05580103736154092,
  "score6": 0.0206748342337387
}