{
  "score0": 0.1470056076952519,
  "score1": 0.5757892809434803,
  "score2": 0.548952088507824,
  "score3": 0.5385443543358717,
  "score4": 0.6604033848401922,
  "score5": 0.6327572485673703,
  "score6": 0.46302005039695127
}