{
  "score0": 0.4976217497335881,
  "score1": 0.8718279654080994,
  "score2": 0.7374641584468044,
  "score3": 0.6676439607262599,
  "score4": 0.6013506389397046,
  "score5": 0.15352206287414422,
  "score6": 0.2449316214189714
}