{
  "score0": 0.5430799938746869,
  "score1": 0.43966637218087035,
  "score2": 0.7914861899946458,
  "score3": 0.6441047119343981,
  "score4": 0.6302851937260514,
  "score5": 0.5426864459382309,
  "score6": 0.11244484458061547
}