{
  "score0": 0.6874922555461317,
  "score1": 0.9375634249746114,
  "score2": 0.9193941344935959,
  "score3": 0.43120796285234175,
  "score4": 0.1916943811120481,
  "score5": 0.07614071850139228,
  "score6": 0.06251470885264465
}