{
  "score0": 0.9163752723707979,
  "score1": 0.5994741163605252,
  "score2": 0.421643440502579,
  "score3": 0.050765516516084915,
  "score4": 0.020192823919848352,
  "score5": 0.14900597317324776,
  "score6": 0.3794669599473549
}