{
  "score0": 0.7009071390122639,
  "score1": 0.7819767902909219,
  "score2": 0.662725852931754,
  "score3": 0.2684573506841334,
  "score4": 0.044445507480867265,
  "score5": 0.05686006276752277,
  "score6": 0.4244604358449166
}