{
  "score0": 0.14154975213602572,
  "score1": 0.4723496056259952,
  "score2": 0.6757841760717518,
  "score3": 0.5327364999062146,
  "score4": 0.5860211944773486,
  "score5": 0.6021321380751756,
  "score6": 0.41358929992858634
}