{
  "score0": 0.6182770446664066,
  "score1": 0.3040886951093682,
  "score2": 0.10143074792907872,
  "score3": 0.15829930433054445,
  "score4": 0.29361872454191207,
  "score5": 0.40789680631750613,
  "score6": 0.6294089460433097
}