{
  "score0": 0.7951862788293476,
  "score1": 0.6399375268675613,
  "score2": 0.27333060838485035,
  "score3": 0.07659619361586648,
  "score4": 0.21001667125333812,
  "score5": 0.5993289548465137,
  "score6": 0.6115057182223284
}