{
  "score0": 0.19962889521577812,
  "score1": 0.6304542499319538,
  "score2": 0.5009186048548668,
  "score3": 0.5727388112907799,
  "score4": 0.5670319463362474,
  "score5": 0.4893258962927253,
  "score6": 0.36636901618582046
}