{
  "score0": 0.7592221243659061,
  "score1": 0.9560414255744295,
  "score2": 0.7053348570263331,
  "score3": 0.13846455306975713,
  "score4": 0.06132574853565883,
  "score5": 0.05390006216783007,
  "score6": 0.3657447268939103
}