{
  "score0": 0.17326498954541084,
  "score1": 0.1133338140794391,
  "score2": 0.15932397568222817,
  "score3": 0.24574531496181062,
  "score4": 0.40692531349143,
  "score5": 0.5411629719106151,
  "score6": 0.3156266866270341
}