{
  "score0": 0.8207922492682911,
  "score1": 0.7346422413023433,
  "score2": 0.9470198974729821,
  "score3": 0.5937066133188258,
  "score4": 0.2362998689816628,
  "score5": 0.11809993565598939,
  "score6": 0.08801248760382041
}