{
  "score0": 0.8926296785636918,
  "score1": 0.7398216490332619,
  "score2": 0.7440132930351179,
  "score3": 0.17451337587895394,
  "score4": 0.20717328289575998,
  "score5": 0.14134126649671613,
  "score6": 0.020703598457161857
}