{
  "score0": 0.9320278576412616,
  "score1": 0.605246226689653,
  "score2": 0.3871780053325647,
  "score3": 0.027123887971660668,
  "score4": 0.04168247734629446,
  "score5": 0.18302250154980515,
  "score6": 0.35912490919143947
}