{
  "score0": 0.12769387909171362,
  "score1": 0.19838411271240447,
  "score2": 0.35072939792314994,
  "score3": 0.4574342841796342,
  "score4": 0.5364464679689595,
  "score5": 0.5991088447937727,
  "score6": 0.5528586180309729
}