{
  "score0": 0.1934584384393795,
  "score1": 0.5798173801615182,
  "score2": 0.7288704336124375,
  "score3": 0.7524252258605441,
  "score4": 0.6260066292518347,
  "score5": 0.17815669046867505,
  "score6": 0.1704944212692
}