{
  "score0": 0.1934584384393795,
  "score1": 0.5798173801615182,
  "score2": 0.7288704336124375,
  "score3": 0.8136925285142416,
  "score4": 0.24447843901080918,
  "score5": 0.09282315787110876,
  "score6": 0.10115343659137499
}