{
  "score0": 0.08897460158010097,
  "score1": 0.13841263043278493,
  "score2": 0.4511428431521469,
  "score3": 0.527456025076259,
  "score4": 0.47203939235103115,
  "score5": 0.4522801042359549,
  "score6": 0.6971018858534123
}