{
  "score0": 0.9393682825621681,
  "score1": 0.9282214959860343,
  "score2": 0.6579155302704823,
  "score3": 0.19516147991020444,
  "score4": 0.03789705271549863,
  "score5": 0.02694698111570823,
  "score6": 0.04694429055686041
}