{
  "score0": 0.1049573461714412,
  "score1": 0.17628283609188833,
  "score2": 0.3480355947532052,
  "score3": 0.46820063219235253,
  "score4": 0.45221333450034684,
  "score5": 0.44384196349441635,
  "score6": 0.5329616408061298
}