{
  "score0": 0.0598551313880322,
  "score1": 0.6217551917264587,
  "score2": 0.49246679685062594,
  "score3": 0.5107118801231743,
  "score4": 0.6011440473174433,
  "score5": 0.5938847917448321,
  "score6": 0.5294575368355522
}