{
  "score0": 0.3383690763313177,
  "score1": 0.6343949603434816,
  "score2": 0.7288704336124375,
  "score3": 0.8136925285142416,
  "score4": 0.24447843901080918,
  "score5": 0.09282315787110876,
  "score6": 0.10115343659137499
}