{
  "score0": 0.4068438294569379,
  "score1": 0.8058637189502332,
  "score2": 0.7458453254039511,
  "score3": 0.698739961759933,
  "score4": 0.4927157856962212,
  "score5": 0.11068068086695923,
  "score6": 0.21126664647925172
}