{
  "score0": 0.5723080716978683,
  "score1": 0.4256820923883424,
  "score2": 0.1526923916913214,
  "score3": 0.040975504677722506,
  "score4": 0.17737687748301587,
  "score5": 0.3544556440379079,
  "score6": 0.466268483514235
}