{
  "score0": 0.8797606749361159,
  "score1": 0.7687757592353321,
  "score2": 0.6241109968894921,
  "score3": 0.6018290407708852,
  "score4": 0.17451337587895394,
  "score5": 0.20717328289575998,
  "score6": 0.14134126649671613
}