{
  "score0": 0.19957952069665091,
  "score1": 0.11448680382307841,
  "score2": 0.21097598678742016,
  "score3": 0.24574531496181062,
  "score4": 0.40692531349143,
  "score5": 0.5411629719106151,
  "score6": 0.3156266866270341
}