{
  "score0": 0.9181022053775585,
  "score1": 0.6180031684278178,
  "score2": 0.47833109654030714,
  "score3": 0.050765516516084915,
  "score4": 0.020192823919848352,
  "score5": 0.14900597317324776,
  "score6": 0.3794669599473549
}