{
  "score0": 0.7647837460159468,
  "score1": 0.9468834443214426,
  "score2": 0.8680514451349398,
  "score3": 0.3136940157732723,
  "score4": 0.1520034418046652,
  "score5": 0.05211582607008979,
  "score6": 0.17479932849753138
}