{
  "score0": 0.9510906451083107,
  "score1": 0.9334534175590412,
  "score2": 0.6237900875856067,
  "score3": 0.19813040262593268,
  "score4": 0.062835429410799,
  "score5": 0.031947433409008755,
  "score6": 0.10847616559245282
}