{
  "score0": 0.12285330857777764,
  "score1": 0.045548710734711964,
  "score2": 0.14902796102880597,
  "score3": 0.23024812672373737,
  "score4": 0.0416664412307824,
  "score5": 0.30742267405397383,
  "score6": 0.017857759598454735
}