{
  "score0": 0.012698641704374871,
  "score1": 0.21941059244043376,
  "score2": 0.18000371470382825,
  "score3": 0.041426529600560286,
  "score4": 0.15247406783036013,
  "score5": 0.09367753267864144,
  "score6": 0.0008986832361050787
}