{
  "score0": 0.2735392227367069,
  "score1": 0.003108740544321779,
  "score2": 0.0972307082425619,
  "score3": 0.1951472470454955,
  "score4": 0.06866420339915928,
  "score5": 0.18049216354518974,
  "score6": 