{
  "score0": 0.4039345561594573,
  "score1": 0.21449813902470805,
  "score2": 0.06063821630614906,
  "score3": 0.06545237702294807,
  "score4": 0.013665073843614421,
  "score5": 0.07078576332099822,
  "score6": 0.021432548956379503
}