{
  "score0": 0.10695177451559391,
  "score1": 0.13528158315366606,
  "score2": 0.08970676882719425,
  "score3": 0.0927964363246177,
  "score4": 0.030721179689201822,
  "score5": 0.039629341260992684,
  "score6": 0.10003846914890335
}