{
  "score0": 0.03898240183025011,
  "score1": 0.427741542774025,
  "score2": 0.16191994947184288,
  "score3": 0.029986511624947934,
  "score4": 0.11314759574430723,
  "score5": 0.10533649465168511,
  "score6": 0.013035257638048213
}