{
  "score0": 0.4039345561594573,
  "score1": 0.21449813902470805,
  "score2": 0.04813608830006466,
  "score3": 0.08563127419463686,
  "score4": 0.03882315185782736,
  "score5": 0.137534797004642,
  "score6": 0.05271996114279781
}