{
  "score0": 0.17891656925574814,
  "score1": 0.03951305212078774,
  "score2": 0.11695752808410599,
  "score3": 0.04332286497322777,
  "score4": 0.25637487427281563,
  "score5": 0.1693481217605768,
  "score6": 0.25802622077183796
}