{
  "score0": 0.01069289317735688,
  "score1": 0.21507512860122405,
  "score2": 0.1988061647307605,
  "score3": 0.09837362568273968,
  "score4": 0.13147973745731115,
  "score5": 0.0577124687704857,
  "score6": 0.021049285210472363
}