{
  "score0": 0.05293328966501398,
  "score1": 0.3846931464261234,
  "score2": 0.16191994947184288,
  "score3": 0.029986511624947934,
  "score4": 0.11314759574430723,
  "score5": 0.10533649465168511,
  "score6": 0.013035257638048213
}