{
  "score0": 0.11707728972137518,
  "score1": 0.04781194842890775,
  "score2": 0.14902796102880597,
  "score3": 0.20955606952768502,
  "score4": 0.0429354033201709,
  "score5": 0.2719311497335304,
  "score6": 0.17371178421268066
}