{
  "score0": 0.06319475560019149,
  "score1": 0.06846348179103784,
  "score2": 0.17542129761717457,
  "score3": 0.16767333385596453,
  "score4": 0.02692677333395183,
  "score5": 0.02074723097705332,
  "score6": 0.21179791706853077
}