{
  "score0": 0.04174774820398263,
  "score1": 0.13250820239402006,
  "score2": 0.025230514755038787,
  "score3": 0.4304590804701611,
  "score4": 0.1556551453104066,
  "score5": 0.007043625016201749,
  "score6": 0.0009126111573753083
}