{
  "score0": 0.009799452670276574,
  "score1": 0.10460641616941523,
  "score2": 0.048709010761308326,
  "score3": 0.0008964254952060317,
  "score4": 0.08687057469346245,
  "score5": 0.0008969950552337697,
  "score6": 0.012597889651142632
}