{
  "score0": 0.03951305212078774,
  "score1": 0.11695752808410599,
  "score2": 0.09400405106507362,
  "score3": 0.272785412290282,
  "score4": 0.0338450990139593,
  "score5": 0.10063438708788379,
  "score6": 0.18646074947960556
}