{
  "score0": 0.06843161237875699,
  "score1": 0.108257497974231,
  "score2": 0.07259136893509514,
  "score3": 0.20766047708302396,
  "score4": 0.06685989255674994,
  "score5": 0.006792422881246454,
  "score6": 0.1527021352755412
}