{
  "score0": 0.11441647575356992,
  "score1": 0.04661613028248608,
  "score2": 0.2826520268078217,
  "score3": 0.09869184321316993,
  "score4": 0.04492146077892049,
  "score5": 0.04898548980747878,
  "score6": 0.02599571490889588
}