{
  "score0": 0.06843161237875699,
  "score1": 0.108257497974231,
  "score2": 0.01967737220483838,
  "score3": 0.27974985918396206,
  "score4": 0.10148003370873299,
  "score5": 0.018522630857966158,
  "score6": 0.06577925615263118
}