{
  "score0": 0.011373318376433844,
  "score1": 0.1117913635415897,
  "score2": 0.045006362821327806,
  "score3": 0.07449081349791413,
  "score4": 0.07397831312853784,
  "score5": 