{
  "score0": 0.10847049682515852,
  "score1": 0.14782875828260222,
  "score2": 0.07855983644269961,
  "score3": 0.09403804401888212,
  "score4": 0.11485106899333612,
  "score5": 0.07975016763194899,
  "score6": 0.1973418988265986
}