{
  "score0": 0.15126950006299086,
  "score1": 0.11439489234790695,
  "score2": 0.15441496786999928,
  "score3": 0.06495314431075448,
  "score4": 0.1311546484834238,
  "score5": 0.1513933730829187,
  "score6": 0.012932075955877564
}