{
  "score0": 0.11777195803985581,
  "score1": 0.04661613028248608,
  "score2": 0.30744533578415284,
  "score3": 0.1087552653000003,
  "score4": 0.1803225739508537,
  "score5": 0.05021842268650988,
  "score6": 0.0444638879902113
}