{
  "score0": 0.45608315206434064,
  "score1": 0.2735392227367069,
  "score2": 0.003108740544321779,
  "score3": 0.10839677148872627,
  "score4": 0.012612275538260614,
  "score5": 0.08696830701427688,
  "score6": 0.11411481299658399
}