{
  "score0": 0.04191033466605332,
  "score1": 0.02084340787742307,
  "score2": 0.24076381307664743,
  "score3": 0.13088620476701815,
  "score4": 0.035756450028845144,
  "score5": 0.0724026557386609,
  "score6": 0.06611307566862694
}