{
  "score0": 0.06437891268276287,
  "score1": 0.42165111798122235,
  "score2": 0.253879363435565,
  "score3": 0.006789425840549267,
  "score4": 0.1572841157631756,
  "score5": 0.06421157582639617,
  "score6": 0.01255900802382831
}