{
  "score0": 0.18231257164728643,
  "score1": 0.18058436095886968,
  "score2": 0.10557369489991139,
  "score3": 0.11029498349748747,
  "score4": 0.0009328330648920776,
  "score5": 0.0008979311505037539,
  "score6": 0.0330363996991568
}