{
  "score0": 0.1137538705281012,
  "score1": 0.1239455635428263,
  "score2": 0.10744221542476973,
  "score3": 0.04079655900039828,
  "score4": 0.017915057869842092,
  "score5": 