{
  "score0": 0.14456174468847413,
  "score1": 0.08467310970025067,
  "score2": 0.08741518354144229,
  "score3": 0.0009990837585,
  "score4": 0.09962413954587074,
  "score5": 0.20878469245027734,
  "score6": 0.16630239815370473
}