{
  "score0": 0.14456174468847413,
  "score1": 0.08467310970025067,
  "score2": 0.08210177786187944,
  "score3": 0.057259110865823304,
  "score4": 0.04956755268745655,
  "score5": 0.11609807461355753,
  "score6": 0.05831652155510461
}