{
  "score0": 0.056245824833927247,
  "score1": 0.14271122554606444,
  "score2": 0.39081112919257527,
  "score3": 0.1291445542922324,
  "score4": 0.221411523867167,
  "score5": 0.2504988722804442,
  "score6": 0.1327846530203616
}