{
  "score0": 0.08686524616100588,
  "score1": 0.05366404605774716,
  "score2": 0.332988391129983,
  "score3": 0.08422980097286446,
  "score4": 0.07517979417474646,
  "score5": 0.16175805246141642,
  "score6": 0.048101501944920605
}