{
  "score0": 0.12928785858228284,
  "score1": 0.13288245183808445,
  "score2": 0.10744221542476973,
  "score3": 0.04079655900039828,
  "score4": 0.017915057869842092,
  "score5": 