{
  "score0": 0.013507342250792781,
  "score1": 0.1814540986837855,
  "score2": 0.2008175822604183,
  "score3": 0.09717098729197077,
  "score4": 0.2435857345277206,
  "score5": 0.07627624795387787,
  "score6": 0.040143473695470715
}