{
  "score0": 0.07820707076371933,
  "score1": 0.0683657480891952,
  "score2": 0.08151094692926689,
  "score3": 0.09792339122145416,
  "score4": 0.07497418583316921,
  "score5": 0.13648980004114733,
  "score6": 0.05665920650279043
}