{
  "score0": 0.44020690476518776,
  "score1": 0.2304261868866284,
  "score2": 0.03658940650651616,
  "score3": 0.13329717771234376,
  "score4": 0.0009099881254002988,
  "score5": 0.13000860056534963,
  "score6": 0.08471092822816907
}