{
  "score0": 0.004515967170788164,
  "score1": 0.11869971558075705,
  "score2": 0.10335062855777488,
  "score3": 0.03286288092687789,
  "score4": 0.14504630820232622,
  "score5": 0.0009102221099869249,
  "score6": 