{
  "score0": 0.004515967170788164,
  "score1": 0.1117913635415897,
  "score2": 0.07607088784946124,
  "score3": 0.015381547553534275,
  "score4": 0.14504630820232622,
  "score5": 0.0009102221099869249,
  "score6": 