{
  "score0": 0.005831128489502662,
  "score1": 0.14951854438211845,
  "score2": 0.10248286445517214,
  "score3": 0.020789606802893993,
  "score4": 0.07597505696767906,
  "score5": 0.04946056325069786,
  "score6": 0.06611307566862694
}