{
  "score0": 0.061735111042944414,
  "score1": 0.0339632771234183,
  "score2": 0.31788508840080476,
  "score3": 0.09310724625113649,
  "score4": 0.1488047108798354,
  "score5": 0.1013064195356493,
  "score6": 0.05805374242700937
}