{
  "score0": 0.19309979633505298,
  "score1": 0.0689593678491757,
  "score2": 0.13646007974865426,
  "score3": 0.021407660922863836,
  "score4": 0.3514773657927101,
  "score5": 0.10443114612919487,
  "score6": 0.4425359752009665
}