{
  "score0": 0.1359600020674982,
  "score1": 0.18236367751484658,
  "score2": 0.06723275530746708,
  "score3": 0.14618120505719664,
  "score4": 0.007014332942429379,
  "score5": 0.1550667642814104,
  "score6": 0.049641013415554776
}