{
  "score0": 0.4039345561594573,
  "score1": 0.21449813902470805,
  "score2": 0.036419787944521866,
  "score3": 0.15062861424995577,
  "score4": 0.032899034244656324,
  "score5": 0.011044903981487482,
  "score6": 0.0811738524890827
}