{
  "score0": 0.12928785858228284,
  "score1": 0.13288245183808445,
  "score2": 0.11001244268882365,
  "score3": 0.08944017296912636,
  "score4": 0.0008919444898464929,
  "score5": 