{
  "score0": 0.033772687658338074,
  "score1": 0.053146554096854565,
  "score2": 0.3330151576375497,
  "score3": 0.03710233233241638,
  "score4": 0.16767333385596453,
  "score5": 0.02692677333395183,
  "score6": 0.02074723097705332
}