{
  "score0": 0.05293346985270028,
  "score1": 0.3846931464261234,
  "score2": 0.18204728560221767,
  "score3": 0.0727810308609738,
  "score4": 0.20574845190521038,
  "score5": 0.08733053844525651,
  "score6": 0.08230962643062917
}