{
  "score0": 0.06662884846813669,
  "score1": 0.18229750644083267,
  "score2": 0.41563059144315856,
  "score3": 0.03590790176628288,
  "score4": 0.2747025566024674,
  "score5": 0.23790382785402545,
  "score6": 0.20347627203668275
}