{
  "score0": 0.006690218721048918,
  "score1": 0.11967692276120347,
  "score2": 0.12933103237891622,
  "score3": 0.06529743348489332,
  "score4": 0.07004894488886228,
  "score5": 0.0008955086612099644,
  "score6": 