{
  "score0": 0.2317185450239732,
  "score1": 0.005310965250642826,
  "score2": 0.09112405998358267,
  "score3": 0.0008973084026444008,
  "score4": 0.1951472470454955,
  "score5": 0.06866420339915928,
  "score6": 0.18049216354518974
}