{
  "score0": 0.031999659574222884,
  "score1": 0.053146554096854565,
  "score2": 0.3119271509593717,
  "score3": 0.09456672367464254,
  "score4": 0.14336532892366483,
  "score5": 0.08856016746330286,
  "score6": 0.06595748876165462
}