{
  "score0": 0.11967692276120347,
  "score1": 0.12933103237891622,
  "score2": 0.06029461455051284,
  "score3": 0.0008919444898464929,
  "score4": 