{
  "score0": 0.03368375542820444,
  "score1": 0.13250820239402006,
  "score2": 0.025230514755038787,
  "score3": 0.2501525294040882,
  "score4": 0.10391848192293346,
  "score5": 0.04570691578492947,
  "score6": 0.03985674922247034
}