{
  "score0": 0.053944214271849165,
  "score1": 0.14774661348528773,
  "score2": 0.24577440908925458,
  "score3": 0.21549029680398912,
  "score4": 0.04683656899042035,
  "score5": 0.12840913219470226,
  "score6": 0.006792891485780346
}