{
  "score0": 0.03610993400567531,
  "score1": 0.016489924535653563,
  "score2": 0.23335582888159104,
  "score3": 0.10444938489112515,
  "score4": 0.032857657885374834,
  "score5": 0.07236184340828347,
  "score6": 0.06512010448403661
}