{
  "score0": 0.08242082118231706,
  "score1": 0.06751443098139702,
  "score2": 0.2826520268078217,
  "score3": 0.09869184321316993,
  "score4": 0.04492146077892049,
  "score5": 0.04898548980747878,
  "score6": 0.02599571490889588
}