{
  "score0": 0.07384620363854821,
  "score1": 0.0683657480891952,
  "score2": 0.08151094692926689,
  "score3": 0.1222749342415669,
  "score4": 0.02865517678855668,
  "score5": 0.1930488878880814,
  "score6": 0.13869799302282598
}