{
  "score0": 0.20609969110288773,
  "score1": 0.00515002942132423,
  "score2": 0.1059474496006655,
  "score3": 0.01938716589672344,
  "score4": 0.03978058561515944,
  "score5": 0.15066294137895442,
  "score6": 0.007042935088095164
}