{
  "score0": 0.11406004759719718,
  "score1": 0.06332016245463483,
  "score2": 0.03384461158448227,
  "score3": 0.04842682164559997,
  "score4": 0.0427501450908126,
  "score5": 0.10618932560519051,
  "score6": 0.09674081152213114
}