{
  "score0": 0.1376388847867101,
  "score1": 0.19070233183159002,
  "score2": 0.04837338122160403,
  "score3": 0.22232204855725257,
  "score4": 0.04178614304969919,
  "score5": 0.07232382809495673,
  "score6": 0.13088067858323008
}