{
  "score0": 0.10847049682515852,
  "score1": 0.14782875828260222,
  "score2": 0.11157717150395073,
  "score3": 0.1287005252847593,
  "score4": 0.11485106899333612,
  "score5": 0.07975016763194899,
  "score6": 0.1973418988265986
}