{
  "score0": 0.4039345561594573,
  "score1": 0.25825710084798387,
  "score2": 0.06358720191566089,
  "score3": 0.011044903981487482,
  "score4": 0.0811738524890827,
  "score5": 0.0008968743136856043,
  "score6": 