{
  "score0": 0.2067905017193141,
  "score1": 0.051602576405853876,
  "score2": 0.15329205362529957,
  "score3": 0.026691058609603652,
  "score4": 0.3051103030248,
  "score5": 0.07281882882684323,
  "score6": 0.21417388673008306
}