{
  "score0": 0.14144511350283862,
  "score1": 0.22032201748401312,
  "score2": 0.052092696640680405,
  "score3": 0.179779928739623,
  "score4": 0.04178614304969919,
  "score5": 0.07232382809495673,
  "score6": 0.13088067858323008
}