{
  "score0": 0.14144511350283862,
  "score1": 0.22032201748401312,
  "score2": 0.04837338122160403,
  "score3": 0.22232204855725257,
  "score4": 0.04178614304969919,
  "score5": 0.07232382809495673,
  "score6": 0.13088067858323008
}