{
  "score0": 0.2067905017193141,
  "score1": 0.05884576407425667,
  "score2": 0.14016458804866705,
  "score3": 0.3051103030248,
  "score4": 0.07281882882684323,
  "score5": 0.21417388673008306,
  "score6": 0.27728334772359803
}