{
  "score0": 0.011093203966663261,
  "score1": 0.21507512860122405,
  "score2": 0.22354015126262505,
  "score3": 0.034682770325274115,
  "score4": 0.16327257892949998,
  "score5": 0.07113648037895987,
  "score6": 0.006793292364775075
}