{
  "score0": 0.18069895864947885,
  "score1": 0.06220471651509626,
  "score2": 0.13646007974865426,
  "score3": 0.013691473805540996,
  "score4": 0.3455787922193862,
  "score5": 0.19410443542432923,
  "score6": 0.3808345519885372
}