{
  "score0": 0.009799452670276574,
  "score1": 0.10702809818018992,
  "score2": 0.03828077914098114,
  "score3": 0.08687057469346245,
  "score4": 0.0008969950552337697,
  "score5": 0.012597889651142632,
  "score6": 0.12169626935983037
}