{
  "score0": 0.44020690476518776,
  "score1": 0.2304261868866284,
  "score2": 0.04813608830006466,
  "score3": 0.08563127419463686,
  "score4": 0.03882315185782736,
  "score5": 0.137534797004642,
  "score6": 0.05271996114279781
}