{
  "score0": 0.46279979395688176,
  "score1": 0.28502837258138075,
  "score2": 0.01032565012348229,
  "score3": 0.14976349441498363,
  "score4": 0.0009074722030262497,
  "score5": 0.04652355617067322,
  "score6": 0.10759870803749316
}