{
  "score0": 0.01107227926513467,
  "score1": 0.21941059244043376,
  "score2": 0.18000371470382825,
  "score3": 0.041692014760045394,
  "score4": 0.215887657287437,
  "score5": 0.11254135705620409,
  "score6": 0.07264737332892347
}