{
  "score0": 0.19381113000258865,
  "score1": 0.00954832849216769,
  "score2": 0.06772048645902244,
  "score3": 0.013087470615630365,
  "score4": 0.27213892485030694,
  "score5": 0.09568853397719762,
  "score6": 0.024130384589402695
}