{
  "score0": 0.07820707076371933,
  "score1": 0.06319475560019149,
  "score2": 0.06846348179103784,
  "score3": 0.12354782239650187,
  "score4": 0.07497418583316921,
  "score5": 0.13648980004114733,
  "score6": 0.05665920650279043
}