{
  "score0": 0.011093203966663261,
  "score1": 0.22292246586975176,
  "score2": 0.1311403407735511,
  "score3": 0.16327257892949998,
  "score4": 0.07113648037895987,
  "score5": 0.006793292364775075,
  "score6": 0.041065695382311924
}