{
  "score0": 0.158538769059419,
  "score1": 0.18435935271352538,
  "score2": 0.06792166420499429,
  "score3": 0.12966537493567723,
  "score4": 0.05868109500501456,
  "score5": 0.1326828688257841,
  "score6": 0.06641504114376603
}