{
  "score0": 0.05293346985270028,
  "score1": 0.3916181251754017,
  "score2": 0.1310698095978496,
  "score3": 0.20574845190521038,
  "score4": 0.08733053844525651,
  "score5": 0.08230962643062917,
  "score6": 0.03119180457761205
}