{
  "score0": 0.1476530309870012,
  "score1": 0.07426818406332514,
  "score2": 0.16879499600477327,
  "score3": 0.13764174724992062,
  "score4": 0.10547428880599401,
  "score5": 0.147677071925793,
  "score6": 0.04318838784907938
}