{
  "score0": 0.08242082118231706,
  "score1": 0.06751443098139702,
  "score2": 0.31767784130577764,
  "score3": 0.10371130796835658,
  "score4": 0.03954833023958804,
  "score5": 0.07712150827225128,
  "score6": 0.013565221960871806
}