{
  "score0": 0.1617629313846894,
  "score1": 0.18435935271352538,
  "score2": 0.062551898107112,
  "score3": 0.21026685277744991,
  "score4": 0.11029498349748747,
  "score5": 0.0009328330648920776,
  "score6": 0.0008979311505037539
}