{
  "score0": 0.1137538705281012,
  "score1": 0.1239455635428263,
  "score2": 0.08970676882719425,
  "score3": 0.068600386050004,
  "score4": 0.0008960134129424041,
  "score5": 