{
  "score0": 0.1476530309870012,
  "score1": 0.07426818406332514,
  "score2": 0.19343503427887218,
  "score3": 0.15512393843956396,
  "score4": 0.08351216271237415,
  "score5": 0.18995010802124598,
  "score6": 0.0367324939596523
}