{
  "score0": 0.14782875828260222,
  "score1": 0.11157717150395073,
  "score2": 0.15441496786999928,
  "score3": 0.06495314431075448,
  "score4": 0.1311546484834238,
  "score5": 0.1513933730829187,
  "score6": 0.012932075955877564
}