{
  "score0": 0.06447147455994778,
  "score1": 0.18229750644083267,
  "score2": 0.41563059144315856,
  "score3": 0.048714625518271694,
  "score4": 