{
  "score0": 0.11406004759719718,
  "score1": 0.06332016245463483,
  "score2": 0.08210177786187944,
  "score3": 0.057259110865823304,
  "score4": 0.04956755268745655,
  "score5": 0.11609807461355753,
  "score6": 0.05831652155510461
}