{
  "score0": 0.19309979633505298,
  "score1": 0.0720693685234656,
  "score2": 0.13636619226230615,
  "score3": 0.14803266475243163,
  "score4": 0.26223449725779346,
  "score5": 0.2283664984760648,
  "score6": 0.35589933651716904
}