{
  "score0": 0.11777195803985581,
  "score1": 0.017427740989482538,
  "score2": 0.2764155355434133,
  "score3": 0.1803225739508537,
  "score4": 0.05021842268650988,
  "score5": 0.0444638879902113,
  "score6": 0.068617677123414
}