{
  "score0": 0.2059606493003157,
  "score1": 0.0067055368927391255,
  "score2": 0.07556893796597393,
  "score3": 0.0009070290912632843,
  "score4": 0.03572193238582146,
  "score5": 0.07177165371257653,
  "score6": 0.030113190980962896
}