{
  "score0": 0.14456174468847413,
  "score1": 0.10451317774965994,
  "score2": 0.011720257460174134,
  "score3": 0.09962413954587074,
  "score4": 0.20878469245027734,
  "score5": 0.16630239815370473,
  "score6": 0.07154496253304908
}