{
  "score0": 0.06437891268276287,
  "score1": 0.42165111798122235,
  "score2": 0.2173464299597817,
  "score3": 0.006789425840549267,
  "score4": 0.08224336503202828,
  "score5": 0.10109135063082486,
  "score6": 0.06407244757046783
}