{
  "score0": 0.046072070911294005,
  "score1": 0.023379823053607564,
  "score2": 0.2935342733920292,
  "score3": 0.07741411215683984,
  "score4": 0.09162475378454636,
  "score5": 0.10530183043086704,
  "score6": 0.02105409548729705
}