{
  "score0": 0.12928785858228284,
  "score1": 0.13202467724672415,
  "score2": 0.06029461455051284,
  "score3": 0.0008919444898464929,
  "score4": 