{
  "score0": 0.23314967618600263,
  "score1": 0.005310965250642826,
  "score2": 0.0811023446226701,
  "score3": 0.0067391297920409874,
  "score4": 0.04243576994010149,
  "score5": 0.059227445598316546,
  "score6": 0.16971599340597357
}