{
  "score0": 0.012698641704374871,
  "score1": 0.21941059244043376,
  "score2": 0.1988061647307605,
  "score3": 0.09837362568273968,
  "score4": 0.13147973745731115,
  "score5": 0.0577124687704857,
  "score6": 0.021049285210472363
}