{
  "score0": 0.06645995747759409,
  "score1": 0.09938024893647615,
  "score2": 0.037143364916945504,
  "score3": 0.27432069084494604,
  "score4": 0.272785412290282,
  "score5": 0.0338450990139593,
  "score6": 0.10063438708788379
}