{
  "score0": 0.8568211006140625,
  "score1": 0.8524383535076043,
  "score2": 0.1653018754990973,
  "score3": 0.39393627159492084,
  "score4": 0.5217260035292308,
  "score5": 0.6854168948438683,
  "score6": 0.47847461187804674
}