{
  "score0": 0.5792827116691748,
  "score1": 0.2636361417698773,
  "score2": 0.6298568342146967,
  "score3": 0.4032197573334595,
  "score4": 0.7854035786988424,
  "score5": 0.5114580841197466,
  "score6": 0.3688456171730286
}