{
  "score0": 0.29117348073461424,
  "score1": 0.5436995034832903,
  "score2": 0.6528022418136157,
  "score3": 0.9185056789424957,
  "score4": 0.8386345556625002,
  "score5": 0.9730214450442176,
  "score6": 0.2992748915020777
}