{
  "score0": 0.5887241015016594,
  "score1": 0.30110311849902294,
  "score2": 0.5642335553800102,
  "score3": 0.4032197573334595,
  "score4": 0.7854035786988424,
  "score5": 0.5114580841197466,
  "score6": 0.7957827967347697
}