{
  "score0": 0.042961873319820085,
  "score1": 0.566860657218992,
  "score2": 0.4533004589481829,
  "score3": 0.7331403243802638,
  "score4": 0.5113733640792469,
  "score5": 0.3957351523612376,
  "score6": 0.34564295264591505
}