{
  "score0": 0.6266276686975666,
  "score1": 0.2501700814080404,
  "score2": 0.7194528139156446,
  "score3": 0.8821710789947668,
  "score4": 0.39801770618270443,
  "score5": 0.2803084038388091,
  "score6": 0.34038589670926983
}