{
  "score0": 0.20582352427324868,
  "score1": 0.25381082383281,
  "score2": 0.5135303585754374,
  "score3": 0.07597949379122228,
  "score4": 0.7100294708370272,
  "score5": 0.5821944327359015,
  "score6": 0.6634923441270137
}