{
  "score0": 0.07142491044204241,
  "score1": 0.5736586600717344,
  "score2": 0.41536003654532455,
  "score3": 0.08722911563083895,
  "score4": 0.5955763761581472,
  "score5": 0.6632937124755731,
  "score6": 0.4493274056275074
}