{
  "score0": 0.15673902169393242,
  "score1": 0.1785798477642794,
  "score2": 0.46845279342015445,
  "score3": 0.05776816066525068,
  "score4": 0.3384933774648983,
  "score5": 0.3085345970659485,
  "score6": 0.7627399835921617
}