{
  "score0": 0.2970955510686349,
  "score1": 0.8270372302699154,
  "score2": 0.8510026127728567,
  "score3": 0.345154942286311,
  "score4": 0.11014756255276714,
  "score5": 0.06526241110172619,
  "score6": 0.22219435884932218
}