{
  "score0": 0.2437409100113672,
  "score1": 0.8248505256195808,
  "score2": 0.8652003890813598,
  "score3": 0.30193464380420476,
  "score4": 0.5349039805827563,
  "score5": 0.2252417498553765,
  "score6": 0.4619767356834037
}