{
  "score0": 0.2906736980024169,
  "score1": 0.5728357282486799,
  "score2": 0.40390794074584796,
  "score3": 0.7050616753671197,
  "score4": 0.965801846647978,
  "score5": 0.8168965779019374,
  "score6": 0.8604121116248059
}