{
  "score0": 0.28070038573030504,
  "score1": 0.8270372302699154,
  "score2": 0.8510026127728567,
  "score3": 0.3101507720934969,
  "score4": 0.3376509994236623,
  "score5": 0.09383475858626426,
  "score6": 0.3077295790410975
}