{
  "score0": 0.5166191061039885,
  "score1": 0.3602004054319287,
  "score2": 0.32332645021269946,
  "score3": 0.48817528884917927,
  "score4": 0.5465458594812801,
  "score5": 0.46197999202183865,
  "score6": 0.6436525398568568
}