{
  "score0": 0.8568211006140625,
  "score1": 0.8576274702261646,
  "score2": 0.33070927928152705,
  "score3": 0.5217260035292308,
  "score4": 0.6854168948438683,
  "score5": 0.47847461187804674,
  "score6": 0.317323063429931
}