{
  "score0": 0.444369589972385,
  "score1": 0.3386644678680447,
  "score2": 0.04006889760470292,
  "score3": 0.6899924230240959,
  "score4": 0.6806512830226809,
  "score5": 0.7004808308391309,
  "score6": 0.7091469497497415
}