{
  "score0": 0.5196466636441035,
  "score1": 0.0709419893810117,
  "score2": 0.46569306374380026,
  "score3": 0.24565934192965586,
  "score4": 0.7032878772711881,
  "score5": 0.5700487804639786,
  "score6": 0.8292297615977153
}