{
  "score0": 0.28912445318859964,
  "score1": 0.21238512610728633,
  "score2": 0.2756625308651466,
  "score3": 0.3969206517906662,
  "score4": 0.25349965304796745,
  "score5": 0.19565201311148153,
  "score6": 0.1206456956092317
}