{
  "score0": 0.28070038573030504,
  "score1": 0.8484949947168344,
  "score2": 0.850127325753794,
  "score3": 0.3393682546282398,
  "score4": 0.3376509994236623,
  "score5": 0.09383475858626426,
  "score6": 0.3077295790410975
}