{
  "score0": 0.18409217265819156,
  "score1": 0.25449370872749827,
  "score2": 0.4361002867806749,
  "score3": 0.3022378127992043,
  "score4": 0.6516487821097097,
  "score5": 0.48717040653282834,
  "score6": 0.6772409133419955
}