{
  "score0": 0.2797500674857577,
  "score1": 0.19493307075167915,
  "score2": 0.27997412732800137,
  "score3": 0.395674570061926,
  "score4": 0.16350371302640854,
  "score5": 0.26769615493429216,
  "score6": 0.18845060582058762
}