{
  "score0": 0.9107042727214539,
  "score1": 0.23375294314799458,
  "score2": 0.2673897652296156,
  "score3": 0.46519500439510914,
  "score4": 0.5665763457433745,
  "score5": 0.28106208827906726,
  "score6": 0.6835345470293249
}