{
  "score0": 0.5728357282486799,
  "score1": 0.38606404365125596,
  "score2": 0.6848061382282757,
  "score3": 0.8038230691927684,
  "score4": 0.9271529419012715,
  "score5": 0.15580274222728296,
  "score6": 0.7926180246088904
}