{
  "score0": 0.042961873319820085,
  "score1": 0.5726221409234337,
  "score2": 0.6507728997148976,
  "score3": 0.48653271297816697,
  "score4": 0.7331403243802638,
  "score5": 0.5113733640792469,
  "score6": 0.3957351523612376
}