{
  "score0": 0.444369589972385,
  "score1": 0.31748835644672446,
  "score2": 0.024399645886025986,
  "score3": 0.6899924230240959,
  "score4": 0.6806512830226809,
  "score5": 0.7004808308391309,
  "score6": 0.7091469497497415
}