{
  "score0": 0.5166191061039885,
  "score1": 0.36185648529136105,
  "score2": 0.12799095142573122,
  "score3": 0.6125718409577026,
  "score4": 0.48817528884917927,
  "score5": 0.5465458594812801,
  "score6": 0.46197999202183865
}