{
  "score0": 0.4362697260369538,
  "score1": 0.10577146699922864,
  "score2": 0.7440066699425625,
  "score3": 0.5877597736130302,
  "score4": 0.5972027700588282,
  "score5": 0.8157161661277842,
  "score6": 0.5862685928656934
}