{
  "score0": 0.18960469978194225,
  "score1": 0.49050598188712363,
  "score2": 0.21269888747877083,
  "score3": 0.2203483519472488,
  "score4": 0.2243876286236949,
  "score5": 0.6475048139285591,
  "score6": 0.25359208386744586
}