{
  "score0": 0.6266276686975666,
  "score1": 0.169985631349021,
  "score2": 0.8231654246377242,
  "score3": 0.8821710789947668,
  "score4": 0.39801770618270443,
  "score5": 0.2803084038388091,
  "score6": 0.34038589670926983
}