{
  "score0": 0.19493307075167915,
  "score1": 0.27997412732800137,
  "score2": 0.283181440473357,
  "score3": 0.10306233487484438,
  "score4": 0.24747294203990422,
  "score5": 0.47848986116228215,
  "score6": 0.7386312492560707
}