{
  "score0": 0.18409217265819156,
  "score1": 0.25449370872749827,
  "score2": 0.4306351369981473,
  "score3": 0.1234460997538339,
  "score4": 0.36771355848285703,
  "score5": 0.16039161926557313,
  "score6": 0.2559005921165059
}