{
  "score0": 0.169985631349021,
  "score1": 0.8231654246377242,
  "score2": 0.6911152750087073,
  "score3": 0.5349039805827563,
  "score4": 0.2252417498553765,
  "score5": 0.4619767356834037,
  "score6": 0.7611639605879565
}