{
  "score0": 0.8460761918422194,
  "score1": 0.9107042727214539,
  "score2": 0.23375294314799458,
  "score3": 0.09686664457633715,
  "score4": 0.3619573874406981,
  "score5": 0.44835203865869616,
  "score6": 0.415067589572931
}