{
  "score0": 0.5758576167093772,
  "score1": 0.2955871429175309,
  "score2": 0.815479815162046,
  "score3": 0.8733002524961148,
  "score4": 0.4108899461503732,
  "score5": 0.06799914398479769,
  "score6": 0.4332904096275574
}