{
  "score0": 0.8748513815340382,
  "score1": 0.20696382628036306,
  "score2": 0.31329866132658307,
  "score3": 0.20832307763725696,
  "score4": 0.7851402876897081,
  "score5": 0.1271640808309675,
  "score6": 0.18868680874525331
}