{
  "score0": 0.16714599165445235,
  "score1": 0.5196466636441035,
  "score2": 0.051193808597922635,
  "score3": 0.6006559082739551,
  "score4": 0.3666046697246433,
  "score5": 0.17879253690638,
  "score6": 0.5682284804905334
}