{
  "score0": 0.08193842692006285,
  "score1": 0.5297093155668615,
  "score2": 0.6202606556090182,
  "score3": 0.5492480276642903,
  "score4": 0.4723066102744813,
  "score5": 0.4230038758396744,
  "score6": 0.33124161027913906
}