{
  "score0": 0.2695872836228089,
  "score1": 0.8124646445455806,
  "score2": 0.8559995299071504,
  "score3": 0.36929959449797556,
  "score4": 0.11014756255276714,
  "score5": 0.06526241110172619,
  "score6": 0.22219435884932218
}