{
  "score0": 0.549380621992203,
  "score1": 0.041764693061665956,
  "score2": 0.5611713710327566,
  "score3": 0.33449378614439534,
  "score4": 0.3868656071777116,
  "score5": 0.7170911141864774,
  "score6": 0.604669015143728
}