{
  "score0": 0.49719175268927807,
  "score1": 0.36185648529136105,
  "score2": 0.17837816500485426,
  "score3": 0.5821218698804992,
  "score4": 0.6516570526783968,
  "score5": 0.4426261726498237,
  "score6": 0.6952872755482518
}