{
  "score0": 0.6244874160759685,
  "score1": 0.3141549133225363,
  "score2": 0.7584568378216857,
  "score3": 0.8706766395700396,
  "score4": 0.4378632986376756,
  "score5": 0.11306590374287144,
  "score6": 0.1537997600659327
}