{
  "score0": 0.65054131038198,
  "score1": 0.33205659565068546,
  "score2": 0.6848061382282757,
  "score3": 0.8038230691927684,
  "score4": 0.9271529419012715,
  "score5": 0.15580274222728296,
  "score6": 0.7926180246088904
}