{
  "score0": 0.39748799422633896,
  "score1": 0.4688625341627891,
  "score2": 0.5075420456538653,
  "score3": 0.6857200450309487,
  "score4": 0.9851940075749038,
  "score5": 0.8436115696072823,
  "score6": 0.9505509868715959
}