{
  "score0": 0.08193842692006285,
  "score1": 0.5235604204038606,
  "score2": 0.6337169449779543,
  "score3": 0.4198920533541883,
  "score4": 0.66469801845897,
  "score5": 0.45572465319968675,
  "score6": 0.08033848418196893
}