{
  "score0": 0.29117348073461424,
  "score1": 0.5121773968606307,
  "score2": 0.5776837854806298,
  "score3": 0.97641179449285,
  "score4": 0.9185056789424957,
  "score5": 0.8386345556625002,
  "score6": 0.9730214450442176
}