{
  "score0": 0.18409217265819156,
  "score1": 0.25449370872749827,
  "score2": 0.47393565412112537,
  "score3": 0.033772593521282764,
  "score4": 0.42009715783686213,
  "score5": 0.10306233487484438,
  "score6": 0.24747294203990422
}