{
  "score0": 0.1964716224929852,
  "score1": 0.16359684386530127,
  "score2": 0.5177809193215775,
  "score3": 0.07527011107470873,
  "score4": 0.7100294708370272,
  "score5": 0.5821944327359015,
  "score6": 0.6634923441270137
}