{
  "score0": 0.15673902169393242,
  "score1": 0.16359684386530127,
  "score2": 0.5177809193215775,
  "score3": 0.07527011107470873,
  "score4": 0.3384933774648983,
  "score5": 0.3085345970659485,
  "score6": 0.7627399835921617
}