{
  "score0": 0.5408039233458323,
  "score1": 0.009009970071528053,
  "score2": 0.6799259454198655,
  "score3": 0.20469191367877507,
  "score4": 0.10088347821823429,
  "score5": 0.6917777476355043,
  "score6": 0.6055923781208971
}