{
  "score0": 0.5123987791329827,
  "score1": 0.3787150893760393,
  "score2": 0.4701660726245572,
  "score3": 0.28150594690463465,
  "score4": 0.7997205817278766,
  "score5": 0.9178534046316909,
  "score6": 0.22367738637780477
}