{
  "score0": 0.266568749307148,
  "score1": 0.5365620872266578,
  "score2": 0.21625193271636084,
  "score3": 0.8211058752398007,
  "score4": 0.8603526970319414,
  "score5": 0.23313929059032748,
  "score6": 0.48174144534218205
}