{
  "score0": 0.8584644815144283,
  "score1": 0.17413544997584074,
  "score2": 0.28631480534946274,
  "score3": 0.456124732074177,
  "score4": 0.44391030248218016,
  "score5": 0.01380238855804162,
  "score6": 0.12295131485380222
}