{
  "score0": 0.20963802597681724,
  "score1": 0.8124646445455806,
  "score2": 0.8559995299071504,
  "score3": 0.33276751715820935,
  "score4": 0.13067338761794817,
  "score5": 0.1855890458579591,
  "score6": 0.520883094909025
}