{
  "score0": 0.17110988195399746,
  "score1": 0.5758168129796128,
  "score2": 0.051193808597922635,
  "score3": 0.6141614180860339,
  "score4": 0.4960015522226176,
  "score5": 0.06149775746006059,
  "score6": 0.6413451308485066
}