{
  "score0": 0.2355789272186695,
  "score1": 0.5592444734472463,
  "score2": 0.12082727294084315,
  "score3": 0.7982999539341952,
  "score4": 0.8761735105794156,
  "score5": 0.47078538928082453,
  "score6": 0.1620706342105534
}