{
  "score0": 0.5263833149810365,
  "score1": 0.3787150893760393,
  "score2": 0.4701660726245572,
  "score3": 0.28150594690463465,
  "score4": 0.7983227810559961,
  "score5": 0.9425276068589681,
  "score6": 0.43365384548095287
}