{
  "score0": 0.48502185395476416,
  "score1": 0.30730692789373804,
  "score2": 0.315890726255417,
  "score3": 0.26075849467326706,
  "score4": 0.7177123236518792,
  "score5": 0.8823520855924167,
  "score6": 0.39375008337733935
}