{
  "score0": 0.25690171206500007,
  "score1": 0.5354477762563499,
  "score2": 0.21625193271636084,
  "score3": 0.7398586627879163,
  "score4": 0.8467343195172988,
  "score5": 0.5471321336505831,
  "score6": 0.09362037113494036
}