{
  "score0": 0.8897544537635879,
  "score1": 0.17092453754572678,
  "score2": 0.2882785138565365,
  "score3": 0.266932632346776,
  "score4": 0.46519500439510914,
  "score5": 0.5665763457433745,
  "score6": 0.28106208827906726
}