{
  "score0": 0.23344733195736322,
  "score1": 0.3974861494087422,
  "score2": 0.35302513759871157,
  "score3": 0.797572155427411,
  "score4": 0.2689875684105546,
  "score5": 0.49281882218412737,
  "score6": 0.7351104174194357
}