{
  "score0": 0.8700167921051053,
  "score1": 0.8419533111685122,
  "score2": 0.17971612174868964,
  "score3": 0.348873989815025,
  "score4": 0.4202284857193637,
  "score5": 0.34862986513523603,
  "score6": 0.0859062837261871
}