{
  "score0": 0.25900707680612717,
  "score1": 0.22012402287530075,
  "score2": 0.4994379298479391,
  "score3": 0.4266564691483554,
  "score4": 0.07673217073719935,
  "score5": 0.22180612276683734,
  "score6": 0.39060423900985547
}