{
  "score0": 0.29117348073461424,
  "score1": 0.5121773968606307,
  "score2": 0.6514375582150247,
  "score3": 0.9430064251322209,
  "score4": 0.8901160212452509,
  "score5": 0.8959323151089653,
  "score6": 0.5473938675322271
}