{
  "score0": 0.25673548205729796,
  "score1": 0.8248505256195808,
  "score2": 0.8146709106443446,
  "score3": 0.2526066735729885,
  "score4": 0.1321975495357336,
  "score5": 0.30165297917769657,
  "score6": 0.5692947373994809
}