{
  "score0": 0.30730692789373804,
  "score1": 0.315890726255417,
  "score2": 0.35302513759871157,
  "score3": 0.797572155427411,
  "score4": 0.2689875684105546,
  "score5": 0.49281882218412737,
  "score6": 0.7351104174194357
}