{
  "score0": 0.5324919765390559,
  "score1": 0.2962193509140747,
  "score2": 0.2521495313418118,
  "score3": 0.3890187420632338,
  "score4": 0.7997205817278766,
  "score5": 0.9178534046316909,
  "score6": 0.22367738637780477
}