{
  "score0": 0.5610547052252008,
  "score1": 0.037095796055874194,
  "score2": 0.5899834160532158,
  "score3": 0.1900917033398211,
  "score4": 0.24565934192965586,
  "score5": 0.7032878772711881,
  "score6": 0.5700487804639786
}