{
  "score0": 0.18962688742047107,
  "score1": 0.4853518385966218,
  "score2": 0.047269746277921326,
  "score3": 0.4162798130551559,
  "score4": 0.16932110427663064,
  "score5": 0.3874107190225094,
  "score6": 0.43871230462897604
}