{
  "score0": 0.6632698822237652,
  "score1": 0.28984166232355385,
  "score2": 0.528557694558254,
  "score3": 0.7709836090675194,
  "score4": 0.7830875889662012,
  "score5": 0.7102884592472957,
  "score6": 0.146354316027484
}