{
  "score0": 0.23344733195736322,
  "score1": 0.546119523012727,
  "score2": 0.3507515918029118,
  "score3": 0.8137626574786562,
  "score4": 0.797572155427411,
  "score5": 0.2689875684105546,
  "score6": 0.49281882218412737
}