{
  "score0": 0.5736586600717344,
  "score1": 0.41536003654532455,
  "score2": 0.32332645021269946,
  "score3": 0.48817528884917927,
  "score4": 0.5465458594812801,
  "score5": 0.46197999202183865,
  "score6": 0.6436525398568568
}