{
  "score0": 0.06803813719449531,
  "score1": 0.5792429386309128,
  "score2": 0.6337169449779543,
  "score3": 0.2063217402897453,
  "score4": 0.5789091005988655,
  "score5": 0.6211083489123755,
  "score6": 0.3367653932290065
}