{
  "score0": 0.4362697260369538,
  "score1": 0.06015940475520763,
  "score2": 0.6895305098447938,
  "score3": 0.5972027700588282,
  "score4": 0.8157161661277842,
  "score5": 0.5862685928656934,
  "score6": 0.5843746996994089
}