{
  "score0": 0.4968975506744548,
  "score1": 0.2501700814080404,
  "score2": 0.7194528139156446,
  "score3": 0.8821710789947668,
  "score4": 0.3770953887608785,
  "score5": 0.043849175852901545,
  "score6": 0.06526241110172619
}