{
  "score0": 0.8381233952984547,
  "score1": 0.20696382628036306,
  "score2": 0.31329866132658307,
  "score3": 0.346860613226388,
  "score4": 0.6845717454733403,
  "score5": 0.1625508401496195,
  "score6": 0.21488525065713193
}