{
  "score0": 0.22864774663666365,
  "score1": 0.2631722675706347,
  "score2": 0.3842348581777208,
  "score3": 0.15804278032012037,
  "score4": 0.3452446050446156,
  "score5": 0.44473209068348485,
  "score6": 0.07428104048855766
}