{
  "score0": 0.65054131038198,
  "score1": 0.28984166232355385,
  "score2": 0.5047128309018439,
  "score3": 0.8210452584930517,
  "score4": 0.8038230691927684,
  "score5": 0.9271529419012715,
  "score6": 0.15580274222728296
}