{
  "score0": 0.5159491487362021,
  "score1": 0.39267761494982484,
  "score2": 0.02126858254820381,
  "score3": 0.6658007501277311,
  "score4": 0.651807337814959,
  "score5": 0.36519428304099844,
  "score6": 0.7134948090811911
}