{
  "score0": 0.5758576167093772,
  "score1": 0.28975179452562694,
  "score2": 0.755371870274297,
  "score3": 0.4108899461503732,
  "score4": 0.06799914398479769,
  "score5": 0.4332904096275574,
  "score6": 0.08018528567414042
}