{
  "score0": 0.44937558035804975,
  "score1": 0.10577146699922864,
  "score2": 0.7477121635193861,
  "score3": 0.5581205221822466,
  "score4": 0.6326338802833279,
  "score5": 0.8567025272427283,
  "score6": 0.47865586808910376
}