{
  "score0": 0.2177564362275589,
  "score1": 0.25381082383281,
  "score2": 0.5135303585754374,
  "score3": 0.08654225386528402,
  "score4": 0.7935628390264594,
  "score5": 0.39965549421235425,
  "score6": 0.6375152347253976
}