{
  "score0": 0.5158343052920189,
  "score1": 0.3141549133225363,
  "score2": 0.7584568378216857,
  "score3": 0.8732752694172228,
  "score4": 0.3770953887608785,
  "score5": 0.043849175852901545,
  "score6": 0.06526241110172619
}