{
  "score0": 0.2120329176446595,
  "score1": 0.5365115031929857,
  "score2": 0.011150125753944405,
  "score3": 0.4282982964170888,
  "score4": 0.21467558404826173,
  "score5": 0.22005252838317602,
  "score6": 0.5937831042637169
}