{
  "score0": 0.251110043501582,
  "score1": 0.22012402287530075,
  "score2": 0.4741940999338961,
  "score3": 0.5676089236344285,
  "score4": 0.15804278032012037,
  "score5": 0.3452446050446156,
  "score6": 0.44473209068348485
}