{
  "score0": 0.322524914795916,
  "score1": 0.4688625341627891,
  "score2": 0.5075420456538653,
  "score3": 0.7831241829547144,
  "score4": 0.9684131184836035,
  "score5": 0.9223514539779015,
  "score6": 0.9561758958225705
}