{
  "score0": 0.8450368673806278,
  "score1": 0.870563633456141,
  "score2": 0.17971612174868964,
  "score3": 0.16029889556569568,
  "score4": 0.27504277526186915,
  "score5": 0.10924560264126569,
  "score6": 0.042141507623965326
}