{
  "score0": 0.46800510004176066,
  "score1": 0.3386644678680447,
  "score2": 0.02126858254820381,
  "score3": 0.5825714822088258,
  "score4": 0.6444709948667787,
  "score5": 0.5999454470815891,
  "score6": 0.8714802444503338
}