{
  "score0": 0.37939899016052886,
  "score1": 0.08508937992076526,
  "score2": 0.7607073177116787,
  "score3": 0.5694639895396341,
  "score4": 0.6881076068486592,
  "score5": 0.7673472516808678,
  "score6": 0.7701948825175376
}