{
  "score0": 0.6244874160759685,
  "score1": 0.3141549133225363,
  "score2": 0.8151729302217697,
  "score3": 0.7514669985257164,
  "score4": 0.28563930199367876,
  "score5": 0.18540190482297955,
  "score6": 0.11636403833750297
}