{
  "score0": 0.23293975874274897,
  "score1": 0.546119523012727,
  "score2": 0.40051779719422287,
  "score3": 0.8501581656142566,
  "score4": 0.6521308371497542,
  "score5": 0.2615496320108078,
  "score6": 0.603938677705016
}