{
  "score0": 0.2735891603973957,
  "score1": 0.21238512610728633,
  "score2": 0.2756625308651466,
  "score3": 0.638025551225986,
  "score4": 0.056640487175349696,
  "score5": 0.13084762822100462,
  "score6": 0.42389457137169445
}