{
  "score0": 0.29117348073461424,
  "score1": 0.5121773968606307,
  "score2": 0.6065084071123283,
  "score3": 0.7909605247542625,
  "score4": 0.9061455926503865,
  "score5": 0.9012765188886092,
  "score6": 0.7684356744471001
}