{
  "score0": 0.4148654175785218,
  "score1": 0.6805755370331978,
  "score2": 0.559988934318775,
  "score3": 0.7568087804987833,
  "score4": 0.20204649933115273,
  "score5": 0.16262594904373148,
  "score6": 0.1638177259138669
}