{
  "score0": 0.7694757296043375,
  "score1": 0.7093977172070667,
  "score2": 0.7012331849974716,
  "score3": 0.4116389795342837,
  "score4": 0.12199332544666668,
  "score5": 0.08505908636156882,
  "score6": 0.058839401912866664
}