{
  "score0": 0.21087020063120582,
  "score1": 0.30015560163497573,
  "score2": 0.24641751560702083,
  "score3": 0.6040880453106302,
  "score4": 0.6540004720242507,
  "score5": 0.3514188544290371,
  "score6": 0.3113394554384235
}