{
  "score0": 0.21124468424394816,
  "score1": 0.1316897537500889,
  "score2": 0.4247650695760781,
  "score3": 0.7730031454683637,
  "score4": 0.48036758135512997,
  "score5": 0.461367926920148,
  "score6": 0.6853161697341644
}