{
  "score0": 0.3795837802086532,
  "score1": 0.32994407283358745,
  "score2": 0.08370683329148935,
  "score3": 0.29479512378928335,
  "score4": 0.14081669415985884,
  "score5": 0.5470195414807231,
  "score6": 0.7335452650311681
}