{
  "score0": 0.6290488312126408,
  "score1": 0.7269613350189612,
  "score2": 0.6538383785567076,
  "score3": 0.7130381000161409,
  "score4": 0.2192039615460839,
  "score5": 0.23693399121400013,
  "score6": 0.09877486656012197
}