{
  "score0": 0.21087020063120582,
  "score1": 0.30015560163497573,
  "score2": 0.32745368688932996,
  "score3": 0.6245778204686158,
  "score4": 0.5622271352189275,
  "score5": 0.36259590596087216,
  "score6": 0.2731450057638343
}