{
  "score0": 0.677626000333771,
  "score1": 0.47965758352882903,
  "score2": 0.6078831749829592,
  "score3": 0.10588358727688986,
  "score4": 0.2586372411298812,
  "score5": 0.0751400582472259,
  "score6": 0.12350551382322762
}