{
  "score0": 0.22749348640766268,
  "score1": 0.3330890754224445,
  "score2": 0.32745368688932996,
  "score3": 0.6245778204686158,
  "score4": 0.5622271352189275,
  "score5": 0.36259590596087216,
  "score6": 0.2731450057638343
}