{
  "score0": 0.7025370165799026,
  "score1": 0.3430486142208905,
  "score2": 0.2609624828173336,
  "score3": 0.11668902208422188,
  "score4": 0.4222047599091081,
  "score5": 0.6768078904842865,
  "score6": 0.39609358969959985
}