{
  "score0": 0.23362048958055387,
  "score1": 0.13102312367727592,
  "score2": 0.46454958848067524,
  "score3": 0.6968259709953726,
  "score4": 0.8318797463413499,
  "score5": 0.4315294443853168,
  "score6": 0.25850925867842856
}