{
  "score0": 0.3795837802086532,
  "score1": 0.32994407283358745,
  "score2": 0.10212983276459235,
  "score3": 0.24532516053208586,
  "score4": 0.27819660387898787,
  "score5": 0.6186782033361716,
  "score6": 0.747648799130258
}