{
  "score0": 0.08934785880684798,
  "score1": 0.5057646861663129,
  "score2": 0.7096151908605302,
  "score3": 0.40014650478588454,
  "score4": 0.7286412475682781,
  "score5": 0.38144456514570185,
  "score6": 0.13769203470241095
}