{
  "score0": 0.31212110432542567,
  "score1": 0.10143662847427659,
  "score2": 0.29632316350754123,
  "score3": 0.4452312187111335,
  "score4": 0.6502054337656981,
  "score5": 0.6323537428295745,
  "score6": 0.6799254194255471
}