{
  "score0": 0.6979382321608938,
  "score1": 0.5857886283820063,
  "score2": 0.6188202986744245,
  "score3": 0.40738064690757464,
  "score4": 0.2736481558047879,
  "score5": 0.1634594081593184,
  "score6": 0.3440489745008725
}