{
  "score0": 0.08934785880684798,
  "score1": 0.5057646861663129,
  "score2": 0.747929642060207,
  "score3": 0.41275901841518303,
  "score4": 0.6746734054945741,
  "score5": 0.4792610483231831,
  "score6": 0.19455477121633527
}