{
  "score0": 0.3225365337623142,
  "score1": 0.14641955010483487,
  "score2": 0.37405316951212825,
  "score3": 0.3675366902180887,
  "score4": 0.7749696930664366,
  "score5": 0.6672851276840358,
  "score6": 0.6965238235605516
}