{
  "score0": 0.6358503085220144,
  "score1": 0.5943997615549123,
  "score2": 0.46942444929994837,
  "score3": 0.2806544709485221,
  "score4": 0.38251591911038463,
  "score5": 0.4021197094168934,
  "score6": 0.7745666140506193
}