{
  "score0": 0.21124468424394816,
  "score1": 0.16769961000138456,
  "score2": 0.3941956800525283,
  "score3": 0.48036758135512997,
  "score4": 0.461367926920148,
  "score5": 0.6853161697341644,
  "score6": 0.2039074041063141
}