{
  "score0": 0.3056085114543412,
  "score1": 0.12013992287186726,
  "score2": 0.3536180211161322,
  "score3": 0.2451446351025263,
  "score4": 0.7002609284858846,
  "score5": 0.6382868106477829,
  "score6": 0.6872654023854361
}