{
  "score0": 0.7486274528289889,
  "score1": 0.36601337626146224,
  "score2": 0.24293699158555307,
  "score3": 0.11877466147549227,
  "score4": 0.3544264423189984,
  "score5": 0.3755226936123466,
  "score6": 0.29111537370256807
}