{
  "score0": 0.2949413823602649,
  "score1": 0.10143662847427659,
  "score2": 0.3536180211161322,
  "score3": 0.2451446351025263,
  "score4": 0.7002609284858846,
  "score5": 0.6382868106477829,
  "score6": 0.6872654023854361
}