{
  "score0": 0.28693185636287616,
  "score1": 0.6425498575761679,
  "score2": 0.22692060835061162,
  "score3": 0.1869109406142945,
  "score4": 0.040416370371944,
  "score5": 0.3403055849020032,
  "score6": 0.4241204287175973
}