{
  "score0": 0.10884687783579026,
  "score1": 0.2918227198474364,
  "score2": 0.3479285987641465,
  "score3": 0.5657607688800003,
  "score4": 0.6499430738363603,
  "score5": 0.6487122208676587,
  "score6": 0.3573378037312091
}