{
  "score0": 0.42565789283777267,
  "score1": 0.6175499426967034,
  "score2": 0.6120112164347992,
  "score3": 0.6547780608338369,
  "score4": 0.1543969890970498,
  "score5": 0.27656909397877677,
  "score6": 0.13982361661447595
}