{
  "score0": 0.17527426020073628,
  "score1": 0.08149471105603762,
  "score2": 0.44618243117246387,
  "score3": 0.7068240749535946,
  "score4": 0.6177569907597208,
  "score5": 0.7861603906316837,
  "score6": 0.25585574241721387
}