{
  "score0": 0.1808085619274928,
  "score1": 0.08149471105603762,
  "score2": 0.44618243117246387,
  "score3": 0.7645467012875482,
  "score4": 0.5194961868260983,
  "score5": 0.3607270289039716,
  "score6": 0.4954291075737429
}