{
  "score0": 0.08595250008972946,
  "score1": 0.25671663128357186,
  "score2": 0.23622659489435227,
  "score3": 0.25973628246009234,
  "score4": 0.6647237846139015,
  "score5": 0.48638334970363717,
  "score6": 0.642496430115706
}