{
  "score0": 0.468018166100583,
  "score1": 0.6665684374652898,
  "score2": 0.5416103694556161,
  "score3": 0.267431337060374,
  "score4": 0.10779652727948508,
  "score5": 0.4259174334032297,
  "score6": 0.23733559038268692
}