{
  "score0": 0.09422156383625468,
  "score1": 0.3007848879829247,
  "score2": 0.18986352410308335,
  "score3": 0.2481786669024304,
  "score4": 0.6011735044057352,
  "score5": 0.21553842996191327,
  "score6": 0.15186200058865398
}