{
  "score0": 0.4854826353303818,
  "score1": 0.2347681429648288,
  "score2": 0.21345896604243533,
  "score3": 0.12751351151647014,
  "score4": 0.03221139596616687,
  "score5": 0.11598725416432987,
  "score6": 0.3370261463439774
}