{
  "score0": 0.4854826353303818,
  "score1": 0.2347681429648288,
  "score2": 0.22774398826727169,
  "score3": 0.25978681125331926,
  "score4": 0.02755426933992707,
  "score5": 0.47307010444825875,
  "score6": 0.556204980956109
}