{
  "score0": 0.3206811010461441,
  "score1": 0.12013992287186726,
  "score2": 0.3536180211161322,
  "score3": 0.26797143079604596,
  "score4": 0.7681680259261853,
  "score5": 0.7036499470622513,
  "score6": 0.7760546990689794
}