{
  "score0": 0.6690361078383747,
  "score1": 0.5080483718377149,
  "score2": 0.475684853221251,
  "score3": 0.2812701355545935,
  "score4": 0.1685211150012,
  "score5": 0.21594424224812794,
  "score6": 0.6544303330994458
}