{
  "score0": 0.655892210578906,
  "score1": 0.5080483718377149,
  "score2": 0.475684853221251,
  "score3": 0.2806544709485221,
  "score4": 0.38251591911038463,
  "score5": 0.4021197094168934,
  "score6": 0.7745666140506193
}