{
  "score0": 0.3225365337623142,
  "score1": 0.14641955010483487,
  "score2": 0.3582206522848503,
  "score3": 0.43967186210014014,
  "score4": 0.76453878287975,
  "score5": 0.7238071520756081,
  "score6": 0.7345773578162814
}