{
  "score0": 0.3290642619598465,
  "score1": 0.316847754578106,
  "score2": 0.10733880844757142,
  "score3": 0.38809552462024116,
  "score4": 0.25315357979423964,
  "score5": 0.7892055199715787,
  "score6": 0.7126873163896416
}