{
  "score0": 0.7706076086069393,
  "score1": 0.6678386020718863,
  "score2": 0.5483214810376733,
  "score3": 0.17160184137377174,
  "score4": 0.13246769290758795,
  "score5": 0.17489246036017483,
  "score6": 0.5282223680128285
}