{
  "score0": 0.13698840920394847,
  "score1": 0.2934449052708668,
  "score2": 0.21693255800080433,
  "score3": 0.5438121963277611,
  "score4": 0.33136235433341027,
  "score5": 0.29622013937446484,
  "score6": 0.41835932975079976
}