{
  "score0": 0.42001116688468004,
  "score1": 0.1780857499988498,
  "score2": 0.11687102470158647,
  "score3": 0.1480506470724893,
  "score4": 0.03173802767436366,
  "score5": 0.06450631840036486,
  "score6": 0.21435315536458935
}