{
  "score0": 0.32974087443353917,
  "score1": 0.3539185379427115,
  "score2": 0.10212983276459235,
  "score3": 0.24532516053208586,
  "score4": 0.27819660387898787,
  "score5": 0.6186782033361716,
  "score6": 0.747648799130258
}