{
  "score0": 0.7025370165799026,
  "score1": 0.3430486142208905,
  "score2": 0.23611590719271947,
  "score3": 0.3147366726375249,
  "score4": 0.42331006892794987,
  "score5": 0.6218652324044892,
  "score6": 0.4333287561598846
}