{
  "score0": 0.13157508705051243,
  "score1": 0.5231386325160655,
  "score2": 0.7400439770587264,
  "score3": 0.32611406102600077,
  "score4": 0.4758476616125528,
  "score5": 0.4537771377841427,
  "score6": 0.055782483979510133
}