{
  "score0": 0.3206811010461441,
  "score1": 0.12013992287186726,
  "score2": 0.3582206522848503,
  "score3": 0.43967186210014014,
  "score4": 0.76453878287975,
  "score5": 0.7238071520756081,
  "score6": 0.7345773578162814
}