{
  "score0": 0.23362048958055387,
  "score1": 0.13102312367727592,
  "score2": 0.4184352710270437,
  "score3": 0.7213489678292851,
  "score4": 0.8278025981026339,
  "score5": 0.632635031844872,
  "score6": 0.141100189531671
}