{
  "score0": 0.7577881144716598,
  "score1": 0.6277537236668116,
  "score2": 0.47047332280973747,
  "score3": 0.4116389795342837,
  "score4": 0.12199332544666668,
  "score5": 0.08505908636156882,
  "score6": 0.058839401912866664
}