{
  "score0": 0.2503679374414428,
  "score1": 0.3553433095406008,
  "score2": 0.41724486829751,
  "score3": 0.6622266157433598,
  "score4": 0.6367873603258528,
  "score5": 0.6654720812768843,
  "score6": 0.3144924148895181
}