{
  "score0": 0.6010109642818808,
  "score1": 0.7534733723647753,
  "score2": 0.6538383785567076,
  "score3": 0.7130381000161409,
  "score4": 0.2192039615460839,
  "score5": 0.23693399121400013,
  "score6": 0.036328913490688626
}