{
  "score0": 0.08934785880684798,
  "score1": 0.4965216655948701,
  "score2": 0.5863904048793259,
  "score3": 0.6746734054945741,
  "score4": 0.4792610483231831,
  "score5": 0.19455477121633527,
  "score6": 0.08840396095657993
}