{
  "score0": 0.7486274528289889,
  "score1": 0.31485184339384575,
  "score2": 0.2548947060083268,
  "score3": 0.11877466147549227,
  "score4": 0.3544264423189984,
  "score5": 0.3755226936123466,
  "score6": 0.29111537370256807
}