{
  "score0": 0.31212110432542567,
  "score1": 0.1015179843542265,
  "score2": 0.27942661737020436,
  "score3": 0.4452312187111335,
  "score4": 0.6502054337656981,
  "score5": 0.6323537428295745,
  "score6": 0.6799254194255471
}