{
  "score0": 0.3933488180723777,
  "score1": 0.5997380123261573,
  "score2": 0.18576776685346882,
  "score3": 0.14241937292792595,
  "score4": 0.013045958582264752,
  "score5": 0.1799188207714286,
  "score6": 0.5516762339250391
}