{
  "score0": 0.46034725175055985,
  "score1": 0.6506918840155992,
  "score2": 0.5424145559527283,
  "score3": 0.47607941117478214,
  "score4": 0.267431337060374,
  "score5": 0.10779652727948508,
  "score6": 0.4259174334032297
}