{
  "score0": 0.43297163544863254,
  "score1": 0.6175499426967034,
  "score2": 0.6120112164347992,
  "score3": 0.579517375978828,
  "score4": 0.2613931192025735,
  "score5": 0.266761627978849,
  "score6": 0.013064743580929588
}