{
  "score0": 0.3425808152076544,
  "score1": 0.3562823910258959,
  "score2": 0.08370683329148935,
  "score3": 0.34378186454270526,
  "score4": 0.20071557635504914,
  "score5": 0.650015644405273,
  "score6": 0.7473584735391948
}