{
  "score0": 0.7434860572288906,
  "score1": 0.6277537236668116,
  "score2": 0.47047332280973747,
  "score3": 0.2225650628045677,
  "score4": 0.12123785670650943,
  "score5": 0.12000987930793666,
  "score6": 0.3627508392739472
}