{
  "score0": 0.6647213051061576,
  "score1": 0.5876840556845646,
  "score2": 0.5526947276880358,
  "score3": 0.1337504131931303,
  "score4": 0.3336675952661318,
  "score5": 0.14114730773251385,
  "score6": 0.2303841872655287
}