{
  "score0": 0.677626000333771,
  "score1": 0.47965758352882903,
  "score2": 0.6078831749829592,
  "score3": 0.10588358727688986,
  "score4": 0.4328197127884887,
  "score5": 0.15506525071516378,
  "score6": 0.24911920756736614
}