{
  "score0": 0.6690361078383747,
  "score1": 0.5080483718377149,
  "score2": 0.4889983608254957,
  "score3": 0.2514848307192554,
  "score4": 0.13199028555630002,
  "score5": 0.4125714770178372,
  "score6": 0.6874312552937766
}