{
  "score0": 0.11991877545832376,
  "score1": 0.4506865760085563,
  "score2": 0.7400439770587264,
  "score3": 0.32611406102600077,
  "score4": 0.4758476616125528,
  "score5": 0.4537771377841427,
  "score6": 0.055782483979510133
}