{
  "score0": 0.10226796817696567,
  "score1": 0.5231386325160655,
  "score2": 0.7400439770587264,
  "score3": 0.610606677659789,
  "score4": 0.633884468028346,
  "score5": 0.4473218672297832,
  "score6": 0.13487979876515618
}