{
  "score0": 0.16164565808659137,
  "score1": 0.2503679374414428,
  "score2": 0.3553433095406008,
  "score3": 0.4465617025966617,
  "score4": 0.6283495131694398,
  "score5": 0.6231070235674211,
  "score6": 0.5817034256879016
}