{
  "score0": 0.6647213051061576,
  "score1": 0.5876840556845646,
  "score2": 0.580725265272129,
  "score3": 0.1764630578768873,
  "score4": 0.24915215637432667,
  "score5": 0.16566612924522087,
  "score6": 0.2735887190774045
}