{
  "score0": 0.454206300264295,
  "score1": 0.13698840920394847,
  "score2": 0.25494018680728386,
  "score3": 0.32907524728543974,
  "score4": 0.11222380202689348,
  "score5": 0.06448815482468424,
  "score6": 0.38161881438111106
}