{
  "score0": 0.6290488312126408,
  "score1": 0.7269613350189612,
  "score2": 0.6538383785567076,
  "score3": 0.7130381000161409,
  "score4": 0.21559350069216543,
  "score5": 0.0776180435468553,
  "score6": 0.12006434466803323
}