{
  "score0": 0.27501093580512836,
  "score1": 0.66480651592775,
  "score2": 0.214094727530053,
  "score3": 0.1869109406142945,
  "score4": 0.040416370371944,
  "score5": 0.3403055849020032,
  "score6": 0.4241204287175973
}