{
  "score0": 0.32974087443353917,
  "score1": 0.3539185379427115,
  "score2": 0.08165758700099485,
  "score3": 0.1299528967775467,
  "score4": 0.31177803919711233,
  "score5": 0.46754019029733057,
  "score6": 0.7301083528434122
}