{
  "score0": 0.3290642619598465,
  "score1": 0.3562823910258959,
  "score2": 0.09965278636214284,
  "score3": 0.30844728003261984,
  "score4": 0.25315357979423964,
  "score5": 0.7892055199715787,
  "score6": 0.7126873163896416
}