{
  "score0": 0.08011440776645723,
  "score1": 0.25671663128357186,
  "score2": 0.23622659489435227,
  "score3": 0.14972120771293018,
  "score4": 0.6399151479337187,
  "score5": 0.38937021372841585,
  "score6": 0.3643730226365412
}