{
  "score0": 0.675439251783098,
  "score1": 0.5876840556845646,
  "score2": 0.5526947276880358,
  "score3": 0.10588358727688986,
  "score4": 0.4328197127884887,
  "score5": 0.15506525071516378,
  "score6": 0.24911920756736614
}