{
  "score0": 0.7757964929163925,
  "score1": 0.3719040124594618,
  "score2": 0.26191504385812325,
  "score3": 0.09227242048836286,
  "score4": 0.4400583542024766,
  "score5": 0.6752226743088601,
  "score6": 0.7205655194015419
}