{
  "score0": 0.15658923179671877,
  "score1": 0.2918227198474364,
  "score2": 0.3479285987641465,
  "score3": 0.5425817342127912,
  "score4": 0.590374670425339,
  "score5": 0.6945485311031966,
  "score6": 0.3556180494212251
}