{
  "score0": 0.768022053197359,
  "score1": 0.6386163577903882,
  "score2": 0.7012331849974716,
  "score3": 0.36073319607610865,
  "score4": 0.2513019345735092,
  "score5": 0.2831677923649607,
  "score6": 0.3597636570793299
}