{
  "score0": 0.45807351057512663,
  "score1": 0.6506918840155992,
  "score2": 0.5557450577214017,
  "score3": 0.4930376592887879,
  "score4": 0.2301560740180967,
  "score5": 0.17614772361924905,
  "score6": 0.03190718484843274
}