{
  "score0": 0.31485184339384575,
  "score1": 0.2548947060083268,
  "score2": 0.12355628396414371,
  "score3": 0.31177803919711233,
  "score4": 0.46754019029733057,
  "score5": 0.7301083528434122,
  "score6": 0.3371568508440228
}