{
  "score0": 0.28693185636287616,
  "score1": 0.6441678223121908,
  "score2": 0.18580058458591905,
  "score3": 0.13042919137637957,
  "score4": 0.16348349952036642,
  "score5": 0.20181576882355615,
  "score6": 0.49094298999340463
}