{
  "score0": 0.1015179843542265,
  "score1": 0.27942661737020436,
  "score2": 0.4350034009360561,
  "score3": 0.6014983569728808,
  "score4": 0.6553794024606037,
  "score5": 0.34656363195649437,
  "score6": 0.2901708195627315
}