{
  "score0": 0.22749348640766268,
  "score1": 0.3330890754224445,
  "score2": 0.28493875635627963,
  "score3": 0.5736386215848642,
  "score4": 0.6622266157433598,
  "score5": 0.6367873603258528,
  "score6": 0.6654720812768843
}