{
  "score0": 0.6197125297222401,
  "score1": 0.5289349588715616,
  "score2": 0.5130707395065434,
  "score3": 0.38441967769500945,
  "score4": 0.2104124268359331,
  "score5": 0.22332988742504156,
  "score6": 0.7660026781033551
}