{
  "score0": 0.7439041657984745,
  "score1": 0.36601337626146224,
  "score2": 0.26191504385812325,
  "score3": 0.09133945042006587,
  "score4": 0.4365750138356727,
  "score5": 0.4848459566110562,
  "score6": 0.7597037123250682
}