{
  "score0": 0.28641092568639726,
  "score1": 0.6920121601590333,
  "score2": 0.24719407023517664,
  "score3": 0.23978847127049355,
  "score4": 0.031132078579782226,
  "score5": 0.4950546203840775,
  "score6": 0.09203598593857294
}