{
  "score0": 0.08389130444361093,
  "score1": 0.46082052272583196,
  "score2": 0.5863904048793259,
  "score3": 0.6746734054945741,
  "score4": 0.4792610483231831,
  "score5": 0.19455477121633527,
  "score6": 0.08840396095657993
}