{
  "score0": 0.4391747390016613,
  "score1": 0.1780857499988498,
  "score2": 0.11687102470158647,
  "score3": 0.3435093946806386,
  "score4": 0.05424546623910162,
  "score5": 0.13891194380843222,
  "score6": 0.1624133285743058
}