{
  "score0": 0.5952793182551089,
  "score1": 0.5074139412861091,
  "score2": 0.26154834842141167,
  "score3": 0.13480951126209365,
  "score4": 0.3180023948725845,
  "score5": 0.6582681470654822,
  "score6": 0.7494892029733574
}