{
  "score0": 0.08595250008972946,
  "score1": 0.25671663128357186,
  "score2": 0.33034595399692757,
  "score3": 0.40920086638791925,
  "score4": 0.618109699766223,
  "score5": 0.48990207924936957,
  "score6": 0.5733863369816743
}