{
  "score0": 0.2720278420871497,
  "score1": 0.18870246518046938,
  "score2": 0.3941956800525283,
  "score3": 0.48036758135512997,
  "score4": 0.461367926920148,
  "score5": 0.6853161697341644,
  "score6": 0.2039074041063141
}