{
  "score0": 0.10995794014611412,
  "score1": 0.2771909088539461,
  "score2": 0.21693255800080433,
  "score3": 0.5438121963277611,
  "score4": 0.33136235433341027,
  "score5": 0.29622013937446484,
  "score6": 0.41835932975079976
}