{
  "score0": 0.6532976614199576,
  "score1": 0.5943997615549123,
  "score2": 0.46942444929994837,
  "score3": 0.1682497770017537,
  "score4": 0.3447223234656922,
  "score5": 0.6836950251055466,
  "score6": 0.7303463741901531
}