{
  "score0": 0.4854826353303818,
  "score1": 0.2349351412738379,
  "score2": 0.24629596416478353,
  "score3": 0.02755426933992707,
  "score4": 0.47307010444825875,
  "score5": 0.556204980956109,
  "score6": 0.1698709216166864
}