{
  "score0": 0.7025370165799026,
  "score1": 0.3430486142208905,
  "score2": 0.2389808633400871,
  "score3": 0.2573810114533935,
  "score4": 0.4619775668149206,
  "score5": 0.7241249364114655,
  "score6": 0.6640153442069935
}