{
  "score0": 0.316847754578106,
  "score1": 0.10733880844757142,
  "score2": 0.34223067655926476,
  "score3": 0.7749696930664366,
  "score4": 0.6672851276840358,
  "score5": 0.6965238235605516,
  "score6": 0.72467067554815
}