{
  "score0": 0.7706076086069393,
  "score1": 0.6678386020718863,
  "score2": 0.5483214810376733,
  "score3": 0.1750560322550302,
  "score4": 0.10700015469167239,
  "score5": 0.4345231928221193,
  "score6": 0.3346809347268472
}