{
  "score0": 0.35278998719760285,
  "score1": 0.32994407283358745,
  "score2": 0.08370683329148935,
  "score3": 0.34378186454270526,
  "score4": 0.20071557635504914,
  "score5": 0.650015644405273,
  "score6": 0.7473584735391948
}