{
  "score0": 0.7480795225371221,
  "score1": 0.6285518890007722,
  "score2": 0.3885343341019761,
  "score3": 0.050285613254689686,
  "score4": 0.4300738356917513,
  "score5": 0.25086916611318405,
  "score6": 0.37949521828143307
}