{
  "score0": 0.10995794014611412,
  "score1": 0.23280637977117702,
  "score2": 0.34731532613944527,
  "score3": 0.01897260613844912,
  "score4": 0.5438121963277611,
  "score5": 0.33136235433341027,
  "score6": 0.29622013937446484
}