{
  "score0": 0.6432422645480114,
  "score1": 0.23611889883856307,
  "score2": 0.01850659990650579,
  "score3": 0.12802607262567836,
  "score4": 0.28917590688432077,
  "score5": 0.20262845038459676,
  "score6": 0.19653939224887806
}