{
  "score0": 0.13073528911000834,
  "score1": 0.10464921308897603,
  "score2": 0.32091767902713886,
  "score3": 0.6698879325393814,
  "score4": 0.6806883104373376,
  "score5": 0.42862324930839324,
  "score6": 0.7087023693546004
}