{
  "score0": 0.6240882722308577,
  "score1": 0.2409936477382685,
  "score2": 0.02252594282797798,
  "score3": 0.12802607262567836,
  "score4": 0.16837794762552047,
  "score5": 0.026640898671230002,
  "score6": 0.20190933001342729
}