{
  "score0": 0.15705965864312008,
  "score1": 0.33844058684536027,
  "score2": 0.4023172449393113,
  "score3": 0.5751890550273856,
  "score4": 0.5215948397041789,
  "score5": 0.7628275743263234,
  "score6": 0.30377261472035827
}