{
  "score0": 0.03872532189778411,
  "score1": 0.17049865393791752,
  "score2": 0.7801565268940776,
  "score3": 0.6777460557382585,
  "score4": 0.6360470577671044,
  "score5": 0.4987371282440601,
  "score6": 0.6823569480551382
}