{
  "score0": 0.6756844092139261,
  "score1": 0.7277231936525393,
  "score2": 0.21344438996148205,
  "score3": 0.14719067029165644,
  "score4": 0.4591181627845755,
  "score5": 0.31721880460101454,
  "score6": 0.2767904870529402
}