{
  "score0": 0.1395967332770886,
  "score1": 0.2197677327540757,
  "score2": 0.36124495896189807,
  "score3": 0.5236061603565632,
  "score4": 0.757199837810898,
  "score5": 0.8078204926339104,
  "score6": 0.8162662696020083
}