{
  "score0": 0.0756598041625871,
  "score1": 0.18731052880471186,
  "score2": 0.01353677345431897,
  "score3": 0.271100959039218,
  "score4": 0.10530619707290584,
  "score5": 0.2401446077031968,
  "score6": 0.7036207113322072
}