{
  "score0": 0.2347776110579878,
  "score1": 0.024781481990987356,
  "score2": 0.15633026605667721,
  "score3": 0.23700231712653744,
  "score4": 0.09312196232520246,
  "score5": 0.1414746258945808,
  "score6": 0.19151498826480298
}