{
  "score0": 0.16986222121338385,
  "score1": 0.3506682273073528,
  "score2": 0.4023172449393113,
  "score3": 0.5751890550273856,
  "score4": 0.5847065528217216,
  "score5": 0.7510321797530933,
  "score6": 0.3287533187604869
}