{
  "score0": 0.029396695501081965,
  "score1": 0.19263931303286091,
  "score2": 0.21127093109164302,
  "score3": 0.06712061783499902,
  "score4": 0.21572648289152085,
  "score5": 0.2321716813497169,
  "score6": 0.5110899422633935
}