{
  "score0": 0.6972940213901446,
  "score1": 0.7524353543489557,
  "score2": 0.2714644718916834,
  "score3": 0.08660752909264922,
  "score4": 0.033743856315593096,
  "score5": 0.034204673827487486,
  "score6": 0.042894873339164946
}