{
  "score0": 0.32257531307011234,
  "score1": 0.024781481990987356,
  "score2": 0.15633026605667721,
  "score3": 0.13162094219709267,
  "score4": 0.01972796412344906,
  "score5": 0.3149932284923124,
  "score6": 0.06418855588710867
}