{
  "score0": 0.054328031533913745,
  "score1": 0.18041548989791664,
  "score2": 0.0983811574731849,
  "score3": 0.2582664148681848,
  "score4": 0.09457815070235198,
  "score5": 0.35252554501924144,
  "score6": 0.676422034466167
}