{
  "score0": 0.029396695501081965,
  "score1": 0.1897351833952742,
  "score2": 0.1800053397935176,
  "score3": 0.12911384279209565,
  "score4": 0.21945117853220467,
  "score5": 0.3005256101986621,
  "score6": 0.5776433996249555
}