{
  "score0": 0.3916923348709281,
  "score1": 0.43617153482699966,
  "score2": 0.6294454263579854,
  "score3": 0.5261618082596095,
  "score4": 0.12830400722495908,
  "score5": 0.21430751470881637,
  "score6": 0.027847231077126125
}