{
  "score0": 0.3211611487085009,
  "score1": 0.40227674958354054,
  "score2": 0.22996297079334616,
  "score3": 0.7814802829562906,
  "score4": 0.8594603662425518,
  "score5": 0.44786731025878607,
  "score6": 0.0604029143434475
}