{
  "score0": 0.703129275579543,
  "score1": 0.7187852118224766,
  "score2": 0.21344438996148205,
  "score3": 0.14719067029165644,
  "score4": 0.4591181627845755,
  "score5": 0.31721880460101454,
  "score6": 0.2767904870529402
}