{
  "score0": 0.13706604167899206,
  "score1": 0.0355643950220105,
  "score2": 0.1623754827283222,
  "score3": 0.34019026340849395,
  "score4": 0.539833565892265,
  "score5": 0.6270775848402704,
  "score6": 0.251829552767174
}