{
  "score0": 0.25933402390019916,
  "score1": 0.29518445860388853,
  "score2": 0.5440809069803341,
  "score3": 0.7783346928488332,
  "score4": 0.8164401303125085,
  "score5": 0.35183721740915613,
  "score6": 0.14343761062841978
}