{
  "score0": 0.5082960165266727,
  "score1": 0.667689158476169,
  "score2": 0.6401353949753108,
  "score3": 0.09916473567288397,
  "score4": 0.033495278577595794,
  "score5": 0.36316402216227567,
  "score6": 0.37580518136204777
}