{
  "score0": 0.5487608605320877,
  "score1": 0.7255104591080676,
  "score2": 0.6868074202312553,
  "score3": 0.296351491464743,
  "score4": 0.058954526594266754,
  "score5": 0.15282645797554623,
  "score6": 0.37745605374460384
}