{
  "score0": 0.6652102553921065,
  "score1": 0.242967084896616,
  "score2": 0.03612208735381397,
  "score3": 0.11587837523504356,
  "score4": 0.06500587406714026,
  "score5": 0.07481774618259825,
  "score6": 0.09588540165878832
}