{
  "score0": 0.6636075814763989,
  "score1": 0.7689996706936341,
  "score2": 0.2715071408722004,
  "score3": 0.08660752909264922,
  "score4": 0.11332695278292819,
  "score5": 0.11004539430023658,
  "score6": 0.1416848713510499
}