{
  "score0": 0.35962969035001735,
  "score1": 0.28719805000347554,
  "score2": 0.4669358512873699,
  "score3": 0.7973092728988466,
  "score4": 0.27413272690373763,
  "score5": 0.1854650560325107,
  "score6": 0.672554554562821
}