{
  "score0": 0.13706604167899206,
  "score1": 0.04734142958262125,
  "score2": 0.29860661111238107,
  "score3": 0.3748187978081552,
  "score4": 0.539833565892265,
  "score5": 0.6270775848402704,
  "score6": 0.251829552767174
}