{
  "score0": 0.6049590542184237,
  "score1": 0.703129275579543,
  "score2": 0.7187852118224766,
  "score3": 0.39324702145946455,
  "score4": 0.08156651043436668,
  "score5": 0.07136214536185757,
  "score6": 0.20205560060098016
}