{
  "score0": 0.6756844092139261,
  "score1": 0.7677734019843613,
  "score2": 0.28192958764877285,
  "score3": 0.025120890124910224,
  "score4": 0.14719067029165644,
  "score5": 0.4591181627845755,
  "score6": 0.31721880460101454
}