{
  "score0": 0.2347776110579878,
  "score1": 0.024781481990987356,
  "score2": 0.22797248536627737,
  "score3": 0.19478137837262535,
  "score4": 0.1483406064460853,
  "score5": 0.09804985886878674,
  "score6": 0.22792107562716576
}