{
  "score0": 0.13073528911000834,
  "score1": 0.07386891891625721,
  "score2": 0.19138946548875369,
  "score3": 0.6222329691816157,
  "score4": 0.6698879325393814,
  "score5": 0.6806883104373376,
  "score6": 0.42862324930839324
}