{
  "score0": 0.7129130130803082,
  "score1": 0.24755945963385134,
  "score2": 0.03612208735381397,
  "score3": 0.11587837523504356,
  "score4": 0.06500587406714026,
  "score5": 0.07481774618259825,
  "score6": 0.09588540165878832
}