{
  "score0": 0.058877610421923,
  "score1": 0.12668142293155352,
  "score2": 0.3255672515314498,
  "score3": 0.19657073721671373,
  "score4": 0.6575067004788707,
  "score5": 0.3636286244258455,
  "score6": 0.6045175348847872
}