{
  "score0": 0.39892893667985646,
  "score1": 0.13033198117534514,
  "score2": 0.28729797033331206,
  "score3": 0.4174241155384122,
  "score4": 0.5486078248188422,
  "score5": 0.6035562263252564,
  "score6": 0.7025956350346078
}