{
  "score0": 0.11601501272990583,
  "score1": 0.16426395246546535,
  "score2": 0.03566961596152756,
  "score3": 0.22315802155170802,
  "score4": 0.02113315766202352,
  "score5": 0.25821817257915797,
  "score6": 0.6203516964918382
}