{
  "score0": 0.4345459304479173,
  "score1": 0.4525553529532075,
  "score2": 0.4741718064550058,
  "score3": 0.8134030097700808,
  "score4": 0.5422571243752504,
  "score5": 0.17541624863526772,
  "score6": 0.053349921549279665
}