{
  "score0": 0.10013683150355739,
  "score1": 0.042815986740809414,
  "score2": 0.13237639964857606,
  "score3": 0.7319027597933162,
  "score4": 0.7221883607303129,
  "score5": 0.7221984522293706,
  "score6": 0.45801062242649637
}