{
  "score0": 0.5487608605320877,
  "score1": 0.7255104591080676,
  "score2": 0.7583605675937396,
  "score3": 0.4215504144766922,
  "score4": 0.05831999371380542,
  "score5": 0.08549798340589565,
  "score6": 0.2979136989438026
}