{
  "score0": 0.4079239857633312,
  "score1": 0.4172447463022061,
  "score2": 0.7277447058746683,
  "score3": 0.7165220984991629,
  "score4": 0.3869674503231426,
  "score5": 0.054679933051096745,
  "score6": 0.04126254655425283
}