{
  "score0": 0.0052213024560437814,
  "score1": 0.1306320851239413,
  "score2": 0.19562810730306088,
  "score3": 0.013729520262636317,
  "score4": 0.3256007531219343,
  "score5": 0.02732818821031045,
  "score6": 0.3088741146531952
}