{
  "score0": 0.19942660588539432,
  "score1": 0.01385768963222165,
  "score2": 0.22797248536627737,
  "score3": 0.19478137837262535,
  "score4": 0.1483406064460853,
  "score5": 0.09804985886878674,
  "score6": 0.22792107562716576
}