{
  "score0": 0.20828465382295427,
  "score1": 0.03188965756633108,
  "score2": 0.21179320067081253,
  "score3": 0.5130885175119648,
  "score4": 0.7333144576390405,
  "score5": 0.4112069228238318,
  "score6": 0.7336884094689329
}