{
  "score0": 0.20828465382295427,
  "score1": 0.027619770181107717,
  "score2": 0.31678641568881183,
  "score3": 0.07505839490731064,
  "score4": 0.5130885175119648,
  "score5": 0.7333144576390405,
  "score6": 0.4112069228238318
}