{
  "score0": 0.054328031533913745,
  "score1": 0.1671784624712186,
  "score2": 0.02848968158379841,
  "score3": 0.19199649538863595,
  "score4": 0.09457815070235198,
  "score5": 0.35252554501924144,
  "score6": 0.676422034466167
}