{
  "score0": 0.19142416608412374,
  "score1": 0.2197677327540757,
  "score2": 0.36124495896189807,
  "score3": 0.5351786334948532,
  "score4": 0.8064964200569635,
  "score5": 0.8266171054853907,
  "score6": 0.8331219215823381
}