{
  "score0": 0.2118252799052161,
  "score1": 0.2240041433718764,
  "score2": 0.40847973540601784,
  "score3": 0.7444864037057958,
  "score4": 0.6948000671080611,
  "score5": 0.597766545357142,
  "score6": 0.8406521598012113
}