{
  "score0": 0.33420646875507165,
  "score1": 0.05661728799054398,
  "score2": 0.08021798573296982,
  "score3": 0.20241042269502538,
  "score4": 0.06068317076742461,
  "score5": 0.08180339920518805,
  "score6": 0.038828474428853545
}