{
  "score0": 0.0355643950220105,
  "score1": 0.1623754827283222,
  "score2": 0.42389497160769507,
  "score3": 0.705652788596289,
  "score4": 0.24901050903027908,
  "score5": 0.165811175415473,
  "score6": 0.42973734470770125
}