{
  "score0": 0.16514817768101034,
  "score1": 0.061366640491123586,
  "score2": 0.30358541444417086,
  "score3": 0.23195254662804576,
  "score4": 0.4854949027957181,
  "score5": 0.6572329571267866,
  "score6": 0.42435712007475673
}