{
  "score0": 0.634360351083956,
  "score1": 0.242967084896616,
  "score2": 0.032392834167306414,
  "score3": 0.09334314323291364,
  "score4": 0.16837794762552047,
  "score5": 0.026640898671230002,
  "score6": 0.20190933001342729
}