{
  "score0": 0.17145246494274993,
  "score1": 0.04734142958262125,
  "score2": 0.29860661111238107,
  "score3": 0.3748187978081552,
  "score4": 0.2980744452085739,
  "score5": 0.7050075891839046,
  "score6": 0.7105395609521016
}