{
  "score0": 0.11405731181101879,
  "score1": 0.08264192209142777,
  "score2": 0.15106930807160865,
  "score3": 0.7019407088386892,
  "score4": 0.6870220573303328,
  "score5": 0.6263757020060644,
  "score6": 0.6623808294390379
}