{
  "score0": 0.7225942593235968,
  "score1": 0.7355242397398635,
  "score2": 0.2576565140677787,
  "score3": 0.0480244828964442,
  "score4": 0.1437121697000524,
  "score5": 0.3402447987389465,
  "score6": 0.5076478728502508
}