{
  "score0": 0.4567396548480425,
  "score1": 0.6703111600904476,
  "score2": 0.6401353949753108,
  "score3": 0.09916473567288397,
  "score4": 0.033495278577595794,
  "score5": 0.36316402216227567,
  "score6": 0.37580518136204777
}