{
  "score0": 0.42467528563948137,
  "score1": 0.4172447463022061,
  "score2": 0.6285440884574275,
  "score3": 0.8134030097700808,
  "score4": 0.5422571243752504,
  "score5": 0.17541624863526772,
  "score6": 0.053349921549279665
}