{
  "score0": 0.4440603691942118,
  "score1": 0.4567396548480425,
  "score2": 0.4741718064550058,
  "score3": 0.8260425678346576,
  "score4": 0.5021314056380043,
  "score5": 0.14336526614845113,
  "score6": 0.03895617616021351
}