{
  "score0": 0.0052213024560437814,
  "score1": 0.09321042530395107,
  "score2": 0.18058023202653203,
  "score3": 0.02732818821031045,
  "score4": 0.3088741146531952,
  "score5": 0.7334548074755461,
  "score6": 0.357555670661086
}