{
  "score0": 0.22363353509736372,
  "score1": 0.26807530749431163,
  "score2": 0.42285915063011625,
  "score3": 0.6222006291948962,
  "score4": 0.7183046286661763,
  "score5": 0.7340116297365057,
  "score6": 0.6791305115679477
}