{
  "score0": 0.06636295062313219,
  "score1": 0.18731052880471186,
  "score2": 0.059971986056887985,
  "score3": 0.3290217588347038,
  "score4": 0.17245955139414235,
  "score5": 0.564789269061773,
  "score6": 0.46667088786846417
}