{
  "score0": 0.18676782719081075,
  "score1": 0.26807530749431163,
  "score2": 0.39796444925453156,
  "score3": 0.5463710066440679,
  "score4": 0.8064964200569635,
  "score5": 0.8266171054853907,
  "score6": 0.8331219215823381
}