{
  "score0": 0.16313611027393282,
  "score1": 0.35962969035001735,
  "score2": 0.28719805000347554,
  "score3": 0.584125444693599,
  "score4": 0.5619566356951506,
  "score5": 0.8065162054962093,
  "score6": 0.3361142829816168
}