{
  "score0": 0.1667871802319502,
  "score1": 0.38173538700281784,
  "score2": 0.3168318843016149,
  "score3": 0.6876708245548367,
  "score4": 0.5215948397041789,
  "score5": 0.7628275743263234,
  "score6": 0.30377261472035827
}