{
  "score0": 0.2118252799052161,
  "score1": 0.2906851223877566,
  "score2": 0.46955068346233964,
  "score3": 0.6948000671080611,
  "score4": 0.597766545357142,
  "score5": 0.8406521598012113,
  "score6": 0.497178179352107
}