{
  "score0": 0.1640143936433532,
  "score1": 0.061366640491123586,
  "score2": 0.2940253941697031,
  "score3": 0.1851075389163801,
  "score4": 0.2980744452085739,
  "score5": 0.7050075891839046,
  "score6": 0.7105395609521016
}