{
  "score0": 0.3916923348709281,
  "score1": 0.4833598753234404,
  "score2": 0.7187326826070541,
  "score3": 0.8029936251537251,
  "score4": 0.5261618082596095,
  "score5": 0.12830400722495908,
  "score6": 0.21430751470881637
}