{
  "score0": 0.3473886881013128,
  "score1": 0.3376284517232506,
  "score2": 0.22996297079334616,
  "score3": 0.7945510107352552,
  "score4": 0.8389949630837482,
  "score5": 0.569541393425519,
  "score6": 0.11565787161299608
}