{
  "score0": 0.03872532189778411,
  "score1": 0.17049865393791752,
  "score2": 0.7224059893371655,
  "score3": 0.7434499721658625,
  "score4": 0.5578970557372687,
  "score5": 0.6032444856104576,
  "score6": 0.5145630357181806
}