{
  "score0": 0.08043867647867667,
  "score1": 0.13218601853432518,
  "score2": 0.7487780041265099,
  "score3": 0.7270413941464056,
  "score4": 0.8182740374168015,
  "score5": 0.6414461027189651,
  "score6": 0.36729891583368507
}