{
  "score0": 0.18852560826163509,
  "score1": 0.01385768963222165,
  "score2": 0.22937734937822668,
  "score3": 0.2333008807200675,
  "score4": 0.1470419110571877,
  "score5": 0.2892993898138761,
  "score6": 0.17988856925676355
}