{
  "score0": 0.08043867647867667,
  "score1": 0.14331606091590465,
  "score2": 0.7256321788764859,
  "score3": 0.7147122644493242,
  "score4": 0.7270413941464056,
  "score5": 0.8182740374168015,
  "score6": 0.6414461027189651
}