{
  "score0": 0.10013683150355739,
  "score1": 0.0557401537491558,
  "score2": 0.18611109072061813,
  "score3": 0.7319027597933162,
  "score4": 0.7221883607303129,
  "score5": 0.7221984522293706,
  "score6": 0.45801062242649637
}