{
  "score0": 0.27160767336029523,
  "score1": 0.38173538700281784,
  "score2": 0.3168318843016149,
  "score3": 0.7211743716994318,
  "score4": 0.7587191234583986,
  "score5": 0.7965552452345817,
  "score6": 0.40236939364866103
}