{
  "score0": 0.1671784624712186,
  "score1": 0.02848968158379841,
  "score2": 0.21179320067081253,
  "score3": 0.5130885175119648,
  "score4": 0.7333144576390405,
  "score5": 0.4112069228238318,
  "score6": 0.7336884094689329
}