{
  "score0": 0.11086987643997159,
  "score1": 0.0557401537491558,
  "score2": 0.15106930807160865,
  "score3": 0.7019407088386892,
  "score4": 0.6870220573303328,
  "score5": 0.6263757020060644,
  "score6": 0.6623808294390379
}