{
  "score0": 0.05910670258371147,
  "score1": 0.08413758091709105,
  "score2": 0.2109904457395825,
  "score3": 0.04428417334293875,
  "score4": 0.3268859436088336,
  "score5": 0.28458655190957044,
  "score6": 0.3810203479707692
}