{
  "score0": 0.11492734936074195,
  "score1": 0.08264192209142777,
  "score2": 0.15106930807160865,
  "score3": 0.6599449093960134,
  "score4": 0.7049488321968811,
  "score5": 0.6313546183556614,
  "score6": 0.35754754365779795
}