{
  "score0": 0.07299152368880953,
  "score1": 0.18041548989791664,
  "score2": 0.0983811574731849,
  "score3": 0.2582664148681848,
  "score4": 0.10530619707290584,
  "score5": 0.2401446077031968,
  "score6": 0.7036207113322072
}