{
  "score0": 0.32503781078862176,
  "score1": 0.3327936504675706,
  "score2": 0.45636152341602115,
  "score3": 0.800728914309507,
  "score4": 0.7689656362917319,
  "score5": 0.6544425160765234,
  "score6": 0.29289020748551947
}