{
  "score0": 0.11601501272990583,
  "score1": 0.18895208527365942,
  "score2": 0.09850142290011044,
  "score3": 0.02113315766202352,
  "score4": 0.25821817257915797,
  "score5": 0.6203516964918382,
  "score6": 0.25843110216552584
}