{
  "score0": 0.055478660938640595,
  "score1": 0.07821743923422877,
  "score2": 0.1438937568085996,
  "score3": 0.22302500583867357,
  "score4": 0.5599909141397591,
  "score5": 0.5275591762778199,
  "score6": 0.6559497443087913
}