{
  "score0": 0.35383854263439063,
  "score1": 0.39769702109904914,
  "score2": 0.33718339376993267,
  "score3": 0.7940102998705725,
  "score4": 0.6228923615331992,
  "score5": 0.24097928003876123,
  "score6": 0.09282974362492762
}