{
  "score0": 0.05572393488300579,
  "score1": 0.09165775620028763,
  "score2": 0.2802026455960014,
  "score3": 0.2310476007181058,
  "score4": 0.6575067004788707,
  "score5": 0.3636286244258455,
  "score6": 0.6045175348847872
}