{
  "score0": 0.35383854263439063,
  "score1": 0.39769702109904914,
  "score2": 0.35440696860095694,
  "score3": 0.7080359908321601,
  "score4": 0.7788655210311566,
  "score5": 0.3406910136728503,
  "score6": 0.07265449512944352
}