{
  "score0": 0.7328953135886933,
  "score1": 0.24755945963385134,
  "score2": 0.02990701311914314,
  "score3": 0.08268304008450318,
  "score4": 0.1963368782231132,
  "score5": 0.31985995226318487,
  "score6": 0.019940313890684062
}