{
  "score0": 0.23611889883856307,
  "score1": 0.01850659990650579,
  "score2": 0.1859775731993189,
  "score3": 0.1470419110571877,
  "score4": 0.2892993898138761,
  "score5": 0.17988856925676355,
  "score6": 0.3598911980105643
}