{
  "score0": 0.5754958736140747,
  "score1": 0.7255104591080676,
  "score2": 0.7583605675937396,
  "score3": 0.4461528103228796,
  "score4": 0.10715147781134977,
  "score5": 0.10008082629602462,
  "score6": 0.15505271261950646
}