{
  "score0": 0.39892893667985646,
  "score1": 0.11098407436109553,
  "score2": 0.22497417378811507,
  "score3": 0.41098933698654516,
  "score4": 0.5486078248188422,
  "score5": 0.6035562263252564,
  "score6": 0.7025956350346078
}