{
  "score0": 0.5778763394826643,
  "score1": 0.6854412918785027,
  "score2": 0.7276253695974298,
  "score3": 0.4461528103228796,
  "score4": 0.10715147781134977,
  "score5": 0.10008082629602462,
  "score6": 0.15505271261950646
}