{
  "score0": 0.7225942593235968,
  "score1": 0.7355242397398635,
  "score2": 0.27511977736244925,
  "score3": 0.028014878806967732,
  "score4": 0.12187524439979673,
  "score5": 0.228436243144065,
  "score6": 0.47931424451552074
}