{
  "score0": 0.075257103781552,
  "score1": 0.08685600699699698,
  "score2": 0.2109904457395825,
  "score3": 0.02014868689194545,
  "score4": 0.10424930386173638,
  "score5": 0.17227876557955538,
  "score6": 0.37177320517002815
}