{
  "score0": 0.33420646875507165,
  "score1": 0.05661728799054398,
  "score2": 0.15633026605667721,
  "score3": 0.13162094219709267,
  "score4": 0.01972796412344906,
  "score5": 0.3149932284923124,
  "score6": 0.06418855588710867
}