{
  "score0": 0.7689996706936341,
  "score1": 0.2715071408722004,
  "score2": 0.06773900634303343,
  "score3": 0.1963368782231132,
  "score4": 0.31985995226318487,
  "score5": 0.019940313890684062,
  "score6": 0.24111465046930455
}