{
  "score0": 0.1395967332770886,
  "score1": 0.25933402390019916,
  "score2": 0.29518445860388853,
  "score3": 0.5363157290270398,
  "score4": 0.757199837810898,
  "score5": 0.8078204926339104,
  "score6": 0.8162662696020083
}