{
  "score0": 0.5082960165266727,
  "score1": 0.654669544880747,
  "score2": 0.7142921113468189,
  "score3": 0.44897222105599516,
  "score4": 0.09916473567288397,
  "score5": 0.033495278577595794,
  "score6": 0.36316402216227567
}