{
  "score0": 0.5212743061159095,
  "score1": 0.44411648856731245,
  "score2": 0.18660938491074627,
  "score3": 0.15738627122156257,
  "score4": 0.07842653255428901,
  "score5": 0.164076054799359,
  "score6": 0.27786676627104584
}