{
  "score0": 0.788342725484106,
  "score1": 0.6828955298316202,
  "score2": 0.6240245666531933,
  "score3": 0.7049574258957345,
  "score4": 0.5292659302515411,
  "score5": 0.359015906364504,
  "score6": 0.5079914705410795
}