{
  "score0": 0.15570727453654265,
  "score1": 0.31223258140117444,
  "score2": 0.7312885101527836,
  "score3": 0.7799412022601,
  "score4": 0.7542097804671857,
  "score5": 0.563598819975653,
  "score6": 0.4637435505706511
}