{
  "score0": 0.7199371993680542,
  "score1": 0.4487127720597558,
  "score2": 0.4332074329870218,
  "score3": 0.46000959339909064,
  "score4": 0.44339379786300726,
  "score5": 0.4021173253321955,
  "score6": 0.35141062259758715
}