{
  "score0": 0.32163204872035533,
  "score1": 0.3454651638100822,
  "score2": 0.4641142044963404,
  "score3": 0.2502434765448466,
  "score4": 0.33417446733880896,
  "score5": 0.3602834236609297,
  "score6": 0.42693494383927655
}