{
  "score0": 0.32163204872035533,
  "score1": 0.3365904643479228,
  "score2": 0.4839797600981697,
  "score3": 0.5322391242928818,
  "score4": 0.33232571046599774,
  "score5": 0.5256314593168643,
  "score6": 0.5315518280655087
}