{
  "score0": 0.591528953480257,
  "score1": 0.7199371993680542,
  "score2": 0.4266099145425785,
  "score3": 0.41347938952567515,
  "score4": 0.5156200041933494,
  "score5": 0.47144627240936693,
  "score6": 0.3775054614359078
}