{
  "score0": 0.4079888002818238,
  "score1": 0.7079403856806357,
  "score2": 0.7694025413558095,
  "score3": 0.6346219498638863,
  "score4": 0.5069948136345539,
  "score5": 0.5210275678367755,
  "score6": 0.29809925301628326
}