{
  "score0": 0.6050918967836137,
  "score1": 0.7456272698091315,
  "score2": 0.4449809118056125,
  "score3": 0.34976323774260476,
  "score4": 0.3426497890379363,
  "score5": 0.5270216848634846,
  "score6": 0.403350280510275
}