{
  "score0": 0.5332850732144965,
  "score1": 0.4404936001031711,
  "score2": 0.2171513675052667,
  "score3": 0.14775923508214356,
  "score4": 0.12930705644019289,
  "score5": 0.09361338541375891,
  "score6": 0.25462185804532717
}