{
  "score0": 0.7809438779682104,
  "score1": 0.788342725484106,
  "score2": 0.6828955298316202,
  "score3": 0.6444820593674698,
  "score4": 0.7266590850683545,
  "score5": 0.5854371037934916,
  "score6": 0.5941276518775951
}