{
  "score0": 0.5108880720424419,
  "score1": 0.3970294310593945,
  "score2": 0.3913642813962398,
  "score3": 0.4962522835495488,
  "score4": 0.520250302465124,
  "score5": 0.27876871931742553,
  "score6": 0.24566886990143935
}