{
  "score0": 0.17487601574914266,
  "score1": 0.37063170063935247,
  "score2": 0.6615837199933721,
  "score3": 0.7245474131833591,
  "score4": 0.8352064845146767,
  "score5": 0.5635988199756529,
  "score6": 0.5086498438684649
}