{
  "score0": 0.6284948584326159,
  "score1": 0.5063772900694811,
  "score2": 0.6337242296808102,
  "score3": 0.49283832815416173,
  "score4": 0.5012704154661203,
  "score5": 0.40330853495422647,
  "score6": 0.2238532522628112
}