{
  "score0": 0.47754740393109735,
  "score1": 0.5332850732144965,
  "score2": 0.4404936001031711,
  "score3": 0.2171513675052667,
  "score4": 0.14903705213103932,
  "score5": 0.12252165067388053,
  "score6": 0.08107189909701473
}