{
  "score0": 0.4038966395183541,
  "score1": 0.733520738997936,
  "score2": 0.6788622371606313,
  "score3": 0.8993634456672359,
  "score4": 0.6346219498638863,
  "score5": 0.5069948136345539,
  "score6": 0.5210275678367755
}