{
  "score0": 0.7532954548840071,
  "score1": 0.4296794022577538,
  "score2": 0.3572053762492185,
  "score3": 0.4471252182854018,
  "score4": 0.49860772936283837,
  "score5": 0.44369949825988214,
  "score6": 0.3185601173989766
}