{
  "score0": 0.5015815023159064,
  "score1": 0.4420687270110248,
  "score2": 0.14786057070993705,
  "score3": 0.09722087012141453,
  "score4": 0.10595324938085889,
  "score5": 0.04312051376166271,
  "score6": 0.10638359464435058
}