{
  "score0": 0.3393248022226391,
  "score1": 0.4559525848827404,
  "score2": 0.5447969452798177,
  "score3": 0.46823153142230456,
  "score4": 0.22224134443254698,
  "score5": 0.09730415741885184,
  "score6": 0.08890887489380583
}