{
  "score0": 0.6996290557304209,
  "score1": 0.7834961306289953,
  "score2": 0.7188421974591505,
  "score3": 0.6269833509890609,
  "score4": 0.70531224885342,
  "score5": 0.6714573486458953,
  "score6": 0.6200536081295283
}