{
  "score0": 0.46444943304554315,
  "score1": 0.5379839838900793,
  "score2": 0.4198209886441353,
  "score3": 0.08158464211394079,
  "score4": 0.09730297411968888,
  "score5": 0.043270246495725986,
  "score6": 0.13767379003195876
}