{
  "score0": 0.3595902003414523,
  "score1": 0.35097343619113813,
  "score2": 0.4805376060937212,
  "score3": 0.5990762845185772,
  "score4": 0.3629486799113487,
  "score5": 0.39527663694624815,
  "score6": 0.4979935740832419
}