{
  "score0": 0.5111019468908463,
  "score1": 0.4554254391099905,
  "score2": 0.20214423758583858,
  "score3": 0.10462601515234113,
  "score4": 0.14089296863042547,
  "score5": 0.05525044065321716,
  "score6": 0.10272896043796616
}