{
  "score0": 0.16276216660929876,
  "score1": 0.10100361113275581,
  "score2": 0.17669625989020513,
  "score3": 0.02658436311862751,
  "score4": 0.04665812025074967,
  "score5": 0.13304702145801295,
  "score6": 0.2557004784347985
}