{
  "score0": 0.16244055750933917,
  "score1": 0.3435323639529848,
  "score2": 0.7549148464063337,
  "score3": 0.6963122567317728,
  "score4": 0.827568073587523,
  "score5": 0.6392080210896095,
  "score6": 0.5781993481964943
}