{
  "score0": 0.833864295392798,
  "score1": 0.6487790571912567,
  "score2": 0.7055956773094947,
  "score3": 0.6303425110949797,
  "score4": 0.42226621257123237,
  "score5": 0.5797882610858548,
  "score6": 0.45630771333078424
}