{
  "score0": 0.4692133095285633,
  "score1": 0.31996838611215206,
  "score2": 0.38962341328257233,
  "score3": 0.4984189974330824,
  "score4": 0.5675396637138846,
  "score5": 0.3353604480001535,
  "score6": 0.25039531254107533
}