{
  "score0": 0.7481042425832869,
  "score1": 0.45628101269796845,
  "score2": 0.385575480540341,
  "score3": 0.4310610568782176,
  "score4": 0.4158352539843745,
  "score5": 0.4157669257551354,
  "score6": 0.30061463155185175
}