{
  "score0": 0.37147927862860225,
  "score1": 0.7199741778014412,
  "score2": 0.744472135189301,
  "score3": 0.6845160261635782,
  "score4": 0.6193420650504823,
  "score5": 0.5949662991787432,
  "score6": 0.505406339303896
}