{
  "score0": 0.46444943304554315,
  "score1": 0.5379839838900793,
  "score2": 0.5174680503170958,
  "score3": 0.22615010459207174,
  "score4": 0.08158464211394079,
  "score5": 0.09730297411968888,
  "score6": 0.043270246495725986
}