{
  "score0": 0.7199948153710338,
  "score1": 0.785225667131418,
  "score2": 0.7012928768677518,
  "score3": 0.5723735413935586,
  "score4": 0.6852284857105042,
  "score5": 0.6943791214674596,
  "score6": 0.6707520333185635
}