{
  "score0": 0.5835397182393895,
  "score1": 0.5816086870383291,
  "score2": 0.750017935343801,
  "score3": 0.3862283952283272,
  "score4": 0.4758077647170609,
  "score5": 0.4224195376250202,
  "score6": 0.3680806770260421
}