{
  "score0": 0.7532954548840071,
  "score1": 0.4296794022577538,
  "score2": 0.3572053762492185,
  "score3": 0.43354568363941126,
  "score4": 0.49788647718978674,
  "score5": 0.5115554273808706,
  "score6": 0.30698114036778684
}