{
  "score0": 0.833864295392798,
  "score1": 0.6487790571912567,
  "score2": 0.7055956773094947,
  "score3": 0.6428316655806587,
  "score4": 0.3469219914554441,
  "score5": 0.2884961874513017,
  "score6": 0.5659990907583461
}