{
  "score0": 0.4564157641995133,
  "score1": 0.4910076377753399,
  "score2": 0.4604353557801142,
  "score3": 0.23398028521994652,
  "score4": 0.13020532561237802,
  "score5": 0.11466989313891114,
  "score6": 0.04961867178652568
}