{
  "score0": 0.5569861042001643,
  "score1": 0.7388269185468018,
  "score2": 0.4181518594121322,
  "score3": 0.41347938952567515,
  "score4": 0.5156200041933494,
  "score5": 0.47144627240936693,
  "score6": 0.3775054614359078
}