{
  "score0": 0.7992349219979751,
  "score1": 0.7405377891584906,
  "score2": 0.6143007889569614,
  "score3": 0.7250559171732631,
  "score4": 0.6295437291476049,
  "score5": 0.5751280796091762,
  "score6": 0.3887622114985365
}