{
  "score0": 0.16276216660929876,
  "score1": 0.10100361113275581,
  "score2": 0.17669625989020513,
  "score3": 0.021531547632389503,
  "score4": 0.046062284387262675,
  "score5": 0.13173621444213968,
  "score6": 0.33335964384060984
}