{
  "score0": 0.35951470125427765,
  "score1": 0.35357821212467966,
  "score2": 0.47614804273351685,
  "score3": 0.518885719620021,
  "score4": 0.4230445568842421,
  "score5": 0.28290152244563094,
  "score6": 0.3843374655913353
}