{
  "score0": 0.17487601574914266,
  "score1": 0.37063170063935247,
  "score2": 0.7128780197418844,
  "score3": 0.8352064845146767,
  "score4": 0.5635988199756529,
  "score5": 0.5086498438684649,
  "score6": 0.5202499866669263
}