{
  "score0": 0.2610766650207659,
  "score1": 0.3444424207886127,
  "score2": 0.48225881945733556,
  "score3": 0.5990762845185772,
  "score4": 0.3629486799113487,
  "score5": 0.39527663694624815,
  "score6": 0.4979935740832419
}