{
  "score0": 0.4079888002818238,
  "score1": 0.7079403856806357,
  "score2": 0.7550229993946788,
  "score3": 0.6845160261635782,
  "score4": 0.6193420650504823,
  "score5": 0.5949662991787432,
  "score6": 0.505406339303896
}