{
  "score0": 0.4063689188314058,
  "score1": 0.15231526370567602,
  "score2": 0.11266406005837566,
  "score3": 0.13298805454448914,
  "score4": 0.03562936843877809,
  "score5": 0.03966416327960049,
  "score6": 0.25224773878592527
}