{
  "score0": 0.7451957253506024,
  "score1": 0.7770432841470728,
  "score2": 0.7172774399567609,
  "score3": 0.6444820593674698,
  "score4": 0.7266590850683545,
  "score5": 0.5854371037934916,
  "score6": 0.5941276518775951
}