{
  "score0": 0.507367024977707,
  "score1": 0.40073586786004967,
  "score2": 0.4696581342711016,
  "score3": 0.5956679102110165,
  "score4": 0.37803760337646497,
  "score5": 0.33641986005300734,
  "score6": 0.39620584132632464
}