{
  "score0": 0.7199948153710338,
  "score1": 0.785225667131418,
  "score2": 0.7107355561153655,
  "score3": 0.6269833509890609,
  "score4": 0.70531224885342,
  "score5": 0.6714573486458953,
  "score6": 0.6200536081295283
}