{
  "score0": 0.33341856861035296,
  "score1": 0.38030163539332135,
  "score2": 0.4641142044963404,
  "score3": 0.2502434765448466,
  "score4": 0.33417446733880896,
  "score5": 0.3602834236609297,
  "score6": 0.42693494383927655
}