{
  "score0": 0.5490040490264115,
  "score1": 0.6800045024022471,
  "score2": 0.39101873284608263,
  "score3": 0.4486903274795173,
  "score4": 0.3012712915836512,
  "score5": 0.31445095397700795,
  "score6": 0.4111298706075808
}