{
  "score0": 0.6284948584326159,
  "score1": 0.5063772900694811,
  "score2": 0.6337242296808102,
  "score3": 0.46670195635274236,
  "score4": 0.4408093736513578,
  "score5": 0.4808979787473828,
  "score6": 0.18760429590312183
}