{
  "score0": 0.1871252122968069,
  "score1": 0.4038966395183541,
  "score2": 0.733520738997936,
  "score3": 0.6372905206140098,
  "score4": 0.8821109807359774,
  "score5": 0.562482342960767,
  "score6": 0.6823081399996309
}