{
  "score0": 0.6996290557304209,
  "score1": 0.7834961306289953,
  "score2": 0.6998106396205183,
  "score3": 0.7337013675542933,
  "score4": 0.6266706902587997,
  "score5": 0.6371279334351975,
  "score6": 0.4351127755783833
}