{
  "score0": 0.32256418468719844,
  "score1": 0.46444943304554315,
  "score2": 0.5379839838900793,
  "score3": 0.46823153142230456,
  "score4": 0.22224134443254698,
  "score5": 0.09730415741885184,
  "score6": 0.08890887489380583
}