{
  "score0": 0.4420687270110248,
  "score1": 0.14786057070993705,
  "score2": 0.08980725713751783,
  "score3": 0.0906581329490284,
  "score4": 0.03457994873478542,
  "score5": 0.08528081362324771,
  "score6": 0.0746890902358526
}