{
  "score0": 0.17461763597020966,
  "score1": 0.3635573883179334,
  "score2": 0.7443910846388168,
  "score3": 0.6994797299999551,
  "score4": 0.909298616094251,
  "score5": 0.5496757818902501,
  "score6": 0.5641571034395718
}