{
  "score0": 0.2666821090684064,
  "score1": 0.17820126739320152,
  "score2": 0.3197464128282635,
  "score3": 0.6732731376993374,
  "score4": 0.6947692117361076,
  "score5": 0.6691867567706429,
  "score6": 0.8620768436310722
}