{
  "score0": 0.6537015594941272,
  "score1": 0.5590899150569705,
  "score2": 0.6170124323049168,
  "score3": 0.37833069970315547,
  "score4": 0.4277632350342954,
  "score5": 0.36265157692177463,
  "score6": 0.23730476779108428
}