{
  "score0": 0.3577782575171442,
  "score1": 0.456083445880851,
  "score2": 0.5148867350228147,
  "score3": 0.3997124682705469,
  "score4": 0.2266592706041315,
  "score5": 0.15842112108902456,
  "score6": 0.1494111332687863
}