{
  "score0": 0.507367024977707,
  "score1": 0.40073586786004967,
  "score2": 0.4324878903323206,
  "score3": 0.5128919373334515,
  "score4": 0.5956679102110165,
  "score5": 0.37803760337646497,
  "score6": 0.33641986005300734
}