{
  "score0": 0.5262985698081286,
  "score1": 0.7517462210035192,
  "score2": 0.5478459215157485,
  "score3": 0.4778106867070383,
  "score4": 0.3547982680109765,
  "score5": 0.2645566482657452,
  "score6": 0.42867151045350993
}