{
  "score0": 0.5108880720424419,
  "score1": 0.3970294310593945,
  "score2": 0.38242857220092774,
  "score3": 0.483024658912682,
  "score4": 0.6107131245745158,
  "score5": 0.3356948615772532,
  "score6": 0.3516653240660866
}