{
  "score0": 0.4038966395183541,
  "score1": 0.733520738997936,
  "score2": 0.7475184348750312,
  "score3": 0.6346219498638863,
  "score4": 0.5069948136345539,
  "score5": 0.5210275678367755,
  "score6": 0.29809925301628326
}