{
  "score0": 0.5569861042001643,
  "score1": 0.7388269185468018,
  "score2": 0.4181518594121322,
  "score3": 0.34976323774260476,
  "score4": 0.3426497890379363,
  "score5": 0.5270216848634846,
  "score6": 0.403350280510275
}