{
  "score0": 0.8042102236961326,
  "score1": 0.7528458616261563,
  "score2": 0.4968005115212619,
  "score3": 0.6303425110949797,
  "score4": 0.42226621257123237,
  "score5": 0.5797882610858548,
  "score6": 0.45630771333078424
}