{
  "score0": 0.6863911497625191,
  "score1": 0.507367024977707,
  "score2": 0.40073586786004967,
  "score3": 0.44132940543441457,
  "score4": 0.483743123523807,
  "score5": 0.641439689108218,
  "score6": 0.5251288800620665
}