{
  "score0": 0.7532954548840071,
  "score1": 0.4296794022577538,
  "score2": 0.38324627452130267,
  "score3": 0.4585181935798862,
  "score4": 0.42937133728228993,
  "score5": 0.4427368587057475,
  "score6": 0.3379982817056264
}