{
  "score0": 0.5490040490264115,
  "score1": 0.6800045024022471,
  "score2": 0.3642991103174143,
  "score3": 0.47126460301909207,
  "score4": 0.4185304085567435,
  "score5": 0.4296723252177744,
  "score6": 0.5131905162552024
}