{
  "score0": 0.5111019468908463,
  "score1": 0.4554254391099905,
  "score2": 0.19334628252275954,
  "score3": 0.13184588398020503,
  "score4": 0.08985241082375642,
  "score5": 0.06530940491118718,
  "score6": 0.10862166527518824
}