{
  "score0": 0.4079888002818238,
  "score1": 0.7079403856806357,
  "score2": 0.7565571636981816,
  "score3": 0.8453528415240276,
  "score4": 0.6238020579596038,
  "score5": 0.4907206083405218,
  "score6": 0.4797955738500809
}