{
  "score0": 0.34299084830589116,
  "score1": 0.6811657779490395,
  "score2": 0.7741960553568412,
  "score3": 0.7538809721354884,
  "score4": 0.6400762632536359,
  "score5": 0.6611595665330257,
  "score6": 0.6357196422139292
}