{
  "score0": 0.6537015594941272,
  "score1": 0.5590899150569705,
  "score2": 0.6534882913307084,
  "score3": 0.46670195635274236,
  "score4": 0.4408093736513578,
  "score5": 0.4808979787473828,
  "score6": 0.18760429590312183
}