{
  "score0": 0.35357821212467966,
  "score1": 0.47614804273351685,
  "score2": 0.467559555744008,
  "score3": 0.2789409256778671,
  "score4": 0.292614911504221,
  "score5": 0.36423306045571946,
  "score6": 0.14739887387595083
}