{
  "score0": 0.16750560615090293,
  "score1": 0.11558323151959495,
  "score2": 0.09148254858413511,
  "score3": 0.026584644622505305,
  "score4": 0.040824608735722634,
  "score5": 0.19750989139007666,
  "score6": 0.30174767185471235
}