{
  "score0": 0.16750560615090293,
  "score1": 0.11558323151959495,
  "score2": 0.11897892622215166,
  "score3": 0.040824608735722634,
  "score4": 0.19750989139007666,
  "score5": 0.30174767185471235,
  "score6": 0.24105346206826578
}