{
  "score0": 0.6836136468496525,
  "score1": 0.7950829717034992,
  "score2": 0.6998106396205183,
  "score3": 0.7337013675542933,
  "score4": 0.6266706902587997,
  "score5": 0.6371279334351975,
  "score6": 0.4351127755783833
}