{
  "score0": 0.5111019468908463,
  "score1": 0.4554254391099905,
  "score2": 0.20214423758583858,
  "score3": 0.09635000888508019,
  "score4": 0.10570872863174248,
  "score5": 0.042022025884002556,
  "score6": 0.03076134379091175
}