{
  "score0": 0.33341856861035296,
  "score1": 0.38030163539332135,
  "score2": 0.4666706129158864,
  "score3": 0.5462351392098915,
  "score4": 0.3794368613632429,
  "score5": 0.2502434765448466,
  "score6": 0.33417446733880896
}