{
  "score0": 0.4692133095285633,
  "score1": 0.31996838611215206,
  "score2": 0.38962341328257233,
  "score3": 0.4797196244011289,
  "score4": 0.5528859359250391,
  "score5": 0.3913388544154108,
  "score6": 0.19194389843613463
}