{
  "score0": 0.8042102236961326,
  "score1": 0.7528458616261563,
  "score2": 0.4968005115212619,
  "score3": 0.7008843120488883,
  "score4": 0.6700134527169967,
  "score5": 0.3841902597724947,
  "score6": 0.38988342843749463
}