{
  "score0": 0.15778019526643408,
  "score1": 0.10100791445106458,
  "score2": 0.15502494273438291,
  "score3": 0.03142610730965257,
  "score4": 0.06556662704905974,
  "score5": 0.22785836263048584,
  "score6": 0.2910759152532613
}