{
  "score0": 0.4113549805500831,
  "score1": 0.15209361419296638,
  "score2": 0.08262752393884375,
  "score3": 0.1049915349329967,
  "score4": 0.06596130285304178,
  "score5": 0.11712223897724423,
  "score6": 0.1908659882107989
}