{
  "score0": 0.4969542067560829,
  "score1": 0.33341856861035296,
  "score2": 0.38030163539332135,
  "score3": 0.4797196244011289,
  "score4": 0.5528859359250391,
  "score5": 0.3913388544154108,
  "score6": 0.19194389843613463
}