{
  "score0": 0.4420687270110248,
  "score1": 0.14786057070993705,
  "score2": 0.10305984157368421,
  "score3": 0.03457994873478542,
  "score4": 0.08528081362324771,
  "score5": 0.0746890902358526,
  "score6": 0.21336658866392805
}