{
  "score0": 0.3314568148045898,
  "score1": 0.45833043727902667,
  "score2": 0.544909133876853,
  "score3": 0.41862470489884984,
  "score4": 0.23832123062297536,
  "score5": 0.16899026243825482,
  "score6": 0.17846313205135414
}