{
  "score0": 0.3595902003414523,
  "score1": 0.35097343619113813,
  "score2": 0.48529689456779096,
  "score3": 0.518885719620021,
  "score4": 0.4230445568842421,
  "score5": 0.28290152244563094,
  "score6": 0.3843374655913353
}