{
  "score0": 0.4533161756480922,
  "score1": 0.4960531131059442,
  "score2": 0.47525802011755186,
  "score3": 0.23398028521994652,
  "score4": 0.13020532561237802,
  "score5": 0.11466989313891114,
  "score6": 0.04961867178652568
}