{
  "score0": 0.5262985698081286,
  "score1": 0.7517462210035192,
  "score2": 0.4853894538594583,
  "score3": 0.3547982680109765,
  "score4": 0.2645566482657452,
  "score5": 0.42867151045350993,
  "score6": 0.3459604901831559
}