{
  "score0": 0.563716229445284,
  "score1": 0.6459731026519757,
  "score2": 0.6109661981325342,
  "score3": 0.4758077647170609,
  "score4": 0.4224195376250202,
  "score5": 0.3680806770260421,
  "score6": 0.30637070278497053
}