{
  "score0": 0.5332850732144965,
  "score1": 0.4404936001031711,
  "score2": 0.21757518126271108,
  "score3": 0.12930705644019289,
  "score4": 0.09361338541375891,
  "score5": 0.25462185804532717,
  "score6": 0.36572253393672605
}