{
  "score0": 0.4074246915480009,
  "score1": 0.1585209618768513,
  "score2": 0.11212805170877312,
  "score3": 0.05872006001516111,
  "score4": 0.08920927975336536,
  "score5": 0.14203470158887985,
  "score6": 0.239537164409166
}