{
  "score0": 0.4074246915480009,
  "score1": 0.1585209618768513,
  "score2": 0.11068192643771241,
  "score3": 0.07159377919730811,
  "score4": 0.034432939277858496,
  "score5": 0.09710188353666886,
  "score6": 0.11693327397121571
}