{
  "score0": 0.5212743061159095,
  "score1": 0.44411648856731245,
  "score2": 0.18221493645311207,
  "score3": 0.14089296863042547,
  "score4": 0.04868216286044515,
  "score5": 0.08848545353965925,
  "score6": 0.09550352796433322
}