{
  "score0": 0.4756934556903024,
  "score1": 0.4815386491825278,
  "score2": 0.4806264830423012,
  "score3": 0.15038711567714463,
  "score4": 0.10463520738061552,
  "score5": 0.046065843902937664,
  "score6": 0.06081764038230102
}