{
  "score0": 0.7173283334286688,
  "score1": 0.4807437378463792,
  "score2": 0.3720302421047929,
  "score3": 0.44132940543441457,
  "score4": 0.483743123523807,
  "score5": 0.641439689108218,
  "score6": 0.5251288800620665
}