{
  "score0": 0.2610766650207659,
  "score1": 0.3444424207886127,
  "score2": 0.48225881945733556,
  "score3": 0.5846863904405615,
  "score4": 0.3371409134327479,
  "score5": 0.3691889290820829,
  "score6": 0.5520451549748495
}