{
  "score0": 0.5835397182393895,
  "score1": 0.5816086870383291,
  "score2": 0.6143968427910986,
  "score3": 0.4758077647170609,
  "score4": 0.4224195376250202,
  "score5": 0.3680806770260421,
  "score6": 0.30637070278497053
}