{
  "score0": 0.8042102236961326,
  "score1": 0.7528458616261563,
  "score2": 0.5579585130097204,
  "score3": 0.7730060583327583,
  "score4": 0.4536563184945406,
  "score5": 0.4025949488442042,
  "score6": 0.3899806876732081
}