{
  "score0": 0.6537015594941272,
  "score1": 0.5590899150569705,
  "score2": 0.6534882913307084,
  "score3": 0.4195552122630211,
  "score4": 0.4216189113024696,
  "score5": 0.41882602474016317,
  "score6": 0.27089372868363354
}