{
  "score0": 0.8252290295384136,
  "score1": 0.5835397182393895,
  "score2": 0.5816086870383291,
  "score3": 0.6428316655806587,
  "score4": 0.3469219914554441,
  "score5": 0.2884961874513017,
  "score6": 0.5659990907583461
}