{
  "score0": 0.3434395090339466,
  "score1": 0.6580834226571626,
  "score2": 0.7717460568202512,
  "score3": 0.755238315609821,
  "score4": 0.6054567605448837,
  "score5": 0.7090343435653689,
  "score6": 0.5062184268839862
}