{
  "score0": 0.3577782575171442,
  "score1": 0.456083445880851,
  "score2": 0.5177324882688302,
  "score3": 0.3457710237066576,
  "score4": 0.2932041296904413,
  "score5": 0.32718038087177964,
  "score6": 0.3066565761743362
}