{
  "score0": 0.7199948153710338,
  "score1": 0.785225667131418,
  "score2": 0.7012928768677518,
  "score3": 0.6288612012547958,
  "score4": 0.6576457596886726,
  "score5": 0.5972726701055239,
  "score6": 0.5949084376555556
}