{
  "score0": 0.4969542067560829,
  "score1": 0.33341856861035296,
  "score2": 0.38030163539332135,
  "score3": 0.47918710415783333,
  "score4": 0.5757390502070134,
  "score5": 0.4057716530800307,
  "score6": 0.3295677439426751
}