{
  "score0": 0.4564157641995133,
  "score1": 0.4910076377753399,
  "score2": 0.4604353557801142,
  "score3": 0.25990010068007574,
  "score4": 0.14903705213103932,
  "score5": 0.12252165067388053,
  "score6": 0.08107189909701473
}