{
  "score0": 0.3577782575171442,
  "score1": 0.456083445880851,
  "score2": 0.47951273962185564,
  "score3": 0.2789409256778671,
  "score4": 0.292614911504221,
  "score5": 0.36423306045571946,
  "score6": 0.14739887387595083
}