{
  "score0": 0.7173283334286688,
  "score1": 0.4807437378463792,
  "score2": 0.3720302421047929,
  "score3": 0.43094543415241104,
  "score4": 0.49788647718978674,
  "score5": 0.5115554273808706,
  "score6": 0.30698114036778684
}