{
  "score0": 0.32163204872035533,
  "score1": 0.3365904643479228,
  "score2": 0.4795930014955654,
  "score3": 0.5354256299883081,
  "score4": 0.3274949100835196,
  "score5": 0.31437624117036805,
  "score6": 0.32848676870939764
}