{
  "score0": 0.39992002324433645,
  "score1": 0.16750560615090293,
  "score2": 0.11558323151959495,
  "score3": 0.09148254858413511,
  "score4": 0.03562936843877809,
  "score5": 0.03966416327960049,
  "score6": 0.25224773878592527
}