{
  "score0": 0.7481042425832869,
  "score1": 0.45628101269796845,
  "score2": 0.39426911986339047,
  "score3": 0.4585181935798862,
  "score4": 0.42937133728228993,
  "score5": 0.4427368587057475,
  "score6": 0.3379982817056264
}