{
  "score0": 0.16244055750933917,
  "score1": 0.3435323639529848,
  "score2": 0.7221612214538029,
  "score3": 0.7647208448020019,
  "score4": 0.781869780641022,
  "score5": 0.5921218895355659,
  "score6": 0.5641571034395718
}