{
  "score0": 0.5169286872291677,
  "score1": 0.4525133633081152,
  "score2": 0.1859001270777028,
  "score3": 0.09635000888508019,
  "score4": 0.10570872863174248,
  "score5": 0.042022025884002556,
  "score6": 0.03076134379091175
}