{
  "score0": 0.563716229445284,
  "score1": 0.6459731026519757,
  "score2": 0.6362460417702722,
  "score3": 0.37833069970315547,
  "score4": 0.4277632350342954,
  "score5": 0.36265157692177463,
  "score6": 0.23730476779108428
}