{
  "score0": 0.4756934556903024,
  "score1": 0.4815386491825278,
  "score2": 0.496434087850111,
  "score3": 0.17974582643629758,
  "score4": 0.08977586264668774,
  "score5": 0.06521650242197854,
  "score6": 0.07325933599358914
}