{
  "score0": 0.3314568148045898,
  "score1": 0.45833043727902667,
  "score2": 0.544909133876853,
  "score3": 0.4774328978716715,
  "score4": 0.3006942730636044,
  "score5": 0.16801647769332353,
  "score6": 0.16827360665672697
}