{
  "score0": 0.563716229445284,
  "score1": 0.6459731026519757,
  "score2": 0.6429356246897914,
  "score3": 0.39659309066564863,
  "score4": 0.44950333011163557,
  "score5": 0.4522131924304391,
  "score6": 0.3144177259371236
}