{
  "score0": 0.3314568148045898,
  "score1": 0.45833043727902667,
  "score2": 0.5186116734440023,
  "score3": 0.3997124682705469,
  "score4": 0.2266592706041315,
  "score5": 0.15842112108902456,
  "score6": 0.1494111332687863
}