{
  "score0": 0.3329918299624238,
  "score1": 0.2985687143468942,
  "score2": 0.43875859093178876,
  "score3": 0.02748170370201169,
  "score4": 0.0583155902435791,
  "score5": 0.07709576785967982,
  "score6": 0.21084824903832608
}