{
  "score0": 0.29891001228004077,
  "score1": 0.4349277989986121,
  "score2": 0.15410028171519422,
  "score3": 0.08231995196747259,
  "score4": 0.10447364776329372,
  "score5": 0.17991221697917148,
  "score6": 0.3532891409881597
}