{
  "score0": 0.6586870075010576,
  "score1": 0.4536537446504191,
  "score2": 0.30212238381557066,
  "score3": 0.1528608400223888,
  "score4": 0.12817502316189103,
  "score5": 0.019181218682040545,
  "score6": 0.14996561910833947
}