{
  "score0": 0.20957123467770003,
  "score1": 0.38248885775982633,
  "score2": 0.06571038147634467,
  "score3": 0.03104673590643517,
  "score4": 0.019201383347935946,
  "score5": 0.032710744812001154,
  "score6": 0.17344137327864273
}