{
  "score0": 0.3261167328728688,
  "score1": 0.3135298602819566,
  "score2": 0.41513816430897305,
  "score3": 0.10153350279291336,
  "score4": 0.0665165759078716,
  "score5": 0.14637254640468997,
  "score6": 0.036729620353330196
}