{
  "score0": 0.06623993523576796,
  "score1": 0.21471973440946449,
  "score2": 0.6252123448133842,
  "score3": 0.16811163565861068,
  "score4": 0.20481815211960427,
  "score5": 0.08188252256080059,
  "score6": 0.10293015666860443
}