{
  "score0": 0.612171498648261,
  "score1": 0.44657028042411273,
  "score2": 