{
  "score0": 0.2148846913535525,
  "score1": 0.1289906191772186,
  "score2": 0.0009152351756871284,
  "score3": 0.13997618074077636,
  "score4": 0.0629242783462641,
  "score5": 0.39538447290737105,
  "score6": 0.424169721600166
}