{
  "score0": 0.2980975518677439,
  "score1": 0.4349277989986121,
  "score2": 0.15289170569505572,
  "score3": 0.177183240331192,
  "score4": 0.09594206468353883,
  "score5": 0.20496437078279925,
  "score6": 0.29541066643158875
}