{
  "score0": 0.14392984217522878,
  "score1": 0.41869297157152874,
  "score2": 0.11098322529042666,
  "score3": 0.09753164737386677,
  "score4": 0.038504254730431724,
  "score5": 0.04758184512167119,
  "score6": 0.11811111898563272
}