{
  "score0": 0.2422670122522956,
  "score1": 0.13290056564360597,
  "score2": 0.028730816000511958,
  "score3": 0.10610231424296257,
  "score4": 0.22027954212053613,
  "score5": 0.39971523677223536,
  "score6": 0.374772947886592
}