{
  "score0": 0.31127585978793626,
  "score1": 0.324958817445923,
  "score2": 0.3164964824804819,
  "score3": 0.2857948525746919,
  "score4": 0.13939324852560622,
  "score5": 0.15380364663550608,
  "score6": 0.007500452635755586
}