{
  "score0": 0.4948132420396453,
  "score1": 0.2607563937304356,
  "score2": 0.07905494284390788,
  "score3": 0.08332027689907363,
  "score4": 0.12597291143665543,
  "score5": 0.20434598203508436,
  "score6": 0.5153688755571785
}