{
  "score0": 0.19483240759650133,
  "score1": 0.10730261720032064,
  "score2": 0.26325990981214753,
  "score3": 0.14976600662977443,
  "score4": 0.2604890363736575,
  "score5": 0.23804944753609825,
  "score6": 0.15620774998781914
}