{
  "score0": 0.09144622183338251,
  "score1": 0.18388645929822192,
  "score2": 0.25541354332637073,
  "score3": 0.2367372304006031,
  "score4": 0.32495746706556466,
  "score5": 0.1853271339113094,
  "score6": 0.20530285568209963
}