{
  "score0": 0.3374728427446156,
  "score1": 0.3316332331073574,
  "score2": 0.47852237702681266,
  "score3": 0.049199604107695395,
  "score4": 0.043175320912637566,
  "score5": 0.19687878505685388,
  "score6": 0.05902958789371882
}