{
  "score0": 0.3231321731149933,
  "score1": 0.4823686600330914,
  "score2": 0.38485570818391535,
  "score3": 0.3372352516495694,
  "score4": 0.08188482301702397,
  "score5": 0.12758455977058605,
  "score6": 0.0850071833510412
}