{
  "score0": 0.31563195996915655,
  "score1": 0.09281555793061437,
  "score2": 0.08459952856368838,
  "score3": 0.05175541937860164,
  "score4": 0.013354474845031156,
  "score5": 0.2852411074623959,
  "score6": 0.281547570506826
}