{
  "score0": 0.3078405060674573,
  "score1": 0.4543741391936672,
  "score2": 0.14245824604864576,
  "score3": 0.18333652510279333,
  "score4": 0.08607385695223724,
  "score5": 0.1892350768140414,
  "score6": 0.224257517187982
}