{
  "score0": 0.1339274118090778,
  "score1": 0.2699716806166081,
  "score2": 0.1638652920997079,
  "score3": 0.43819283862300945,
  "score4": 0.5551901387739487,
  "score5": 0.6763632943949176,
  "score6": 0.21168437125125594
}