{
  "score0": 0.2422670122522956,
  "score1": 0.10506164823010099,
  "score2": 0.019039400502790873,
  "score3": 0.18171630682277654,
  "score4": 0.21102704662949187,
  "score5": 0.27917855044556467,
  "score6": 0.2089475412268246
}