{
  "score0": 0.3054647862720594,
  "score1": 0.39039029853554796,
  "score2": 0.1189854065520214,
  "score3": 0.1963823252515564,
  "score4": 0.06579416075639938,
  "score5": 0.2643671750810232,
  "score6": 0.5151455160809725
}