{
  "score0": 0.2914631666223519,
  "score1": 0.3251386294421783,
  "score2": 0.31003466291057863,
  "score3": 0.2857948525746919,
  "score4": 0.13939324852560622,
  "score5": 0.020368380536047802,
  "score6": 0.06591667154483873
}