{
  "score0": 0.13129512022162212,
  "score1": 0.016226223289328153,
  "score2": 0.13781647080466267,
  "score3": 0.23804718694603585,
  "score4": 0.41428079068106555,
  "score5": 0.5115932049585274,
  "score6": 0.5061950349619923
}