{
  "score0": 0.07301204146076039,
  "score1": 0.15213607364378087,
  "score2": 0.13132655298515353,
  "score3": 0.28470283674036084,
  "score4": 0.10792011698172026,
  "score5": 0.12373071578084617,
  "score6": 0.20269216254487565
}