{
  "score0": 0.09144622183338251,
  "score1": 0.18388645929822192,
  "score2": 0.10510122158023055,
  "score3": 0.13454583862312164,
  "score4": 0.37191065423134323,
  "score5": 0.21969838370827013,
  "score6": 0.24293102917690557
}