{
  "score0": 0.1811936380795852,
  "score1": 0.04652667598323401,
  "score2": 0.353564219049936,
  "score3": 0.46121215602372717,
  "score4": 0.3274264801584708,
  "score5": 0.24368169957642835,
  "score6": 0.01335447484503116
}