{
  "score0": 0.5031060601191116,
  "score1": 0.21968441663722243,
  "score2": 0.07905494284390788,
  "score3": 0.05342240413071079,
  "score4": 0.15752874047859353,
  "score5": 0.33396081462793686,
  "score6": 0.4163313986251052
}