{
  "score0": 0.2822820518265616,
  "score1": 0.06528144898288457,
  "score2": 0.11832406109865941,
  "score3": 0.14357150277602704,
  "score4": 0.0009519865850300485,
  "score5": 0.1260911060612445,
  "score6": 0.11664722575756353
}