{
  "score0": 0.3599953307644522,
  "score1": 0.5063750191826042,
  "score2": 0.4184745630297263,
  "score3": 0.20472790917255942,
  "score4": 0.13171789022155625,
  "score5": 0.08651880879021374,
  "score6": 0.0009307046833253594
}