{
  "score0": 0.06623993523576796,
  "score1": 0.21471973440946449,
  "score2": 0.5772492757641646,
  "score3": 0.3706912263267908,
  "score4": 0.16660756068236857,
  "score5": 0.06393607298409787,
  "score6": 0.16504066212943225
}