{
  "score0": 0.31974767867871523,
  "score1": 0.4862837299905468,
  "score2": 0.12511553784068574,
  "score3": 0.10447364776329372,
  "score4": 0.17991221697917148,
  "score5": 0.3532891409881597,
  "score6": 0.2397068895536403
}