{
  "score0": 0.13379994187158692,
  "score1": 0.021386549299310234,
  "score2": 0.1429307772883426,
  "score3": 0.19695963526094928,
  "score4": 0.3131693753728783,
  "score5": 0.529138085372702,
  "score6": 0.6103773692829623
}