{
  "score0": 0.31356568761771847,
  "score1": 0.3135298602819566,
  "score2": 0.4325400277357396,
  "score3": 0.14488301542059018,
  "score4": 0.11246371081234814,
  "score5": 0.03428731160995037,
  "score6": 0.30165046717840266
}