{
  "score0": 0.20436273962334467,
  "score1": 0.12845480808768792,
  "score2": 0.012460074034353256,
  "score3": 0.09569078643542034,
  "score4": 0.13377303218112913,
  "score5": 0.4038722611345824,
  "score6": 0.3583670714055418
}