{
  "score0": 0.2422670122522956,
  "score1": 0.13290056564360597,
  "score2": 0.014973445284402441,
  "score3": 0.060983241377850377,
  "score4": 0.18171630682277654,
  "score5": 0.21102704662949187,
  "score6": 0.27917855044556467
}