{
  "score0": 0.1267095251517489,
  "score1": 0.036343442233662974,
  "score2": 0.1651184417344433,
  "score3": 0.12225715211429751,
  "score4": 0.4336360178994388,
  "score5": 0.35311106821447663,
  "score6": 0.5414322647091238
}