{
  "score0": 0.2411974846848472,
  "score1": 0.4934701908856657,
  "score2": 0.1322222051266614,
  "score3": 0.08817930745499923,
  "score4": 0.049746195700793354,
  "score5": 0.06987474704496378,
  "score6": 0.14582146677533434
}