{
  "score0": 0.2979084365595998,
  "score1": 0.06528144898288457,
  "score2": 0.11832406109865941,
  "score3": 0.1412983528898408,
  "score4": 0.006782104827751451,
  "score5": 0.013550745722864443,
  "score6": 0.14750649582717423
}