{
  "score0": 0.14192834831079706,
  "score1": 0.3141523148237169,
  "score2": 0.24044318823374092,
  "score3": 0.5551901387739487,
  "score4": 0.6763632943949176,
  "score5": 0.21168437125125594,
  "score6": 0.18177925292622057
}