{
  "score0": 0.13129512022162212,
  "score1": 0.0142411499551202,
  "score2": 0.13836531073359756,
  "score3": 0.35986331091053586,
  "score4": 0.40550081888575235,
  "score5": 0.53190501745951,
  "score6": 0.6054516548752786
}