{
  "score0": 0.1393587947629202,
  "score1": 0.24002650130802042,
  "score2": 0.20077537162076387,
  "score3": 0.4968072214339498,
  "score4": 0.4549454768370855,
  "score5": 0.31859284789473924,
  "score6": 0.09799150100126726
}