{
  "score0": 0.31356568761771847,
  "score1": 0.31974767867871523,
  "score2": 0.4862837299905468,
  "score3": 0.12262723280004446,
  "score4": 0.11246371081234814,
  "score5": 0.03428731160995037,
  "score6": 0.30165046717840266
}