{
  "score0": 0.5361066773726707,
  "score1": 0.22897887571612252,
  "score2": 0.07855331496487628,
  "score3": 0.0952445975960698,
  "score4": 0.10236959901437093,
  "score5": 0.2788786439481722,
  "score6": 0.2100548820920137
}