{
  "score0": 0.3054647862720594,
  "score1": 0.4207244584329753,
  "score2": 0.14024967010908487,
  "score3": 0.1963823252515564,
  "score4": 0.06579416075639938,
  "score5": 0.2643671750810232,
  "score6": 0.5151455160809725
}