{
  "score0": 0.14392984217522878,
  "score1": 0.41869297157152874,
  "score2": 0.07147266106096789,
  "score3": 0.06447095028150644,
  "score4": 0.06113969738950042,
  "score5": 0.05729475311488929,
  "score6": 0.1607029865815428
}