{
  "score0": 0.11669250754275773,
  "score1": 0.19483240759650133,
  "score2": 0.10730261720032064,
  "score3": 0.17305854443973348,
  "score4": 0.3249203815769354,
  "score5": 0.07153891548407788,
  "score6": 0.09126230447162831
}