{
  "score0": 0.054472010116468815,
  "score1": 0.14192834831079706,
  "score2": 0.3141523148237169,
  "score3": 0.09725687879218614,
  "score4": 0.495292956048851,
  "score5": 0.5379144317953825,
  "score6": 0.5022796319056849
}