{
  "score0": 0.012511177869348182,
  "score1": 0.14500595506948546,
  "score2": 0.22978684225587687,
  "score3": 0.29591433743239665,
  "score4": 0.49246980726262873,
  "score5": 0.41667817306570926,
  "score6": 0.17308796391816392
}