{
  "score0": 0.2822820518265616,
  "score1": 0.07525619774685133,
  "score2": 0.11468081808992835,
  "score3": 0.14288006482479748,
  "score4": 0.0009519865850300485,
  "score5": 0.1260911060612445,
  "score6": 0.11664722575756353
}