{
  "score0": 0.021386549299310234,
  "score1": 0.1429307772883426,
  "score2": 0.2509337548674738,
  "score3": 0.5060939908225556,
  "score4": 0.600496650044122,
  "score5": 0.29369560726121896,
  "score6": 0.22711526332465024
}