{
  "score0": 0.3095982781450714,
  "score1": 0.3147377634110057,
  "score2": 0.10893141366943129,
  "score3": 0.0634650627546196,
  "score4": 0.0612265047558432,
  "score5": 0.27881704010916,
  "score6": 0.5252207356373976
}