{
  "score0": 0.1393587947629202,
  "score1": 0.24675997969846436,
  "score2": 0.1168230141211602,
  "score3": 0.4851305999299003,
  "score4": 0.5105128658520841,
  "score5": 0.3783519597389316,
  "score6": 0.14039097498178912
}