{
  "score0": 0.21080783389079444,
  "score1": 0.12845480808768792,
  "score2": 0.0009152351756871284,
  "score3": 0.13997618074077636,
  "score4": 0.0629242783462641,
  "score5": 0.39538447290737105,
  "score6": 0.424169721600166
}