{
  "score0": 0.5950692007776931,
  "score1": 0.3799617727963714,
  "score2": 0.35383741892974013,
  "score3": 0.057052675512953586,
  "score4": 0.16522151240664715,
  "score5": 0.025065907111453956,
  "score6": 0.19325213907216612
}