{
  "score0": 0.22731307727887132,
  "score1": 0.41869297157152874,
  "score2": 0.11098322529042666,
  "score3": 0.07853648242728428,
  "score4": 0.049746195700793354,
  "score5": 0.06987474704496378,
  "score6": 0.14582146677533434
}