{
  "score0": 0.0513639693121322,
  "score1": 0.2556530141209875,
  "score2": 0.637201269439998,
  "score3": 0.2822946149182899,
  "score4": 0.16716360558583276,
  "score5": 0.09789200565061627,
  "score6": 0.013535641433751333
}