{
  "score0": 0.3799617727963714,
  "score1": 0.35383741892974013,
  "score2": 0.03730239755393442,
  "score3": 0.032710744812001154,
  "score4": 0.17344137327864273,
  "score5": 0.3141908796179909,
  "score6": 0.3256562940136975
}