{
  "score0": 0.18565394520961015,
  "score1": 0.06930558643144875,
  "score2": 0.3671763385199782,
  "score3": 0.39959915219025105,
  "score4": 0.42505554432461357,
  "score5": 0.06385219986964583,
  "score6": 0.11056785562384847
}