{
  "score0": 0.13129512022162212,
  "score1": 0.016226223289328153,
  "score2": 0.1432620713596371,
  "score3": 0.14951755531510458,
  "score4": 0.35986331091053586,
  "score5": 0.40550081888575235,
  "score6": 0.53190501745951
}