{
  "score0": 0.17661120124200622,
  "score1": 0.07271017965700323,
  "score2": 0.3461465041462972,
  "score3": 0.371992164783111,
  "score4": 0.14976600662977443,
  "score5": 0.2604890363736575,
  "score6": 0.23804944753609825
}