{
  "score0": 0.5031060601191116,
  "score1": 0.21968441663722243,
  "score2": 0.07196086873904342,
  "score3": 0.10152693080111512,
  "score4": 0.1712959104834185,
  "score5": 0.41894410128027865,
  "score6": 0.33960332579106806
}