{
  "score0": 0.3374728427446156,
  "score1": 0.3186451335949703,
  "score2": 0.21560368518816136,
  "score3": 0.043175320912637566,
  "score4": 0.19687878505685388,
  "score5": 0.05902958789371882,
  "score6": 0.07110481146866114
}