{
  "score0": 0.612171498648261,
  "score1": 0.44657028042411273,
  "score2": 0.28159969411312474,
  "score3": 0.10661685338725034,
  "score4": 0.1219092171145222,
  "score5": 0.042745520178875,
  "score6": 0.12280905836700774
}