{
  "score0": 0.3261167328728688,
  "score1": 0.3135298602819566,
  "score2": 0.4325400277357396,
  "score3": 0.12378928541345907,
  "score4": 0.0665165759078716,
  "score5": 0.14637254640468997,
  "score6": 0.036729620353330196
}