{
  "score0": 0.3231321731149933,
  "score1": 0.5873598461104977,
  "score2": 0.37845423954667123,
  "score3": 0.33222997903243134,
  "score4": 0.08188482301702397,
  "score5": 0.12758455977058605,
  "score6": 0.0850071833510412
}