{
  "score0": 0.09928404460111168,
  "score1": 0.17106052865210625,
  "score2": 0.27641544292093845,
  "score3": 0.026649821439837112,
  "score4": 0.28470283674036084,
  "score5": 0.10792011698172026,
  "score6": 0.12373071578084617
}