{
  "score0": 0.20957123467770003,
  "score1": 0.37287597736498407,
  "score2": 0.03730239755393442,
  "score3": 0.032710744812001154,
  "score4": 0.17344137327864273,
  "score5": 0.3141908796179909,
  "score6": 0.3256562940136975
}