{
  "score0": 0.1880306111332505,
  "score1": 0.06930558643144875,
  "score2": 0.35874939789161187,
  "score3": 0.1503699168515782,
  "score4": 0.2666930994073417,
  "score5": 0.1723957398271673,
  "score6": 0.13681723359746134
}