{
  "score0": 0.10814206810721078,
  "score1": 0.17804745799990895,
  "score2": 0.10935239085767845,
  "score3": 0.11453956263939054,
  "score4": 0.3314593069953038,
  "score5": 0.10895824600581282,
  "score6": 0.12460919485444284
}