{
  "score0": 0.13682689246465954,
  "score1": 0.036343442233662974,
  "score2": 0.1651184417344433,
  "score3": 0.14763132119009928,
  "score4": 0.38249029649858307,
  "score5": 0.49190654539690404,
  "score6": 0.5917038557872928
}