{
  "score0": 0.3381553170352052,
  "score1": 0.5748296529125556,
  "score2": 0.2908923652703808,
  "score3": 0.22244305055879476,
  "score4": 0.05561516932828766,
  "score5": 0.23556837340313252,
  "score6": 0.14707405947875984
}