{
  "score0": 0.3147377634110057,
  "score1": 0.10893141366943129,
  "score2": 0.07272952336994877,
  "score3": 0.013354474845031156,
  "score4": 0.2852411074623959,
  "score5": 0.281547570506826,
  "score6": 0.06375668253194744
}