{
  "score0": 0.0451079956443577,
  "score1": 0.14496485949759735,
  "score2": 0.287910936824425,
  "score3": 0.09725687879218614,
  "score4": 0.48883119842643113,
  "score5": 0.5541608254164868,
  "score6": 0.34140603471229647
}