{
  "score0": 0.1299175121707878,
  "score1": 0.023483304764629946,
  "score2": 0.15301144936324768,
  "score3": 0.17740558439161083,
  "score4": 0.4336360178994388,
  "score5": 0.35311106821447663,
  "score6": 0.5414322647091238
}