{
  "score0": 0.2979084365595998,
  "score1": 0.06528144898288457,
  "score2": 0.09401945971479088,
  "score3": 0.08996417757465121,
  "score4": 0.0009302692714685933,
  "score5": 0.05956235530441034,
  "score6": 0.12219963599447618
}