{
  "score0": 0.014522810501180884,
  "score1": 0.13438735311574218,
  "score2": 0.22978684225587687,
  "score3": 0.29591433743239665,
  "score4": 0.49246980726262873,
  "score5": 0.41667817306570926,
  "score6": 0.17308796391816392
}