{
  "score0": 0.0513639693121322,
  "score1": 0.2556530141209875,
  "score2": 0.5961330708778038,
  "score3": 0.27479500042159644,
  "score4": 0.16716360558583276,
  "score5": 0.09789200565061627,
  "score6": 0.013535641433751333
}