{
  "score0": 0.3599953307644522,
  "score1": 0.5063750191826042,
  "score2": 0.3423690007169498,
  "score3": 0.19075005179129856,
  "score4": 0.10003083666254686,
  "score5": 0.05797704451000668,
  "score6": 0.013930298504621437
}