{
  "score0": 0.04547505044625804,
  "score1": 0.15605142492017648,
  "score2": 0.28057092348062396,
  "score3": 0.136030468379685,
  "score4": 0.48883119842643113,
  "score5": 0.5541608254164868,
  "score6": 0.34140603471229647
}