{
  "score0": 0.31167238252021445,
  "score1": 0.09281555793061437,
  "score2": 0.09401945971479088,
  "score3": 0.08996417757465121,
  "score4": 0.0009302692714685933,
  "score5": 0.05956235530441034,
  "score6": 0.12219963599447618
}