{
  "score0": 0.30292642691499655,
  "score1": 0.4207244584329753,
  "score2": 0.14024967010908487,
  "score3": 0.21169448912255817,
  "score4": 0.11646351694390993,
  "score5": 0.18250432345514409,
  "score6": 0.4452161365310167
}