{
  "score0": 0.10443956072495376,
  "score1": 0.18388645929822192,
  "score2": 0.10510122158023055,
  "score3": 0.11453956263939054,
  "score4": 0.3314593069953038,
  "score5": 0.10895824600581282,
  "score6": 0.12460919485444284
}