{
  "score0": 0.324958817445923,
  "score1": 0.3164964824804819,
  "score2": 0.28293632444327155,
  "score3": 0.049199604107695395,
  "score4": 0.043175320912637566,
  "score5": 0.19687878505685388,
  "score6": 0.05902958789371882
}