{
  "score0": 0.12566667538800758,
  "score1": 0.014649476450113004,
  "score2": 0.13836531073359756,
  "score3": 0.35986331091053586,
  "score4": 0.40550081888575235,
  "score5": 0.53190501745951,
  "score6": 0.6054516548752786
}