{
  "score0": 0.5937951130381883,
  "score1": 0.44657028042411273,
  "score2": 