{
  "score0": 0.05145752061768796,
  "score1": 0.28069203784494534,
  "score2": 0.5951532878344549,
  "score3": 0.304923933825409,
  "score4": 0.23530478968604762,
  "score5": 0.16363821591541916,
  "score6": 0.013527710055964398
}