{
  "score0": 0.3078405060674573,
  "score1": 0.4543741391936672,
  "score2": 0.15289170569505572,
  "score3": 0.177183240331192,
  "score4": 0.09594206468353883,
  "score5": 0.20496437078279925,
  "score6": 0.29541066643158875
}