{
  "score0": 0.2591367152037412,
  "score1": 0.4362649562546332,
  "score2": 0.17246806470668666,
  "score3": 0.08858534131307061,
  "score4": 0.026191117022416877,
  "score5": 0.1732158588682041,
  "score6": 0.013537048206124705
}