{
  "score0": 0.06623993523576796,
  "score1": 0.29248583484583124,
  "score2": 0.4450496468744635,
  "score3": 0.20481815211960427,
  "score4": 0.08188252256080059,
  "score5": 0.10293015666860443,
  "score6": 0.027913346794674016
}