{
  "score0": 0.3329918299624238,
  "score1": 0.2985687143468942,
  "score2": 0.41513816430897305,
  "score3": 0.06086201845678868,
  "score4": 0.043120909517319145,
  "score5": 0.049537660654158544,
  "score6": 0.2064363504138934
}