{
  "score0": 0.48986622096484933,
  "score1": 0.2340070094313727,
  "score2": 0.09793078882710116,
  "score3": 0.019697904272119964,
  "score4": 0.18775180932242566,
  "score5": 0.026483991301938847,
  "score6": 0.17951861851384934
}