{
  "score0": 0.5950692007776931,
  "score1": 0.3799617727963714,
  "score2": 0.35383741892974013,
  "score3": 0.054482521150154985,
  "score4": 0.07873652157592244,
  "score5": 0.026726795245175097,
  "score6": 0.035393010523092995
}