{
  "score0": 0.2936428447791694,
  "score1": 0.276523573552403,
  "score2": 0.09332594444225241,
  "score3": 0.27967914467473765,
  "score4": 0.23732468508272075,
  "score5": 0.7934673435753341,
  "score6": 0.6961234597556708
}