{
  "score0": 0.26794115820621234,
  "score1": 0.10724984176366,
  "score2": 0.3190846366530797,
  "score3": 0.7471352342819252,
  "score4": 0.6675585477231055,
  "score5": 0.7141286857771282,
  "score6": 0.7218538390849689
}