{
  "score0": 0.24764488547373828,
  "score1": 0.08614789820492515,
  "score2": 0.24846740715822135,
  "score3": 0.3086739486342878,
  "score4": 0.6943953108802098,
  "score5": 0.6230831409288607,
  "score6": 0.6872654023854361
}