{
  "score0": 0.6704002629974091,
  "score1": 0.5463279423594849,
  "score2": 0.7988047087327899,
  "score3": 0.3894589991598732,
  "score4": 0.2585278136822156,
  "score5": 0.16326527336772956,
  "score6": 0.34309618963957106
}