{
  "score0": 0.09169960106320267,
  "score1": 0.26322435783853754,
  "score2": 0.15859139612571294,
  "score3": 0.2620387069829224,
  "score4": 0.5803347995710025,
  "score5": 0.20467774113804724,
  "score6": 0.16204386415646954
}