{
  "score0": 0.6416354090892822,
  "score1": 0.5630747142145891,
  "score2": 0.4346235705848441,
  "score3": 0.18212521879015853,
  "score4": 0.13226397588066655,
  "score5": 0.18638047894827134,
  "score6": 0.5282223680128285
}