{
  "score0": 0.564744541498175,
  "score1": 0.5467534615107109,
  "score2": 0.2903708102546191,
  "score3": 0.1946750330610687,
  "score4": 0.3278410586897445,
  "score5": 0.6836950251055466,
  "score6": 0.7303463741901531
}