{
  "score0": 0.6416354090892822,
  "score1": 0.5630747142145891,
  "score2": 0.4575800489192556,
  "score3": 0.23676840335705984,
  "score4": 0.050285613254689686,
  "score5": 0.4300738356917513,
  "score6": 0.22351448262637819
}