{
  "score0": 0.5472246369809097,
  "score1": 0.5069053781539408,
  "score2": 0.41131457388926035,
  "score3": 0.28074886584140957,
  "score4": 0.38251591911038463,
  "score5": 0.445494343383587,
  "score6": 0.8134602514402826
}