{
  "score0": 0.2936428447791694,
  "score1": 0.3118749422754212,
  "score2": 0.08537766446346516,
  "score3": 0.27967914467473765,
  "score4": 0.23732468508272075,
  "score5": 0.7934673435753341,
  "score6": 0.6961234597556708
}