{
  "score0": 0.3641689303477892,
  "score1": 0.6704002629974091,
  "score2": 0.5463279423594849,
  "score3": 0.7189968099345937,
  "score4": 0.19037212594211975,
  "score5": 0.153203092795829,
  "score6": 0.16357123019030068
}