{
  "score0": 0.39585131925263656,
  "score1": 0.12058386724989895,
  "score2": 0.2567273020347582,
  "score3": 0.32435000826399407,
  "score4": 0.09240339842055496,
  "score5": 0.07394890921967193,
  "score6": 0.3978586702750695
}