{
  "score0": 0.4470845236221289,
  "score1": 0.20171669492913544,
  "score2": 0.1881552580624152,
  "score3": 0.24690279877946453,
  "score4": 0.02755426933992707,
  "score5": 0.44846832355772626,
  "score6": 0.5738867333745898
}