{
  "score0": 0.0759517135036109,
  "score1": 0.23620676320972675,
  "score2": 0.21020420030013573,
  "score3": 0.24071255281010936,
  "score4": 0.6571675262771246,
  "score5": 0.4865275776557461,
  "score6": 0.642496430115706
}