{
  "score0": 0.37576774697999604,
  "score1": 0.568231427286295,
  "score2": 0.1502577448199701,
  "score3": 0.1306233261679684,
  "score4": 0.16348349952036642,
  "score5": 0.20162163403196728,
  "score6": 0.46109490286551424
}