{
  "score0": 0.6738739809403184,
  "score1": 0.5244641756255338,
  "score2": 0.3961933497261789,
  "score3": 0.43066503593157623,
  "score4": 0.12226701577103323,
  "score5": 0.10230290906208302,
  "score6": 0.058839401912866664
}