{
  "score0": 0.6259632412088422,
  "score1": 0.5822726306862509,
  "score2": 0.5162765005522796,
  "score3": 0.10588358727688986,
  "score4": 0.4144034601104743,
  "score5": 0.1423422322634635,
  "score6": 0.2629397013645672
}