{
  "score0": 0.6985842613374418,
  "score1": 0.5751033559428783,
  "score2": 0.6163912308275741,
  "score3": 0.3894589991598732,
  "score4": 0.2585278136822156,
  "score5": 0.16326527336772956,
  "score6": 0.34309618963957106
}