{
  "score0": 0.07732752053111422,
  "score1": 0.26322435783853754,
  "score2": 0.21020420030013573,
  "score3": 0.14972120771293018,
  "score4": 0.6402155481318866,
  "score5": 0.39161875800385276,
  "score6": 0.3833941837752846
}