{
  "score0": 0.30605690357337767,
  "score1": 0.30353709271337276,
  "score2": 0.11370750327211882,
  "score3": 0.29456306623066597,
  "score4": 0.46441099381249923,
  "score5": 0.7304071928217146,
  "score6": 0.33802789009247797
}