{
  "score0": 0.6985842613374418,
  "score1": 0.5262728112664004,
  "score2": 0.5508070751897874,
  "score3": 0.2585278136822156,
  "score4": 0.16326527336772956,
  "score5": 0.34309618963957106,
  "score6": 0.25146310249833526
}