{
  "score0": 0.5637936041219215,
  "score1": 0.4644650267566839,
  "score2": 0.41131457388926035,
  "score3": 0.2812701355545935,
  "score4": 0.18115351467415852,
  "score5": 0.2301475828006201,
  "score6": 0.6787749048931705
}