{
  "score0": 0.18798222633809958,
  "score1": 0.1352407121381373,
  "score2": 0.398013763117456,
  "score3": 0.48036758135512997,
  "score4": 0.461367926920148,
  "score5": 0.7106634573107176,
  "score6": 0.20502891563032388
}