{
  "score0": 0.33649147789153305,
  "score1": 0.2943430419173151,
  "score2": 0.09223881924485762,
  "score3": 0.24532516053208586,
  "score4": 0.27819660387898787,
  "score5": 0.6183151795853415,
  "score6": 0.740420768596126
}