{
  "score0": 0.6902699680040081,
  "score1": 0.3018224720647472,
  "score2": 0.20388991112737498,
  "score3": 0.2573810114533935,
  "score4": 0.4646618944116782,
  "score5": 0.7213080999482844,
  "score6": 0.6436189575715299
}