{
  "score0": 0.15613571861402184,
  "score1": 0.0762746937186116,
  "score2": 0.3836973687776143,
  "score3": 0.702077251639729,
  "score4": 0.6333375826122974,
  "score5": 0.781374235176988,
  "score6": 0.24052088062721377
}