{
  "score0": 0.6902699680040081,
  "score1": 0.24417483556851602,
  "score2": 0.20505938824517533,
  "score3": 0.4051036353039616,
  "score4": 0.6770959830107701,
  "score5": 0.39609358969959985,
  "score6": 0.5834131261868508
}