{
  "score0": 0.131044432954069,
  "score1": 0.23819310486243955,
  "score2": 0.32767590552573533,
  "score3": 0.5320413650518901,
  "score4": 0.5737346888703949,
  "score5": 0.6925959572716555,
  "score6": 0.3348450543606614
}