{
  "score0": 0.2754209880823535,
  "score1": 0.6612923307094183,
  "score2": 0.19295150369489586,
  "score3": 0.18625726123710962,
  "score4": 0.06708938088222605,
  "score5": 0.2396311423066061,
  "score6": 0.3137724699849132
}