{
  "score0": 0.07545324923107642,
  "score1": 0.44957712100804054,
  "score2": 0.7053917174398198,
  "score3": 0.417625179754849,
  "score4": 0.7214568042911491,
  "score5": 0.36384203640176604,
  "score6": 0.13958440716388376
}