{
  "score0": 0.30605690357337767,
  "score1": 0.30353709271337276,
  "score2": 0.07053019679129328,
  "score3": 0.1299528967775467,
  "score4": 0.29456306623066597,
  "score5": 0.46441099381249923,
  "score6": 0.7304071928217146
}