{
  "score0": 0.31095635627383195,
  "score1": 0.2943430419173151,
  "score2": 0.07692673598999317,
  "score3": 0.3444319175168952,
  "score4": 0.20071557635504914,
  "score5": 0.650015644405273,
  "score6": 0.7604742312953473
}