{
  "score0": 0.07246855070570085,
  "score1": 0.2292450307392418,
  "score2": 0.28176999280650855,
  "score3": 0.6593124046693484,
  "score4": 0.5997387797519741,
  "score5": 0.636252494240288,
  "score6": 0.34446087208320403
}