{
  "score0": 0.19739965010868785,
  "score1": 0.1146625478475745,
  "score2": 0.3665900390373949,
  "score3": 0.7353046695829084,
  "score4": 0.8334773282336537,
  "score5": 0.6329624651191548,
  "score6": 0.1312444583301752
}