{
  "score0": 0.2629777991153269,
  "score1": 0.09463634133503883,
  "score2": 0.22467903295861358,
  "score3": 0.4429880736498332,
  "score4": 0.6502054337656981,
  "score5": 0.6352862630751215,
  "score6": 0.6822646595688471
}