{
  "score0": 0.37558300962380037,
  "score1": 0.1970693047963107,
  "score2": 0.18129310377969343,
  "score3": 0.18322902598714474,
  "score4": 0.025618714805617854,
  "score5": 0.11602985525027786,
  "score6": 0.3335988500453473
}