{
  "score0": 0.11958898474582581,
  "score1": 0.3938927597119331,
  "score2": 0.6663975570089329,
  "score3": 0.6506904095395664,
  "score4": 0.5897259362427503,
  "score5": 0.48629655835421204,
  "score6": 0.10823150798797569
}