{
  "score0": 0.09579694558020432,
  "score1": 0.2050869561858338,
  "score2": 0.28672692232853203,
  "score3": 0.4246028113377493,
  "score4": 0.6105534414294461,
  "score5": 0.4900463072014785,
  "score6": 0.5735253762670499
}