{
  "score0": 0.19746011335318617,
  "score1": 0.30532960134445297,
  "score2": 0.23821858777442484,
  "score3": 0.5577236434121425,
  "score4": 0.6641442947881107,
  "score5": 0.6550892868542904,
  "score6": 0.6518595270118649
}