{
  "score0": 0.7092226469177558,
  "score1": 0.3250317426207463,
  "score2": 0.2359240650472306,
  "score3": 0.09133945042006587,
  "score4": 0.42391167481718356,
  "score5": 0.48317912630990517,
  "score6": 0.766580067565489
}