{
  "score0": 0.19739965010868785,
  "score1": 0.1146625478475745,
  "score2": 0.4173739031787787,
  "score3": 0.7172851615222816,
  "score4": 0.8177720621092343,
  "score5": 0.4215504153188727,
  "score6": 0.24111574654339016
}