{
  "score0": 0.4470845236221289,
  "score1": 0.2047265153337498,
  "score2": 0.22838912118407365,
  "score3": 0.02755426933992707,
  "score4": 0.44846832355772626,
  "score5": 0.5738867333745898,
  "score6": 0.1698709216166864
}