{
  "score0": 0.6902699680040081,
  "score1": 0.3018224720647472,
  "score2": 0.201030929532522,
  "score3": 0.31477871101636423,
  "score4": 0.4064970368492869,
  "score5": 0.6218652324044892,
  "score6": 0.4189357638852192
}