{
  "score0": 0.3775504905128504,
  "score1": 0.6049355241273076,
  "score2": 0.6107875810239438,
  "score3": 0.5831303306872447,
  "score4": 0.2494777248762877,
  "score5": 0.266761627978849,
  "score6": 0.013064743580929588
}