{
  "score0": 0.5143679357662592,
  "score1": 0.46567259214570905,
  "score2": 0.2283195340533929,
  "score3": 0.12215632414746204,
  "score4": 0.3025788933185794,
  "score5": 0.6582681470654822,
  "score6": 0.7498350753860997
}