{
  "score0": 0.16821336180626956,
  "score1": 0.2746284744321,
  "score2": 0.19454434126646653,
  "score3": 0.6014950742182624,
  "score4": 0.6604049590221402,
  "score5": 0.34792303131635255,
  "score6": 0.29401701847107525
}