{
  "score0": 0.3864354879851996,
  "score1": 0.6397407189019734,
  "score2": 0.536081640456215,
  "score3": 0.26771927378597055,
  "score4": 0.10779652727948508,
  "score5": 0.46076960389851407,
  "score6": 0.2511271849583513
}