{
  "score0": 0.3775504905128504,
  "score1": 0.6296244915573447,
  "score2": 0.5419958213302825,
  "score3": 0.4844346073747288,
  "score4": 0.2301560740180967,
  "score5": 0.17614772361924905,
  "score6": 0.03190718484843274
}