{
  "score0": 0.30605690357337767,
  "score1": 0.2483663319396503,
  "score2": 0.11646177516288049,
  "score3": 0.29456306623066597,
  "score4": 0.46441099381249923,
  "score5": 0.7304071928217146,
  "score6": 0.33802789009247797
}