{
  "score0": 0.639530536209708,
  "score1": 0.5822726306862509,
  "score2": 0.5162765005522796,
  "score3": 0.1337504131931303,
  "score4": 0.32959312012001357,
  "score5": 0.14114730773251385,
  "score6": 0.2303841872655287
}