{
  "score0": 0.07545324923107642,
  "score1": 0.4420302362828518,
  "score2": 0.587872136141661,
  "score3": 0.6658197990160568,
  "score4": 0.46165851957924736,
  "score5": 0.1964471436778081,
  "score6": 0.08840396095657993
}