{
  "score0": 0.09626277811864056,
  "score1": 0.3938927597119331,
  "score2": 0.7086688504201581,
  "score3": 0.3434185771361211,
  "score4": 0.4714208013330135,
  "score5": 0.45324422161106726,
  "score6": 0.055782483979510133
}