{
  "score0": 0.6902699680040081,
  "score1": 0.3018224720647472,
  "score2": 0.2214851615780324,
  "score3": 0.1167489841206053,
  "score4": 0.4051036353039616,
  "score5": 0.6770959830107701,
  "score6": 0.39609358969959985
}