{
  "score0": 0.09169960106320267,
  "score1": 0.24066923018958683,
  "score2": 0.1485395604944082,
  "score3": 0.37500136310211035,
  "score4": 0.5803347995710025,
  "score5": 0.20467774113804724,
  "score6": 0.16204386415646954
}