{
  "score0": 0.6416354090892822,
  "score1": 0.5630747142145891,
  "score2": 0.4346235705848441,
  "score3": 0.1756045047897092,
  "score4": 0.10700015469167239,
  "score5": 0.4345231928221193,
  "score6": 0.2858008733595262
}