{
  "score0": 0.39585131925263656,
  "score1": 0.13080998843745503,
  "score2": 0.20568330016854022,
  "score3": 0.3292223486021282,
  "score4": 0.09240339842055496,
  "score5": 0.07394890921967193,
  "score6": 0.3978586702750695
}