{
  "score0": 0.1704418755140072,
  "score1": 0.1146625478475745,
  "score2": 0.3665900390373949,
  "score3": 0.7567258205441313,
  "score4": 0.5091517012462541,
  "score5": 0.36245371762781337,
  "score6": 0.4382167473482996
}