{
  "score0": 0.7580595697228734,
  "score1": 0.33473607557201557,
  "score2": 0.2359240650472306,
  "score3": 0.09144186738686007,
  "score4": 0.4219342737968748,
  "score5": 0.6932142458480385,
  "score6": 0.7001691327660783
}