{
  "score0": 0.18798222633809958,
  "score1": 0.10072448945744253,
  "score2": 0.4407619063245371,
  "score3": 0.7172851615222816,
  "score4": 0.8177720621092343,
  "score5": 0.4215504153188727,
  "score6": 0.24111574654339016
}