{
  "score0": 0.2638689604295374,
  "score1": 0.6688790825146739,
  "score2": 0.18914609634442922,
  "score3": 0.1869109406142945,
  "score4": 0.03409370459294823,
  "score5": 0.34002940507157264,
  "score6": 0.42652185550066685
}