{
  "score0": 0.6929717388957936,
  "score1": 0.2178128630235497,
  "score2": 0.20505938824517533,
  "score3": 0.4051036353039616,
  "score4": 0.6770959830107701,
  "score5": 0.39609358969959985,
  "score6": 0.5834131261868508
}