{
  "score0": 0.1636729898423283,
  "score1": 0.2746284744321,
  "score2": 0.19454434126646653,
  "score3": 0.6131085569275819,
  "score4": 0.6850947723846605,
  "score5": 0.34417786606988043,
  "score6": 0.5151704603166425
}