{
  "score0": 0.07545324923107642,
  "score1": 0.44957712100804054,
  "score2": 0.7431782344619078,
  "score3": 0.4319068565855358,
  "score4": 0.6658197990160568,
  "score5": 0.46165851957924736,
  "score6": 0.1964471436778081
}