{
  "score0": 0.6722119075979666,
  "score1": 0.5276568262818156,
  "score2": 0.5822434554737407,
  "score3": 0.3416564276650596,
  "score4": 0.23676840335705984,
  "score5": 0.2519175991795806,
  "score6": 0.36860717477871147
}