{
  "score0": 0.6773312072791171,
  "score1": 0.6016042233880369,
  "score2": 0.5822434554737407,
  "score3": 0.43066503593157623,
  "score4": 0.12226701577103323,
  "score5": 0.10230290906208302,
  "score6": 0.058839401912866664
}