{
  "score0": 0.6985842613374418,
  "score1": 0.5751033559428783,
  "score2": 0.6014589174416732,
  "score3": 0.32065013879901005,
  "score4": 0.2286909127400968,
  "score5": 0.20432382663496887,
  "score6": 0.3283959654783688
}