{
  "score0": 0.5149108847268664,
  "score1": 0.4663811013313325,
  "score2": 0.4589885424758019,
  "score3": 0.38441967769500945,
  "score4": 0.22737779547612783,
  "score5": 0.25441449275348144,
  "score6": 0.7660026781033551
}