{
  "score0": 0.6398109345947386,
  "score1": 0.5244641756255338,
  "score2": 0.3961933497261789,
  "score3": 0.28723531658065204,
  "score4": 0.13199028555630002,
  "score5": 0.13149789789603314,
  "score6": 0.3627508392739472
}