{
  "score0": 0.6336708381431396,
  "score1": 0.4630897891117607,
  "score2": 0.5898842734200826,
  "score3": 0.19482321046235374,
  "score4": 0.25836027103204234,
  "score5": 0.0758347140314522,
  "score6": 0.12424885147717092
}