{
  "score0": 0.2636854185793647,
  "score1": 0.6612923307094183,
  "score2": 0.19295150369489586,
  "score3": 0.1869109406142945,
  "score4": 0.03409370459294823,
  "score5": 0.34002940507157264,
  "score6": 0.42652185550066685
}