{
  "score0": 0.6985842613374418,
  "score1": 0.5751033559428783,
  "score2": 0.5785660938527064,
  "score3": 0.1764630578768873,
  "score4": 0.24507768122820847,
  "score5": 0.16566612924522087,
  "score6": 0.2735887190774045
}