{
  "score0": 0.5276568262818156,
  "score1": 0.5663978984824067,
  "score2": 0.3630339395348517,
  "score3": 0.22737779547612783,
  "score4": 0.25441449275348144,
  "score5": 0.7660026781033551,
  "score6": 0.5253616945042033
}