{
  "score0": 0.09361455193465981,
  "score1": 0.4537251532285124,
  "score2": 0.7086688504201581,
  "score3": 0.630195584447665,
  "score4": 0.637718420354369,
  "score5": 0.4470467731834435,
  "score6": 0.14337216005712627
}