{
  "score0": 0.09361455193465981,
  "score1": 0.4537251532285124,
  "score2": 0.7148160454169856,
  "score3": 0.6758230554659644,
  "score4": 0.6232519747344308,
  "score5": 0.2824834302250265,
  "score6": 0.21597446204889792
}