{
  "score0": 0.26794115820621234,
  "score1": 0.1358420148442319,
  "score2": 0.2975786316881548,
  "score3": 0.3698607823182875,
  "score4": 0.7471352342819252,
  "score5": 0.6675585477231055,
  "score6": 0.7141286857771282
}