{
  "score0": 0.18798222633809958,
  "score1": 0.10072448945744253,
  "score2": 0.392901542576373,
  "score3": 0.7899177879401872,
  "score4": 0.48036758135512997,
  "score5": 0.461367926920148,
  "score6": 0.7106634573107176
}