{
  "score0": 0.15613571861402184,
  "score1": 0.0762746937186116,
  "score2": 0.4165469618974626,
  "score3": 0.6572557155582639,
  "score4": 0.6333375826122974,
  "score5": 0.781374235176988,
  "score6": 0.24052088062721377
}