{
  "score0": 0.37576774697999604,
  "score1": 0.5809786105544932,
  "score2": 0.1230138566510585,
  "score3": 0.17964264094099802,
  "score4": 0.5518621312635769,
  "score5": 0.43511824416169026,
  "score6": 0.7294653835325992
}