{
  "score0": 0.7237527018646057,
  "score1": 0.2976306894440386,
  "score2": 0.20647265674548304,
  "score3": 0.11877466147549227,
  "score4": 0.3544264423189984,
  "score5": 0.3440339923456259,
  "score6": 0.29111537370256807
}