{
  "score0": 0.37576774697999604,
  "score1": 0.568231427286295,
  "score2": 0.14578207211677624,
  "score3": 0.14241937292792595,
  "score4": 0.02475340251806375,
  "score5": 0.17964264094099802,
  "score6": 0.5518621312635769
}