{
  "score0": 0.09759914391521868,
  "score1": 0.23819310486243955,
  "score2": 0.32767590552573533,
  "score3": 0.548893863459853,
  "score4": 0.6615965143587232,
  "score5": 0.6176527380041152,
  "score6": 0.37864102373293923
}