{
  "score0": 0.3864354879851996,
  "score1": 0.6223470916290104,
  "score2": 0.5268339354016478,
  "score3": 0.4813558246593688,
  "score4": 0.26771927378597055,
  "score5": 0.10779652727948508,
  "score6": 0.46076960389851407
}