{
  "score0": 0.14442271679187588,
  "score1": 0.20470277197170708,
  "score2": 0.35792266791495403,
  "score3": 0.4494468076809193,
  "score4": 0.6285770178781701,
  "score5": 0.6078928450618531,
  "score6": 0.5792932028833863
}