{
  "score0": 0.6416354090892822,
  "score1": 0.5707940343092485,
  "score2": 0.36331055370416226,
  "score3": 0.050285613254689686,
  "score4": 0.4300738356917513,
  "score5": 0.22351448262637819,
  "score6": 0.3427762588746532
}