{
  "score0": 0.5344491500484101,
  "score1": 0.6083139293439805,
  "score2": 0.5349839442654876,
  "score3": 0.7214606692260789,
  "score4": 0.21911439384353196,
  "score5": 0.06892321965895636,
  "score6": 0.12006434466803323
}