{
  "score0": 0.16821336180626956,
  "score1": 0.2746284744321,
  "score2": 0.280960621200004,
  "score3": 0.6309823074665053,
  "score4": 0.5622271352189275,
  "score5": 0.3395214170383032,
  "score6": 0.2754012346063705
}