{
  "score0": 0.27278531298311237,
  "score1": 0.6929717388957936,
  "score2": 0.2178128630235497,
  "score3": 0.27132874437437066,
  "score4": 0.03886855442339609,
  "score5": 0.45744755025472933,
  "score6": 0.09213974759777467
}