{
  "score0": 0.5088891189313219,
  "score1": 0.6324855399080473,
  "score2": 0.5618580958040321,
  "score3": 0.7214606692260789,
  "score4": 0.2445585336599875,
  "score5": 0.2203329671050668,
  "score6": 0.04319331693960001
}