{
  "score0": 0.09463634133503883,
  "score1": 0.22467903295861358,
  "score2": 0.42019488155507984,
  "score3": 0.5997387797519741,
  "score4": 0.636252494240288,
  "score5": 0.34446087208320403,
  "score6": 0.28837202702130377
}