{
  "score0": 0.2754209880823535,
  "score1": 0.6683722496242638,
  "score2": 0.1502577448199701,
  "score3": 0.1306233261679684,
  "score4": 0.16348349952036642,
  "score5": 0.20162163403196728,
  "score6": 0.46109490286551424
}