{
  "score0": 0.37244642959633273,
  "score1": 0.5720231595391606,
  "score2": 0.5564315310745309,
  "score3": 0.6795224057813457,
  "score4": 0.1404290234671912,
  "score5": 0.27656909397877677,
  "score6": 0.1508582286499365
}