{
  "score0": 0.37558300962380037,
  "score1": 0.15621169966313056,
  "score2": 0.10418683750433341,
  "score3": 0.20509106442895275,
  "score4": 0.03944480639798937,
  "score5": 0.057996917141074245,
  "score6": 0.21435315536458935
}