{
  "score0": 0.2535638218911544,
  "score1": 0.10206638878287354,
  "score2": 0.2803694808386376,
  "score3": 0.2614793715409003,
  "score4": 0.6943953108802098,
  "score5": 0.6230831409288607,
  "score6": 0.6872654023854361
}