{
  "score0": 0.38177275622115775,
  "score1": 0.13080998843745503,
  "score2": 0.20568330016854022,
  "score3": 0.3295449031607956,
  "score4": 0.04793250388394218,
  "score5": 0.15148976013226725,
  "score6": 0.16258227468161732
}