{
  "score0": 0.26794115820621234,
  "score1": 0.1358420148442319,
  "score2": 0.2902432853302072,
  "score3": 0.4201502529591464,
  "score4": 0.7241051486068195,
  "score5": 0.7115850898865196,
  "score6": 0.7345773578162814
}