{
  "score0": 0.5539121364466356,
  "score1": 0.4644650267566839,
  "score2": 0.41131457388926035,
  "score3": 0.28074886584140957,
  "score4": 0.38251591911038463,
  "score5": 0.445494343383587,
  "score6": 0.8134602514402826
}