{
  "score0": 0.7580595697228734,
  "score1": 0.33473607557201557,
  "score2": 0.20388991112737498,
  "score3": 0.2573810114533935,
  "score4": 0.4646618944116782,
  "score5": 0.7213080999482844,
  "score6": 0.6436189575715299
}