{
  "score0": 0.2691599053881388,
  "score1": 0.10206638878287354,
  "score2": 0.2803694808386376,
  "score3": 0.2662883703616457,
  "score4": 0.7236326703354837,
  "score5": 0.6899131196734287,
  "score6": 0.7638326368798909
}