{
  "score0": 0.5149108847268664,
  "score1": 0.4663811013313325,
  "score2": 0.44092529679816994,
  "score3": 0.2519175991795806,
  "score4": 0.1441899167689333,
  "score5": 0.42677481757032937,
  "score6": 0.7031025639830024
}