{
  "score0": 0.39738084849027794,
  "score1": 0.6631944006297013,
  "score2": 0.5531134607329375,
  "score3": 0.5024701470873076,
  "score4": 0.2655742353961988,
  "score5": 0.10791947829232079,
  "score6": 0.4729992059620483
}