{
  "score0": 0.14453413697708156,
  "score1": 0.19437686421087116,
  "score2": 0.3668110404909304,
  "score3": 0.4132544729614591,
  "score4": 0.6285770178781701,
  "score5": 0.6078928450618531,
  "score6": 0.5792932028833863
}