{
  "score0": 0.08622211762183171,
  "score1": 0.2441781508695874,
  "score2": 0.3027744101312145,
  "score3": 0.42010719081404807,
  "score4": 0.6105534414294461,
  "score5": 0.5035313736035129,
  "score6": 0.5689847721603457
}