{
  "score0": 0.09326581997442827,
  "score1": 0.4670854741202683,
  "score2": 0.7268981256441058,
  "score3": 0.694303003777429,
  "score4": 0.6229421874269446,
  "score5": 0.2824834302250265,
  "score6": 0.21597446204889792
}