{
  "score0": 0.14453413697708156,
  "score1": 0.19437686421087116,
  "score2": 0.36152051963965354,
  "score3": 0.3602993380947419,
  "score4": 0.6285770178781701,
  "score5": 0.6078928450618531,
  "score6": 0.5792932028833863
}