{
  "score0": 0.19437686421087116,
  "score1": 0.36152051963965354,
  "score2": 0.36626913101320274,
  "score3": 0.6541385712020253,
  "score4": 0.6866867003967814,
  "score5": 0.6554772010530177,
  "score6": 0.36215089180958504
}