{
  "score0": 0.17453601801420135,
  "score1": 0.11519716985640835,
  "score2": 0.38479147487686444,
  "score3": 0.7710728564531016,
  "score4": 0.4564700777567678,
  "score5": 0.34619989473823926,
  "score6": 0.48200412110797713
}