{
  "score0": 0.2617749672258664,
  "score1": 0.13791762330053767,
  "score2": 0.4043730747214011,
  "score3": 0.48036758135512997,
  "score4": 0.4955004868120749,
  "score5": 0.721172570269157,
  "score6": 0.2051523836813337
}