{
  "score0": 0.2736598262780653,
  "score1": 0.6987162908059658,
  "score2": 0.19849772341118527,
  "score3": 0.1869109406142945,
  "score4": 0.040607672874654714,
  "score5": 0.34002940507157264,
  "score6": 0.42652185550066685
}