{
  "score0": 0.46719092519992367,
  "score1": 0.6116332509151984,
  "score2": 0.5523604377818897,
  "score3": 0.7148427956941478,
  "score4": 0.25717048239489654,
  "score5": 0.2203329671050668,
  "score6": 0.028126680944023017
}