{
  "score0": 0.07588413709466572,
  "score1": 0.21191733935106463,
  "score2": 0.3011280903758527,
  "score3": 0.6593124046693484,
  "score4": 0.5997387797519741,
  "score5": 0.636252494240288,
  "score6": 0.37518239063480324
}