{
  "score0": 0.28542815794387255,
  "score1": 0.135949871772369,
  "score2": 0.2741459863103254,
  "score3": 0.3698607823182875,
  "score4": 0.7467348118012089,
  "score5": 0.6675585477231055,
  "score6": 0.7280144190466645
}