{
  "score0": 0.25239504071986496,
  "score1": 0.08667136821850141,
  "score2": 0.22178667476385078,
  "score3": 0.3081791772142288,
  "score4": 0.6943953108802098,
  "score5": 0.6230831409288607,
  "score6": 0.7048464854095909
}