{
  "score0": 0.4003413881711741,
  "score1": 0.63489994488138,
  "score2": 0.56535539940254,
  "score3": 0.4844346073747288,
  "score4": 0.2301560740180967,
  "score5": 0.17583607354333095,
  "score6": 0.031906248753162746
}