{
  "score0": 0.7469287703000534,
  "score1": 0.3044475963601877,
  "score2": 0.21872211805826727,
  "score3": 0.11877466147549227,
  "score4": 0.3538732106321139,
  "score5": 0.3283285484791396,
  "score6": 0.29111537370256807
}