{
  "score0": 0.49336742883307066,
  "score1": 0.5906696378970668,
  "score2": 0.5375836007950505,
  "score3": 0.7148427956941478,
  "score4": 0.25717048239489654,
  "score5": 0.2203329671050668,
  "score6": 0.028126680944023017
}