{
  "score0": 0.19113897680404132,
  "score1": 0.1084152083793841,
  "score2": 0.40318825410070597,
  "score3": 0.8039489364841321,
  "score4": 0.48036758135512997,
  "score5": 0.4955004868120749,
  "score6": 0.721172570269157
}