{
  "score0": 0.11329352471159734,
  "score1": 0.21513323412423008,
  "score2": 0.31629733929051806,
  "score3": 0.0252662541800385,
  "score4": 0.5588609211475664,
  "score5": 0.33151254605285013,
  "score6": 0.31167213526256266
}