{
  "score0": 0.32452971184829216,
  "score1": 0.305463036548005,
  "score2": 0.07447089033562268,
  "score3": 0.1299528967775467,
  "score4": 0.29456306623066597,
  "score5": 0.46441099381249923,
  "score6": 0.7304071928217146
}