{
  "score0": 0.7442726397005205,
  "score1": 0.3522043040766934,
  "score2": 0.21872211805826727,
  "score3": 0.09133945042006587,
  "score4": 0.42391167481718356,
  "score5": 0.5001744828980168,
  "score6": 0.7589999484713371
}