{
  "score0": 0.6480954000716116,
  "score1": 0.582217874240322,
  "score2": 0.5337971325969939,
  "score3": 0.34381490762909755,
  "score4": 0.23676840335705984,
  "score5": 0.2519175991795806,
  "score6": 0.39245719910410565
}