{
  "score0": 0.6871310302472301,
  "score1": 0.5725412416296788,
  "score2": 0.5712465331959078,
  "score3": 0.232180253284316,
  "score4": 0.1514297696957629,
  "score5": 0.34309618963957106,
  "score6": 0.26554424081428507
}