{
  "score0": 0.2075524680448395,
  "score1": 0.11519716985640835,
  "score2": 0.38479147487686444,
  "score3": 0.7198485820043373,
  "score4": 0.8512823562600343,
  "score5": 0.6500816087208392,
  "score6": 0.1312444583301752
}