{
  "score0": 0.6473484861769987,
  "score1": 0.582217874240322,
  "score2": 0.5337971325969939,
  "score3": 0.36086786203624316,
  "score4": 0.12226701577103323,
  "score5": 0.10238976669853939,
  "score6": 0.058839401912866664
}