{
  "score0": 0.28542815794387255,
  "score1": 0.135949871772369,
  "score2": 0.26941426721658107,
  "score3": 0.4534236986899491,
  "score4": 0.7203656351824064,
  "score5": 0.7115850898865196,
  "score6": 0.7345773578162814
}