{
  "score0": 0.38712261352216387,
  "score1": 0.1693002022852867,
  "score2": 0.1077504926824286,
  "score3": 0.24117327918114886,
  "score4": 0.039527595505887976,
  "score5": 0.057976809974773946,
  "score6": 0.21455497692096182
}