{
  "score0": 0.08622211762183171,
  "score1": 0.2441781508695874,
  "score2": 0.23183160659362775,
  "score3": 0.23621693228640805,
  "score4": 0.6571675262771246,
  "score5": 0.5032327683104825,
  "score6": 0.6347357017562998
}