{
  "score0": 0.19113897680404132,
  "score1": 0.1084152083793841,
  "score2": 0.4482400538935533,
  "score3": 0.7246308899945967,
  "score4": 0.8177720621092343,
  "score5": 0.4386695589205572,
  "score6": 0.24111574654339016
}