{
  "score0": 0.4755287042944537,
  "score1": 0.6344470817844629,
  "score2": 0.11856026467341445,
  "score3": 0.17052870053737232,
  "score4": 0.5520977969262955,
  "score5": 0.43511824416169026,
  "score6": 0.7109332631843368
}