{
  "score0": 0.7764781271051197,
  "score1": 0.3489614842904487,
  "score2": 0.24171580972806708,
  "score3": 0.09133945042006587,
  "score4": 0.42391167481718356,
  "score5": 0.5001744828980168,
  "score6": 0.7589999484713371
}