{
  "score0": 0.17295316670893415,
  "score1": 0.07790517689673536,
  "score2": 0.41981521456713816,
  "score3": 0.702077251639729,
  "score4": 0.6464292154340114,
  "score5": 0.7771412702969495,
  "score6": 0.23748433648177045
}