{
  "score0": 0.4161934344432681,
  "score1": 0.13440395424917673,
  "score2": 0.20682949059250685,
  "score3": 0.31379884704812305,
  "score4": 0.09240339842055496,
  "score5": 0.09240339842055496,
  "score6": 0.39077241553332315
}