{
  "score0": 0.3025177524383574,
  "score1": 0.31722226905884915,
  "score2": 0.09266723799881912,
  "score3": 0.27967914467473765,
  "score4": 0.25291776850283637,
  "score5": 0.7934673435753341,
  "score6": 0.6851796520302488
}