{
  "score0": 0.589241841688661,
  "score1": 0.5127064781248559,
  "score2": 0.39486718009862487,
  "score3": 0.20931114207388601,
  "score4": 0.13199028555630002,
  "score5": 0.1317715882203997,
  "score6": 0.3627508392739472
}