{
  "score0": 0.6685596309857667,
  "score1": 0.6126198356091127,
  "score2": 0.5404998889881237,
  "score3": 0.09605767617550072,
  "score4": 0.3208227739422483,
  "score5": 0.12965761707224896,
  "score6": 0.24475520402189677
}