{
  "score0": 0.07790517689673536,
  "score1": 0.455550329044922,
  "score2": 0.6210510450337403,
  "score3": 0.6727614352662964,
  "score4": 0.46165851957924736,
  "score5": 0.20919089379112346,
  "score6": 0.08053010555048168
}