{
  "score0": 0.16654019148451965,
  "score1": 0.2841929235875444,
  "score2": 0.27644871987585246,
  "score3": 0.6526981791386067,
  "score4": 0.5577555986702313,
  "score5": 0.34035502163617676,
  "score6": 0.24904027151773453
}