{
  "score0": 0.5364575167769898,
  "score1": 0.4668328257659525,
  "score2": 0.4133729327302122,
  "score3": 0.265460304433866,
  "score4": 0.1948355855134667,
  "score5": 0.22798910283658214,
  "score6": 0.6699308963253613
}