{
  "score0": 0.13148408457512428,
  "score1": 0.23264688514615015,
  "score2": 0.3432189172158563,
  "score3": 0.4969834896108081,
  "score4": 0.5927383470339577,
  "score5": 0.690179625350248,
  "score6": 0.3348450543606614
}