{
  "score0": 0.7319017986647377,
  "score1": 0.611343812322323,
  "score2": 0.6465049875811381,
  "score3": 0.3934814844065971,
  "score4": 0.232180253284316,
  "score5": 0.1514297696957629,
  "score6": 0.34309618963957106
}