{
  "score0": 0.7319017986647377,
  "score1": 0.611343812322323,
  "score2": 0.6282267012226189,
  "score3": 0.31083222998931537,
  "score4": 0.2161837463986158,
  "score5": 0.19248832296300225,
  "score6": 0.3424771037943186
}