{
  "score0": 0.08292927380215241,
  "score1": 0.21191733935106463,
  "score2": 0.3357309715416928,
  "score3": 0.5671850193156694,
  "score4": 0.604864484342762,
  "score5": 0.6261252916007146,
  "score6": 0.2813268060818951
}