{
  "score0": 0.3754536893296462,
  "score1": 0.5910801933928276,
  "score2": 0.5888513460166004,
  "score3": 0.7207877699063646,
  "score4": 0.18103448308510206,
  "score5": 0.15339750712393316,
  "score6": 0.1874142475428672
}