{
  "score0": 0.28542815794387255,
  "score1": 0.10743569184188724,
  "score2": 0.3153902254589104,
  "score3": 0.7467348118012089,
  "score4": 0.6675585477231055,
  "score5": 0.7280144190466645,
  "score6": 0.7179471615628766
}