{
  "score0": 0.6632943693817929,
  "score1": 0.4755287042944537,
  "score2": 0.6344470817844629,
  "score3": 0.10750787871495841,
  "score4": 0.4197369437209198,
  "score5": 0.1318845063406383,
  "score6": 0.26335930689075654
}