{
  "score0": 0.27269593745226584,
  "score1": 0.10249722644016965,
  "score2": 0.26941426721658107,
  "score3": 0.4534236986899491,
  "score4": 0.7203656351824064,
  "score5": 0.7115850898865196,
  "score6": 0.7345773578162814
}