{
  "score0": 0.45203345861339983,
  "score1": 0.20224318811822495,
  "score2": 0.18188748636781724,
  "score3": 0.2510013975482543,
  "score4": 0.0275424113252031,
  "score5": 0.4694700677024988,
  "score6": 0.5738867333745898
}