{
  "score0": 0.32171522666492286,
  "score1": 0.31722226905884915,
  "score2": 0.08055016244026827,
  "score3": 0.3444319175168952,
  "score4": 0.20008926813733174,
  "score5": 0.6314579444691156,
  "score6": 0.757661993601654
}