{
  "score0": 0.5263783760959124,
  "score1": 0.4668328257659525,
  "score2": 0.4133729327302122,
  "score3": 0.28074886584140957,
  "score4": 0.38160850327379,
  "score5": 0.43897911436882503,
  "score6": 0.7977616047092716
}