{
  "score0": 0.5220386986690536,
  "score1": 0.5336238154712697,
  "score2": 0.4045464962995971,
  "score3": 0.28074886584140957,
  "score4": 0.38160850327379,
  "score5": 0.43897911436882503,
  "score6": 0.7977616047092716
}