{
  "score0": 0.08719632346324929,
  "score1": 0.21773947085100115,
  "score2": 0.41637428054436365,
  "score3": 0.5997387797519741,
  "score4": 0.636252494240288,
  "score5": 0.37518239063480324,
  "score6": 0.2867374528508873
}