{
  "score0": 0.40032537019267167,
  "score1": 0.13440395424917673,
  "score2": 0.1077504926824286,
  "score3": 0.3129840413701781,
  "score4": 0.038923727170125065,
  "score5": 0.1748219589768993,
  "score6": 0.17516009100545235
}