{
  "score0": 0.12004193099701585,
  "score1": 0.44824549731711727,
  "score2": 0.7040410975456128,
  "score3": 0.6722413452398207,
  "score4": 0.6110634079841936,
  "score5": 0.48629655835421204,
  "score6": 0.12905177308176
}