{
  "score0": 0.19279676191624845,
  "score1": 0.3444822453267091,
  "score2": 0.36626913101320274,
  "score3": 0.6541385712020253,
  "score4": 0.6866867003967814,
  "score5": 0.6554772010530177,
  "score6": 0.36215089180958504
}