{
  "score0": 0.4003413881711741,
  "score1": 0.63489994488138,
  "score2": 0.6309981471128463,
  "score3": 0.5831303306872447,
  "score4": 0.2494777248762877,
  "score5": 0.26641095849514024,
  "score6": 0.01310282689345029
}