{
  "score0": 0.2897419796685586,
  "score1": 0.6987162908059658,
  "score2": 0.19923797600545096,
  "score3": 0.24002264337484136,
  "score4": 0.042002878825319966,
  "score5": 0.4628478436500185,
  "score6": 0.09213974759777467
}