{
  "score0": 0.6632943693817929,
  "score1": 0.4755287042944537,
  "score2": 0.6344470817844629,
  "score3": 0.17760959833142387,
  "score4": 0.25836027103204234,
  "score5": 0.0758347140314522,
  "score6": 0.12424885147717092
}