{
  "score0": 0.40018532127840417,
  "score1": 0.6314536176568288,
  "score2": 0.1406600412239538,
  "score3": 0.08094430942197808,
  "score4": 0.15640616862883225,
  "score5": 0.3922889983481239,
  "score6": 0.48849531742575486
}