{
  "score0": 0.6434463096988344,
  "score1": 0.5127064781248559,
  "score2": 0.39486718009862487,
  "score3": 0.4294809359748968,
  "score4": 0.12226701577103323,
  "score5": 0.10238976669853939,
  "score6": 0.058839401912866664
}