{
  "score0": 0.27269593745226584,
  "score1": 0.10249722644016965,
  "score2": 0.2625920047917122,
  "score3": 0.2995618160924484,
  "score4": 0.7198931569110704,
  "score5": 0.6899131196734287,
  "score6": 0.7638326368798909
}