{
  "score0": 0.4457109175049453,
  "score1": 0.20224318811822495,
  "score2": 0.1790338137010771,
  "score3": 0.20943850088489116,
  "score4": 0.0256179489852536,
  "score5": 0.11623167680665032,
  "score6": 0.3335988500453473
}