{
  "score0": 0.35853429984667196,
  "score1": 0.29991058957467726,
  "score2": 0.08055016244026827,
  "score3": 0.2939794981778833,
  "score4": 0.15332386050133984,
  "score5": 0.5470195414807231,
  "score6": 0.7284274083637287
}