{
  "score0": 0.44824549731711727,
  "score1": 0.6754018385397794,
  "score2": 0.562082873189299,
  "score3": 0.2655742353961988,
  "score4": 0.10791947829232079,
  "score5": 0.4729992059620483,
  "score6": 0.2511271849583513
}