{
  "score0": 0.4829753846784318,
  "score1": 0.23313606235841536,
  "score2": 0.12098072356374791,
  "score3": 0.2510013975482543,
  "score4": 0.0275424113252031,
  "score5": 0.4694700677024988,
  "score6": 0.5738867333745898
}