{
  "score0": 0.6116332509151984,
  "score1": 0.5523604377818897,
  "score2": 0.36147545661288927,
  "score3": 0.05892625954932302,
  "score4": 0.44703609061160626,
  "score5": 0.2228538473281714,
  "score6": 0.3455928903779147
}