{
  "score0": 0.17777265383283347,
  "score1": 0.06753522852014127,
  "score2": 0.41981521456713816,
  "score3": 0.7710728564531016,
  "score4": 0.4564700777567678,
  "score5": 0.34619989473823926,
  "score6": 0.48200412110797713
}