{
  "score0": 0.2677279543614536,
  "score1": 0.08719632346324929,
  "score2": 0.21773947085100115,
  "score3": 0.4429880736498332,
  "score4": 0.6502054337656981,
  "score5": 0.6352862630751215,
  "score6": 0.6827306496687274
}