{
  "score0": 0.40018532127840417,
  "score1": 0.631483544428003,
  "score2": 0.11856026467341445,
  "score3": 0.17052870053737232,
  "score4": 0.5520977969262955,
  "score5": 0.43511824416169026,
  "score6": 0.7109332631843368
}