{
  "score0": 0.4161934344432681,
  "score1": 0.1303448774522086,
  "score2": 0.2765476118156672,
  "score3": 0.32451526811956355,
  "score4": 0.09240339842055496,
  "score5": 0.09240339842055496,
  "score6": 0.39077241553332315
}