{
  "score0": 0.07525136501266537,
  "score1": 0.4642986131629528,
  "score2": 0.756770574717418,
  "score3": 0.48482954615820867,
  "score4": 0.6727614352662964,
  "score5": 0.46165851957924736,
  "score6": 0.20919089379112346
}