{
  "score0": 0.16654019148451965,
  "score1": 0.2841929235875444,
  "score2": 0.1874424326046631,
  "score3": 0.6067588900386855,
  "score4": 0.6600863685677916,
  "score5": 0.34609200652005695,
  "score6": 0.2703206847766084
}