{
  "score0": 0.09398660313918486,
  "score1": 0.28360080401975135,
  "score2": 0.17291810936232593,
  "score3": 0.2585241865777858,
  "score4": 0.5768679990612186,
  "score5": 0.20736574924096476,
  "score6": 0.1762203426973913
}