{
  "score0": 0.6262903596406478,
  "score1": 0.5474210536682814,
  "score2": 0.4515546833991962,
  "score3": 0.23676840335705984,
  "score4": 0.05892625954932302,
  "score5": 0.44703609061160626,
  "score6": 0.2228538473281714
}