{
  "score0": 0.5151459953926854,
  "score1": 0.48481712463651944,
  "score2": 0.44150723322611773,
  "score3": 0.2655996700188888,
  "score4": 0.1441899167689333,
  "score5": 0.4246163376062914,
  "score6": 0.6942585554151931
}