{
  "score0": 0.11329352471159734,
  "score1": 0.25958083240859403,
  "score2": 0.20098565351257786,
  "score3": 0.5588609211475664,
  "score4": 0.33151254605285013,
  "score5": 0.31167213526256266,
  "score6": 0.42402274644314514
}