{
  "score0": 0.5151459953926854,
  "score1": 0.5501231805150498,
  "score2": 0.35316318509999617,
  "score3": 0.24533816571986808,
  "score4": 0.25441449275348144,
  "score5": 0.7858452361436749,
  "score6": 0.5680412042214272
}