{
  "score0": 0.11580143723574175,
  "score1": 0.4670854741202683,
  "score2": 0.7314828231640793,
  "score3": 0.3577898685453335,
  "score4": 0.4654300194356192,
  "score5": 0.47011778755276534,
  "score6": 0.06481071314580561
}