{
  "score0": 0.6685596309857667,
  "score1": 0.6126198356091127,
  "score2": 0.6054298565421843,
  "score3": 0.18179654148733274,
  "score4": 0.23097385143999774,
  "score5": 0.15417643858495597,
  "score6": 0.2926283370142036
}