{
  "score0": 0.08946465644803576,
  "score1": 0.2441781508695874,
  "score2": 0.23183160659362775,
  "score3": 0.14757969207116964,
  "score4": 0.632027753816287,
  "score5": 0.39161875800385276,
  "score6": 0.39776535641811944
}