{
  "score0": 0.5392917563607695,
  "score1": 0.5336238154712697,
  "score2": 0.4045464962995971,
  "score3": 0.20821773831535406,
  "score4": 0.3286213261028329,
  "score5": 0.7001700594749374,
  "score6": 0.7252628356146659
}