{
  "score0": 0.09858592252309747,
  "score1": 0.23264688514615015,
  "score2": 0.3357309715416928,
  "score3": 0.5671850193156694,
  "score4": 0.604864484342762,
  "score5": 0.6261252916007146,
  "score6": 0.2813268060818951
}