{
  "score0": 0.3044475963601877,
  "score1": 0.2192064061035685,
  "score2": 0.1090949622068993,
  "score3": 0.29456306623066597,
  "score4": 0.46441099381249923,
  "score5": 0.7304071928217146,
  "score6": 0.33802789009247797
}