{
  "score0": 0.35853429984667196,
  "score1": 0.29991058957467726,
  "score2": 0.0957416579509282,
  "score3": 0.24450953492068583,
  "score4": 0.2907037702204689,
  "score5": 0.6183151795853415,
  "score6": 0.7428939662136487
}