{
  "score0": 0.10288319493497297,
  "score1": 0.21513323412423008,
  "score2": 0.3027744101312145,
  "score3": 0.42010719081404807,
  "score4": 0.6105534414294461,
  "score5": 0.5035313736035129,
  "score6": 0.5689847721603457
}