{
  "score0": 0.493476861726391,
  "score1": 0.4829753846784318,
  "score2": 0.23313606235841536,
  "score3": 0.1753136256310955,
  "score4": 0.3029444759855259,
  "score5": 0.6755006574814231,
  "score6": 0.745039568638809
}