{
  "score0": 0.29333515876337923,
  "score1": 0.6818226748472237,
  "score2": 0.19849772341118527,
  "score3": 0.17418554068885786,
  "score4": 0.06708938088222605,
  "score5": 0.2396311423066061,
  "score6": 0.3137724699849132
}