{
  "score0": 0.14712405237885964,
  "score1": 0.36180118031184616,
  "score2": 0.0769239979508988,
  "score3": 0.03849158823321213,
  "score4": 0.0453638719571518,
  "score5": 0.04471881603348693,
  "score6": 0.0932516057391396
}