{
  "score0": 0.07561808672506569,
  "score1": 0.04235662267590411,
  "score2": 0.15595130620335634,
  "score3": 0.17051219801069437,
  "score4": 0.16626612314425931,
  "score5": 0.14738227065776585,
  "score6": 0.05107713029709585
}