{
  "score0": 0.03368108063704414,
  "score1": 0.12771713915379868,
  "score2": 0.16445052873087806,
  "score3": 0.26952125785218545,
  "score4": 0.3316050169817001,
  "score5": 0.09588719505034575,
  "score6": 0.12301162239469299
}