{
  "score0": 0.1567706392798971,
  "score1": 0.3491054908168773,
  "score2": 0.2993697802001397,
  "score3": 0.2376592043223759,
  "score4": 0.09450035303772462,
  "score5": 0.06113134419447699,
  "score6": 0.0009422054923146707
}