{
  "score0": 0.3600609830911215,
  "score1": 0.26236504075822475,
  "score2": 0.2779247097537112,
  "score3": 0.03626743114163589,
  "score4": 0.05871715594158838,
  "score5": 0.012853521692406819,
  "score6": 0.056223333824760524
}