{
  "score0": 0.1939423549933328,
  "score1": 0.42272531202592273,
  "score2": 0.07760974034650754,
  "score3": 0.04453147365667929,
  "score4": 0.019484942796917804,
  "score5": 0.04638063901105042,
  "score6": 0.14914143248298115
}