{
  "score0": 0.15478580108693443,
  "score1": 0.3491054908168773,
  "score2": 0.2993697802001397,
  "score3": 0.2247124027062679,
  "score4": 0.019333021580146378,
  "score5": 0.03847778304628602,
  "score6": 0.03091914992784703
}