{
  "score0": 0.22208335409645788,
  "score1": 0.22933206634447398,
  "score2": 0.12764836960646297,
  "score3": 0.06343268598362184,
  "score4": 0.08655516478958108,
  "score5": 0.09761349166920368,
  "score6": 0.21540358435800822
}