{
  "score0": 0.13980828094214104,
  "score1": 0.10795296262241143,
  "score2": 0.01471853368178144,
  "score3": 0.11752575403230386,
  "score4": 0.030634505422445574,
  "score5": 0.19248101758691258,
  "score6": 0.2257105491113612
}