{
  "score0": 0.34468305943560784,
  "score1": 0.22282361283278196,
  "score2": 0.16871676699441604,
  "score3": 0.013874476291022007,
  "score4": 0.0010006104076666668,
  "score5": 0.022697217120515548,
  "score6": 0.12428613685341329
}