{
  "score0": 0.12743881399356294,
  "score1": 0.10879916733093169,
  "score2": 0.029674053886876092,
  "score3": 0.06771051650514376,
  "score4": 0.12543193291587704,
  "score5": 0.16654214230592124,
  "score6": 0.12044406418330116
}