{
  "score0": 0.10169754407815798,
  "score1": 0.22445228690406752,
  "score2": 0.11382578351573736,
  "score3": 0.29007266915705043,
  "score4": 