{
  "score0": 0.10209569281617628,
  "score1": 0.22445228690406752,
  "score2": 0.11382578351573736,
  "score3": 0.259277001163633,
  "score4": 