{
  "score0": 0.3972637103982983,
  "score1": 0.12669621894753103,
  "score2": 0.09472575059676376,
  "score3": 0.046222245950343584,
  "score4": 0.1798102513772105,
  "score5": 0.20850252896126986,
  "score6": 0.09687560544843087
}