{
  "score0": 0.196045795040879,
  "score1": 0.3799889158401556,
  "score2": 0.20377523702055117,
  "score3": 0.0474192861414327,
  "score4": 0.018956400046538806,
  "score5": 0.1757229026663131,
  "score6": 0.09161285310706128
}