{
  "score0": 0.18868999510212733,
  "score1": 0.22933206634447398,
  "score2": 0.16242721487866968,
  "score3": 0.07208851492905935,
  "score4": 0.03496107314077488,
  "score5": 0.07868177633254776,
  "score6": 0.19809711332112304
}