{
  "score0": 0.22872045727522816,
  "score1": 0.22340277939446995,
  "score2": 0.1149001111073748,
  "score3": 0.06343268598362184,
  "score4": 0.08655516478958108,
  "score5": 0.09761349166920368,
  "score6": 0.21540358435800822
}