{
  "score0": 0.12107844198578799,
  "score1": 0.03462112668138962,
  "score2": 0.05332455451128751,
  "score3": 0.07494382205370775,
  "score4": 0.044069215388695265,
  "score5": 0.0009537949471723072,
  "score6": 0.0009628542167807909
}