{
  "score0": 0.21405531680690906,
  "score1": 0.1833565185866195,
  "score2": 0.0747202510784069,
  "score3": 0.030696669078254777,
  "score4": 0.09116643043407685,
  "score5": 0.16124775113921955,
  "score6": 0.3395587129577596
}