{
  "score0": 0.15337421033022114,
  "score1": 0.0650719820694103,
  "score2": 0.04956582976283832,
  "score3": 0.054806485626156094,
  "score4": 0.007024465117210971,
  "score5": 0.08075845141383607,
  "score6": 0.12623630860752813
}