{
  "score0": 0.3219258853864644,
  "score1": 0.1586154532099765,
  "score2": 0.27566615988764603,
  "score3": 0.07208851492905935,
  "score4": 0.03365900482518679,
  "score5": 0.0812336132294713,
  "score6": 0.08528993380849066
}