{
  "score0": 0.051984178920444345,
  "score1": 0.11733532670964353,
  "score2": 0.2031146297002384,
  "score3": 0.22617318870046602,
  "score4": 0.2517673380930952,
  "score5": 0.34572458357831864,
  "score6": 0.09164679597717541
}