{
  "score0": 0.14912906971440426,
  "score1": 0.11351750152745334,
  "score2": 0.029674053886876092,
  "score3": 0.06771051650514376,
  "score4": 0.12543193291587704,
  "score5": 0.16654214230592124,
  "score6": 0.12044406418330116
}