{
  "score0": 0.2732291490978797,
  "score1": 0.3290523233359663,
  "score2": 0.2129228751594882,
  "score3": 0.12853682071224015,
  "score4": 0.0412265952765994,
  "score5": 0.014493033479056375,
  "score6": 0.007373107413766422
}