{
  "score0": 0.11171735085221893,
  "score1": 0.21376998216877563,
  "score2": 0.1457735890920345,
  "score3": 0.3213990658688606,
  "score4": 0.2689044879683103,
  "score5": 0.3686101227566981,
  "score6": 0.07148702378540121
}