{
  "score0": 0.047794310908485,
  "score1": 0.13913417298181927,
  "score2": 0.07488164285449048,
  "score3": 0.01962335507223377,
  "score4": 0.13861561941051273,
  "score5": 0.13171995053034075,
  "score6": 0.07407938487042909
}