{
  "score0": 0.1744018398642409,
  "score1": 0.41270267023244656,
  "score2": 0.07760974034650754,
  "score3": 0.0687410283039159,
  "score4": 0.013143889990975696,
  "score5": 0.11858322250301705,
  "score6": 0.0009085413168981685
}