{
  "score0": 0.02977757064437458,
  "score1": 0.11753761790944425,
  "score2": 0.16158111422348942,
  "score3": 0.006707018308164362,
  "score4": 0.09521820105313283,
  "score5": 0.09638851129194616,
  "score6": 0.03066270237938877
}