{
  "score0": 0.06524908160642544,
  "score1": 0.20533723235018025,
  "score2": 0.38589960697094433,
  "score3": 0.35500466276923,
  "score4": 0.19132105892021853,
  "score5": 0.04058322525127818,
  "score6": 0.019749469022604892
}