{
  "score0": 0.13611256606552136,
  "score1": 0.03368108063704414,
  "score2": 0.12771713915379868,
  "score3": 0.1585488627542564,
  "score4": 0.19695369290499445,
  "score5": 0.2991985938598383,
  "score6": 0.44584846485421475
}