{
  "score0": 0.43710398431149894,
  "score1": 0.13046622199890756,
  "score2": 0.08430774840024657,
  "score3": 0.04908092720006794,
  "score4": 0.10332127873983848,
  "score5": 0.2620056470521643,
  "score6": 0.21208147727344706
}