{
  "score0": 0.3291631031281497,
  "score1": 0.21849013096009484,
  "score2": 0.10724513269385436,
  "score3": 0.048827676577859025,
  "score4": 0.040333443904098855,
  "score5": 0.03303686541414853,
  "score6": 0.0010011675170000002
}