{
  "score0": 0.22335291800106255,
  "score1": 0.2948014766640918,
  "score2": 0.02384124584134091,
  "score3": 0.026146311047342514,
  "score4": 0.10817939746425868,
  "score5": 0.15327217096271864,
  "score6": 