{
  "score0": 0.10949909132580771,
  "score1": 0.05830722552112425,
  "score2": 0.1666521550286294,
  "score3": 0.22714874555349726,
  "score4": 0.24049987349729726,
  "score5": 0.14470112745372823,
  "score6": 0.045619227821039075
}