{
  "score0": 0.11832332192591936,
  "score1": 0.04436228444218755,
  "score2": 0.13854014955471872,
  "score3": 0.14678199010861107,
  "score4": 0.2564205480339346,
  "score5": 0.3294425029422625,
  "score6": 0.2727586424340443
}