{
  "score0": 0.11864532363586681,
  "score1": 0.046127971439825735,
  "score2": 0.04247449622843752,
  "score3": 0.09261526332724673,
  "score4": 0.04498395888240824,
  "score5": 0.0009223178898846157,
  "score6": 0.07595391062510512
}