{
  "score0": 0.33355139596970373,
  "score1": 0.21117701951124876,
  "score2": 0.14355626050318082,
  "score3": 0.04096474746002968,
  "score4": 0.040333443904098855,
  "score5": 0.03303686541414853,
  "score6": 0.0010011675170000002
}