{
  "score0": 0.15337421033022114,
  "score1": 0.07390585102971194,
  "score2": 0.06521305650486232,
  "score3": 0.007024465117210971,
  "score4": 0.08075845141383607,
  "score5": 0.12623630860752813,
  "score6": 0.08983609027701063
}