{
  "score0": 0.14712405237885964,
  "score1": 0.35634294554490276,
  "score2": 0.06371392172135863,
  "score3": 0.05182277900126403,
  "score4": 0.03181720370584377,
  "score5": 0.038529270558176704,
  "score6": 0.11384394707500178
}