{
  "score0": 0.19527482267136986,
  "score1": 0.23952142480869562,
  "score2": 0.16242721487866968,
  "score3": 0.07208851492905935,
  "score4": 0.03496107314077488,
  "score5": 0.07868177633254776,
  "score6": 0.19809711332112304
}