{
  "score0": 0.19527482267136986,
  "score1": 0.23952142480869562,
  "score2": 0.18016719700009504,
  "score3": 0.03952868590067433,
  "score4": 0.06412501103624496,
  "score5": 0.038937468377853494,
  "score6": 0.29556385690920517
}