{
  "score0": 0.22335291800106255,
  "score1": 0.3865611314492991,
  "score2": 0.0769239979508988,
  "score3": 0.03849158823321213,
  "score4": 0.0453638719571518,
  "score5": 0.04471881603348693,
  "score6": 0.0932516057391396
}