{
  "score0": 0.13742832834321447,
  "score1": 0.37182629995963296,
  "score2": 0.23142675761658504,
  "score3": 0.27094170934435335,
  "score4": 0.05506905324564961,
  "score5": 0.024135217510541606,
  "score6": 0.026357009534782108
}