{
  "score0": 0.14912906971440426,
  "score1": 0.13548504894530636,
  "score2": 0.03650495707829427,
  "score3": 0.05120400260836796,
  "score4": 0.06771051650514376,
  "score5": 0.12543193291587704,
  "score6": 0.16654214230592124
}