{
  "score0": 0.14912906971440426,
  "score1": 0.13548504894530636,
  "score2": 0.04451927977944792,
  "score3": 0.07408936002020526,
  "score4": 0.08621138165664177,
  "score5": 0.19476444608261226,
  "score6": 0.26711744496249934
}