{
  "score0": 0.1488968900681986,
  "score1": 0.10795296262241143,
  "score2": 0.01471853368178144,
  "score3": 0.11000152119017496,
  "score4": 0.0329743093742991,
  "score5": 0.16125549008462733,
  "score6": 0.24492432147028334
}