{
  "score0": 0.445830257259062,
  "score1": 0.12743881399356294,
  "score2": 0.10879916733093169,
  "score3": 0.0009641288392299367,
  "score4": 0.10946862296756571,
  "score5": 0.04504487193413618,
  "score6": 0.07294533238673633
}