{
  "score0": 0.046234478258437156,
  "score1": 0.12457887592012751,
  "score2": 0.16445052873087806,
  "score3": 0.26952125785218545,
  "score4": 0.3316050169817001,
  "score5": 0.09588719505034575,
  "score6": 0.12301162239469299
}