{
  "score0": 0.43477365291707887,
  "score1": 0.162566893234272,
  "score2": 0.10551716859249863,
  "score3": 0.0196664545296388,
  "score4": 0.12093612051454306,
  "score5": 0.1241887358795058,
  "score6": 0.26064116515426444
}