{
  "score0": 0.1132861116913361,
  "score1": 0.023794782057119688,
  "score2": 0.1422124144335878,
  "score3": 0.10202882245565896,
  "score4": 0.2251832332015634,
  "score5": 0.331979076268239,
  "score6": 0.33042446839448486
}