{
  "score0": 0.3972637103982983,
  "score1": 0.12669621894753103,
  "score2": 0.0863279176297284,
  "score3": 0.09481613757496243,
  "score4": 0.20277298091498439,
  "score5": 0.16412662657850685,
  "score6": 0.13985871221033883
}