{
  "score0": 0.05412290918338673,
  "score1": 0.196045795040879,
  "score2": 0.3799889158401556,
  "score3": 0.1908206304414196,
  "score4": 0.12941240306491178,
  "score5": 0.11518530644473313,
  "score6": 0.01924925890797496
}