{
  "score0": 0.22103207412427067,
  "score1": 0.22340277939446995,
  "score2": 0.1149001111073748,
  "score3": 0.03996398816473775,
  "score4": 0.09430277823554813,
  "score5": 0.1530986214221466,
  "score6": 0.3161429089412382
}