{
  "score0": 0.34860229673262266,
  "score1": 0.21117701951124876,
  "score2": 0.14355626050318082,
  "score3": 0.020377928926777592,
  "score4": 0.0010011675170000002,
  "score5": 0.0009985266491666668,
  "score6": 0.07221320822192276
}