{
  "score0": 0.11498453024177441,
  "score1": 0.06787912012979763,
  "score2": 0.17630457365890184,
  "score3": 0.25913153032712355,
  "score4": 0.3307519576246383,
  "score5": 0.21935346950374104,
  "score6": 0.0009445100423671952
}