{
  "score0": 0.11171735085221893,
  "score1": 0.19786630110938497,
  "score2": 0.10290673908980592,
  "score3": 0.2610842493437239,
  "score4": 0.3213990658688606,
  "score5": 0.2689044879683103,
  "score6": 0.3686101227566981
}