{
  "score0": 0.1586154532099765,
  "score1": 0.27566615988764603,
  "score2": 0.10660451958274025,
  "score3": 0.06412501103624496,
  "score4": 0.038937468377853494,
  "score5": 0.29556385690920517,
  "score6": 0.22841379924220917
}