{
  "score0": 0.1519137840827975,
  "score1": 0.33740553137298196,
  "score2": 0.279172763138667,
  "score3": 0.2247124027062679,
  "score4": 0.019333021580146378,
  "score5": 0.03847778304628602,
  "score6": 0.03091914992784703
}