{
  "score0": 0.37182629995963296,
  "score1": 0.23142675761658504,
  "score2": 0.25356908436760345,
  "score3": 0.0775463117833843,
  "score4": 0.07757119381697691,
  "score5": 0.026689438305437196,
  "score6": 0.053881823757476945
}