{
  "score0": 0.22335291800106255,
  "score1": 0.3865611314492991,
  "score2": 0.0791411957196401,
  "score3": 0.030957169300925545,
  "score4": 0.006769981816852969,
  "score5": 0.026146311047342514,
  "score6": 0.10817939746425868
}