{
  "score0": 0.03667729410217524,
  "score1": 0.1428269621152077,
  "score2": 0.14582839767626538,
  "score3": 0.06487185265661516,
  "score4": 0.16075023561129778,
  "score5": 0.1042933698571281,
  "score6": 0.1359228216400162
}