{
  "score0": 0.41270267023244656,
  "score1": 0.08728795414625794,
  "score2": 0.05879909990740469,
  "score3": 0.1798102513772105,
  "score4": 0.20850252896126986,
  "score5": 0.09687560544843087,
  "score6": 