{
  "score0": 0.046234478258437156,
  "score1": 0.12066127608842594,
  "score2": 0.16934492799233428,
  "score3": 0.2177250308589204,
  "score4": 0.26952125785218545,
  "score5": 0.3316050169817001,
  "score6": 0.09588719505034575
}