{
  "score0": 0.10209569281617628,
  "score1": 0.22445228690406752,
  "score2": 0.13246734844492603,
  "score3": 