{
  "score0": 0.15000417409164463,
  "score1": 0.03462112668138962,
  "score2": 0.04415811782655896,
  "score3": 0.006992407050074032,
  "score4": 0.019760202403568707,
  "score5": 0.019782790298164113,
  "score6": 0.07450112624284877
}