{
  "score0": 0.18868999510212733,
  "score1": 0.22933206634447398,
  "score2": 0.12764836960646297,
  "score3": 0.04899008786815415,
  "score4": 0.06456295283743567,
  "score5": 0.02692468957545183,
  "score6": 0.165823177728971
}