{
  "score0": 0.11832332192591936,
  "score1": 0.021692791447993742,
  "score2": 0.10525591023960817,
  "score3": 0.24283560681372707,
  "score4": 0.25262343122647213,
  "score5": 0.29314368019651443,
  "score6": 0.33700718766163135
}