{
  "score0": 0.13323432000462293,
  "score1": 0.1280455929487585,
  "score2": 0.029111100677133815,
  "score3": 0.11752575403230386,
  "score4": 0.030634505422445574,
  "score5": 0.19248101758691258,
  "score6": 0.2257105491113612
}