{
  "score0": 0.13611256606552136,
  "score1": 0.03874843523096651,
  "score2": 0.12484561642461839,
  "score3": 0.15097632665171926,
  "score4": 0.19695369290499445,
  "score5": 0.2991985938598383,
  "score6": 0.44584846485421475
}