{
  "score0": 0.12751678160628266,
  "score1": 0.03874843523096651,
  "score2": 0.12484561642461839,
  "score3": 0.11848784080249448,
  "score4": 0.21804945680506038,
  "score5": 0.22904976121242848,
  "score6": 0.37722283976299326
}