{
  "score0": 0.07561808672506569,
  "score1": 0.04235662267590411,
  "score2": 0.14692453361363564,
  "score3": 0.19618391992057763,
  "score4": 0.07437051880960933,
  "score5": 0.13614365813443488,
  "score6": 0.2434690746422148
}