{
  "score0": 0.04826052957026037,
  "score1": 0.1428269621152077,
  "score2": 0.10245450425714778,
  "score3": 0.0009637790464872663,
  "score4": 0.13861561941051273,
  "score5": 0.13171995053034075,
  "score6": 0.07407938487042909
}