{
  "score0": 0.12073541391647609,
  "score1": 0.04653033818790707,
  "score2": 0.04247449622843752,
  "score3": 0.08138323327926723,
  "score4": 0.044069215388695265,
  "score5": 0.0009537949471723072,
  "score6": 0.0009628542167807909
}