{
  "score0": 0.3890492960848231,
  "score1": 0.2650414639649518,
  "score2": 0.2832081045984645,
  "score3": 0.07754631178338428,
  "score4": 0.06948360036588778,
  "score5": 0.019607395874823918,
  "score6": 0.0688889260544777
}