{
  "score0": 0.11864532363586681,
  "score1": 0.03869166212770489,
  "score2": 0.10081294043771481,
  "score3": 0.08433541757878504,
  "score4": 0.04498395888240824,
  "score5": 0.0009223178898846157,
  "score6": 0.07595391062510512
}