{
  "score0": 0.18008841262892075,
  "score1": 0.28609542671736504,
  "score2": 0.03379658640624422,
  "score3": 0.030957169300925545,
  "score4": 0.006769981816852969,
  "score5": 0.026146311047342514,
  "score6": 0.10817939746425868
}