{
  "score0": 0.10806164681799349,
  "score1": 0.19786630110938497,
  "score2": 0.13246734844492603,
  "score3": 