{
  "score0": 0.3290523233359663,
  "score1": 0.24023021426645413,
  "score2": 0.1228221572012152,
  "score3": 0.07234972053647361,
  "score4": 0.07491800891050994,
  "score5": 0.04059529172066858,
  "score6": 0.07968089738149096
}