{
  "score0": 0.15000417409164463,
  "score1": 0.03462112668138962,
  "score2": 0.05332455451128751,
  "score3": 0.00090946319770024,
  "score4": 0.01954936335428766,
  "score5": 0.019802441786481075,
  "score6": 0.025795550874142342
}