{
  "score0": 0.29803591739915547,
  "score1": 0.3181262994362362,
  "score2": 0.2129228751594882,
  "score3": 0.12853682071224015,
  "score4": 0.04096474746002968,
  "score5": 0.05076729037929751,
  "score6": 0.040333443904098855
}