{
  "score0": 0.22335291800106255,
  "score1": 0.3865611314492991,
  "score2": 0.06889907913357321,
  "score3": 0.012959084354579735,
  "score4": 0.031995341067164056,
  "score5": 0.07378312681063998,
  "score6": 0.15379529565782776
}