{
  "score0": 0.34468305943560784,
  "score1": 0.22282361283278196,
  "score2": 0.1872429431303097,
  "score3": 0.041464525776530474,
  "score4": 0.07234972053647361,
  "score5": 0.07491800891050994,
  "score6": 0.04059529172066858
}