{
  "score0": 0.06193074104505942,
  "score1": 0.1926426243867001,
  "score2": 0.37891999873886606,
  "score3": 0.2287359791762313,
  "score4": 0.17412472761163347,
  "score5": 0.04920909032480348,
  "score6": 0.11967883973838371
}