{
  "score0": 0.11832332192591936,
  "score1": 0.04436228444218755,
  "score2": 0.14515427546709658,
  "score3": 0.0826346634061752,
  "score4": 0.24283560681372707,
  "score5": 0.25262343122647213,
  "score6": 0.29314368019651443
}