{
  "score0": 0.12918899140541923,
  "score1": 0.023794782057119688,
  "score2": 0.1422124144335878,
  "score3": 0.11848784080249448,
  "score4": 0.21804945680506038,
  "score5": 0.22904976121242848,
  "score6": 0.37722283976299326
}