{
  "score0": 0.13979050992321618,
  "score1": 0.13445834273750035,
  "score2": 0.016846589179699122,
  "score3": 0.09481386622512356,
  "score4": 0.06386224589186684,
  "score5": 0.2156436988075432,
  "score6": 0.22805881910456346
}