{
  "score0": 0.34468305943560784,
  "score1": 0.22282361283278196,
  "score2": 0.17083756416309492,
  "score3": 0.05820056133139905,
  "score4": 0.05471520682792793,
  "score5": 0.07581648706418705,
  "score6": 0.05416844936597052
}