{
  "score0": 0.06524908160642544,
  "score1": 0.19443606239939068,
  "score2": 0.31136744338308014,
  "score3": 0.21589446573260895,
  "score4": 0.06455993934889154,
  "score5": 0.026033173662318037,
  "score6": 0.0009322421501534998
}