{
  "score0": 0.3659572005257013,
  "score1": 0.26236504075822475,
  "score2": 0.28401387857137245,
  "score3": 0.012961828441963849,
  "score4": 0.08320263670311025,
  "score5": 0.024772479182910378,
  "score6": 0.03971891979633419
}