{
  "score0": 0.1567706392798971,
  "score1": 0.3491054908168773,
  "score2": 0.2204778934356634,
  "score3": 0.2073636069027718,
  "score4": 0.04869038574848761,
  "score5": 0.04881063190760657,
  "score6": 0.01382274130099323
}