{
  "score0": 0.03667729410217524,
  "score1": 0.1428269621152077,
  "score2": 0.10245450425714778,
  "score3": 0.02598546491582294,
  "score4": 0.14497916729129082,
  "score5": 0.145792886803134,
  "score6": 0.11861799900098964
}