{
  "score0": 0.03869166212770489,
  "score1": 0.10081294043771481,
  "score2": 0.07379517395640631,
  "score3": 0.09521820105313283,
  "score4": 0.09638851129194616,
  "score5": 0.03066270237938877,
  "score6": 0.08351466623360716
}