{
  "score0": 0.17265279091998695,
  "score1": 0.3759277814868428,
  "score2": 0.21476133518484175,
  "score3": 0.11537668194891704,
  "score4": 0.0474192861414327,
  "score5": 0.018956400046538806,
  "score6": 0.1757229026663131
}