{
  "score0": 0.05352252186115319,
  "score1": 0.11175056942478762,
  "score2": 0.21997498046226494,
  "score3": 0.11424163898184386,
  "score4": 0.26817497877315305,
  "score5": 0.3614212065667939,
  "score6": 0.24530772740593423
}