{
  "score0": 0.046194504251583265,
  "score1": 0.20402996611339796,
  "score2": 0.36237658106232945,
  "score3": 0.14834848472664938,
  "score4": 0.11382452485864285,
  "score5": 0.060991754133782515,
  "score6": 0.0009411401348704179
}