{
  "score0": 0.3890492960848231,
  "score1": 0.2650414639649518,
  "score2": 0.3080860755261482,
  "score3": 0.0775463117833843,
  "score4": 0.07757119381697691,
  "score5": 0.026689438305437196,
  "score6": 0.053881823757476945
}