{
  "score0": 0.10269623682368709,
  "score1": 0.06820205689136362,
  "score2": 0.15432474214923947,
  "score3": 0.2527629291995805,
  "score4": 0.24049987349729726,
  "score5": 0.14470112745372823,
  "score6": 0.045619227821039075
}