{
  "score0": 0.11498453024177441,
  "score1": 0.06820205689136362,
  "score2": 0.15432474214923947,
  "score3": 0.26429761603084295,
  "score4": 0.3307519576246383,
  "score5": 0.21935346950374104,
  "score6": 0.0009445100423671952
}