{
  "score0": 0.07561808672506569,
  "score1": 0.058631768497032714,
  "score2": 0.09085396970743197,
  "score3": 0.07437051880960933,
  "score4": 0.13614365813443488,
  "score5": 0.2434690746422148,
  "score6": 0.05647201071913797
}