{
  "score0": 0.4209199928285284,
  "score1": 0.1504130262402672,
  "score2": 0.1017105807690055,
  "score3": 0.0196664545296388,
  "score4": 0.12093612051454306,
  "score5": 0.1241887358795058,
  "score6": 0.26064116515426444
}