{
  "score0": 0.3219258853864644,
  "score1": 0.1586154532099765,
  "score2": 0.10724513269385436,
  "score3": 0.06287804146581444,
  "score4": 0.03365900482518679,
  "score5": 0.0812336132294713,
  "score6": 0.08528993380849066
}