{
  "score0": 0.06193074104505942,
  "score1": 0.1926426243867001,
  "score2": 0.3865585751703129,
  "score3": 0.24829798714214457,
  "score4": 0.14082800657153852,
  "score5": 0.046712448709741505,
  "score6": 0.14574850896752548
}