{
  "score0": 0.9264217759361754,
  "score1": 0.8327603304641533,
  "score2": 0.8424737148340073,
  "score3": 0.1685211150012,
  "score4": 0.12083042265266668,
  "score5": 0.2449425160906825,
  "score6": 0.8004077031302801
}