{
  "score0": 0.624136147767975,
  "score1": 0.3454426195753347,
  "score2": 0.2970709099304747,
  "score3": 0.38352737605834814,
  "score4": 0.11444276851240202,
  "score5": 0.20142854164612914,
  "score6": 0.3635897784336548
}