{
  "score0": 0.06863497453761545,
  "score1": 0.6340909895370826,
  "score2": 0.7569824365013852,
  "score3": 0.8165960351464823,
  "score4": 0.6251250754845381,
  "score5": 0.2794586790859314,
  "score6": 0.01310704173916831
}