{
  "score0": 0.8444267203480262,
  "score1": 0.816074685639741,
  "score2": 0.08079966965210122,
  "score3": 0.07204331374294881,
  "score4": 0.33875946856922723,
  "score5": 0.7729213617137095,
  "score6": 0.6732110446503992
}