{
  "score0": 0.7349376498496446,
  "score1": 0.782080138298715,
  "score2": 0.13272605728929388,
  "score3": 0.07079779485916841,
  "score4": 0.08879954799570206,
  "score5": 0.21901906633379697,
  "score6": 0.6563796946619226
}