{
  "score0": 0.25578724607748454,
  "score1": 0.3137134431783908,
  "score2": 0.15687986091366052,
  "score3": 0.20893479680513938,
  "score4": 0.7701512167092194,
  "score5": 0.33147277854051577,
  "score6": 0.12738419383539595
}