{
  "score0": 0.3864919260460695,
  "score1": 0.7024474175109923,
  "score2": 0.46190196398636485,
  "score3": 0.7264526052014784,
  "score4": 0.7080996475730202,
  "score5": 0.7976005591369099,
  "score6": 0.6985822963580959
}