{
  "score0": 0.7352060479305933,
  "score1": 0.7924941576163602,
  "score2": 0.13577692804936708,
  "score3": 0.07089905292102172,
  "score4": 0.08888403606088457,
  "score5": 0.21929275698522555,
  "score6": 0.6572784259325298
}