{
  "score0": 0.33832825784477183,
  "score1": 0.12303148161149295,
  "score2": 0.5488550468695584,
  "score3": 0.46151035812816305,
  "score4": 0.6901041946470104,
  "score5": 0.6304452381394565,
  "score6": 0.29425074313717375
}