{
  "score0": 0.5558354260103776,
  "score1": 0.28962905514436815,
  "score2": 0.3465559828852347,
  "score3": 0.5269632453607086,
  "score4": 0.1548421170622972,
  "score5": 0.10505235017493215,
  "score6": 0.3715875065607248
}