{
  "score0": 0.753929410435486,
  "score1": 0.8113774944725167,
  "score2": 0.6924877970014659,
  "score3": 0.25306215538301896,
  "score4": 0.03109305917199154,
  "score5": 0.2841169011449796,
  "score6": 0.308595491901476
}