{
  "score0": 0.3041320752858604,
  "score1": 0.3693220440672374,
  "score2": 0.74272355562447,
  "score3": 0.5042439663551626,
  "score4": 0.7051636515683066,
  "score5": 0.6599444465399108,
  "score6": 0.6401525455623022
}