{
  "score0": 0.9437190978673556,
  "score1": 0.8415801716154415,
  "score2": 0.824179521149928,
  "score3": 0.13419295665929998,
  "score4": 0.24579379780544222,
  "score5": 0.5149194434470269,
  "score6": 0.15425905911251456
}