{
  "score0": 0.1810344660107354,
  "score1": 0.3853649040463954,
  "score2": 0.6774274709223684,
  "score3": 0.5805340710238066,
  "score4": 0.7287928824640683,
  "score5": 0.7261943473814068,
  "score6": 0.3635331733799367
}