{
  "score0": 0.2231559676078177,
  "score1": 0.40368176442303694,
  "score2": 0.625006861772169,
  "score3": 0.6752227053312932,
  "score4": 0.7650253857807682,
  "score5": 0.5630251871239808,
  "score6": 0.6784267118089188
}