{
  "score0": 0.070914961391531,
  "score1": 0.5815384910192565,
  "score2": 0.765500717208547,
  "score3": 0.8281826217408265,
  "score4": 0.7801119266424266,
  "score5": 0.07583888650514801,
  "score6": 0.6970900534169768
}