{
  "score0": 0.418767628341549,
  "score1": 0.7040255833481873,
  "score2": 0.35862388998478306,
  "score3": 0.6737944661050247,
  "score4": 0.7268588016140702,
  "score5": 0.7884526544794026,
  "score6": 0.3144729691955716
}