{
  "score0": 0.3335728774688779,
  "score1": 0.3693220440672374,
  "score2": 0.7328663058939477,
  "score3": 0.2893853560267783,
  "score4": 0.6795104347394115,
  "score5": 0.7188547999531315,
  "score6": 0.8581486238188085
}