{
  "score0": 0.7876110704609482,
  "score1": 0.8729961027856794,
  "score2": 0.739987055180451,
  "score3": 0.09209122105537192,
  "score4": 0.34171503620458227,
  "score5": 0.006761665679752247,
  "score6": 0.42609235258199857
}