{
  "score0": 0.7528539464944434,
  "score1": 0.31121844587033604,
  "score2": 0.17294380970716042,
  "score3": 0.07042735649611166,
  "score4": 0.3647150834404134,
  "score5": 0.6489980667354184,
  "score6": 0.7577429639276373
}