{
  "score0": 0.3381161811808852,
  "score1": 0.33860319628439367,
  "score2": 0.41417298482862064,
  "score3": 0.4900581513198779,
  "score4": 0.6968662675176014,
  "score5": 0.450438411230033,
  "score6": 0.46796637246483996
}