{
  "score0": 0.65855728081028,
  "score1": 0.7917681497469681,
  "score2": 0.766455362476498,
  "score3": 0.36551296552572216,
  "score4": 0.2791690516085943,
  "score5": 0.8393882126721165,
  "score6": 0.5572447220620823
}