{
  "score0": 0.17218646853695793,
  "score1": 0.38518141263028927,
  "score2": 0.6774274709223684,
  "score3": 0.5805340710238066,
  "score4": 0.7287928824640683,
  "score5": 0.7261943473814068,
  "score6": 0.3635331733799367
}