{
  "score0": 0.4383033088292718,
  "score1": 0.704085377826235,
  "score2": 0.3584946883888712,
  "score3": 0.6684473477058424,
  "score4": 0.680361794808202,
  "score5": 0.7493612839732875,
  "score6": 0.2791849425037351
}