{
  "score0": 0.24369516515720022,
  "score1": 0.1621925316538656,
  "score2": 0.3917301528087203,
  "score3": 0.5692360295011439,
  "score4": 0.7110264872311495,
  "score5": 0.7200531164768086,
  "score6": 0.6701421272249312
}