{
  "score0": 0.9437190978673556,
  "score1": 0.8415801716154415,
  "score2": 0.8313265893875115,
  "score3": 0.12563916800112299,
  "score4": 0.24579379780544222,
  "score5": 0.5149194434470269,
  "score6": 0.1683738984121479
}