{
  "score0": 0.30444691151131986,
  "score1": 0.36938100964170284,
  "score2": 0.7247470554936772,
  "score3": 0.5042439663551626,
  "score4": 0.7054899068432396,
  "score5": 0.6627126401481216,
  "score6": 0.6401525455623022
}