{
  "score0": 0.6440979221358393,
  "score1": 0.3448517171075483,
  "score2": 0.25702985675129497,
  "score3": 0.1632424844547665,
  "score4": 0.025810833219415335,
  "score5": 0.6876729852081526,
  "score6": 0.6337786740385237
}