{
  "score0": 0.33832825784477183,
  "score1": 0.0976640483269733,
  "score2": 0.7053367301111839,
  "score3": 0.7440476059873534,
  "score4": 0.46151035812816305,
  "score5": 0.6901041946470104,
  "score6": 0.6304452381394565
}