{
  "score0": 0.9437190978673556,
  "score1": 0.8415801716154415,
  "score2": 0.9107305127661189,
  "score3": 0.15562346999693322,
  "score4": 0.12234350850494354,
  "score5": 0.5620566383576541,
  "score6": 0.21147775516517142
}