{
  "score0": 0.33391011322816405,
  "score1": 0.3553128218420176,
  "score2": 0.704942203820688,
  "score3": 0.3785892144336665,
  "score4": 0.6696284697834298,
  "score5": 0.7248727881952228,
  "score6": 0.8581486238188085
}