{
  "score0": 0.070914961391531,
  "score1": 0.5815384910192565,
  "score2": 0.7916379084914333,
  "score3": 0.8139105474005591,
  "score4": 0.5716608188078317,
  "score5": 0.20219436833138396,
  "score6": 0.749786475627
}