{
  "score0": 0.657267458357667,
  "score1": 0.7945019727517667,
  "score2": 0.7603452826115459,
  "score3": 0.36039399798144567,
  "score4": 0.2673624486654227,
  "score5": 0.8397543050590093,
  "score6": 0.5575663475922701
}