{
  "score0": 0.7820618882742271,
  "score1": 0.8729961027856794,
  "score2": 0.739987055180451,
  "score3": 0.20188274689756489,
  "score4": 0.5085847025162795,
  "score5": 0.02691098821742682,
  "score6": 0.12693591410316488
}