{
  "score0": 0.08178133180190174,
  "score1": 0.46415856573558834,
  "score2": 0.7894945403728022,
  "score3": 0.8135269299452684,
  "score4": 0.5659031211080384,
  "score5": 0.20219436833138396,
  "score6": 0.7490430967627711
}