{
  "score0": 0.6081074466149141,
  "score1": 0.34128017655282833,
  "score2": 0.34052555352659364,
  "score3": 0.32931240808993784,
  "score4": 0.04363565825043638,
  "score5": 0.12032501401468565,
  "score6": 0.5607806492819063
}