{
  "score0": 0.5728379086322689,
  "score1": 0.2893494450359959,
  "score2": 0.3514128814618557,
  "score3": 0.4262066712695735,
  "score4": 0.013082351168397866,
  "score5": 0.20214627194125512,
  "score6": 0.31649499904213774
}