{
  "score0": 0.2891076078027773,
  "score1": 0.06497732476065694,
  "score2": 0.3299251265415886,
  "score3": 0.7253593774502528,
  "score4": 0.6057044110115464,
  "score5": 0.7432540397697741,
  "score6": 0.847510630519524
}