{
  "score0": 0.7819208586475103,
  "score1": 0.869364588224147,
  "score2": 0.7360202227664355,
  "score3": 0.18744577193915032,
  "score4": 0.5085847025162795,
  "score5": 0.026901785648768762,
  "score6": 0.13452346207017593
}