{
  "score0": 0.7891713525345494,
  "score1": 0.8380737918737093,
  "score2": 0.820867282499677,
  "score3": 0.09209122105537192,
  "score4": 0.15358896722474816,
  "score5": 0.09891170015869995,
  "score6": 0.20103106653119474
}