{
  "score0": 0.7941185096744551,
  "score1": 0.7979707657128804,
  "score2": 0.6924877970014659,
  "score3": 0.25306215538301896,
  "score4": 0.03109305917199154,
  "score5": 0.2841169011449796,
  "score6": 0.308595491901476
}