{
  "score0": 0.7629976226753904,
  "score1": 0.31118831029592975,
  "score2": 0.12486809857040922,
  "score3": 0.4557853473079123,
  "score4": 0.48127625352088826,
  "score5": 0.8346832370625389,
  "score6": 0.8221803700621629
}