{
  "score0": 0.9515181307743485,
  "score1": 0.8539492314714682,
  "score2": 0.9466558594392704,
  "score3": 0.2675858280821148,
  "score4": 0.19432485000279187,
  "score5": 0.13811963717130002,
  "score6": 0.9046446739530624
}