{
  "score0": 0.9428165259404866,
  "score1": 0.8234217608509641,
  "score2": 0.42591206193117176,
  "score3": 0.12234350850494354,
  "score4": 0.5620566383576541,
  "score5": 0.21147775516517142,
  "score6": 0.19723821531038208
}