{
  "score0": 0.7766335055940385,
  "score1": 0.30572197438562054,
  "score2": 0.12477301731255958,
  "score3": 0.43978704557664333,
  "score4": 0.48127625352088826,
  "score5": 0.8393622972892394,
  "score6": 0.8218558634214398
}