{
  "score0": 0.7691225132107345,
  "score1": 0.7844749078527467,
  "score2": 0.17736338039066998,
  "score3": 0.18718007543851942,
  "score4": 0.1796648573651073,
  "score5": 0.6299145793362758,
  "score6": 0.0643572486455181
}