{
  "score0": 0.7043481424591419,
  "score1": 0.7715042269762021,
  "score2": 0.8418381107496794,
  "score3": 0.7196153120006293,
  "score4": 0.13080883585544514,
  "score5": 0.2257961005929392,
  "score6": 0.0954147252936529
}