{
  "score0": 0.8539492314714682,
  "score1": 0.9466558594392704,
  "score2": 0.402203259159096,
  "score3": 0.20800692084210004,
  "score4": 0.45001968670107884,
  "score5": 0.7749558712825332,
  "score6": 0.6258171083626912
}