{
  "score0": 0.25386673257575565,
  "score1": 0.31414090971202485,
  "score2": 0.1498518136012644,
  "score3": 0.4453852468016799,
  "score4": 0.6173066801780143,
  "score5": 0.33746143670646983,
  "score6": 0.6186899034072625
}