{
  "score0": 0.26233667038839764,
  "score1": 0.19323211919002903,
  "score2": 0.11150679887562841,
  "score3": 0.2196639746871244,
  "score4": 0.7270123525910881,
  "score5": 0.7580737987783088,
  "score6": 0.7749869182821242
}