{
  "score0": 0.6855429502698804,
  "score1": 0.7941185096744551,
  "score2": 0.8375543852615785,
  "score3": 0.7393377690285403,
  "score4": 0.32763420899110124,
  "score5": 0.2805619960910417,
  "score6": 0.16500998779265605
}