{
  "score0": 0.7352060479305933,
  "score1": 0.7924941576163602,
  "score2": 0.13609694864962113,
  "score3": 0.1399937043123973,
  "score4": 0.04984860715217393,
  "score5": 0.07212780180813132,
  "score6": 0.33920846045104186
}