{
  "score0": 0.6458276789944446,
  "score1": 0.7893412079965638,
  "score2": 0.1634816807308644,
  "score3": 0.12876065708706094,
  "score4": 0.35695972223107786,
  "score5": 0.1540505463904714,
  "score6": 0.49016723246522903
}