{
  "score0": 0.7634329951369606,
  "score1": 0.8033833838977877,
  "score2": 0.20590883578458252,
  "score3": 0.17548484386679533,
  "score4": 0.17071088859235042,
  "score5": 0.6447694252170048,
  "score6": 0.0643572486455181
}