{
  "score0": 0.6376094899834128,
  "score1": 0.3454426195753347,
  "score2": 0.2570918812065063,
  "score3": 0.16331226793771095,
  "score4": 0.025810833219415335,
  "score5": 0.6876729852081526,
  "score6": 0.6546709967876131
}