{
  "score0": 0.301927301041795,
  "score1": 0.2238349448631513,
  "score2": 0.06307905060067141,
  "score3": 0.3433226042865329,
  "score4": 0.5609724835834328,
  "score5": 0.8243450367525522,
  "score6": 0.7520779386106736
}