{
  "score0": 0.7349376498496446,
  "score1": 0.782080138298715,
  "score2": 0.13609694864962113,
  "score3": 0.12975279567149953,
  "score4": 0.049818688530974375,
  "score5": 0.07204331374294881,
  "score6": 0.33875946856922723
}