{
  "score0": 0.3591001210381647,
  "score1": 0.12090929575192255,
  "score2": 0.6836315357627438,
  "score3": 0.7748639626425904,
  "score4": 0.8233927340379795,
  "score5": 0.6415985636244722,
  "score6": 0.17335373045243777
}