{
  "score0": 0.28644825132748736,
  "score1": 0.06571479352157478,
  "score2": 0.32978018236483936,
  "score3": 0.7250366554573934,
  "score4": 0.6084536000650556,
  "score5": 0.7432540397697741,
  "score6": 0.847510630519524
}