{
  "score0": 0.8743262244005037,
  "score1": 0.8571757003375385,
  "score2": 0.548293794381627,
  "score3": 0.2966551427271554,
  "score4": 0.20989038644309996,
  "score5": 0.4345231928221193,
  "score6": 0.5665966138162487
}