{
  "score0": 0.07152299059191122,
  "score1": 0.5739870308875455,
  "score2": 0.7672233489551898,
  "score3": 0.827448281670886,
  "score4": 0.774414107924164,
  "score5": 0.07577900752361733,
  "score6": 0.6963466745527481
}