{
  "score0": 0.6931330846235775,
  "score1": 0.7896324901583811,
  "score2": 0.805632773112414,
  "score3": 0.7393377690285403,
  "score4": 0.3424161401139964,
  "score5": 0.2805619960910417,
  "score6": 0.16493766760612363
}