{
  "score0": 0.8811050229933544,
  "score1": 0.8095743144996367,
  "score2": 0.5568130667430571,
  "score3": 0.4156698708803896,
  "score4": 0.2530992657996503,
  "score5": 0.8418163211017392,
  "score6": 0.7740517319691174
}