{
  "score0": 0.24946684809136585,
  "score1": 0.16236138563015562,
  "score2": 0.4018985037957312,
  "score3": 0.5739343597922121,
  "score4": 0.7110264872311495,
  "score5": 0.7200531164768086,
  "score6": 0.6701421272249312
}