{
  "score0": 0.3315812612197868,
  "score1": 0.18275614640468393,
  "score2": 0.2927537279081652,
  "score3": 0.3338202138573889,
  "score4": 0.40782146869159375,
  "score5": 0.7291004605223185,
  "score6": 0.5518838609737523
}