{
  "score0": 0.3498261473252594,
  "score1": 0.10830448734030516,
  "score2": 0.6886863130486097,
  "score3": 0.7571751338454673,
  "score4": 0.8136984568901182,
  "score5": 0.6162677269195059,
  "score6": 0.18703950628394914
}