{
  "score0": 0.7619245787592966,
  "score1": 0.7899685876919693,
  "score2": 0.16362019881030151,
  "score3": 0.12881713492651428,
  "score4": 0.2984954182392786,
  "score5": 0.18670205833488185,
  "score6": 0.6182435973584783
}