{
  "score0": 0.28644825132748736,
  "score1": 0.17818654464284797,
  "score2": 0.3917301528087203,
  "score3": 0.5692360295011439,
  "score4": 0.7110264872311495,
  "score5": 0.7200531164768086,
  "score6": 0.6701421272249312
}