{
  "score0": 0.4242984102457345,
  "score1": 0.7040255833481873,
  "score2": 0.35862388998478306,
  "score3": 0.6743998430661869,
  "score4": 0.680361794808202,
  "score5": 0.7500775534689238,
  "score6": 0.2791849425037351
}