{
  "score0": 0.35081835490913693,
  "score1": 0.2236610306246249,
  "score2": 0.027110070552616567,
  "score3": 0.5423609138662292,
  "score4": 0.2970398937522864,
  "score5": 0.8140439579914428,
  "score6": 0.721405665177744
}