{
  "score0": 0.27831027562550004,
  "score1": 0.25814560293180283,
  "score2": 0.43585800466886493,
  "score3": 0.43006146302961445,
  "score4": 0.6759097456918863,
  "score5": 0.7352960169204984,
  "score6": 0.7433702192867274
}