{
  "score0": 0.30184044476425814,
  "score1": 0.2236610306246249,
  "score2": 0.027110070552616567,
  "score3": 0.4593186350367038,
  "score4": 0.35213534840835164,
  "score5": 0.8813933034572625,
  "score6": 0.710569429646344
}