{
  "score0": 0.39499753783876257,
  "score1": 0.7041427024672159,
  "score2": 0.4890804676130975,
  "score3": 0.7005872191974953,
  "score4": 0.7596012836292578,
  "score5": 0.5303100422269665,
  "score6": 0.3495508458716894
}