{
  "score0": 0.18492596372383627,
  "score1": 0.3855869301128281,
  "score2": 0.6771954832019822,
  "score3": 0.5952920891425023,
  "score4": 0.7399019518349247,
  "score5": 0.7393970667022924,
  "score6": 0.3435183720425516
}