{
  "score0": 0.798607747267877,
  "score1": 0.9148309732789057,
  "score2": 0.7635679906985432,
  "score3": 0.5456507566348668,
  "score4": 0.3954690672207861,
  "score5": 0.45070679988809853,
  "score6": 0.1083587128984
}