{
  "score0": 0.3864919260460695,
  "score1": 0.7275674854328774,
  "score2": 0.5073430048516674,
  "score3": 0.7080996475730202,
  "score4": 0.7976005591369099,
  "score5": 0.6985822963580959,
  "score6": 0.45904705957458497
}