{
  "score0": 0.3309669560493002,
  "score1": 0.18241244680246552,
  "score2": 0.29622159674144066,
  "score3": 0.3338202138573889,
  "score4": 0.43237922814009916,
  "score5": 0.7242556992126404,
  "score6": 0.5517009893144634
}