{
  "score0": 0.2960246025440608,
  "score1": 0.2231559676078177,
  "score2": 0.40368176442303694,
  "score3": 0.6958637451938735,
  "score4": 0.6114358678770718,
  "score5": 0.6718051706193556,
  "score6": 0.7688366195388475
}