{
  "score0": 0.7567187745918307,
  "score1": 0.8642387455773763,
  "score2": 0.6590920203041978,
  "score3": 0.34246756870106526,
  "score4": 0.323445847946737,
  "score5": 0.02695962097373142,
  "score6": 0.16796686777119577
}