{
  "score0": 0.36312668919357916,
  "score1": 0.10830793336515503,
  "score2": 0.6890550598249227,
  "score3": 0.7568183539750764,
  "score4": 0.8233927340379795,
  "score5": 0.6415985636244722,
  "score6": 0.17335373045243777
}