{
  "score0": 0.7619416616527971,
  "score1": 0.31118831029592975,
  "score2": 0.17169487231537045,
  "score3": 0.42085375071346176,
  "score4": 0.3647150834404134,
  "score5": 0.6489980667354184,
  "score6": 0.7577429639276373
}