{
  "score0": 0.7803388367955397,
  "score1": 0.30572197438562054,
  "score2": 0.11701255804780655,
  "score3": 0.41924534115438866,
  "score4": 0.6712993332700102,
  "score5": 0.83645508041927,
  "score6": 0.4982454533060772
}