{
  "score0": 0.6081074466149141,
  "score1": 0.3219319290936863,
  "score2": 0.34052555352659364,
  "score3": 0.3290446758174403,
  "score4": 0.04341445458103018,
  "score5": 0.12039394183700343,
  "score6": 0.5589974998815928
}