{
  "score0": 0.6603049709784657,
  "score1": 0.7899685876919693,
  "score2": 0.16362019881030151,
  "score3": 0.1287041792476076,
  "score4": 0.35695972223107786,
  "score5": 0.15396210665149843,
  "score6": 0.48994694395207244
}