{
  "score0": 0.8201931557700474,
  "score1": 0.9431716441169141,
  "score2": 0.7635679906985432,
  "score3": 0.5456507566348668,
  "score4": 0.39770950063664934,
  "score5": 0.46869077448866187,
  "score6": 0.1083587128984
}