{
  "score0": 0.5558354260103776,
  "score1": 0.28962905514436815,
  "score2": 0.2970709099304747,
  "score3": 0.38352737605834814,
  "score4": 0.11444276851240202,
  "score5": 0.20142854164612914,
  "score6": 0.3635897784336548
}