{
  "score0": 0.16688851934143564,
  "score1": 0.38518141263028927,
  "score2": 0.6678643120602736,
  "score3": 0.5999791833767799,
  "score4": 0.6752227053312932,
  "score5": 0.7656897530657121,
  "score6": 0.5630251871239808
}