{
  "score0": 0.4051145613804752,
  "score1": 0.7041427024672159,
  "score2": 0.46906535877453515,
  "score3": 0.727402850921643,
  "score4": 0.7084232286237504,
  "score5": 0.7976005591369099,
  "score6": 0.6943571657990274
}