{
  "score0": 0.08714435972910706,
  "score1": 0.6224712243697672,
  "score2": 0.7884805147466282,
  "score3": 0.7709590276661253,
  "score4": 0.04665122984995774,
  "score5": 0.30155759929934717,
  "score6": 0.0762028699428121
}