{
  "score0": 0.33091227140039314,
  "score1": 0.24164283997800393,
  "score2": 0.01226101027256672,
  "score3": 0.27161017709044244,
  "score4": 0.2196639746871244,
  "score5": 0.7270123525910881,
  "score6": 0.7580737987783088
}