{
  "score0": 0.6931330846235775,
  "score1": 0.7556656554879839,
  "score2": 0.8343425757633463,
  "score3": 0.7393377690285403,
  "score4": 0.3424161401139964,
  "score5": 0.2805619960910417,
  "score6": 0.16493766760612363
}