{
  "score0": 0.7117718099130453,
  "score1": 0.7715042269762021,
  "score2": 0.8418381107496794,
  "score3": 0.8013555449642452,
  "score4": 0.21727838112118958,
  "score5": 0.18887495766577303,
  "score6": 0.03889620513437834
}