{
  "score0": 0.25592960213422555,
  "score1": 0.31414090971202485,
  "score2": 0.1498518136012644,
  "score3": 0.20907876731981634,
  "score4": 0.7705116841066925,
  "score5": 0.33147277854051577,
  "score6": 0.12752392726766268
}