{
  "score0": 0.2979769592886812,
  "score1": 0.21227259898244172,
  "score2": 0.4138466985019421,
  "score3": 0.6536267520753771,
  "score4": 0.6165402694183708,
  "score5": 0.6724039701838086,
  "score6": 0.7695385856489443
}