{
  "score0": 0.7622993551475108,
  "score1": 0.26233667038839764,
  "score2": 0.19323211919002903,
  "score3": 0.07041826387014331,
  "score4": 0.7357172767728786,
  "score5": 0.21252647937974434,
  "score6": 0.4899485744655492
}