{
  "score0": 0.6581277568698268,
  "score1": 0.3874345036184471,
  "score2": 0.268525796053094,
  "score3": 0.025810833219415335,
  "score4": 0.6876729852081526,
  "score5": 0.6337786740385237,
  "score6": 0.07014476330185461
}