{
  "score0": 0.3309616182065159,
  "score1": 0.24164283997800393,
  "score2": 0.06732170253084124,
  "score3": 0.3433226042865329,
  "score4": 0.5609724835834328,
  "score5": 0.8243450367525522,
  "score6": 0.7519639836908688
}