{
  "score0": 0.9240660779986754,
  "score1": 0.8327603304641533,
  "score2": 0.8333836479783264,
  "score3": 0.2397783837406641,
  "score4": 0.10863079144003335,
  "score5": 0.13199028555630002,
  "score6": 0.6974644379475216
}