{
  "score0": 0.7543967307553883,
  "score1": 0.3111061986240729,
  "score2": 0.16738137240209103,
  "score3": 0.42026699323685474,
  "score4": 0.3650844649855791,
  "score5": 0.6489980667354184,
  "score6": 0.7573640416672666
}