{
  "score0": 0.10627272505317019,
  "score1": 0.6179799195307634,
  "score2": 0.7884805147466282,
  "score3": 0.7709590276661253,
  "score4": 0.04665122984995774,
  "score5": 0.30155759929934717,
  "score6": 0.0762028699428121
}