{
  "score0": 0.9461030625944985,
  "score1": 0.8234217608509641,
  "score2": 0.42616687262619163,
  "score3": 0.11378971984676656,
  "score4": 0.5620566383576541,
  "score5": 0.2255925944648048,
  "score6": 0.19723821531038208
}