{
  "score0": 0.8743262244005037,
  "score1": 0.8571757003375385,
  "score2": 0.577896680300738,
  "score3": 0.3111886739436047,
  "score4": 0.19535685522665067,
  "score5": 0.5280984774783897,
  "score6": 0.6428092845618023
}