{
  "score0": 0.26858965690526726,
  "score1": 0.30811551110113267,
  "score2": 0.15687986091366052,
  "score3": 0.2840657012751901,
  "score4": 0.7770070082772915,
  "score5": 0.47490423046464764,
  "score6": 0.5084114198123663
}