{
  "score0": 0.28315181343944906,
  "score1": 0.2674339508727651,
  "score2": 0.42912550861487153,
  "score3": 0.5402294549535737,
  "score4": 0.6756311184214758,
  "score5": 0.7352960169204984,
  "score6": 0.7427284152163925
}