{
  "score0": 0.34285337981935515,
  "score1": 0.10165610067007408,
  "score2": 0.7123314575623462,
  "score3": 0.7437102413226251,
  "score4": 0.46102909909688833,
  "score5": 0.6895225725138389,
  "score6": 0.6512307221173304
}