{
  "score0": 0.3824658539705184,
  "score1": 0.10627272505317019,
  "score2": 0.6179799195307634,
  "score3": 0.8112756334775524,
  "score4": 0.8295426755968539,
  "score5": 0.6098346997085421,
  "score6": 0.18214974394189354
}