{
  "score0": 0.06458791100688274,
  "score1": 0.6340813046282417,
  "score2": 0.7658314458425262,
  "score3": 0.8648714299530468,
  "score4": 0.600524122120293,
  "score5": 0.27959209604068264,
  "score6": 0.013116353212016587
}