{
  "score0": 0.28315181343944906,
  "score1": 0.2674339508727651,
  "score2": 0.3911365971795196,
  "score3": 0.42052035535442683,
  "score4": 0.6756311184214758,
  "score5": 0.7352960169204984,
  "score6": 0.7427284152163925
}