{
  "score0": 0.08714435972910706,
  "score1": 0.45359346649923943,
  "score2": 0.7916379084914333,
  "score3": 0.8139105474005591,
  "score4": 0.5716608188078317,
  "score5": 0.20219436833138396,
  "score6": 0.749786475627
}