{
  "score0": 0.6458276789944446,
  "score1": 0.792621921905192,
  "score2": 0.1377276658350553,
  "score3": 0.16686221143430527,
  "score4": 0.3209222890509353,
  "score5": 0.24514425437426043,
  "score6": 0.5677306798789711
}