{
  "score0": 0.5726721225681606,
  "score1": 0.3121479599847055,
  "score2": 0.3465559828852347,
  "score3": 0.42634935175639904,
  "score4": 0.013082351168397866,
  "score5": 0.20224982494990973,
  "score6": 0.31649499904213774
}