{
  "score0": 0.8033833838977877,
  "score1": 0.20590883578458252,
  "score2": 0.21749407893171763,
  "score3": 0.6583528806209152,
  "score4": 0.8163158390768662,
  "score5": 0.4964678982434448,
  "score6": 0.670858443605923
}