{
  "score0": 0.55556449092752,
  "score1": 0.2893494450359959,
  "score2": 0.2969212962151772,
  "score3": 0.39601301984709614,
  "score4": 0.11441230098814197,
  "score5": 0.20131218311260615,
  "score6": 0.3634439422735068
}