{
  "score0": 0.35308920082541734,
  "score1": 0.12133655738751721,
  "score2": 0.6887576692015849,
  "score3": 0.775576323788464,
  "score4": 0.8136984568901182,
  "score5": 0.6162677269195059,
  "score6": 0.18703950628394914
}