{
  "score0": 0.8497973803181532,
  "score1": 0.9091687683091948,
  "score2": 0.6073119712264804,
  "score3": 0.20843968930242518,
  "score4": 0.20800692084210004,
  "score5": 0.44448999170182407,
  "score6": 0.7749558712825332
}