{
  "score0": 0.7513567103942927,
  "score1": 0.7844749078527467,
  "score2": 0.17736338039066998,
  "score3": 0.1762019412425122,
  "score4": 0.2984954182392786,
  "score5": 0.18670205833488185,
  "score6": 0.6182435973584783
}