{
  "score0": 0.7092289879526316,
  "score1": 0.7703865826024666,
  "score2": 0.7576234274519511,
  "score3": 0.6441714002927721,
  "score4": 0.16469007021083323,
  "score5": 0.1515764265061102,
  "score6": 0.1036926447811759
}