{
  "score0": 0.8772327408929522,
  "score1": 0.8093590376207542,
  "score2": 0.4258568083010676,
  "score3": 0.4156698708803896,
  "score4": 0.2530992657996503,
  "score5": 0.8418163211017392,
  "score6": 0.7740517319691174
}