{
  "score0": 0.24369516515720022,
  "score1": 0.1621925316538656,
  "score2": 0.3911365971795196,
  "score3": 0.42375257930597426,
  "score4": 0.7504632481762631,
  "score5": 0.6766508679813427,
  "score6": 0.7459244274085205
}