{
  "score0": 0.331263618243146,
  "score1": 0.2199758228694256,
  "score2": 0.08017875714334396,
  "score3": 0.29273503400605844,
  "score4": 0.40782146869159375,
  "score5": 0.7291004605223185,
  "score6": 0.5518838609737523
}