{
  "score0": 0.26244794144663774,
  "score1": 0.1932098722416448,
  "score2": 0.11183009424073515,
  "score3": 0.2345985866032272,
  "score4": 0.7273103410490935,
  "score5": 0.7580737987783088,
  "score6": 0.7788654027341634
}