{
  "score0": 0.301927301041795,
  "score1": 0.2238349448631513,
  "score2": 0.027133121166619662,
  "score3": 0.42381445545979174,
  "score4": 0.35213534840835164,
  "score5": 0.8813933034572625,
  "score6": 0.7106833845661488
}