{
  "score0": 0.8175124611197396,
  "score1": 0.9428165259404866,
  "score2": 0.8234217608509641,
  "score3": 0.5050623843294492,
  "score4": 0.3954690672207861,
  "score5": 0.45070679988809853,
  "score6": 0.1083587128984
}