{
  "score0": 0.10833201499688973,
  "score1": 0.6149450752831005,
  "score2": 0.7864205931263526,
  "score3": 0.7742027048998418,
  "score4": 0.04662203518325012,
  "score5": 0.3014009523171048,
  "score6": 0.0762018646317931
}