{
  "score0": 0.7874724774449727,
  "score1": 0.869364588224147,
  "score2": 0.7360202227664355,
  "score3": 0.09213029585004116,
  "score4": 0.34154963765735213,
  "score5": 0.006752374836246518,
  "score6": 0.42609235258199857
}