{
  "score0": 0.753929410435486,
  "score1": 0.8627420142652256,
  "score2": 0.7149241398220718,
  "score3": 0.4568408407901681,
  "score4": 0.25306215538301896,
  "score5": 0.03109305917199154,
  "score6": 0.2841169011449796
}