{
  "score0": 0.08714435972910706,
  "score1": 0.45359346649923943,
  "score2": 0.8016430336260807,
  "score3": 0.6836822045416063,
  "score4": 0.5875685365814548,
  "score5": 0.13704808163923018,
  "score6": 0.24499905882981662
}