{
  "score0": 0.6580305622515691,
  "score1": 0.8047510645915269,
  "score2": 0.7688913385865244,
  "score3": 0.6448889898134499,
  "score4": 0.16477823398450098,
  "score5": 0.1515764265061102,
  "score6": 0.10371104007601406
}