{
  "score0": 0.7528539464944434,
  "score1": 0.31121844587033604,
  "score2": 0.17169487231537045,
  "score3": 0.42085375071346176,
  "score4": 0.3647150834404134,
  "score5": 0.6489980667354184,
  "score6": 0.7577429639276373
}