{
  "score0": 0.7820618882742271,
  "score1": 0.8729961027856794,
  "score2": 0.6570418775859463,
  "score3": 0.3425724243073289,
  "score4": 0.323445847946737,
  "score5": 0.01922136600345335,
  "score6": 0.16812677734312084
}