{
  "score0": 0.21227259898244172,
  "score1": 0.4138466985019421,
  "score2": 0.6185353942855781,
  "score3": 0.6752227053312932,
  "score4": 0.7656897530657121,
  "score5": 0.5630251871239808,
  "score6": 0.6787659902794313
}