{
  "score0": 0.6340909895370826,
  "score1": 0.7569824365013852,
  "score2": 0.766455362476498,
  "score3": 0.36551296552572216,
  "score4": 0.2791690516085943,
  "score5": 0.8393882126721165,
  "score6": 0.5572447220620823
}