{
  "score0": 0.2538169641605453,
  "score1": 0.3137134431783908,
  "score2": 0.14973185134216427,
  "score3": 0.4617891961787863,
  "score4": 0.6173066801780143,
  "score5": 0.33746143670646983,
  "score6": 0.6404291130584755
}