{
  "score0": 0.28644825132748736,
  "score1": 0.17818654464284797,
  "score2": 0.40069914686828595,
  "score3": 0.4222372363334304,
  "score4": 0.7250366554573934,
  "score5": 0.6084536000650556,
  "score6": 0.7432540397697741
}