{
  "score0": 0.7629976226753904,
  "score1": 0.31118831029592975,
  "score2": 0.17169487231537045,
  "score3": 0.3609750906155809,
  "score4": 0.4009764614672678,
  "score5": 0.7945825112220944,
  "score6": 0.8641113401983965
}