{
  "score0": 0.08178133180190174,
  "score1": 0.46415856573558834,
  "score2": 0.7889502153034346,
  "score3": 0.7749696476497969,
  "score4": 0.7742027048998418,
  "score5": 0.04662203518325012,
  "score6": 0.3014009523171048
}