{
  "score0": 0.6857153897375379,
  "score1": 0.7703865826024666,
  "score2": 0.8432661358262417,
  "score3": 0.7344068107924245,
  "score4": 0.13080883585544514,
  "score5": 0.23821482719544726,
  "score6": 0.09535136746622526
}