{
  "score0": 0.8743262244005037,
  "score1": 0.8594702261525371,
  "score2": 0.5415966138155862,
  "score3": 0.29603947812108394,
  "score4": 0.20989038644309996,
  "score5": 0.4345231928221193,
  "score6": 0.5665966138162487
}