{
  "score0": 0.0752996724664327,
  "score1": 0.5739870308875455,
  "score2": 0.7672233489551898,
  "score3": 0.7019369894308517,
  "score4": 0.7322893321965581,
  "score5": 0.159884335893538,
  "score6": 0.08376734454293715
}