{
  "score0": 0.65855728081028,
  "score1": 0.8104008011964894,
  "score2": 0.7552458376532336,
  "score3": 0.5944014976115134,
  "score4": 0.36551296552572216,
  "score5": 0.2791690516085943,
  "score6": 0.8393882126721165
}