{
  "score0": 0.26892354726364187,
  "score1": 0.30893660563523195,
  "score2": 0.15661284485115734,
  "score3": 0.2523540497212467,
  "score4": 0.777314953456484,
  "score5": 0.47505786639501885,
  "score6": 0.5247923964727155
}