{
  "score0": 0.3335342906293398,
  "score1": 0.10830793336515503,
  "score2": 0.6890550598249227,
  "score3": 0.655565776804348,
  "score4": 0.710429763756605,
  "score5": 0.6326265410178662,
  "score6": 0.18446602851288985
}