{
  "score0": 0.3436463519207723,
  "score1": 0.34774164633725446,
  "score2": 0.43592222514849194,
  "score3": 0.03437914632697065,
  "score4": 0.6338140000298607,
  "score5": 0.35165454750119024,
  "score6": 0.30047305518900735
}