{
  "score0": 0.55556449092752,
  "score1": 0.2893494450359959,
  "score2": 0.3514128814618557,
  "score3": 0.5264458363685675,
  "score4": 0.167561727244524,
  "score5": 0.1049055241171491,
  "score6": 0.3715875065607248
}