{
  "score0": 0.8041572806043265,
  "score1": 0.9223295556349249,
  "score2": 0.7635679906985432,
  "score3": 0.5456507566348668,
  "score4": 0.39770950063664934,
  "score5": 0.06028257336432302,
  "score6": 0.3462345219466097
}