{
  "score0": 0.2891076078027773,
  "score1": 0.17861738278974795,
  "score2": 0.4120855293306311,
  "score3": 0.42247186359491434,
  "score4": 0.7253593774502528,
  "score5": 0.6057044110115464,
  "score6": 0.7432540397697741
}