{
  "score0": 0.6426360539132447,
  "score1": 0.3755452728816201,
  "score2": 0.2688941081151987,
  "score3": 0.025810833219415335,
  "score4": 0.6876729852081526,
  "score5": 0.6546709967876131,
  "score6": 0.07017012541110905
}