{
  "score0": 0.8804345696919774,
  "score1": 0.8085701524862025,
  "score2": 0.5415966138155862,
  "score3": 0.31298617528371736,
  "score4": 0.23717656107136667,
  "score5": 0.6038840421058489,
  "score6": 0.8193129222856803
}