{
  "score0": 0.2891076078027773,
  "score1": 0.17861738278974795,
  "score2": 0.4018985037957312,
  "score3": 0.5739343597922121,
  "score4": 0.7110264872311495,
  "score5": 0.7200531164768086,
  "score6": 0.6701421272249312
}