{
  "score0": 0.927665671090621,
  "score1": 0.8613544895732712,
  "score2": 0.8333836479783264,
  "score3": 0.2822219370949321,
  "score4": 0.1319902855563,
  "score5": 0.32846557734916665,
  "score6": 0.07747700831713335
}