{
  "score0": 0.8843068517923796,
  "score1": 0.8093688681834375,
  "score2": 0.548293794381627,
  "score3": 0.31298617528371736,
  "score4": 0.23717656107136667,
  "score5": 0.6047914579424435,
  "score6": 0.8389290651984188
}