{
  "score0": 0.27762547607706894,
  "score1": 0.16236138563015562,
  "score2": 0.3913617265107908,
  "score3": 0.43006146302961445,
  "score4": 0.6759097456918863,
  "score5": 0.7352960169204984,
  "score6": 0.7433702192867274
}