{
  "score0": 0.7647958470510696,
  "score1": 0.26244794144663774,
  "score2": 0.1932098722416448,
  "score3": 0.07042735649611166,
  "score4": 0.7360339667364642,
  "score5": 0.20017382345429025,
  "score6": 0.4901556074517635
}