{
  "score0": 0.9437190978673556,
  "score1": 0.8415801716154415,
  "score2": 0.9187709645334003,
  "score3": 0.15562346999693322,
  "score4": 0.11378971984676656,
  "score5": 0.5620566383576541,
  "score6": 0.2255925944648048
}