{
  "score0": 0.4051145613804752,
  "score1": 0.7301063439474116,
  "score2": 0.5021964257388336,
  "score3": 0.7084232286237504,
  "score4": 0.7976005591369099,
  "score5": 0.6943571657990274,
  "score6": 0.4595099804426413
}