{
  "score0": 0.32762813443303884,
  "score1": 0.10830448734030516,
  "score2": 0.6886863130486097,
  "score3": 0.6559185582708458,
  "score4": 0.710429763756605,
  "score5": 0.6329355139170588,
  "score6": 0.18453037362205668
}