{
  "score0": 0.34394539273561636,
  "score1": 0.3990721789428576,
  "score2": 0.2569877709979384,
  "score3": 0.63404509948536,
  "score4": 0.3614263768487953,
  "score5": 0.30047305518900735,
  "score6": 0.47262631774684777
}