{
  "score0": 0.3335342906293398,
  "score1": 0.10830793336515503,
  "score2": 0.7219067716767706,
  "score3": 0.6487520158385429,
  "score4": 0.6841904393991723,
  "score5": 0.44741408603004146,
  "score6": 0.2994158899016736
}