{
  "score0": 0.16924137385153887,
  "score1": 0.414948537097263,
  "score2": 0.625006861772169,
  "score3": 0.6752227053312932,
  "score4": 0.7650253857807682,
  "score5": 0.5630251871239808,
  "score6": 0.6784267118089188
}