{
  "score0": 0.34097497667587134,
  "score1": 0.18241244680246552,
  "score2": 0.29622159674144066,
  "score3": 0.40770030425450315,
  "score4": 0.2970398937522864,
  "score5": 0.8140439579914428,
  "score6": 0.721405665177744
}