{
  "score0": 0.35599799287810135,
  "score1": 0.7081427647126345,
  "score2": 0.3985650818654998,
  "score3": 0.7264526052014784,
  "score4": 0.7080996475730202,
  "score5": 0.7976005591369099,
  "score6": 0.6985822963580959
}