{
  "score0": 0.7092289879526316,
  "score1": 0.7703865826024666,
  "score2": 0.8432661358262417,
  "score3": 0.7928174930593688,
  "score4": 0.21719021734752186,
  "score5": 0.18887495766577303,
  "score6": 0.03887780983954018
}