{
  "score0": 0.7538570082937567,
  "score1": 0.8642387455773763,
  "score2": 0.7172305503801046,
  "score3": 0.4568408407901681,
  "score4": 0.2568910790689098,
  "score5": 0.03109305917199154,
  "score6": 0.2840107078586702
}