{
  "score0": 0.34308327609540445,
  "score1": 0.13525825560898533,
  "score2": 0.5488550468695584,
  "score3": 0.46151035812816305,
  "score4": 0.6901041946470104,
  "score5": 0.6304452381394565,
  "score6": 0.29425074313717375
}