{
  "score0": 0.3246987359543395,
  "score1": 0.24177487880694334,
  "score2": 0.007488026851125667,
  "score3": 0.27177821001144387,
  "score4": 0.2345985866032272,
  "score5": 0.7273103410490935,
  "score6": 0.7580737987783088
}