{
  "score0": 0.32762813443303884,
  "score1": 0.10830448734030516,
  "score2": 0.7158068299867922,
  "score3": 0.6487520158385429,
  "score4": 0.684499412298365,
  "score5": 0.4474784311392082,
  "score6": 0.2994158899016736
}