{
  "score0": 0.7647958470510696,
  "score1": 0.31121844587033604,
  "score2": 0.17294380970716042,
  "score3": 0.07042735649611166,
  "score4": 0.7360339667364642,
  "score5": 0.20017382345429025,
  "score6": 0.4901556074517635
}