{
  "score0": 0.06916058244753148,
  "score1": 0.5815384910192565,
  "score2": 0.765500717208547,
  "score3": 0.7023235777108995,
  "score4": 0.7326267875576772,
  "score5": 0.159884335893538,
  "score6": 0.08380941640517764
}