{
  "score0": 0.34285337981935515,
  "score1": 0.1308106572918906,
  "score2": 0.5502130859061398,
  "score3": 0.46102909909688833,
  "score4": 0.6895225725138389,
  "score5": 0.6512307221173304,
  "score6": 0.29425074313717375
}