{
  "score0": 0.750671691342278,
  "score1": 0.7867449866040874,
  "score2": 0.1777574080513343,
  "score3": 0.12881713492651428,
  "score4": 0.2984954182392786,
  "score5": 0.1867893840290956,
  "score6": 0.597967310111982
}