{
  "score0": 0.3413656029730694,
  "score1": 0.18275614640468393,
  "score2": 0.2927537279081652,
  "score3": 0.4943609541107851,
  "score4": 0.298179603107303,
  "score5": 0.8154049303054064,
  "score6": 0.7217135414549288
}