{
  "score0": 0.38423255689848923,
  "score1": 0.10833201499688973,
  "score2": 0.6149450752831005,
  "score3": 0.7994636475264554,
  "score4": 0.8291647208262063,
  "score5": 0.6324480434527081,
  "score6": 0.1820603681281975
}