{
  "score0": 0.7352060479305933,
  "score1": 0.8216818181203644,
  "score2": 0.08422327873946701,
  "score3": 0.07212780180813132,
  "score4": 0.33920846045104186,
  "score5": 0.7736447917539309,
  "score6": 0.6732110446503992
}