{
  "score0": 0.7534995298216276,
  "score1": 0.3109570284192413,
  "score2": 0.16738137240209103,
  "score3": 0.33237670154167015,
  "score4": 0.4007355832179124,
  "score5": 0.7996563256771537,
  "score6": 0.8637165859700376
}