{
  "score0": 0.3265808967965416,
  "score1": 0.34774164633725446,
  "score2": 0.40827693421186767,
  "score3": 0.4900581513198779,
  "score4": 0.6965583223384089,
  "score5": 0.43042670480744327,
  "score6": 0.47144346629670936
}