{
  "score0": 0.8410551008652354,
  "score1": 0.9061299938157512,
  "score2": 0.6073119712264804,
  "score3": 0.20843968930242518,
  "score4": 0.20800692084210004,
  "score5": 0.45001968670107884,
  "score6": 0.7749558712825332
}