{
  "score0": 0.65855728081028,
  "score1": 0.8104008011964894,
  "score2": 0.7576234274519511,
  "score3": 0.6441714002927721,
  "score4": 0.16469007021083323,
  "score5": 0.1515764265061102,
  "score6": 0.1036926447811759
}