{
  "score0": 0.8539492314714682,
  "score1": 0.9499423960932823,
  "score2": 0.39856441679994864,
  "score3": 0.20800692084210004,
  "score4": 0.44448999170182407,
  "score5": 0.7749558712825332,
  "score6": 0.6503924907220567
}