{
  "score0": 0.07612980484721885,
  "score1": 0.5474204533385417,
  "score2": 0.7666055365588271,
  "score3": 0.7023235777108995,
  "score4": 0.7326267875576772,
  "score5": 0.159884335893538,
  "score6": 0.08380941640517764
}