{
  "score0": 0.3404498530528683,
  "score1": 0.22915373814405485,
  "score2": 0.47494946727031095,
  "score3": 0.18312046209845398,
  "score4": 0.06883104741353362,
  "score5": 0.2139894793110114,
  "score6": 0.5309914502302538
}