{
  "score0": 0.6271820350076739,
  "score1": 0.3813148899947323,
  "score2": 0.2357859498466085,
  "score3": 0.4008360880518033,
  "score4": 0.39608733149389197,
  "score5": 0.10012693737531882,
  "score6": 0.07091414549251698
}