{
  "score0": 0.5180677750779484,
  "score1": 0.5229799606384108,
  "score2": 0.20734537057479324,
  "score3": 0.2323267623524582,
  "score4": 0.34748679691822765,
  "score5": 0.2571292764679503,
  "score6": 0.4741530835129495
}