{
  "score0": 0.6751588907693148,
  "score1": 0.46552499168837397,
  "score2": 0.6353148070561138,
  "score3": 0.35267522351541275,
  "score4": 0.4167413174665661,
  "score5": 0.05307477932610324,
  "score6": 0.09060820097472277
}