{
  "score0": 0.15893337127332385,
  "score1": 0.4829809018240596,
  "score2": 0.23593576029460733,
  "score3": 0.2728646767505792,
  "score4": 0.16057990376469009,
  "score5": 0.06581847612939251,
  "score6": 0.17934022027871369
}