{
  "score0": 0.687554869150274,
  "score1": 0.4051287592604427,
  "score2": 0.42996717371845206,
  "score3": 0.35267522351541275,
  "score4": 0.4167413174665661,
  "score5": 0.05307477932610324,
  "score6": 0.09060820097472277
}