{
  "score0": 0.04872136860008138,
  "score1": 0.32307062980821666,
  "score2": 0.49842811602915177,
  "score3": 0.7341918130912196,
  "score4": 0.41225974237476537,
  "score5": 0.7828532910284501,
  "score6": 0.5661357062829063
}