{
  "score0": 0.20627153222758624,
  "score1": 0.5973414394439526,
  "score2": 0.5804897840283239,
  "score3": 0.2541846035461726,
  "score4": 0.14247236794384624,
  "score5": 0.15507748772465793,
  "score6": 0.23753538254679787
}