{
  "score0": 0.3269155513884998,
  "score1": 0.21948069839511186,
  "score2": 0.35044252664489517,
  "score3": 0.06203464037078805,
  "score4": 0.15310459908602034,
  "score5": 0.11397655253467676,
  "score6": 0.44531441149498957
}