{
  "score0": 0.08492822789314242,
  "score1": 0.35953542303794755,
  "score2": 0.4134872207833162,
  "score3": 0.4373323515039036,
  "score4": 0.7470283107865378,
  "score5": 0.6551947122688594,
  "score6": 0.7751554770135298
}