{
  "score0": 0.5550054003616426,
  "score1": 0.4920417818192367,
  "score2": 0.1891647255693291,
  "score3": 0.1543603036225249,
  "score4": 0.050628969130394275,
  "score5": 0.1929258033271314,
  "score6": 0.5941979542106002
}