{
  "score0": 0.08492822789314242,
  "score1": 0.3957917638574592,
  "score2": 0.415595272827096,
  "score3": 0.4373323515039036,
  "score4": 0.7470283107865378,
  "score5": 0.6551947122688594,
  "score6": 0.7751554770135298
}