{
  "score0": 0.30561714941162954,
  "score1": 0.025157072422448405,
  "score2": 0.29838885539987525,
  "score3": 0.5316381121753507,
  "score4": 0.3728302668229522,
  "score5": 0.7160392338337385,
  "score6": 0.2721345803406104
}