{
  "score0": 0.1712295960107428,
  "score1": 0.14593740634401536,
  "score2": 0.10444762983143667,
  "score3": 0.4867894614704021,
  "score4": 0.6923686726209123,
  "score5": 0.4225639727728316,
  "score6": 0.3941440564880659
}