{
  "score0": 0.04872136860008138,
  "score1": 0.34425906265483497,
  "score2": 0.521138375172039,
  "score3": 0.3662159597806562,
  "score4": 0.7341918130912196,
  "score5": 0.41225974237476537,
  "score6": 0.7828532910284501
}