{
  "score0": 0.46600464043294143,
  "score1": 0.17131002009228566,
  "score2": 0.025836528767561043,
  "score3": 0.06634398767942216,
  "score4": 0.23808476330009812,
  "score5": 0.40378339547542225,
  "score6": 0.5440375278460073
}