{
  "score0": 0.6664006918989724,
  "score1": 0.4051287592604427,
  "score2": 0.42996717371845206,
  "score3": 0.44117966502760037,
  "score4": 0.3817693419589667,
  "score5": 0.1978731444654338,
  "score6": 0.013102576124134973
}