{
  "score0": 0.6751588907693148,
  "score1": 0.46552499168837397,
  "score2": 0.6353148070561138,
  "score3": 0.35267522351541275,
  "score4": 0.25979543734223387,
  "score5": 0.15626276213848342,
  "score6": 0.04096663352800491
}