{
  "score0": 0.2001938971809061,
  "score1": 0.629311396077108,
  "score2": 0.4611934634474559,
  "score3": 0.30958503372579155,
  "score4": 0.29239343028625164,
  "score5": 0.21949543087363177,
  "score6": 0.030077003486467732
}