{
  "score0": 0.3104621939847127,
  "score1": 0.040056812208547614,
  "score2": 0.22956767195507824,
  "score3": 0.2844422706117005,
  "score4": 0.4651812287095815,
  "score5": 0.5648408547092645,
  "score6": 0.6374222592199407
}