{
  "score0": 0.5374962888017002,
  "score1": 0.2922340311261577,
  "score2": 0.17320127449465028,
  "score3": 0.5444837177224878,
  "score4": 0.6683847260403204,
  "score5": 0.10553872470260124,
  "score6": 0.4928822009960471
}