{
  "score0": 0.4823026865959621,
  "score1": 0.29595759803935734,
  "score2": 0.04144158125184265,
  "score3": 0.35020968274793995,
  "score4": 0.40732295782368455,
  "score5": 0.518557246648854,
  "score6": 0.7243506317261542
}