{
  "score0": 0.45297162032523386,
  "score1": 0.5627805673401762,
  "score2": 0.6955989321313072,
  "score3": 0.6821285710604102,
  "score4": 0.6802638437391332,
  "score5": 0.4845113486273786,
  "score6": 0.5104396053850205
}