{
  "score0": 0.30561714941162954,
  "score1": 0.03516553899081259,
  "score2": 0.3000100951451024,
  "score3": 0.44296897471951685,
  "score4": 0.3728302668229522,
  "score5": 0.7160392338337385,
  "score6": 0.2721345803406104
}