{
  "score0": 0.1367268854638114,
  "score1": 0.06342721862270576,
  "score2": 0.15001167498967447,
  "score3": 0.5342269869804411,
  "score4": 0.4775490273039062,
  "score5": 0.6584552869135105,
  "score6": 0.35051094017538453
}