{
  "score0": 0.5382297353001497,
  "score1": 0.436579752929249,
  "score2": 0.1248652661280811,
  "score3": 0.2317705736920129,
  "score4": 0.22368007048331842,
  "score5": 0.1908261326899657,
  "score6": 0.12640831040631287
}