{
  "score0": 0.3323270480114807,
  "score1": 0.025558075746407356,
  "score2": 0.21705370309969066,
  "score3": 0.149312506042151,
  "score4": 0.5197361398885462,
  "score5": 0.6495027345261488,
  "score6": 0.7069256898261188
}