{
  "score0": 0.3020391721185453,
  "score1": 0.04878852060552495,
  "score2": 0.29295104081493734,
  "score3": 0.4855485507282353,
  "score4": 0.24508738588809922,
  "score5": 0.7115546862084021,
  "score6": 0.6567641489591792
}