{
  "score0": 0.45804963208616656,
  "score1": 0.5736636406565698,
  "score2": 0.6935471972825129,
  "score3": 0.7071655618314399,
  "score4": 0.7309888505832772,
  "score5": 0.40385211527462633,
  "score6": 0.37119899613206514
}