{
  "score0": 0.4273873399421346,
  "score1": 0.4379527632445397,
  "score2": 0.46907769091200713,
  "score3": 0.6780005242299674,
  "score4": 0.7391860712367645,
  "score5": 0.5350887043057132,
  "score6": 0.24752930619600721
}