{
  "score0": 0.6271820350076739,
  "score1": 0.4079792723822637,
  "score2": 0.3545613723407396,
  "score3": 0.39608733149389197,
  "score4": 0.10012693737531882,
  "score5": 0.07091414549251698,
  "score6": 0.2588048872564286
}