{
  "score0": 0.4323124915106963,
  "score1": 0.25175370720674745,
  "score2": 0.13928546808783218,
  "score3": 0.16768693266951773,
  "score4": 0.37028529832317,
  "score5": 0.2458056929553206,
  "score6": 0.3150822644006529
}