{
  "score0": 0.33320471491518167,
  "score1": 0.25364734508838804,
  "score2": 0.18953377898101376,
  "score3": 0.16765809679369906,
  "score4": 0.18182378497988025,
  "score5": 0.11172070523774974,
  "score6": 0.4445660580709096
}