{
  "score0": 0.5541585382637757,
  "score1": 0.49453407408354594,
  "score2": 0.20734537057479324,
  "score3": 0.19004060552696941,
  "score4": 0.2620338209903665,
  "score5": 0.517585415924278,
  "score6": 0.4903534143974762
}