{
  "score0": 0.3025586837293264,
  "score1": 0.6093130730435485,
  "score2": 0.4489981484437437,
  "score3": 0.14441544426348238,
  "score4": 0.2951390372179519,
  "score5": 0.16823861343841898,
  "score6": 0.13129574107428052
}