{
  "score0": 0.33320471491518167,
  "score1": 0.2924413781507595,
  "score2": 0.19062753135383714,
  "score3": 0.21950282482669206,
  "score4": 0.2227437575715594,
  "score5": 0.6052216720743155,
  "score6": 0.6629018511365156
}