{
  "score0": 0.5226766200755577,
  "score1": 0.26861881262052856,
  "score2": 0.056197372522557285,
  "score3": 0.3189043255939719,
  "score4": 0.5000846640405112,
  "score5": 0.6048315322387504,
  "score6": 0.7415429700151807
}