{
  "score0": 0.41861359981298485,
  "score1": 0.5736636406565698,
  "score2": 0.7002185008928057,
  "score3": 0.7052815629041923,
  "score4": 0.5363364959502722,
  "score5": 0.5333806043442938,
  "score6": 0.41090601873362503
}