{
  "score0": 0.3171708677187314,
  "score1": 0.22499494560747008,
  "score2": 0.18953377898101376,
  "score3": 0.16765809679369906,
  "score4": 0.18182378497988025,
  "score5": 0.11172070523774974,
  "score6": 0.4445660580709096
}