{
  "score0": 0.2963297541441509,
  "score1": 0.6387334375594302,
  "score2": 0.6196706451677709,
  "score3": 0.2634836974265376,
  "score4": 0.11858848644890112,
  "score5": 0.44185867287772923,
  "score6": 0.3254464379989816
}