{
  "score0": 0.5595613363053722,
  "score1": 0.28941599638800164,
  "score2": 0.32787282713322274,
  "score3": 0.4593562939895112,
  "score4": 0.12026806169495462,
  "score5": 0.1555331652424163,
  "score6": 0.3430150641465077
}