{
  "score0": 0.17132364871830202,
  "score1": 0.4829809018240596,
  "score2": 0.1746036601346027,
  "score3": 0.20607407069714134,
  "score4": 0.2640619826500741,
  "score5": 0.05744884766823647,
  "score6": 0.040219017035704845
}