{
  "score0": 0.5431946048020813,
  "score1": 0.228518260876489,
  "score2": 0.11369331954770412,
  "score3": 0.08585677732241583,
  "score4": 0.18450073974195624,
  "score5": 0.21344744481041655,
  "score6": 0.23575534064093698
}