{
  "score0": 0.10088535115406394,
  "score1": 0.35953542303794755,
  "score2": 0.4134872207833162,
  "score3": 0.2889222136420932,
  "score4": 0.723116728761731,
  "score5": 0.6740484536669,
  "score6": 0.7895971926793607
}