{
  "score0": 0.14164609922961263,
  "score1": 0.35653693310341233,
  "score2": 0.49119158330042545,
  "score3": 0.4668468285115934,
  "score4": 0.6824338423929165,
  "score5": 0.61886134059112,
  "score6": 0.4035313138856162
}