{
  "score0": 0.45297162032523386,
  "score1": 0.5627805673401762,
  "score2": 0.7002185008928057,
  "score3": 0.7052815629041923,
  "score4": 0.5363364959502722,
  "score5": 0.5333806043442938,
  "score6": 0.41090601873362503
}