{
  "score0": 0.4403610405273523,
  "score1": 0.43086603953094427,
  "score2": 0.5238684398196092,
  "score3": 0.6724573703735949,
  "score4": 0.7437809306986539,
  "score5": 0.7086931385137526,
  "score6": 0.5244104038243126
}