{
  "score0": 0.16511214158370852,
  "score1": 0.5431946048020813,
  "score2": 0.228518260876489,
  "score3": 0.1356495858431779,
  "score4": 0.2980404355247103,
  "score5": 0.019013296529004405,
  "score6": 0.2785898731175122
}