{
  "score0": 0.20875868569435774,
  "score1": 0.3069378740811185,
  "score2": 0.6319702378027976,
  "score3": 0.7113816716213587,
  "score4": 0.6493628532558847,
  "score5": 0.18081737938892797,
  "score6": 0.46972618426906076
}