{
  "score0": 0.24054620780967348,
  "score1": 0.646235493095259,
  "score2": 0.47235107362298995,
  "score3": 0.11858848644890112,
  "score4": 0.44185867287772923,
  "score5": 0.3254464379989816,
  "score6": 0.1776863296606006
}