{
  "score0": 0.16511214158370852,
  "score1": 0.465347247810291,
  "score2": 0.21468911869626756,
  "score3": 0.13828239195713823,
  "score4": 0.2980404355247103,
  "score5": 0.019013296529004405,
  "score6": 0.2785898731175122
}