{
  "score0": 0.2949614163414444,
  "score1": 0.6102746446721788,
  "score2": 0.40306772811899744,
  "score3": 0.13316298192210732,
  "score4": 0.2951390372179519,
  "score5": 0.16823861343841898,
  "score6": 0.13129574107428052
}