{
  "score0": 0.5738501632184126,
  "score1": 0.34823993784318785,
  "score2": 0.3929234074568227,
  "score3": 0.15879224491873076,
  "score4": 0.40440488273331826,
  "score5": 0.46868322270761914,
  "score6": 0.18648915558616722
}