{
  "score0": 0.5595613363053722,
  "score1": 0.3040529594326533,
  "score2": 0.2887507820661066,
  "score3": 0.49363872007622595,
  "score4": 0.12026806169495462,
  "score5": 0.1555331652424163,
  "score6": 0.3430150641465077
}