{
  "score0": 0.20627153222758624,
  "score1": 0.5973414394439526,
  "score2": 0.4107645304864521,
  "score3": 0.30007583480656985,
  "score4": 0.10945463053166753,
  "score5": 0.14282897048846635,
  "score6": 0.2506218974903542
}