{
  "score0": 0.4964200928502921,
  "score1": 0.26540248212215306,
  "score2": 0.06778417087900818,
  "score3": 0.3398536571357687,
  "score4": 0.4779950177756807,
  "score5": 0.2865705143939708,
  "score6": 0.3591549705728749
}