{
  "score0": 0.5382297353001497,
  "score1": 0.436579752929249,
  "score2": 0.44400551304068137,
  "score3": 0.26089131518861647,
  "score4": 0.20707904637438515,
  "score5": 0.12325368352748257,
  "score6": 0.24984266534080826
}