{
  "score0": 0.207525992248486,
  "score1": 0.5853021561993192,
  "score2": 0.4611934634474559,
  "score3": 0.30958503372579155,
  "score4": 0.2626441555665273,
  "score5": 0.30949020654418913,
  "score6": 0.033058963968996526
}