{
  "score0": 0.41861359981298485,
  "score1": 0.5736636406565698,
  "score2": 0.6935471972825129,
  "score3": 0.7042619431773972,
  "score4": 0.6619703472202775,
  "score5": 0.4518016530215851,
  "score6": 0.5285262695951792
}