{
  "score0": 0.1367268854638114,
  "score1": 0.044426914628541835,
  "score2": 0.19797514452052484,
  "score3": 0.4129457306218323,
  "score4": 0.36177355064927563,
  "score5": 0.542841242444804,
  "score6": 0.5149758551773383
}