{
  "score0": 0.576009258006866,
  "score1": 0.28941599638800164,
  "score2": 0.1248652661280811,
  "score3": 0.4993326423411881,
  "score4": 0.06762108343722197,
  "score5": 0.4087343060246546,
  "score6": 0.16636188912063832
}