{
  "score0": 0.5541585382637757,
  "score1": 0.4966067465438012,
  "score2": 0.15941298345383587,
  "score3": 0.2041661501757159,
  "score4": 0.3439571610395218,
  "score5": 0.47079169480732813,
  "score6": 0.5932009226809639
}