{
  "score0": 0.3251357637791724,
  "score1": 0.17491717596277828,
  "score2": 0.5491449940803399,
  "score3": 0.16759224264550668,
  "score4": 0.0646937165958425,
  "score5": 0.19827921742761764,
  "score6": 0.5052056914932964
}