{
  "score0": 0.5282888987353203,
  "score1": 0.23090644847374867,
  "score2": 0.10581127007694983,
  "score3": 0.18450073974195624,
  "score4": 0.21344744481041655,
  "score5": 0.23575534064093698,
  "score6": 0.1265750417360996
}