{
  "score0": 0.1367268854638114,
  "score1": 0.044426914628541835,
  "score2": 0.17323516864793878,
  "score3": 0.35383008732073007,
  "score4": 0.5342269869804411,
  "score5": 0.4775490273039062,
  "score6": 0.6584552869135105
}