{
  "score0": 0.6093130730435485,
  "score1": 0.4489981484437437,
  "score2": 0.14441544426348238,
  "score3": 0.05352378464778507,
  "score4": 0.18439235706645674,
  "score5": 0.5696084473807828,
  "score6": 0.387425814339645
}