{
  "score0": 0.30644958023745483,
  "score1": 0.019191642191664512,
  "score2": 0.24864521621039856,
  "score3": 0.11167850665991245,
  "score4": 0.149312506042151,
  "score5": 0.5197361398885462,
  "score6": 0.6495027345261488
}