{
  "score0": 0.6271820350076739,
  "score1": 0.3813148899947323,
  "score2": 0.26696162428564874,
  "score3": 0.4222235514731329,
  "score4": 0.19344733935584288,
  "score5": 0.060694083542569936,
  "score6": 0.19228077358335802
}