{
  "score0": 0.3104621939847127,
  "score1": 0.04878852060552495,
  "score2": 0.29295104081493734,
  "score3": 0.4261890360720752,
  "score4": 0.36127174481812957,
  "score5": 0.524157595412436,
  "score6": 0.6056897187860192
}