{
  "score0": 0.04872136860008138,
  "score1": 0.34425906265483497,
  "score2": 0.49119158330042545,
  "score3": 0.4668468285115934,
  "score4": 0.6824338423929165,
  "score5": 0.61886134059112,
  "score6": 0.4035313138856162
}