{
  "score0": 0.5436924560782194,
  "score1": 0.5374962888017002,
  "score2": 0.2922340311261577,
  "score3": 0.22793976245378858,
  "score4": 0.3375488377187042,
  "score5": 0.5646821550880691,
  "score6": 0.20123333787537404
}