{
  "score0": 0.20488988475872447,
  "score1": 0.14593740634401536,
  "score2": 0.10444762983143667,
  "score3": 0.3958949515012133,
  "score4": 0.43328673936930545,
  "score5": 0.44788146634124315,
  "score6": 0.5992706340751649
}