{
  "score0": 0.21042166816475058,
  "score1": 0.2487076275734593,
  "score2": 0.6253809404708157,
  "score3": 0.524131953803345,
  "score4": 0.20304087149353356,
  "score5": 0.22293725519577454,
  "score6": 0.6444625470324539
}