{
  "score0": 0.14164609922961263,
  "score1": 0.35653693310341233,
  "score2": 0.5490086355034713,
  "score3": 0.2875438114260917,
  "score4": 0.7228820176346903,
  "score5": 0.6191516906083451,
  "score6": 0.5956046389482794
}