{
  "score0": 0.21877293958107885,
  "score1": 0.24054620780967348,
  "score2": 0.6383245527027757,
  "score3": 0.5165461332988309,
  "score4": 0.1806848969796,
  "score5": 0.1823879565087795,
  "score6": 0.1942983785155923
}