{
  "score0": 0.3040529594326533,
  "score1": 0.2887507820661066,
  "score2": 0.5119932344776997,
  "score3": 0.050285613254689686,
  "score4": 0.21950282482669206,
  "score5": 0.2227437575715594,
  "score6": 0.6052216720743155
}