{
  "score0": 0.5550054003616426,
  "score1": 0.4920417818192367,
  "score2": 0.14650100728587398,
  "score3": 0.22552375396615212,
  "score4": 0.1543603036225249,
  "score5": 0.050628969130394275,
  "score6": 0.1929258033271314
}