{
  "score0": 0.5550054003616426,
  "score1": 0.4920417818192367,
  "score2": 0.15941298345383587,
  "score3": 0.2041661501757159,
  "score4": 0.3439571610395218,
  "score5": 0.47079169480732813,
  "score6": 0.5932009226809639
}