{
  "score0": 0.4964200928502921,
  "score1": 0.3323270480114807,
  "score2": 0.025558075746407356,
  "score3": 0.23970586544931083,
  "score4": 0.4779950177756807,
  "score5": 0.2865705143939708,
  "score6": 0.3591549705728749
}