{
  "score0": 0.3171708677187314,
  "score1": 0.21948069839511186,
  "score2": 0.35044252664489517,
  "score3": 0.12114423249327107,
  "score4": 0.25418441139012954,
  "score5": 0.0205417932877,
  "score6": 0.3479101938551288
}