{
  "score0": 0.16974492784519452,
  "score1": 0.23020841983953214,
  "score2": 0.5962091269293169,
  "score3": 0.6493628532558847,
  "score4": 0.18081737938892797,
  "score5": 0.46972618426906076,
  "score6": 0.2834281322676298
}