{
  "score0": 0.4823026865959621,
  "score1": 0.29595759803935734,
  "score2": 0.04144158125184265,
  "score3": 0.5316040747521205,
  "score4": 0.7731014399677574,
  "score5": 0.36669465169876236,
  "score6": 0.551676358697732
}