{
  "score0": 0.5282888987353203,
  "score1": 0.2667420637371835,
  "score2": 0.12775108729048285,
  "score3": 0.08585677732241583,
  "score4": 0.18450073974195624,
  "score5": 0.21344744481041655,
  "score6": 0.23575534064093698
}