{
  "score0": 0.4410379213813641,
  "score1": 0.45627395580802144,
  "score2": 0.5189871677542521,
  "score3": 0.6724573703735949,
  "score4": 0.7437809306986539,
  "score5": 0.7086931385137526,
  "score6": 0.5244104038243126
}