{
  "score0": 0.45297162032523386,
  "score1": 0.5627805673401762,
  "score2": 0.6952984396018297,
  "score3": 0.6742999212673101,
  "score4": 0.6259186052241651,
  "score5": 0.5220115021332448,
  "score6": 0.3689461349165775
}