{
  "score0": 0.20898884228056755,
  "score1": 0.25775819941647915,
  "score2": 0.6383245527027757,
  "score3": 0.47803713000943904,
  "score4": 0.3297685288411028,
  "score5": 0.1181269058320169,
  "score6": 0.10248353984844709
}