{
  "score0": 0.46039294479311216,
  "score1": 0.4394887548446852,
  "score2": 0.5493576905170824,
  "score3": 0.5996881984068961,
  "score4": 0.690397762464306,
  "score5": 0.7308434683583548,
  "score6": 0.4382341887152145
}