{
  "score0": 0.28909863866694013,
  "score1": 0.03516553899081259,
  "score2": 0.3000100951451024,
  "score3": 0.4855485507282353,
  "score4": 0.24508738588809922,
  "score5": 0.7115546862084021,
  "score6": 0.6567641489591792
}