{
  "score0": 0.15283811693171084,
  "score1": 0.49910206935826223,
  "score2": 0.21175670765654775,
  "score3": 0.060066124395847055,
  "score4": 0.20519109971578176,
  "score5": 0.36848496849991136,
  "score6": 0.17625540245552374
}