{
  "score0": 0.33320471491518167,
  "score1": 0.25364734508838804,
  "score2": 0.20096524140149497,
  "score3": 0.050285613254689686,
  "score4": 0.21950282482669206,
  "score5": 0.2227437575715594,
  "score6": 0.6052216720743155
}