{
  "score0": 0.21178328805606242,
  "score1": 0.2487076275734593,
  "score2": 0.6723097503627652,
  "score3": 0.39622158440010113,
  "score4": 0.3297685288411028,
  "score5": 0.1181269058320169,
  "score6": 0.10248353984844709
}