{
  "score0": 0.3957917638574592,
  "score1": 0.415595272827096,
  "score2": 0.49475736985692503,
  "score3": 0.6723283587212806,
  "score4": 0.7344102367336292,
  "score5": 0.2882305206473321,
  "score6": 0.5720010483312764
}