{
  "score0": 0.4655527964359284,
  "score1": 0.11688507804578219,
  "score2": 0.039290691289086604,
  "score3": 0.035174181923128274,
  "score4": 0.18690754734306006,
  "score5": 0.4038725813830972,
  "score6": 0.19978602543261995
}