{
  "score0": 0.11389429338418705,
  "score1": 0.35653693310341233,
  "score2": 0.5490086355034713,
  "score3": 0.2889222136420932,
  "score4": 0.723116728761731,
  "score5": 0.6740484536669,
  "score6": 0.7895971926793607
}