{
  "score0": 0.4273873399421346,
  "score1": 0.43086603953094427,
  "score2": 0.5238684398196092,
  "score3": 0.7056643026045785,
  "score4": 0.6687931274649873,
  "score5": 0.7868641552465888,
  "score6": 0.125135220448625
}