{
  "score0": 0.3134710442954895,
  "score1": 0.025649933523502415,
  "score2": 0.19700172797698834,
  "score3": 0.04651047363071024,
  "score4": 0.22371120358311936,
  "score5": 0.2531511479982642,
  "score6": 0.09780913599487673
}