{
  "score0": 0.08172541876078043,
  "score1": 0.1028163009795845,
  "score2": 0.07681791697648803,
  "score3": 0.03796161386751384,
  "score4": 0.031761792707732044,
  "score5": 0.08994104496654698,
  "score6": 0.02368765288175867
}