{
  "score0": 0.03583637420451985,
  "score1": 0.36431727454065027,
  "score2": 0.08424406057231827,
  "score3": 0.2571842348747066,
  "score4": 0.19667277928968263,
  "score5": 0.1916833268222088,
  "score6": 0.4337938923080298
}