{
  "score0": 0.13528003908608888,
  "score1": 0.18352705008177544,
  "score2": 0.054203017327403985,
  "score3": 0.019537271284392393,
  "score4": 0.243688097039838,
  "score5": 0.19084490451181205,
  "score6": 0.019197878463962658
}