{
  "score0": 0.13436204844412206,
  "score1": 0.17253260428827535,
  "score2": 0.054203017327403985,
  "score3": 0.019537271284392393,
  "score4": 0.243688097039838,
  "score5": 0.19084490451181205,
  "score6": 0.019197878463962658
}