{
  "score0": 0.05186636447529587,
  "score1": 0.03515564494127091,
  "score2": 0.05043036412868555,
  "score3": 0.05042664848441164,
  "score4": 0.2480491172519502,
  "score5": 0.05335929353920001,
  "score6": 0.04979268498725891
}