{
  "score0": 0.04856037515310386,
  "score1": 0.07248609993885508,
  "score2": 0.0332127406620038,
  "score3": 0.09734749675188266,
  "score4": 0.10958732755946372,
  "score5": 0.018954369263397875,
  "score6": 0.019209968457857312
}