{
  "score0": 0.35312307191513986,
  "score1": 0.022201927510686125,
  "score2": 0.19485920951067487,
  "score3": 0.03492310506520057,
  "score4": 0.2984405323097859,
  "score5": 0.28811684819108935,
  "score6": 0.03961695189428249
}