{
  "score0": 0.38688139507742975,
  "score1": 0.0820697837687139,
  "score2": 0.030279179545885555,
  "score3": 0.0674800482075,
  "score4": 0.07796279580349863,
  "score5": 0.0803190660016301,
  "score6": 0.14377786898922953
}