{
  "score0": 0.360298623729756,
  "score1": 0.022201927510686125,
  "score2": 0.18465476554874855,
  "score3": 0.10734649264044871,
  "score4": 0.22790172717307197,
  "score5": 0.20657201462355804,
  "score6": 0.14361206382072242
}