{
  "score0": 0.34382760262001294,
  "score1": 0.04690541006850585,
  "score2": 0.030279179545885555,
  "score3": 0.06762108343722197,
  "score4": 0.041558109323600004,
  "score5": 0.22639300594141268,
  "score6": 0.04323098923058579
}