{
  "score0": 0.17907415424422377,
  "score1": 0.24292173240113385,
  "score2": 0.3467496414920182,
  "score3": 0.007097343145098464,
  "score4": 0.21382289666811594,
  "score5": 0.056910541635907246,
  "score6": 0.3196994311978635
}