{
  "score0": 0.05882638285487101,
  "score1": 0.11860272959446368,
  "score2": 0.13521819334380694,
  "score3": 0.09181524476154208,
  "score4": 0.08105131464099725,
  "score5": 0.01889580660593955,
  "score6": 0.09256329434112016
}