{
  "score0": 0.14027260010524273,
  "score1": 0.09176634687939283,
  "score2": 0.06676419268348292,
  "score3": 0.15153756353557576,
  "score4": 0.07679788165204772,
  "score5": 0.07092809909555843,
  "score6": 0.05285568061261483
}