{
  "score0": 0.22069216800193459,
  "score1": 0.04176691121616694,
  "score2": 0.04147364509914442,
  "score3": 0.08026991525049991,
  "score4": 0.014069238017640677,
  "score5": 0.22639300594141268,
  "score6": 0.19226239157020986
}