{
  "score0": 0.06328812357234732,
  "score1": 0.05051029133014039,
  "score2": 0.06404228743162002,
  "score3": 0.11957055804818885,
  "score4": 0.19774653111936102,
  "score5": 0.020999684091978627,
  "score6": 0.05634846525983292
}