{
  "score0": 0.14033681710080334,
  "score1": 0.09176634687939283,
  "score2": 0.07370063293556814,
  "score3": 0.23957715487618345,
  "score4": 0.13514219988233994,
  "score5": 0.06911791104260481,
  "score6": 0.4138263245907315
}