{
  "score0": 0.15485575854491776,
  "score1": 0.0653554969536528,
  "score2": 0.04556245512298791,
  "score3": 0.15148620071165483,
  "score4": 0.1103925481439597,
  "score5": 0.039431530893558144,
  "score6": 0.07748863712842603
}