{
  "score0": 0.3968076117856211,
  "score1": 0.05757497081003788,
  "score2": 0.02915906028549901,
  "score3": 0.0674800482075,
  "score4": 0.050285613254689686,
  "score5": 0.14493565211439863,
  "score6": 0.10762359921089933
}