{
  "score0": 0.09140642808792743,
  "score1": 0.04801544117605261,
  "score2": 0.23016718068210495,
  "score3": 0.09082895473778407,
  "score4": 0.08131690843230549,
  "score5": 0.373945273597127,
  "score6": 0.03235771995367804
}