{
  "score0": 0.043685433498972526,
  "score1": 0.07996064757969489,
  "score2": 0.03870256898824075,
  "score3": 0.14933118442994336,
  "score4": 0.09169737755576084,
  "score5": 0.023997028356090338,
  "score6": 0.09937921946729872
}