{
  "score0": 0.05186636447529587,
  "score1": 0.03515564494127091,
  "score2": 0.06404228743162002,
  "score3": 0.11957055804818885,
  "score4": 0.19774653111936102,
  "score5": 0.020999684091978627,
  "score6": 0.05634846525983292
}