{
  "score0": 0.14922033512068472,
  "score1": 0.1732193770583912,
  "score2": 0.05473384623642108,
  "score3": 0.20226989918279284,
  "score4": 0.1117254179488027,
  "score5": 0.020465973119318852,
  "score6": 0.03954391233117011
}