{
  "score0": 0.20442614155322955,
  "score1": 0.2194474638988967,
  "score2": 0.22196727323991808,
  "score3": 0.12483618804621592,
  "score4": 0.01969508743402437,
  "score5": 0.2266697845939619,
  "score6": 0.16562681804182494
}