{
  "score0": 0.2714215155389658,
  "score1": 0.04672276585096374,
  "score2": 0.35787013645722426,
  "score3": 0.1237351398928424,
  "score4": 0.34317264822087495,
  "score5": 0.13808663376763805,
  "score6": 0.13331933331048415
}