{
  "score0": 0.22069216800193459,
  "score1": 0.04915896500277804,
  "score2": 0.07361151007050641,
  "score3": 0.014069238017640677,
  "score4": 0.22639300594141268,
  "score5": 0.19226239157020986,
  "score6": 0.3048383971585448
}