{
  "score0": 0.06255623150829388,
  "score1": 0.28474176277789337,
  "score2": 0.22118914098380665,
  "score3": 0.04842571857500912,
  "score4": 0.18641968586121713,
  "score5": 0.033154545948247835,
  "score6": 0.28498347567347665
}