{
  "score0": 0.14922033512068472,
  "score1": 0.18917843803566717,
  "score2": 0.053224041037786475,
  "score3": 0.033088388798182634,
  "score4": 0.20378242719061723,
  "score5": 0.1109611099527274,
  "score6": 0.06319080139193738
}