{
  "score0": 0.04956690056998528,
  "score1": 0.26991488240267647,
  "score2": 0.04882585709315003,
  "score3": 0.20762540648221028,
  "score4": 0.24430704054351252,
  "score5": 0.28466538485947995,
  "score6": 0.5166280572763997
}