{
  "score0": 0.028721414814628834,
  "score1": 0.08207754702637776,
  "score2": 0.04441481280181336,
  "score3": 0.10958732755946372,
  "score4": 0.018954369263397875,
  "score5": 0.019209968457857312,
  "score6": 0.1349498955603852
}