{
  "score0": 0.0875850904283284,
  "score1": 0.08096929637482247,
  "score2": 0.08117324541993774,
  "score3": 0.06213444843652219,
  "score4": 0.06923281247843462,
  "score5": 0.013163475845982762,
  "score6": 0.1280071197903223
}