{
  "score0": 0.06040790814080288,
  "score1": 0.016355050697414837,
  "score2": 0.07377652536129253,
  "score3": 0.014498315214723043,
  "score4": 0.06689266446418853,
  "score5": 0.007556390680240677,
  "score6": 0.18004950522029098
}