{
  "score0": 0.2413867305200713,
  "score1": 0.021471412123882438,
  "score2": 0.4068349931161694,
  "score3": 0.27442194605801834,
  "score4": 0.16159119995645657,
  "score5": 0.3670770802587149,
  "score6": 0.26924952209863556
}