{
  "score0": 0.02534360361942674,
  "score1": 0.2871318839980977,
  "score2": 0.09306870954784931,
  "score3": 0.3064860211608478,
  "score4": 0.15955274465420158,
  "score5": 0.2665599008975834,
  "score6": 0.2090133243945388
}