{
  "score0": 0.21063456728652258,
  "score1": 0.2873986115744731,
  "score2": 0.03092173754904845,
  "score3": 0.05420903694975027,
  "score4": 0.11813273619403579,
  "score5": 0.26141493643089575,
  "score6": 0.2196689564972605
}