{
  "score0": 0.20563716115461636,
  "score1": 0.35372715880876365,
  "score2": 0.017879366268054617,
  "score3": 0.07083068145873016,
  "score4": 0.007164976307486887,
  "score5": 0.3246231907640507,
  "score6": 0.2328857558875411
}