{
  "score0": 0.3932677163006141,
  "score1": 0.04690541006850585,
  "score2": 0.030279179545885555,
  "score3": 0.0674800482075,
  "score4": 0.07796279580349863,
  "score5": 0.0803190660016301,
  "score6": 0.14377786898922953
}