{
  "score0": 0.0699732256232709,
  "score1": 0.2714557198937259,
  "score2": 0.20797023282938817,
  "score3": 0.05574271138834541,
  "score4": 0.33275483578494297,
  "score5": 0.27195551438684235,
  "score6": 0.1641665490240357
}