{
  "score0": 0.33047601676937016,
  "score1": 0.21200814098826834,
  "score2": 0.04330545054860329,
  "score3": 0.05892625954932302,
  "score4": 0.058839401912866664,
  "score5": 0.041558109323600004,
  "score6": 0.2410172212783718
}