{
  "score0": 0.24516453365461052,
  "score1": 0.20834726688507063,
  "score2": 0.2036477986288796,
  "score3": 0.11422732007057294,
  "score4": 0.1409990760179747,
  "score5": 0.22891807570846143,
  "score6": 0.157647129349014
}