{
  "score0": 0.34382760262001294,
  "score1": 0.04690541006850585,
  "score2": 0.04411659597889657,
  "score3": 0.058839401912866664,
  "score4": 0.1091305584860831,
  "score5": 0.15890741441538592,
  "score6": 0.04314413159412944
}