{
  "score0": 0.21200814098826834,
  "score1": 0.04330545054860329,
  "score2": 0.07361151007050641,
  "score3": 0.014069238017640677,
  "score4": 0.22639300594141268,
  "score5": 0.19226239157020986,
  "score6": 0.3048383971585448
}