{
  "score0": 0.38658025316371947,
  "score1": 0.2452784637805961,
  "score2": 0.02200294342739033,
  "score3": 0.05187689616940735,
  "score4": 0.058839401912866664,
  "score5": 0.041558109323600004,
  "score6": 0.10378343784520022
}