{
  "score0": 0.1705958360475784,
  "score1": 0.08929019143887784,
  "score2": 0.09670830636559828,
  "score3": 0.19376041083189868,
  "score4": 0.019981690584383885,
  "score5": 0.4176977828684347,
  "score6": 0.13443590276319617
}