{
  "score0": 0.09180025170846767,
  "score1": 0.08594490324817948,
  "score2": 0.19512145370788048,
  "score3": 0.05579879001958634,
  "score4": 0.08872535160622504,
  "score5": 0.07140374724590362,
  "score6": 0.013175858395573524
}