{
  "score0": 0.06255623150829388,
  "score1": 0.28474176277789337,
  "score2": 0.20797023282938817,
  "score3": 0.08226194018739708,
  "score4": 0.13834482790785446,
  "score5": 0.06413014292408294,
  "score6": 0.026025607001591417
}