{
  "score0": 0.1984135500700507,
  "score1": 0.20442614155322955,
  "score2": 0.23092458294828885,
  "score3": 0.1759959366155861,
  "score4": 0.012796747251633487,
  "score5": 0.09368178939485183,
  "score6": 0.026053835332348774
}