{
  "score0": 0.08172541876078043,
  "score1": 0.1028163009795845,
  "score2": 0.08767595064630573,
  "score3": 0.045657239257545945,
  "score4": 0.031767095639207786,
  "score5": 0.06100318647206007,
  "score6": 0.05871895955104763
}