{
  "score0": 0.19528556542497402,
  "score1": 0.19526337728696663,
  "score2": 0.22626892519828307,
  "score3": 0.19555277216026742,
  "score4": 0.1064795389374924,
  "score5": 0.025130130197547822,
  "score6": 0.04274862534516604
}