{
  "score0": 0.06040790814080288,
  "score1": 0.05051029133014039,
  "score2": 0.06654052944362225,
  "score3": 0.05019875561823334,
  "score4": 0.014498315214723043,
  "score5": 0.06689266446418853,
  "score6": 0.007556390680240677
}