{
  "score0": 0.04614734751569181,
  "score1": 0.07424589537422766,
  "score2": 0.19512145370788048,
  "score3": 0.05579879001958634,
  "score4": 0.08872535160622504,
  "score5": 0.07140374724590362,
  "score6": 0.013175858395573524
}