{
  "score0": 0.07152116783697178,
  "score1": 0.06737623563852842,
  "score2": 0.26880893210371126,
  "score3": 0.08076303424747784,
  "score4": 0.11060568963178734,
  "score5": 0.38936416564773313,
  "score6": 0.05293934952647561
}