{
  "score0": 0.20820577668188886,
  "score1": 0.20760825571862995,
  "score2": 0.2797280751502182,
  "score3": 0.0009464095264251933,
  "score4": 0.1025996245687421,
  "score5": 0.09579968348652368,
  "score6": 0.23770058484829307
}