{
  "score0": 0.24516453365461052,
  "score1": 0.21143701007486854,
  "score2": 0.06944135711924104,
  "score3": 0.3499948121897672,
  "score4": 0.06699012631180555,
  "score5": 0.34992998903314265,
  "score6": 0.15121767613526504
}