{
  "score0": 0.04512946364880986,
  "score1": 0.36431727454065027,
  "score2": 0.09175486588889206,
  "score3": 0.2053512271753298,
  "score4": 0.26065656066837367,
  "score5": 0.1289246594816412,
  "score6": 0.3856741383361544
}