{
  "score0": 0.2666062026607175,
  "score1": 0.04176691121616694,
  "score2": 0.04411659597889657,
  "score3": 0.058839401912866664,
  "score4": 0.1091305584860831,
  "score5": 0.15890741441538592,
  "score6": 0.04314413159412944
}