{
  "score0": 0.13528003908608888,
  "score1": 0.18352705008177544,
  "score2": 0.049551941579841344,
  "score3": 0.019271948012782706,
  "score4": 0.243688097039838,
  "score5": 0.19084490451181205,
  "score6": 0.019197878463962658
}