{
  "score0": 0.35312307191513986,
  "score1": 0.02426090857709457,
  "score2": 0.13369536113981073,
  "score3": 0.2984405323097859,
  "score4": 0.28811684819108935,
  "score5": 0.03961695189428249,
  "score6": 0.07434599297117664
}