{
  "score0": 0.045122318903303704,
  "score1": 0.19276831796403326,
  "score2": 0.02951126306515251,
  "score3": 0.20762540648221028,
  "score4": 0.26065656066837367,
  "score5": 0.1289246594816412,
  "score6": 0.3856741383361544
}