{
  "score0": 0.07588015697043465,
  "score1": 0.06377407023402953,
  "score2": 0.075928489976313,
  "score3": 0.06923281247843462,
  "score4": 0.013163475845982762,
  "score5": 0.1280071197903223,
  "score6": 0.050607215798560125
}