{
  "score0": 0.06016419582068327,
  "score1": 0.2567853229081418,
  "score2": 0.1267930639875899,
  "score3": 0.522899751097788,
  "score4": 0.168907536821258,
  "score5": 0.02543288475468082,
  "score6": 0.041642999923344734
}