{
  "score0": 0.03764342143557489,
  "score1": 0.03515564494127091,
  "score2": 0.05043036412868555,
  "score3": 0.02058472622287401,
  "score4": 0.06736692755152154,
  "score5": 0.05823248454205748,
  "score6": 0.08434195400181262
}