{
  "score0": 0.043685433498972526,
  "score1": 0.07996064757969489,
  "score2": 0.05091569822544461,
  "score3": 0.12952571675720112,
  "score4": 0.1419316593870539,
  "score5": 0.028577617574373937,
  "score6": 0.006501396094048914
}