{
  "score0": 0.07152116783697178,
  "score1": 0.04801544117605261,
  "score2": 0.23016718068210495,
  "score3": 0.09082895473778407,
  "score4": 0.11060568963178734,
  "score5": 0.38936416564773313,
  "score6": 0.05293934952647561
}