{
  "score0": 0.26991488240267647,
  "score1": 0.04882585709315003,
  "score2": 0.35787013645722426,
  "score3": 0.1237351398928424,
  "score4": 0.34317264822087495,
  "score5": 0.13808663376763805,
  "score6": 0.13331933331048415
}