{
  "score0": 0.2659591214882049,
  "score1": 0.02023607675826037,
  "score2": 0.49020122877035627,
  "score3": 0.19138960630015933,
  "score4": 0.3326360328524657,
  "score5": 0.4712571038561282,
  "score6": 0.1692542644313911
}