{
  "score0": 0.1262465118848127,
  "score1": 0.07733944637165696,
  "score2": 0.04556245512298791,
  "score3": 0.0963506292791665,
  "score4": 0.13041226098968015,
  "score5": 0.06710462939661276,
  "score6": 0.04088805886924705
}