{
  "score0": 0.14274245780165376,
  "score1": 0.09180025170846767,
  "score2": 0.08594490324817948,
  "score3": 0.21932048676068905,
  "score4": 0.12208486364693083,
  "score5": 0.11986652051694636,
  "score6": 0.12030717771756182
}