{
  "score0": 0.1262465118848127,
  "score1": 0.07733944637165696,
  "score2": 0.08152694754951945,
  "score3": 0.17450680779433878,
  "score4": 0.13041226098968015,
  "score5": 0.06710462939661276,
  "score6": 0.04088805886924705
}