{
  "score0": 0.13296799632679934,
  "score1": 0.1705958360475784,
  "score2": 0.049551941579841344,
  "score3": 0.019271948012782706,
  "score4": 0.3037905553670918,
  "score5": 0.03577872048947641,
  "score6": 0.0327831071838744
}