{
  "score0": 0.2219889057355952,
  "score1": 0.2772214934677225,
  "score2": 0.025149856459031873,
  "score3": 0.07283494319450105,
  "score4": 0.3086824370347895,
  "score5": 0.29734984672885023,
  "score6": 0.10002088299346101
}