{
  "score0": 0.05337072176941179,
  "score1": 0.06737623563852842,
  "score2": 0.2588285356191674,
  "score3": 0.09929403577179262,
  "score4": 0.1296839258155569,
  "score5": 0.07637079728038061,
  "score6": 0.0132901874477335
}