{
  "score0": 0.04614734751569181,
  "score1": 0.06263270356311,
  "score2": 0.2743101540727111,
  "score3": 0.10033188865212798,
  "score4": 0.05579879001958634,
  "score5": 0.08872535160622504,
  "score6": 0.07140374724590362
}