{
  "score0": 0.19213004520708157,
  "score1": 0.31693593454270563,
  "score2": 0.013477837994404876,
  "score3": 0.1482684389594317,
  "score4": 0.06589253828192689,
  "score5": 0.2628233558689431,
  "score6": 0.2189917138380958
}