{
  "score0": 0.20580087510149778,
  "score1": 0.24051268547328178,
  "score2": 0.33560876323828276,
  "score3": 0.06022040618415867,
  "score4": 0.17547699319955293,
  "score5": 0.1331598077944058,
  "score6": 0.2874543830732447
}