{
  "score0": 0.2219889057355952,
  "score1": 0.2873986115744731,
  "score2": 0.024995444828841328,
  "score3": 0.06797628679092772,
  "score4": 0.07283494319450105,
  "score5": 0.3086824370347895,
  "score6": 0.29734984672885023
}