{
  "score0": 0.06555026997491949,
  "score1": 0.2714557198937259,
  "score2": 0.20797023282938817,
  "score3": 0.08226194018739708,
  "score4": 0.13834482790785446,
  "score5": 0.06413014292408294,
  "score6": 0.026025607001591417
}