{
  "score0": 0.03583637420451985,
  "score1": 0.36431727454065027,
  "score2": 0.09175486588889206,
  "score3": 0.2053512271753298,
  "score4": 0.30871036911013217,
  "score5": 0.09458859653122849,
  "score6": 0.47052407931850787
}