{
  "score0": 0.028173759322833655,
  "score1": 0.06513354008802692,
  "score2": 0.05397484695950314,
  "score3": 0.15180962569508016,
  "score4": 0.09789261506313585,
  "score5": 0.03560956700172263,
  "score6": 0.026845072478767374
}