{
  "score0": 0.20181032064554955,
  "score1": 0.24051268547328178,
  "score2": 0.3707429615489207,
  "score3": 0.007108578641102929,
  "score4": 0.12483618804621592,
  "score5": 0.01969508743402437,
  "score6": 0.2266697845939619
}