{
  "score0": 0.19209924200449263,
  "score1": 0.24292173240113385,
  "score2": 0.3467496414920182,
  "score3": 0.013707873966185216,
  "score4": 0.09801865416969872,
  "score5": 0.10470159353257687,
  "score6": 0.2596321122831429
}