{
  "score0": 0.25583389292217085,
  "score1": 0.021471412123882438,
  "score2": 0.4068349931161694,
  "score3": 0.27670833317919447,
  "score4": 0.18133006837102306,
  "score5": 0.5372443414585356,
  "score6": 0.2455358585382028
}