{
  "score0": 0.029596243023236008,
  "score1": 0.26562446262862555,
  "score2": 0.18252060852636454,
  "score3": 0.07438240057727441,
  "score4": 0.522899751097788,
  "score5": 0.168907536821258,
  "score6": 0.02543288475468082
}