{
  "score0": 0.0699732256232709,
  "score1": 0.2714557198937259,
  "score2": 0.16804406860725307,
  "score3": 0.1379970507550018,
  "score4": 0.310598075707825,
  "score5": 0.238569217427017,
  "score6": 0.14190813292859863
}