{
  "score0": 0.05337072176941179,
  "score1": 0.06737623563852842,
  "score2": 0.26880893210371126,
  "score3": 0.11857373481793575,
  "score4": 0.11191408157975287,
  "score5": 0.10823372101773905,
  "score6": 0.007075924661635359
}