{
  "score0": 0.3425955862760756,
  "score1": 0.025649933523502415,
  "score2": 0.19700172797698834,
  "score3": 0.018872083113912884,
  "score4": 0.2290299642448268,
  "score5": 0.3269578340583465,
  "score6": 0.09799384268913629
}