{
  "score0": 0.03204834556140157,
  "score1": 0.028721414814628834,
  "score2": 0.08207754702637776,
  "score3": 0.032568269912401,
  "score4": 0.07914842931415678,
  "score5": 0.025770912031355713,
  "score6": 0.026425064482497037
}