{
  "score0": 0.17549401016039196,
  "score1": 0.2281230607918612,
  "score2": 0.23092458294828885,
  "score3": 0.12358027820518767,
  "score4": 0.04632244893513974,
  "score5": 0.0661733430010766,
  "score6": 0.06918086650784372
}