{
  "score0": 0.14033681710080334,
  "score1": 0.09176634687939283,
  "score2": 0.06092244952992422,
  "score3": 0.23070234631872674,
  "score4": 0.19376041083189868,
  "score5": 0.019981690584383885,
  "score6": 0.4176977828684347
}