{
  "score0": 0.15485575854491776,
  "score1": 0.0653554969536528,
  "score2": 0.06676419268348292,
  "score3": 0.15153756353557576,
  "score4": 0.07679788165204772,
  "score5": 0.07092809909555843,
  "score6": 0.05285568061261483
}