{
  "score0": 0.19528556542497402,
  "score1": 0.19526337728696663,
  "score2": 0.2097846588185967,
  "score3": 0.16579599272178472,
  "score4": 0.08316089795900602,
  "score5": 0.04865338672793174,
  "score6": 0.055703972824375815
}