{
  "score0": 0.03764342143557489,
  "score1": 0.024154066876781656,
  "score2": 0.09416987617102772,
  "score3": 0.027547231966333335,
  "score4": 0.06736692755152154,
  "score5": 0.05823248454205748,
  "score6": 0.08434195400181262
}