{
  "score0": 0.1804328365982897,
  "score1": 0.24097668773116043,
  "score2": 0.3467496414920182,
  "score3": 0.013707873966185216,
  "score4": 0.09801865416969872,
  "score5": 0.10470159353257687,
  "score6": 0.2596321122831429
}