{
  "score0": 0.08017275978889558,
  "score1": 0.11860272959446368,
  "score2": 0.13521819334380694,
  "score3": 0.09181524476154208,
  "score4": 0.03264239421442591,
  "score5": 0.1336927788533585,
  "score6": 0.28269652296331454
}