{
  "score0": 0.03477477284968201,
  "score1": 0.02993789674108112,
  "score2": 0.09416987617102772,
  "score3": 0.027547231966333335,
  "score4": 0.08781872068341001,
  "score5": 0.02739484606555534,
  "score6": 0.027677022537963693
}