{
  "score0": 0.03948596075520662,
  "score1": 0.06513354008802692,
  "score2": 0.05397484695950314,
  "score3": 0.1301575522304521,
  "score4": 0.07009399022895711,
  "score5": 0.0189692717267668,
  "score6": 0.01316868338114415
}