{
  "score0": 0.7022565760693874,
  "score1": 0.44695240795531255,
  "score2": 0.06904636099359593,
  "score3": 0.5278061696263596,
  "score4": 0.23317459644616725,
  "score5": 0.3029507700889505,
  "score6": 0.10794112000163451
}