{
  "score0": 0.2335387648398295,
  "score1": 0.6476415001541048,
  "score2": 0.25905542030799344,
  "score3": 0.11154549293006812,
  "score4": 0.04249638471750506,
  "score5": 0.3153042101968258,
  "score6": 0.07891936638709515
}