{
  "score0": 0.734571582418498,
  "score1": 0.16305760903274072,
  "score2": 0.4972089721933463,
  "score3": 0.18791260656471595,
  "score4": 0.3161226897528391,
  "score5": 0.0787958986282115,
  "score6": 0.06821038798404842
}