{
  "score0": 0.5213871137976622,
  "score1": 0.4915218358318888,
  "score2": 0.20401566779604907,
  "score3": 0.050883604228658806,
  "score4": 0.14098824026879964,
  "score5": 0.7330174728837324,
  "score6": 0.4194181246610372
}