{
  "score0": 0.7338872257408965,
  "score1": 0.3720524482089753,
  "score2": 0.15620445086881704,
  "score3": 0.46537935734319236,
  "score4": 0.14012667009510257,
  "score5": 0.24583246919871093,
  "score6": 0.30771405201549623
}