{
  "score0": 0.2214692057829305,
  "score1": 0.4424967484189142,
  "score2": 0.5102270850521361,
  "score3": 0.7865081937497328,
  "score4": 0.1913693161333371,
  "score5": 0.3970539564886019,
  "score6": 0.4526087450608874
}