{
  "score0": 0.6309652523451819,
  "score1": 0.18000831516777863,
  "score2": 0.6292970725648797,
  "score3": 0.20649607395051275,
  "score4": 0.05926988662105332,
  "score5": 0.01380929178142335,
  "score6": 0.06660759674047134
}