{
  "score0": 0.3213864737225512,
  "score1": 0.3928164151012001,
  "score2": 0.19831262972601438,
  "score3": 0.2931062378015472,
  "score4": 0.6348504071909491,
  "score5": 0.5946856613792723,
  "score6": 0.8113058722823986
}