{
  "score0": 0.507196391976947,
  "score1": 0.7110337324345624,
  "score2": 0.4160936856462119,
  "score3": 0.6584564571252572,
  "score4": 0.4383437588834847,
  "score5": 0.17925668410134007,
  "score6": 0.24350577116830383
}