{
  "score0": 0.4785161835052014,
  "score1": 0.22431695973442523,
  "score2": 0.04106723553491795,
  "score3": 0.07616481185534903,
  "score4": 0.027562149543977885,
  "score5": 0.474928703529726,
  "score6": 0.06564992077497653
}