{
  "score0": 0.652624869246788,
  "score1": 0.13017414621634357,
  "score2": 0.4527195600597788,
  "score3": 0.18791260656471595,
  "score4": 0.3161226897528391,
  "score5": 0.0787958986282115,
  "score6": 0.06821038798404842
}