{
  "score0": 0.0562875194807142,
  "score1": 0.14924999438597694,
  "score2": 0.20967013895224546,
  "score3": 0.31027591802732996,
  "score4": 0.12781674302204782,
  "score5": 0.37951888924810184,
  "score6": 0.592039620554449
}