{
  "score0": 0.10030918167492121,
  "score1": 0.26594822710683297,
  "score2": 0.11365347292768319,
  "score3": 0.452565802224793,
  "score4": 0.052400163252063627,
  "score5": 0.3910488066194063,
  "score6": 0.46728955247739706
}