{
  "score0": 0.47774922025668765,
  "score1": 0.17454426643112397,
  "score2": 0.20865560154471394,
  "score3": 0.736029480841986,
  "score4": 0.7806122400680402,
  "score5": 0.485254997015285,
  "score6": 0.5180118184688979
}