{
  "score0": 0.3122970765316535,
  "score1": 0.3928164151012001,
  "score2": 0.1102021752138521,
  "score3": 0.22516467086546665,
  "score4": 0.5617964745269898,
  "score5": 0.5657406636139393,
  "score6": 0.7189041633920166
}