{
  "score0": 0.08237553619463545,
  "score1": 0.07821978875430181,
  "score2": 0.4128924366570176,
  "score3": 0.1799551332105238,
  "score4": 0.2735699138147378,
  "score5": 0.17476844736951438,
  "score6": 0.466698172922068
}