{
  "score0": 0.26594822710683297,
  "score1": 0.11365347292768319,
  "score2": 0.3807899831246393,
  "score3": 0.3592793597672457,
  "score4": 0.46800391481545384,
  "score5": 0.34484581031998296,
  "score6": 0.8407817813037152
}