{
  "score0": 0.18505365766283893,
  "score1": 0.4424967484189142,
  "score2": 0.6066717741065957,
  "score3": 0.2808344189911554,
  "score4": 0.28711922496234055,
  "score5": 0.3537303902417454,
  "score6": 0.49491086581380966
}