{
  "score0": 0.46936092285834186,
  "score1": 0.746623113116994,
  "score2": 0.4243624632076416,
  "score3": 0.2521570819175602,
  "score4": 0.1575565604032185,
  "score5": 0.24502374773673985,
  "score6": 0.4034632746814939
}