{
  "score0": 0.10721902341048889,
  "score1": 0.11316045705204306,
  "score2": 0.5642328339907431,
  "score3": 0.7176779677323198,
  "score4": 0.6726340964412941,
  "score5": 0.7161749615519937,
  "score6": 0.7410721770318632
}