{
  "score0": 0.2953168246708973,
  "score1": 0.5021442628477334,
  "score2": 0.14480939004154064,
  "score3": 0.17455048607846999,
  "score4": 0.6698981736524363,
  "score5": 0.5593387776598103,
  "score6": 0.4452888457818232
}