{
  "score0": 0.19638594526053502,
  "score1": 0.639609297454754,
  "score2": 0.21080119646784945,
  "score3": 0.11966285390550573,
  "score4": 0.02706758694378411,
  "score5": 0.19091112718196626,
  "score6": 0.6941315946857944
}