{
  "score0": 0.422774752146565,
  "score1": 0.12446673996902548,
  "score2": 0.4834609430937328,
  "score3": 0.027642949799404765,
  "score4": 0.22868656211025637,
  "score5": 0.371954953487388,
  "score6": 0.49545332608295406
}