{
  "score0": 0.7355391879338615,
  "score1": 0.44695240795531255,
  "score2": 0.06904636099359593,
  "score3": 0.5278061696263596,
  "score4": 0.14012667009510257,
  "score5": 0.24583246919871093,
  "score6": 0.30771405201549623
}