{
  "score0": 0.47774922025668765,
  "score1": 0.19216590284950774,
  "score2": 0.25887961810830573,
  "score3": 0.6670608767642232,
  "score4": 0.6015858946373318,
  "score5": 0.6630332439253245,
  "score6": 0.38945144145035976
}