{
  "score0": 0.4785161835052014,
  "score1": 0.22431695973442523,
  "score2": 0.04106723553491795,
  "score3": 0.07616481185534903,
  "score4": 0.16780981061079678,
  "score5": 0.3830210446677916,
  "score6": 0.38962349875924746
}