{
  "score0": 0.40776706675232516,
  "score1": 0.18000831516777863,
  "score2": 0.6292970725648797,
  "score3": 0.17809970116909465,
  "score4": 0.10638274255175934,
  "score5": 0.06761105995738204,
  "score6": 0.03262740299659856
}