{
  "score0": 0.5192808141767684,
  "score1": 0.6476415001541048,
  "score2": 0.25905542030799344,
  "score3": 0.0884389319150596,
  "score4": 0.14072062055882975,
  "score5": 0.5848676587673848,
  "score6": 0.4571643202236144
}