{
  "score0": 0.5021442628477334,
  "score1": 0.14480939004154064,
  "score2": 0.09852514550687773,
  "score3": 0.20506372711062038,
  "score4": 0.7530880103011129,
  "score5": 0.4941922042956903,
  "score6": 0.39190405958401114
}