{
  "score0": 0.41742782355251457,
  "score1": 0.1288247415493346,
  "score2": 0.4834609430937328,
  "score3": 0.027642949799404765,
  "score4": 0.22868656211025637,
  "score5": 0.371954953487388,
  "score6": 0.49545332608295406
}