{
  "score0": 0.17291965515161092,
  "score1": 0.5362656739395184,
  "score2": 0.6114050532494605,
  "score3": 0.6906799343143942,
  "score4": 0.4714524490103111,
  "score5": 0.39591162879369035,
  "score6": 0.40346445854360297
}