{
  "score0": 0.5213871137976622,
  "score1": 0.43380252404874897,
  "score2": 0.24078191425166107,
  "score3": 0.08706780160820922,
  "score4": 0.14098824026879964,
  "score5": 0.7330174728837324,
  "score6": 0.4194181246610372
}