{
  "score0": 0.05536213396954198,
  "score1": 0.1997589962754661,
  "score2": 0.41267831260322585,
  "score3": 0.8724951257399608,
  "score4": 0.5481786358040376,
  "score5": 0.31851647494005797,
  "score6": 0.4372314754922692
}