{
  "score0": 0.4801044374779138,
  "score1": 0.746623113116994,
  "score2": 0.4243624632076416,
  "score3": 0.6483497799535297,
  "score4": 0.3466779471626094,
  "score5": 0.2855720409197612,
  "score6": 0.22272609491062023
}