{
  "score0": 0.5242948752705829,
  "score1": 0.7448754045209266,
  "score2": 0.4431147842127842,
  "score3": 0.44882308409959343,
  "score4": 0.29674139694171286,
  "score5": 0.1878488170449496,
  "score6": 0.23799440550834425
}