{
  "score0": 0.2306459175142995,
  "score1": 0.07920589530803662,
  "score2": 0.06288372842980756,
  "score3": 0.7927155692262047,
  "score4": 0.24657000814723173,
  "score5": 0.4332501447623505,
  "score6": 0.15099449692065287
}