{
  "score0": 0.7425425197985093,
  "score1": 0.4691145705341535,
  "score2": 0.13112124159002367,
  "score3": 0.25529222334174645,
  "score4": 0.15583381923649345,
  "score5": 0.21626264159147923,
  "score6": 0.09844204033546218
}