{
  "score0": 0.5242948752705829,
  "score1": 0.7448754045209266,
  "score2": 0.5662452840392358,
  "score3": 0.6100057413165036,
  "score4": 0.26034133302122525,
  "score5": 0.2432700644869755,
  "score6": 0.2772566195458518
}