{
  "score0": 0.18505365766283893,
  "score1": 0.5175540665140939,
  "score2": 0.7169222514487004,
  "score3": 0.4121982840860512,
  "score4": 0.28711922496234055,
  "score5": 0.3537303902417454,
  "score6": 0.49491086581380966
}