{
  "score0": 0.4243496574911887,
  "score1": 0.24078191425166107,
  "score2": 0.09421786715208795,
  "score3": 0.7834597382979854,
  "score4": 0.6309701048370603,
  "score5": 0.08299715942629875,
  "score6": 0.10043751667782903
}