{
  "score0": 0.40677241588508334,
  "score1": 0.1305660713155582,
  "score2": 0.42769698050317456,
  "score3": 0.17809970116909465,
  "score4": 0.10638274255175934,
  "score5": 0.06761105995738204,
  "score6": 0.03262740299659856
}