{
  "score0": 0.17478292584909583,
  "score1": 0.4950305536108021,
  "score2": 0.5674568274393008,
  "score3": 0.39972823557962417,
  "score4": 0.15767086219426033,
  "score5": 0.43720300906982906,
  "score6": 0.39158648769860255
}