{
  "score0": 0.34137097597233895,
  "score1": 0.16394012391795693,
  "score2": 0.42888413981972134,
  "score3": 0.10604891456028787,
  "score4": 0.19480567953581243,
  "score5": 0.41764235049872195,
  "score6": 0.520483155071739
}