{
  "score0": 0.13473654389465828,
  "score1": 0.34837725066767544,
  "score2": 0.2060393068965801,
  "score3": 0.17882067697250728,
  "score4": 0.4252666489848666,
  "score5": 0.5254608720484942,
  "score6": 0.7939276533635198
}