{
  "score0": 0.15493603074675466,
  "score1": 0.035858819137637776,
  "score2": 0.10874232227287903,
  "score3": 0.43272747720019855,
  "score4": 0.29359267540271905,
  "score5": 0.15167600569847825,
  "score6": 0.06696108656458585
}