{
  "score0": 0.3585086652989957,
  "score1": 0.1288247415493346,
  "score2": 0.4834609430937328,
  "score3": 0.0207249951354006,
  "score4": 0.2360394991148492,
  "score5": 0.2994107224579993,
  "score6": 0.33703373415213905
}