{
  "score0": 0.4963103653601266,
  "score1": 0.13771208772881735,
  "score2": 0.2232802603946145,
  "score3": 0.6625903731144938,
  "score4": 0.04328540062590421,
  "score5": 0.6927827155181377,
  "score6": 0.3631448250804105
}