{
  "score0": 0.7482150315553082,
  "score1": 0.4691145705341535,
  "score2": 0.09460050661949879,
  "score3": 0.3577194157780965,
  "score4": 0.2107349107758857,
  "score5": 0.6056757894516519,
  "score6": 0.05445240161244621
}