{
  "score0": 0.13473654389465828,
  "score1": 0.34341999101986304,
  "score2": 0.16550084225223544,
  "score3": 0.4252666489848666,
  "score4": 0.5254608720484942,
  "score5": 0.7939276533635198,
  "score6": 0.7685506537831251
}