{
  "score0": 0.3099635004104437,
  "score1": 0.1497085739019896,
  "score2": 0.3807899831246393,
  "score3": 0.3592793597672457,
  "score4": 0.46800391481545384,
  "score5": 0.34484581031998296,
  "score6": 0.8407817813037152
}