{
  "score0": 0.2306459175142995,
  "score1": 0.07124275903570056,
  "score2": 0.03560865682082407,
  "score3": 0.6842972446958339,
  "score4": 0.24657000814723173,
  "score5": 0.4332501447623505,
  "score6": 0.15099449692065287
}