{
  "score0": 0.734571582418498,
  "score1": 0.132075538518369,
  "score2": 0.4506463390784482,
  "score3": 0.3161226897528391,
  "score4": 0.0787958986282115,
  "score5": 0.06821038798404842,
  "score6": 0.6605885844773994
}