{
  "score0": 0.08808601302788166,
  "score1": 0.10949455367146532,
  "score2": 0.35319843885933844,
  "score3": 0.2291196297120708,
  "score4": 0.28945036328436374,
  "score5": 0.17559937193270161,
  "score6": 0.3756442319119843
}