{
  "score0": 0.4523727964463428,
  "score1": 0.15207950078672025,
  "score2": 0.11266583247190487,
  "score3": 0.5261174646958786,
  "score4": 0.7352806062233807,
  "score5": 0.6895389027489545,
  "score6": 0.7441747852127452
}