{
  "score0": 0.42479642025532893,
  "score1": 0.24554870040017102,
  "score2": 0.0332957327832106,
  "score3": 0.25603138965626626,
  "score4": 0.6915800221522358,
  "score5": 0.4686237522686441,
  "score6": 0.439141554624715
}