{
  "score0": 0.18226818321221028,
  "score1": 0.5116943066616007,
  "score2": 0.5102270850521361,
  "score3": 0.6602638734181583,
  "score4": 0.04654492216537744,
  "score5": 0.4023107874113126,
  "score6": 0.4383926420658972
}