{
  "score0": 0.15493603074675466,
  "score1": 0.035858819137637776,
  "score2": 0.08109826541824589,
  "score3": 0.5324658221298668,
  "score4": 0.22751019596343355,
  "score5": 0.23309352017051713,
  "score6": 0.007386149169446539
}