{
  "score0": 0.07580920831974,
  "score1": 0.18136933306614011,
  "score2": 0.6002204347376927,
  "score3": 0.7270406937794839,
  "score4": 0.8748181289158913,
  "score5": 0.788595799944645,
  "score6": 0.34757803909460333
}