{
  "score0": 0.3086824562828786,
  "score1": 0.3863405672587904,
  "score2": 0.1102021752138521,
  "score3": 0.22516467086546665,
  "score4": 0.5617964745269898,
  "score5": 0.5657406636139393,
  "score6": 0.7189041633920166
}