{
  "score0": 0.5175540665140939,
  "score1": 0.7169222514487004,
  "score2": 0.4160936856462119,
  "score3": 0.6584564571252572,
  "score4": 0.4383437588834847,
  "score5": 0.17925668410134007,
  "score6": 0.24350577116830383
}