{
  "score0": 0.7312534893279133,
  "score1": 0.2894863835370767,
  "score2": 0.2851687328287264,
  "score3": 0.2107349107758857,
  "score4": 0.6056757894516519,
  "score5": 0.05445240161244621,
  "score6": 0.2896689269267984
}