{
  "score0": 0.04642301297199409,
  "score1": 0.22290697527642475,
  "score2": 0.06795626495993336,
  "score3": 0.29770971678671404,
  "score4": 0.1283044086149049,
  "score5": 0.22160827097623984,
  "score6": 0.6438162887367732
}