{
  "score0": 0.528367204325932,
  "score1": 0.22038585993440257,
  "score2": 0.1884495123172259,
  "score3": 0.06014125036777009,
  "score4": 0.20506372711062038,
  "score5": 0.7530880103011129,
  "score6": 0.4941922042956903
}