{
  "score0": 0.09203975605511654,
  "score1": 0.22290697527642475,
  "score2": 0.06795626495993336,
  "score3": 0.2799767264676409,
  "score4": 0.048339516557254436,
  "score5": 0.40772926522133845,
  "score6": 0.49986698747613606
}