{
  "score0": 0.7265195626016612,
  "score1": 0.16305760903274072,
  "score2": 0.4677254502170407,
  "score3": 0.17729182200700455,
  "score4": 0.04596941571597841,
  "score5": 0.027126493114034606,
  "score6": 0.09458015044936412
}