{
  "score0": 0.04366759140772709,
  "score1": 0.16685355012799508,
  "score2": 0.2800973074487074,
  "score3": 0.14061812034750046,
  "score4": 0.2205240042173815,
  "score5": 0.6879508950921537,
  "score6": 0.3367301043481296
}