{
  "score0": 0.07124275903570056,
  "score1": 0.03560865682082407,
  "score2": 0.4173281418519006,
  "score3": 0.320554799509783,
  "score4": 0.11871163381765497,
  "score5": 0.4426927641884742,
  "score6": 0.36145957330260464
}