{
  "score0": 0.7022565760693874,
  "score1": 0.652624869246788,
  "score2": 0.13017414621634357,
  "score3": 0.4527195600597788,
  "score4": 0.23317459644616725,
  "score5": 0.3029507700889505,
  "score6": 0.10794112000163451
}