{
  "score0": 0.19505287894041984,
  "score1": 0.04335462514739882,
  "score2": 0.1490678694518605,
  "score3": 0.09045298983073043,
  "score4": 0.26361189299268123,
  "score5": 0.27806558703210826,
  "score6": 0.3122290861774936
}