{
  "score0": 0.23280573837237764,
  "score1": 0.07920589530803662,
  "score2": 0.06288372842980756,
  "score3": 0.309925523726494,
  "score4": 0.06875484672641774,
  "score5": 0.2093029614255368,
  "score6": 0.0862970106880791
}