{
  "score0": 0.38277912054715046,
  "score1": 0.15207950078672025,
  "score2": 0.11266583247190487,
  "score3": 0.5395814588118838,
  "score4": 0.6479226415157822,
  "score5": 0.7437360311072841,
  "score6": 0.8683120180007582
}