{
  "score0": 0.07293801939333658,
  "score1": 0.17291965515161092,
  "score2": 0.5362656739395184,
  "score3": 0.6145473743964889,
  "score4": 0.7320803984000316,
  "score5": 0.7259571890887598,
  "score6": 0.3159919909089882
}