{
  "score0": 0.09838564301891707,
  "score1": 0.15473524043232936,
  "score2": 0.7052731452644765,
  "score3": 0.7006752229017658,
  "score4": 0.23097630081609788,
  "score5": 0.31057300933753323,
  "score6": 0.07867548636423333
}