{
  "score0": 0.05536213396954198,
  "score1": 0.1997589962754661,
  "score2": 0.529101308368946,
  "score3": 0.6771063669154961,
  "score4": 0.6028475400746038,
  "score5": 0.2981957071448076,
  "score6": 0.37781311203829265
}