{
  "score0": 0.2096980425352649,
  "score1": 0.34837725066767544,
  "score2": 0.19831262972601438,
  "score3": 0.2931062378015472,
  "score4": 0.6348504071909491,
  "score5": 0.5946856613792723,
  "score6": 0.8113058722823986
}