{
  "score0": 0.32417614921034066,
  "score1": 0.3863405672587904,
  "score2": 0.13460314868954798,
  "score3": 0.21826207151678598,
  "score4": 0.5358928522028991,
  "score5": 0.6192346150459392,
  "score6": 0.7208335233988548
}