{
  "score0": 0.7421001666420469,
  "score1": 0.3720524482089753,
  "score2": 0.15620445086881704,
  "score3": 0.37672151232083495,
  "score4": 0.106318467301049,
  "score5": 0.27546434373666956,
  "score6": 0.12026979374267022
}