{
  "score0": 0.19638594526053502,
  "score1": 0.5690028780356369,
  "score2": 0.15568805870320562,
  "score3": 0.02706758694378411,
  "score4": 0.19091112718196626,
  "score5": 0.6941315946857944,
  "score6": 0.03285206747015689
}