{
  "score0": 0.4243496574911887,
  "score1": 0.24554870040017102,
  "score2": 0.02632871582989183,
  "score3": 0.15498472239405744,
  "score4": 0.7834597382979854,
  "score5": 0.6309701048370603,
  "score6": 0.08299715942629875
}