{
  "score0": 0.32432431202303647,
  "score1": 0.1367035251710104,
  "score2": 0.11770704721369205,
  "score3": 0.5391646498153937,
  "score4": 0.6689732454131673,
  "score5": 0.7479740900815092,
  "score6": 0.5194165314580476
}