{
  "score0": 0.04366759140772709,
  "score1": 0.14924999438597694,
  "score2": 0.19593651081291574,
  "score3": 0.4948672518306602,
  "score4": 0.14061812034750046,
  "score5": 0.2205240042173815,
  "score6": 0.6879508950921537
}