{
  "score0": 0.09203975605511654,
  "score1": 0.20068143088999163,
  "score2": 0.07431964188720416,
  "score3": 0.452565802224793,
  "score4": 0.048339516557254436,
  "score5": 0.40772926522133845,
  "score6": 0.49986698747613606
}