{
  "score0": 0.5237941520212099,
  "score1": 0.12657842301484765,
  "score2": 0.2232802603946145,
  "score3": 0.6625903731144938,
  "score4": 0.710126370223242,
  "score5": 0.5177487282873269,
  "score6": 0.4486490105321396
}