{
  "score0": 0.03248681014771901,
  "score1": 0.0596894729161653,
  "score2": 0.3773228799464348,
  "score3": 0.1495880437501877,
  "score4": 0.32938378594438084,
  "score5": 0.12064763918494682,
  "score6": 0.42984614353674694
}