{
  "score0": 0.32432431202303647,
  "score1": 0.14322398861523197,
  "score2": 0.26132810239513954,
  "score3": 0.6689732454131673,
  "score4": 0.7479740900815092,
  "score5": 0.5194165314580476,
  "score6": 0.633328811184562
}