{
  "score0": 0.7482150315553082,
  "score1": 0.38465513348792574,
  "score2": 0.2851687328287264,
  "score3": 0.2107349107758857,
  "score4": 0.6056757894516519,
  "score5": 0.05445240161244621,
  "score6": 0.2896689269267984
}