{
  "score0": 0.38277912054715046,
  "score1": 0.15207950078672025,
  "score2": 0.14577024001965777,
  "score3": 0.6773190170548001,
  "score4": 0.6613045909453693,
  "score5": 0.8046743631252595,
  "score6": 0.7926886436666433
}