{
  "score0": 0.34137097597233895,
  "score1": 0.16394012391795693,
  "score2": 0.3384496218602224,
  "score3": 0.14319529006137893,
  "score4": 0.19480567953581243,
  "score5": 0.41764235049872195,
  "score6": 0.520483155071739
}