{
  "score0": 0.2898478010056605,
  "score1": 0.23221094205032766,
  "score2": 0.0274012388507306,
  "score3": 0.11784738218694783,
  "score4": 0.6437687375592134,
  "score5": 0.46258467093022376,
  "score6": 0.5522047778427385
}