{
  "score0": 0.507196391976947,
  "score1": 0.7696719783081929,
  "score2": 0.4275904317135445,
  "score3": 0.4134740798551703,
  "score4": 0.6584564571252572,
  "score5": 0.4383437588834847,
  "score6": 0.17925668410134007
}