{
  "score0": 0.027385290544684648,
  "score1": 0.0596894729161653,
  "score2": 0.3773228799464348,
  "score3": 0.0932422830258406,
  "score4": 0.2735013852781136,
  "score5": 0.12768667311744886,
  "score6": 0.3754252112053293
}