{
  "score0": 0.3850408883108107,
  "score1": 0.09745533680899131,
  "score2": 0.574437516697194,
  "score3": 0.16502596549164808,
  "score4": 0.15251059276738768,
  "score5": 0.033945697337264,
  "score6": 0.12731651346858616
}