{
  "score0": 0.23765729818843317,
  "score1": 0.035858819137637776,
  "score2": 0.08109826541824589,
  "score3": 0.309925523726494,
  "score4": 0.06875484672641774,
  "score5": 0.2093029614255368,
  "score6": 0.0862970106880791
}