{
  "score0": 0.35904593563110093,
  "score1": 0.1367035251710104,
  "score2": 0.14577024001965777,
  "score3": 0.6773190170548001,
  "score4": 0.6613045909453693,
  "score5": 0.8046743631252595,
  "score6": 0.7926886436666433
}