{
  "score0": 0.11972156827079147,
  "score1": 0.3895571717187376,
  "score2": 0.4268211944329362,
  "score3": 0.4561315711718927,
  "score4": 0.7043396788164147,
  "score5": 0.6484580617062501,
  "score6": 0.7732557507683699
}