{
  "score0": 0.3265253387356143,
  "score1": 0.33249660393496977,
  "score2": 0.7071410522074123,
  "score3": 0.4536889940389644,
  "score4": 0.36653800530793673,
  "score5": 0.07209499870056658,
  "score6": 0.09237668305391807
}