{
  "score0": 0.7101500878756358,
  "score1": 0.5172133108361606,
  "score2": 0.5491645939223593,
  "score3": 0.33382157898880194,
  "score4": 0.5225505505825153,
  "score5": 0.20887322857798318,
  "score6": 0.006751870084514077
}