{
  "score0": 0.28370720300131175,
  "score1": 0.3712789845436736,
  "score2": 0.6783126840862503,
  "score3": 0.7581582776099504,
  "score4": 0.778283230437752,
  "score5": 0.19965784295277558,
  "score6": 0.4993037051350567
}