{
  "score0": 0.4160231364074506,
  "score1": 0.44590827128169774,
  "score2": 0.5289062608913858,
  "score3": 0.5986499896498215,
  "score4": 0.7520926045442549,
  "score5": 0.31950498423811846,
  "score6": 0.5201842389662655
}