{
  "score0": 0.628064084985636,
  "score1": 0.4192196440930398,
  "score2": 0.4435476215206572,
  "score3": 0.2816939449633848,
  "score4": 0.1940108564520359,
  "score5": 0.14335066550911105,
  "score6": 0.39976476894742535
}