{
  "score0": 0.6856124603787158,
  "score1": 0.5705189885199489,
  "score2": 0.7757452043955136,
  "score3": 0.27299973042359565,
  "score4": 0.30594152995856955,
  "score5": 0.16934397288975003,
  "score6": 0.049940161248039135
}