{
  "score0": 0.2540110066899567,
  "score1": 0.032065461712258846,
  "score2": 0.2722246189331716,
  "score3": 0.1425501836169003,
  "score4": 0.2572344477206439,
  "score5": 0.704139207974421,
  "score6": 0.6266039404314825
}