{
  "score0": 0.15091883662777353,
  "score1": 0.5700103464416741,
  "score2": 0.13367868038027292,
  "score3": 0.08132990341284496,
  "score4": 0.22807848250544985,
  "score5": 0.019037176299956885,
  "score6": 0.3220081083211692
}