{
  "score0": 0.33856429183619546,
  "score1": 0.7182026641825576,
  "score2": 0.6486638638729536,
  "score3": 0.29566449024478775,
  "score4": 0.15132877676240705,
  "score5": 0.17670434241455976,
  "score6": 0.20132861733430843
}