{
  "score0": 0.3761064115995742,
  "score1": 0.578831765899309,
  "score2": 0.6478135552986709,
  "score3": 0.6846972868858523,
  "score4": 0.658005467691629,
  "score5": 0.6911794168781008,
  "score6": 0.4840975426169641
}