{
  "score0": 0.254276648546136,
  "score1": 0.012473518369628721,
  "score2": 0.28136951246861874,
  "score3": 0.07601258966774381,
  "score4": 0.38525533026113606,
  "score5": 0.6132884076703675,
  "score6": 0.5932617905392252
}