{
  "score0": 0.6236248274185539,
  "score1": 0.44675628341150386,
  "score2": 0.11479321469186271,
  "score3": 0.15543622157045653,
  "score4": 0.6764301751789418,
  "score5": 0.3973367100202981,
  "score6": 0.2550014496547017
}