{
  "score0": 0.33856429183619546,
  "score1": 0.7182026641825576,
  "score2": 0.6855899560342946,
  "score3": 0.2891632780172543,
  "score4": 0.17793419897019758,
  "score5": 0.42527610374167574,
  "score6": 0.061934983331763345
}