{
  "score0": 0.5769792592491598,
  "score1": 0.06584136388806805,
  "score2": 0.09688358051127664,
  "score3": 0.06566054920572628,
  "score4": 0.18697136155733285,
  "score5": 0.18623201606558973,
  "score6": 0.1948624654814226
}