{
  "score0": 0.5747711089459675,
  "score1": 0.3993729839891052,
  "score2": 0.21614159516060683,
  "score3": 0.2816939449633848,
  "score4": 0.1940108564520359,
  "score5": 0.14335066550911105,
  "score6": 0.39976476894742535
}