{
  "score0": 0.6945996618467202,
  "score1": 0.5308346842752533,
  "score2": 0.31281586233666303,
  "score3": 0.4267402524216,
  "score4": 0.40950166325573295,
  "score5": 0.13805634408496367,
  "score6": 0.08937628155053694
}