{
  "score0": 0.6945996618467202,
  "score1": 0.5308346842752533,
  "score2": 0.31415634536022813,
  "score3": 0.4576559656938047,
  "score4": 0.1717303537218461,
  "score5": 0.09098624171144443,
  "score6": 0.20971516633907128
}