{
  "score0": 0.6246636515659031,
  "score1": 0.27409978541989233,
  "score2": 0.07391732006101408,
  "score3": 0.3453376509328366,
  "score4": 0.39280792510674134,
  "score5": 0.6221841179129517,
  "score6": 0.7520574284785209
}