{
  "score0": 0.28618576485860797,
  "score1": 0.6181835186354212,
  "score2": 0.4479915293341296,
  "score3": 0.10634744214022672,
  "score4": 0.42166083188794373,
  "score5": 0.09439105924511838,
  "score6": 0.1559769725139315
}