{
  "score0": 0.2951816231635991,
  "score1": 0.6381000176896294,
  "score2": 0.5605007970832641,
  "score3": 0.17793419897019758,
  "score4": 0.42527610374167574,
  "score5": 0.061934983331763345,
  "score6": 0.19923499045943818
}