{
  "score0": 0.16546315189238076,
  "score1": 0.09370950669187235,
  "score2": 0.19686686889615174,
  "score3": 0.3848009279167693,
  "score4": 0.4409317240995024,
  "score5": 0.5391328237631291,
  "score6": 0.5739436392051404
}