{
  "score0": 0.43047537244740997,
  "score1": 0.5828964611189621,
  "score2": 0.46223481940988936,
  "score3": 0.6449973968734958,
  "score4": 0.6520619301845652,
  "score5": 0.5347498685356215,
  "score6": 0.6336217699803839
}