{
  "score0": 0.5950112119654002,
  "score1": 0.6653198462466487,
  "score2": 0.16685102023753864,
  "score3": 0.13235250991726763,
  "score4": 0.320632079130661,
  "score5": 0.5529554634004197,
  "score6": 0.1491047402894636
}