{
  "score0": 0.6307160213438653,
  "score1": 0.28177955336730853,
  "score2": 0.0216456075869778,
  "score3": 0.24894333267561294,
  "score4": 0.5075298944002563,
  "score5": 0.24979494613770356,
  "score6": 0.32891275046127455
}