{
  "score0": 0.15238532798450088,
  "score1": 0.6315546352475787,
  "score2": 0.19652781328327748,
  "score3": 0.019784190571336114,
  "score4": 0.30809521993660566,
  "score5": 0.3350183527908038,
  "score6": 0.2755247048087612
}