{
  "score0": 0.34687427964631673,
  "score1": 0.2951816231635991,
  "score2": 0.6381000176896294,
  "score3": 0.5888155558050445,
  "score4": 0.1406529046970573,
  "score5": 0.15889744239731532,
  "score6": 0.18551881143821114
}