{
  "score0": 0.6945996618467202,
  "score1": 0.5308346842752533,
  "score2": 0.31550537664872047,
  "score3": 0.3650638615992869,
  "score4": 0.39734354137121103,
  "score5": 0.0853024489798851,
  "score6": 0.11790547390388945
}