{
  "score0": 0.557417163074353,
  "score1": 0.3859130368995184,
  "score2": 0.3902531320699434,
  "score3": 0.42158094151373793,
  "score4": 0.03472638591787936,
  "score5": 0.3277013848115257,
  "score6": 0.1324724655764422
}