{
  "score0": 0.3916638528744942,
  "score1": 0.25211520308841234,
  "score2": 0.16456664140057248,
  "score3": 0.09102332064336434,
  "score4": 0.1510340347933781,
  "score5": 0.16272839313169293,
  "score6": 0.5062529458060694
}