{
  "score0": 0.3056194364328051,
  "score1": 0.3212814249831424,
  "score2": 0.6778294437579073,
  "score3": 0.595485051511976,
  "score4": 0.21317240583576877,
  "score5": 0.2604549425050579,
  "score6": 0.5738562005540492
}