{
  "score0": 0.6246636515659031,
  "score1": 0.27409978541989233,
  "score2": 0.044913723711160196,
  "score3": 0.3796589674243693,
  "score4": 0.3187971167401027,
  "score5": 0.5573300257399687,
  "score6": 0.7270135047221159
}