{
  "score0": 0.28370720300131175,
  "score1": 0.3712789845436736,
  "score2": 0.6764580686290147,
  "score3": 0.8256268566154592,
  "score4": 0.584318844316409,
  "score5": 0.2723850123436405,
  "score6": 0.4400943998598091
}