{
  "score0": 0.6175442706612136,
  "score1": 0.646638658749297,
  "score2": 0.17414263806337768,
  "score3": 0.20494696204858465,
  "score4": 0.2063766631921097,
  "score5": 0.48427022376236756,
  "score6": 0.5377011374837871
}