{
  "score0": 0.25879330864632466,
  "score1": 0.02335601086136698,
  "score2": 0.24958154189050427,
  "score3": 0.11713519529307724,
  "score4": 0.12616184993526336,
  "score5": 0.47991017229584526,
  "score6": 0.49819249289423206
}