{
  "score0": 0.3629275556748427,
  "score1": 0.24764643990964139,
  "score2": 0.19731030996283783,
  "score3": 0.058957215065778334,
  "score4": 0.1918818218953194,
  "score5": 0.08041095048022186,
  "score6": 0.3979638457912619
}