{
  "score0": 0.3560364237541478,
  "score1": 0.1766115609989652,
  "score2": 0.24632973354036405,
  "score3": 0.18630730567308249,
  "score4": 0.02311919496517385,
  "score5": 0.392730085288542,
  "score6": 0.5773310956205524
}