{
  "score0": 0.6709079439434606,
  "score1": 0.2521793347488976,
  "score2": 0.13258695224236974,
  "score3": 0.5393424465612889,
  "score4": 0.5502249897345342,
  "score5": 0.36822607293763987,
  "score6": 0.39750834299470056
}