{
  "score0": 0.5762128970856422,
  "score1": 0.7010130102683109,
  "score2": 0.16307186872160853,
  "score3": 0.18886905398776463,
  "score4": 0.31609406116524846,
  "score5": 0.24035350967821958,
  "score6": 0.4720272596886667
}