{
  "score0": 0.5700103464416741,
  "score1": 0.13367868038027292,
  "score2": 0.07285093493067102,
  "score3": 0.18697136155733285,
  "score4": 0.18623201606558973,
  "score5": 0.1948624654814226,
  "score6": 0.17270889280310178
}