{
  "score0": 0.628064084985636,
  "score1": 0.4192196440930398,
  "score2": 0.4678673444588729,
  "score3": 0.10844868744465132,
  "score4": 0.15543622157045653,
  "score5": 0.6764301751789418,
  "score6": 0.3973367100202981
}