{
  "score0": 0.16546315189238076,
  "score1": 0.09370950669187235,
  "score2": 0.2245132660418659,
  "score3": 0.5123121901910678,
  "score4": 0.43659111476988705,
  "score5": 0.5693575747138038,
  "score6": 0.5987857482087178
}