{
  "score0": 0.3761064115995742,
  "score1": 0.5964424050798127,
  "score2": 0.5883613025950176,
  "score3": 0.658005467691629,
  "score4": 0.6911794168781008,
  "score5": 0.4840975426169641,
  "score6": 0.14454112436006752
}