{
  "score0": 0.4160231364074506,
  "score1": 0.4785323003948818,
  "score2": 0.4930368829587895,
  "score3": 0.6319786816018201,
  "score4": 0.688262357894426,
  "score5": 0.5465531201916952,
  "score6": 0.24477433770950022
}