{
  "score0": 0.16546315189238076,
  "score1": 0.09370950669187235,
  "score2": 0.21424334197238215,
  "score3": 0.43160942439021466,
  "score4": 0.44876854627795487,
  "score5": 0.5650784497463465,
  "score6": 0.5274440329360716
}