{
  "score0": 0.33856429183619546,
  "score1": 0.6462363219078773,
  "score2": 0.5605007970832641,
  "score3": 0.17793419897019758,
  "score4": 0.42527610374167574,
  "score5": 0.061934983331763345,
  "score6": 0.19923499045943818
}