{
  "score0": 0.4160231364074506,
  "score1": 0.4785323003948818,
  "score2": 0.4830362252828637,
  "score3": 0.6771726161426326,
  "score4": 0.5986499896498215,
  "score5": 0.7520926045442549,
  "score6": 0.31950498423811846
}