{
  "score0": 0.6409656321401541,
  "score1": 0.6440005065976876,
  "score2": 0.11748483888536601,
  "score3": 0.20494696204858465,
  "score4": 0.2063766631921097,
  "score5": 0.48427022376236756,
  "score6": 0.5377011374837871
}