{
  "score0": 0.5747711089459675,
  "score1": 0.3993729839891052,
  "score2": 0.21203556480381625,
  "score3": 0.30654281132892763,
  "score4": 0.16785733247618218,
  "score5": 0.15640629676339057,
  "score6": 0.28309574983178126
}