{
  "score0": 0.2678053256260575,
  "score1": 0.5997039513558434,
  "score2": 0.5140285909006818,
  "score3": 0.41467510020513504,
  "score4": 0.19796517954757112,
  "score5": 0.24986194534066172,
  "score6": 0.025856311992918074
}