{
  "score0": 0.6733001749467473,
  "score1": 0.5299642669348671,
  "score2": 0.25148513498393504,
  "score3": 0.3650638615992869,
  "score4": 0.39734354137121103,
  "score5": 0.0853024489798851,
  "score6": 0.11790547390388945
}