{
  "score0": 0.5950112119654002,
  "score1": 0.6653198462466487,
  "score2": 0.24906957330051702,
  "score3": 0.05195158976444203,
  "score4": 0.320632079130661,
  "score5": 0.5529554634004197,
  "score6": 0.1491047402894636
}