{
  "score0": 0.3761064115995742,
  "score1": 0.578831765899309,
  "score2": 0.6561260639207755,
  "score3": 0.643898482376507,
  "score4": 0.5635345452852427,
  "score5": 0.608749660801425,
  "score6": 0.47893229292049555
}