{
  "score0": 0.25932572270644555,
  "score1": 0.2710644924124659,
  "score2": 0.6598984148467929,
  "score3": 0.778283230437752,
  "score4": 0.19965784295277558,
  "score5": 0.4993037051350567,
  "score6": 0.25308799902810014
}