{
  "score0": 0.4547360208856728,
  "score1": 0.4167833693979765,
  "score2": 0.5705549123127306,
  "score3": 0.5223636379267019,
  "score4": 0.5882795943736213,
  "score5": 0.692606415479777,
  "score6": 0.5844998641233142
}