{
  "score0": 0.628064084985636,
  "score1": 0.4192196440930398,
  "score2": 0.3970977285548827,
  "score3": 0.13211588630733162,
  "score4": 0.4942021368478063,
  "score5": 0.530113212890505,
  "score6": 0.264039018771454
}