{
  "score0": 0.17039356887219673,
  "score1": 0.22275248255904384,
  "score2": 0.15999236623044572,
  "score3": 0.019784190571336114,
  "score4": 0.30809521993660566,
  "score5": 0.3350183527908038,
  "score6": 0.2755247048087612
}