{
  "score0": 0.3916638528744942,
  "score1": 0.3002674381595789,
  "score2": 0.20819057308102035,
  "score3": 0.192511359975167,
  "score4": 0.3388569351752139,
  "score5": 0.6893198875276895,
  "score6": 0.6143945251944815
}