{
  "score0": 0.5604527162021561,
  "score1": 0.1122045409785899,
  "score2": 0.10354475448773216,
  "score3": 0.15533196115629347,
  "score4": 0.3987484812198907,
  "score5": 0.3078634872319,
  "score6": 0.3562415226633233
}