{
  "score0": 0.43694833104972197,
  "score1": 0.41369047016263955,
  "score2": 0.5893702096610028,
  "score3": 0.5977898399393284,
  "score4": 0.6328369191898103,
  "score5": 0.7538296046391525,
  "score6": 0.15504386040689164
}