{
  "score0": 0.3551636732643585,
  "score1": 0.2375549294226651,
  "score2": 0.2695365302456546,
  "score3": 0.06216419714036559,
  "score4": 0.11958984243319237,
  "score5": 0.144206385369378,
  "score6": 0.5107459341824853
}