{
  "score0": 0.6175442706612136,
  "score1": 0.646638658749297,
  "score2": 0.16307186872160853,
  "score3": 0.19082141739983813,
  "score4": 0.25119887906025407,
  "score5": 0.4224150249785619,
  "score6": 0.41307653427118624
}