{
  "score0": 0.1597169174546814,
  "score1": 0.20039523959923616,
  "score2": 0.1636216886071802,
  "score3": 0.5152803880742177,
  "score4": 0.6961164160919108,
  "score5": 0.4723593192690274,
  "score6": 0.298346431618671
}