{
  "score0": 0.6190890862298809,
  "score1": 0.15225134096811013,
  "score2": 0.04482310833531708,
  "score3": 0.10232921392679652,
  "score4": 0.29171501032233293,
  "score5": 0.3236409701018464,
  "score6": 0.560446781288749
}