{
  "score0": 0.07157090666800088,
  "score1": 0.3419667683214443,
  "score2": 0.4841854164395637,
  "score3": 0.3709467587501085,
  "score4": 0.6773707688603969,
  "score5": 0.44183984913354785,
  "score6": 0.8192117562814242
}