{
  "score0": 0.3916638528744942,
  "score1": 0.25211520308841234,
  "score2": 0.1766495773385608,
  "score3": 0.03971492396837401,
  "score4": 0.192511359975167,
  "score5": 0.3388569351752139,
  "score6": 0.6893198875276895
}