{
  "score0": 0.1375688261114347,
  "score1": 0.5201241758974661,
  "score2": 0.1813109442746719,
  "score3": 0.2259881501202298,
  "score4": 0.12477419169009002,
  "score5": 0.100148875455783,
  "score6": 0.21658531392137778
}