{
  "score0": 0.12448666877418095,
  "score1": 0.17097529661748276,
  "score2": 0.21872544572309954,
  "score3": 0.5594804080617223,
  "score4": 0.6679064631418677,
  "score5": 0.47872654195635894,
  "score6": 0.0986074489102252
}