{
  "score0": 0.6042346116180484,
  "score1": 0.11700978786030033,
  "score2": 0.019885332706148826,
  "score3": 0.04317059477334113,
  "score4": 0.16199913323992662,
  "score5": 0.33963656173639145,
  "score6": 0.15683048989514103
}