{
  "score0": 0.1450755490949979,
  "score1": 0.36114634198786144,
  "score2": 0.49704481186641025,
  "score3": 0.3179793637405613,
  "score4": 0.7351132222438778,
  "score5": 0.6406136469307818,
  "score6": 0.8328729381813519
}