{
  "score0": 0.14969162471058947,
  "score1": 0.3312602793846589,
  "score2": 0.4624364761761311,
  "score3": 0.49360069113752586,
  "score4": 0.6967028081375908,
  "score5": 0.6029697431024355,
  "score6": 0.5113956354797934
}