{
  "score0": 0.1359430936883172,
  "score1": 0.17097529661748276,
  "score2": 0.21872544572309954,
  "score3": 0.5152803880742177,
  "score4": 0.6961164160919108,
  "score5": 0.4723593192690274,
  "score6": 0.298346431618671
}