{
  "score0": 0.5604527162021561,
  "score1": 0.11700978786030033,
  "score2": 0.019885332706148826,
  "score3": 0.13408131029974205,
  "score4": 0.2907953435530722,
  "score5": 0.4091761197838082,
  "score6": 0.2712247613532213
}