{
  "score0": 0.6709079439434606,
  "score1": 0.2550711879326066,
  "score2": 0.147981732533411,
  "score3": 0.5068556754884724,
  "score4": 0.6729317719363049,
  "score5": 0.13917514560849592,
  "score6": 0.4764409223207977
}