{
  "score0": 0.4451383807317606,
  "score1": 0.41369047016263955,
  "score2": 0.5893702096610028,
  "score3": 0.5707402834774954,
  "score4": 0.6770903664024276,
  "score5": 0.6802749968499712,
  "score6": 0.5188206782415493
}