{
  "score0": 0.263356486757665,
  "score1": 0.025855051406287202,
  "score2": 0.2847319677100288,
  "score3": 0.388599529151833,
  "score4": 0.39510025678901045,
  "score5": 0.6663074998416137,
  "score6": 0.29753252738443586
}