{
  "score0": 0.34462400296606516,
  "score1": 0.3212814249831424,
  "score2": 0.718308754010718,
  "score3": 0.4536889940389644,
  "score4": 0.36653800530793673,
  "score5": 0.07209499870056658,
  "score6": 0.09237668305391807
}