{
  "score0": 0.33856429183619546,
  "score1": 0.7182026641825576,
  "score2": 0.610504783009332,
  "score3": 0.19553465183687926,
  "score4": 0.35010301758087664,
  "score5": 0.18177875986505743,
  "score6": 0.15711772914117314
}