{
  "score0": 0.15238532798450088,
  "score1": 0.6315546352475787,
  "score2": 0.16530863525743414,
  "score3": 0.23939163062475746,
  "score4": 0.019784190571336114,
  "score5": 0.30809521993660566,
  "score6": 0.3350183527908038
}