{
  "score0": 0.14969162471058947,
  "score1": 0.3306240644718486,
  "score2": 0.4713378131841563,
  "score3": 0.33518997993595234,
  "score4": 0.7340270907349874,
  "score5": 0.5825980895712751,
  "score6": 0.7150726763037684
}