{
  "score0": 0.1386708411559216,
  "score1": 0.5546025018306482,
  "score2": 0.18155376975832513,
  "score3": 0.11315586140812935,
  "score4": 0.22451808989369085,
  "score5": 0.03558409304026081,
  "score6": 0.0847234492807943
}