{
  "score0": 0.5705189885199489,
  "score1": 0.7757452043955136,
  "score2": 0.1942462923160449,
  "score3": 0.02765684656353776,
  "score4": 0.1977291107544883,
  "score5": 0.5486327188262244,
  "score6": 0.6417823930253697
}