{
  "score0": 0.5998328303126202,
  "score1": 0.4011325802699188,
  "score2": 0.3159781526346073,
  "score3": 0.5025252645429136,
  "score4": 0.10639017340857403,
  "score5": 0.1187647541994404,
  "score6": 0.40641193756680893
}