{
  "score0": 0.6945996618467202,
  "score1": 0.5299642669348671,
  "score2": 0.4151731898649036,
  "score3": 0.39734354137121103,
  "score4": 0.0853024489798851,
  "score5": 0.11790547390388945,
  "score6": 0.2410375890001857
}