{
  "score0": 0.254276648546136,
  "score1": 0.012473518369628721,
  "score2": 0.2328391245772171,
  "score3": 0.16362205680873107,
  "score4": 0.48020184487412143,
  "score5": 0.6167426825548702,
  "score6": 0.638011747423027
}