{
  "score0": 0.6856124603787158,
  "score1": 0.5705189885199489,
  "score2": 0.5491645939223593,
  "score3": 0.27299973042359565,
  "score4": 0.40948464226064124,
  "score5": 0.054682695697271654,
  "score6": 0.09960196966104323
}