{
  "score0": 0.6409656321401541,
  "score1": 0.6440005065976876,
  "score2": 0.09933184464634538,
  "score3": 0.22775463113486524,
  "score4": 0.1567600443632624,
  "score5": 0.02765684656353776,
  "score6": 0.1977291107544883
}