{
  "score0": 0.34596124329159383,
  "score1": 0.17039356887219673,
  "score2": 0.22275248255904384,
  "score3": 0.16989901030333643,
  "score4": 0.021696721274218404,
  "score5": 0.3661615492857467,
  "score6": 0.5532565032716795
}