{
  "score0": 0.2934309029962946,
  "score1": 0.6105040629674041,
  "score2": 0.4479915293341296,
  "score3": 0.12547954736276737,
  "score4": 0.7337992042933542,
  "score5": 0.181198818638883,
  "score6": 0.09872666819680638
}