{
  "score0": 0.25030194126028893,
  "score1": 0.012473518369628721,
  "score2": 0.28136951246861874,
  "score3": 0.1425501836169003,
  "score4": 0.2572344477206439,
  "score5": 0.704139207974421,
  "score6": 0.6266039404314825
}