{
  "score0": 0.258515159899639,
  "score1": 0.5997039513558434,
  "score2": 0.598557849990827,
  "score3": 0.47150885008242654,
  "score4": 0.261750877468173,
  "score5": 0.18343972622075508,
  "score6": 0.04027013078957003
}