{
  "score0": 0.1375688261114347,
  "score1": 0.5201241758974661,
  "score2": 0.08481939949788668,
  "score3": 0.27724471654727545,
  "score4": 0.1452547412037111,
  "score5": 0.06665790603371238,
  "score6": 0.19460522050629678
}