{
  "score0": 0.6453148324979087,
  "score1": 0.27409978541989233,
  "score2": 0.044913723711160196,
  "score3": 0.46013237976915544,
  "score4": 0.7369821596445748,
  "score5": 0.4345396356842848,
  "score6": 0.6324895175635823
}