{
  "score0": 0.14184904210981789,
  "score1": 0.3306240644718486,
  "score2": 0.4713378131841563,
  "score3": 0.3179793637405613,
  "score4": 0.7351132222438778,
  "score5": 0.6406136469307818,
  "score6": 0.8328729381813519
}