{
  "score0": 0.3056194364328051,
  "score1": 0.3212814249831424,
  "score2": 0.718308754010718,
  "score3": 0.5430068947925024,
  "score4": 0.24324107369581358,
  "score5": 0.20140258629434873,
  "score6": 0.538684614503531
}