{
  "score0": 0.5769792592491598,
  "score1": 0.06584136388806805,
  "score2": 0.10354475448773216,
  "score3": 0.15533196115629347,
  "score4": 0.3987484812198907,
  "score5": 0.3078634872319,
  "score6": 0.3562415226633233
}