{
  "score0": 0.5769792592491598,
  "score1": 0.06584136388806805,
  "score2": 0.09625622529435458,
  "score3": 0.08587521079765705,
  "score4": 0.18697456396449588,
  "score5": 0.22329385112707525,
  "score6": 0.16146590090147603
}