{
  "score0": 0.025855051406287202,
  "score1": 0.2847319677100288,
  "score2": 0.45524381458610963,
  "score3": 0.6773707688603969,
  "score4": 0.44183984913354785,
  "score5": 0.8192117562814242,
  "score6": 0.6312873700354896
}