{
  "score0": 0.283373760177531,
  "score1": 0.5947389466647828,
  "score2": 0.5140285909006818,
  "score3": 0.339169171146472,
  "score4": 0.17583781053262748,
  "score5": 0.15251062965950993,
  "score6": 0.22504466585110564
}