{
  "score0": 0.258515159899639,
  "score1": 0.6733001749467473,
  "score2": 0.5299642669348671,
  "score3": 0.33306825646525584,
  "score4": 0.261750877468173,
  "score5": 0.18343972622075508,
  "score6": 0.04027013078957003
}