{
  "score0": 0.3761064115995742,
  "score1": 0.578831765899309,
  "score2": 0.6561260639207755,
  "score3": 0.6691109685454125,
  "score4": 0.6760400979080575,
  "score5": 0.6190501049942175,
  "score6": 0.36198556782876573
}