{
  "score0": 0.220680372332208,
  "score1": 0.3339171053723241,
  "score2": 0.571055872226272,
  "score3": 0.48392393354697827,
  "score4": 0.3945238044767394,
  "score5": 0.14884115472135606,
  "score6": 0.08925992643429419
}