{
  "score0": 0.46796896146783745,
  "score1": 0.32796308167343574,
  "score2": 0.41992718733965406,
  "score3": 0.4797812982559062,
  "score4": 0.6790477330487626,
  "score5": 0.7338747507426809,
  "score6": 0.3554708701961482
}