{
  "score0": 0.0998025166148607,
  "score1": 0.40605493150029925,
  "score2": 0.3501476827948507,
  "score3": 0.29830603458626787,
  "score4": 0.7084057763180213,
  "score5": 0.3867572934155483,
  "score6": 0.686310258912898
}