{
  "score0": 0.2534533472676486,
  "score1": 0.48648341379931015,
  "score2": 0.31205622223260754,
  "score3": 0.6109667524483345,
  "score4": 0.724284187661902,
  "score5": 0.43929126237299804,
  "score6": 0.4176149202767328
}