{
  "score0": 0.09991249338557898,
  "score1": 0.45479948083172095,
  "score2": 0.3378648050328662,
  "score3": 0.2894781668126669,
  "score4": 0.6992257740462794,
  "score5": 0.5974412148729079,
  "score6": 0.6643072751180893
}