{
  "score0": 0.45299706708001414,
  "score1": 0.2829448090436607,
  "score2": 0.4499145270247213,
  "score3": 0.6522121415313955,
  "score4": 0.6357047417038426,
  "score5": 0.2245648981083528,
  "score6": 0.5200982573823959
}