{
  "score0": 0.0998025166148607,
  "score1": 0.3509736559481621,
  "score2": 0.2964834405388019,
  "score3": 0.7084057763180213,
  "score4": 0.3867572934155483,
  "score5": 0.686310258912898,
  "score6": 0.4112292643546918
}