{
  "score0": 0.7544302544029327,
  "score1": 0.17677786203789767,
  "score2": 0.05845373052271443,
  "score3": 0.4945955128551233,
  "score4": 0.4915269103062871,
  "score5": 0.5891530618647752,
  "score6": 0.17519638457022477
}