{
  "score0": 0.11019215991339804,
  "score1": 0.04720139526582076,
  "score2": 0.2949416913682102,
  "score3": 0.43252051168678074,
  "score4": 0.4778772364687656,
  "score5": 0.41399626390091165,
  "score6": 0.14707021615328209
}