{
  "score0": 0.38902044435253297,
  "score1": 0.17717611961326624,
  "score2": 0.11153605137440176,
  "score3": 0.03635769282349383,
  "score4": 0.058494332358627214,
  "score5": 0.251176576238386,
  "score6": 0.46623145931366866
}