{
  "score0": 0.21230523299178172,
  "score1": 0.3122078025652011,
  "score2": 0.5562367522305295,
  "score3": 0.48392393354697827,
  "score4": 0.1958830207349698,
  "score5": 0.13033301403589878,
  "score6": 0.12822835774697405
}