{
  "score0": 0.31120996333243234,
  "score1": 0.4672610973719022,
  "score2": 