{
  "score0": 0.6258771795906041,
  "score1": 0.4500936660000981,
  "score2": 0.2831321220625328,
  "score3": 0.1489083565876499,
  "score4": 0.04484931046068221,
  "score5": 0.11417420414712343,
  "score6": 0.38233679046229524
}