{
  "score0": 0.5603794666596278,
  "score1": 0.49130249345938287,
  "score2": 0.7393408436149635,
  "score3": 0.2016352965563626,
  "score4": 0.28975112549262866,
  "score5": 0.15647011646198197,
  "score6": 0.06586227367614016
}