{
  "score0": 0.5465576331225283,
  "score1": 0.5595821072841255,
  "score2": 0.5227057335037845,
  "score3": 0.32226850903292226,
  "score4": 0.06449188580133071,
  "score5": 0.0786864696574965,
  "score6": 0.2666340719212521
}