{
  "score0": 0.10084646445499545,
  "score1": 0.04167167683458088,
  "score2": 0.07742397364299304,
  "score3": 0.034414427977814986,
  "score4": 0.2823127385266219,
  "score5": 0.19571612574299121,
  "score6": 0.18349241207730768
}