{
  "score0": 0.2250575552950602,
  "score1": 0.0500018764551764,
  "score2": 0.23813629680101137,
  "score3": 0.13564189893677522,
  "score4": 0.4187706491405354,
  "score5": 0.6339847220119684,
  "score6": 0.6157538790088932
}