{
  "score0": 0.45507013828394355,
  "score1": 0.25582817423157,
  "score2": 0.44995274399280116,
  "score3": 0.5570678143017193,
  "score4": 0.6681606370812636,
  "score5": 0.6031040058065708,
  "score6": 0.1320987308113254
}