{
  "score0": 0.30779964548795835,
  "score1": 0.452390931698245,
  "score2": 