{
  "score0": 0.2534533472676486,
  "score1": 0.48648341379931015,
  "score2": 0.48930488442450915,
  "score3": 0.6413084460625061,
  "score4": 0.604572866534139,
  "score5": 0.4711315946157948,
  "score6": 0.3226138756724523
}