{
  "score0": 0.09627427526181674,
  "score1": 0.43051996811636106,
  "score2": 0.296276864840168,
  "score3": 0.3283916277141948,
  "score4": 0.6735416632925421,
  "score5": 0.6862542793024781,
  "score6": 0.7587040148432579
}