{
  "score0": 0.5762401467290911,
  "score1": 0.5072598420986802,
  "score2": 0.44560832865649996,
  "score3": 0.377637508274868,
  "score4": 0.3682820720568409,
  "score5": 0.08598349514824466,
  "score6": 0.12047186434531937
}