{
  "score0": 0.5824984540831127,
  "score1": 0.44295848930345827,
  "score2": 0.12931371102846925,
  "score3": 0.209917088083421,
  "score4": 0.5838463246353145,
  "score5": 0.29248356052613284,
  "score6": 0.2925885255918758
}