{
  "score0": 0.4918870480530137,
  "score1": 0.7613581084612513,
  "score2": 0.08121240476667875,
  "score3": 0.14016634999597818,
  "score4": 0.31846487149662794,
  "score5": 0.16761878709277936,
  "score6": 0.3558589787511453
}