{
  "score0": 0.22850598725565252,
  "score1": 0.3438704643824747,
  "score2": 0.5366127403124574,
  "score3": 0.5872342170133407,
  "score4": 0.65343115877743,
  "score5": 0.17477344124422659,
  "score6": 0.451341247916248
}