{
  "score0": 0.10813450902711752,
  "score1": 0.07605056661709074,
  "score2": 0.06785996724393287,
  "score3": 0.19229910366048686,
  "score4": 0.1013230238932415,
  "score5": 0.09708866460006678,
  "score6": 0.21276887793822974
}