{
  "score0": 0.4889990150568184,
  "score1": 0.30779964548795835,
  "score2": 0.452390931698245,
  "score3": 0.480413852574038,
  "score4": 0.6410241442285128,
  "score5": 0.732884255759766,
  "score6": 0.504131599382274
}