{
  "score0": 0.10215180556755424,
  "score1": 0.45479948083172095,
  "score2": 0.3378648050328662,
  "score3": 0.2926121535365348,
  "score4": 0.6735416632925421,
  "score5": 0.6862542793024781,
  "score6": 0.7587040148432579
}