{
  "score0": 0.6258771795906041,
  "score1": 0.4345426736011051,
  "score2": 0.12931371102846925,
  "score3": 0.209917088083421,
  "score4": 0.5838463246353145,
  "score5": 0.29248356052613284,
  "score6": 0.2925885255918758
}