{
  "score0": 0.07286079362592197,
  "score1": 0.06484444232329672,
  "score2": 0.3229658244362857,
  "score3": 0.3581119790536093,
  "score4": 0.31481695918743663,
  "score5": 0.4111301363676085,
  "score6": 0.4842965555996526
}