{
  "score0": 0.2937476426727442,
  "score1": 0.47133894005558435,
  "score2": 0.5148007568017019,
  "score3": 0.30132353808827855,
  "score4": 0.16423299982723416,
  "score5": 0.12302697403843225,
  "score6": 0.0009108562086412925
}