{
  "score0": 0.22687810146707366,
  "score1": 0.31913445486147796,
  "score2": 0.5294692306605993,
  "score3": 0.47886267985584646,
  "score4": 0.21429288747136033,
  "score5": 0.21354718787365637,
  "score6": 0.38310484705196907
}