{
  "score0": 0.39290637571302134,
  "score1": 0.30990301390367403,
  "score2": 0.4499145270247213,
  "score3": 0.6522121415313955,
  "score4": 0.6357047417038426,
  "score5": 0.2245648981083528,
  "score6": 0.5200982573823959
}