{
  "score0": 0.13807594571461748,
  "score1": 0.05216580188137003,
  "score2": 0.04975683890819801,
  "score3": 0.15553377165864338,
  "score4": 0.019935687024430212,
  "score5": 0.29694097142150827,
  "score6": 0.36271972548530135
}