{
  "score0": 0.7196854967341441,
  "score1": 0.18863984874267994,
  "score2": 0.0008789826761599045,
  "score3": 0.5056220334041949,
  "score4": 0.4036674478041524,
  "score5": 0.369436103208398,
  "score6": 0.6112174712872461
}