{
  "score0": 0.37665129518048607,
  "score1": 0.1574391667712602,
  "score2": 0.10805135494000553,
  "score3": 0.1164746741945385,
  "score4": 0.033449103494322834,
  "score5": 0.3730674095397546,
  "score6": 0.4655116261840127
}