{
  "score0": 0.39290637571302134,
  "score1": 0.3014437663680317,
  "score2": 0.4028498450291952,
  "score3": 0.6525156083216223,
  "score4": 0.6522121415313955,
  "score5": 0.6357047417038426,
  "score6": 0.2245648981083528
}