{
  "score0": 0.39147830178203724,
  "score1": 0.17180658287448639,
  "score2": 0.13260799163783832,
  "score3": 0.06784497861905155,
  "score4": 0.03612721445535169,
  "score5": 0.39007374671196965,
  "score6": 0.46864425836606327
}