{
  "score0": 0.49130249345938287,
  "score1": 0.7393408436149635,
  "score2": 0.16276052772581767,
  "score3": 0.013139465352851749,
  "score4": 0.16660191885363407,
  "score5": 0.5871075548669592,
  "score6": 0.6536237666807724
}