{
  "score0": 0.13807594571461748,
  "score1": 0.08231917609411685,
  "score2": 0.11109978729189636,
  "score3": 0.019935687024430212,
  "score4": 0.29694097142150827,
  "score5": 0.36271972548530135,
  "score6": 0.21925291355280255
}