{
  "score0": 0.10604447965533992,
  "score1": 0.02543750410649806,
  "score2": 0.242650735735278,
  "score3": 0.4408066680506444,
  "score4": 0.4778772364687656,
  "score5": 0.41399626390091165,
  "score6": 0.14707021615328209
}