{
  "score0": 0.0998025166148607,
  "score1": 0.40605493150029925,
  "score2": 0.3467955180767779,
  "score3": 0.4411388801380509,
  "score4": 0.6720487543133261,
  "score5": 0.6087855438382723,
  "score6": 0.4511953159358401
}