{
  "score0": 0.36702434014515845,
  "score1": 0.17717611961326624,
  "score2": 0.13472209187603804,
  "score3": 0.05874076606540407,
  "score4": 0.05888855266399687,
  "score5": 0.22032066518115104,
  "score6": 0.3644861038107942
}