{
  "score0": 0.2921190487533918,
  "score1": 0.5465576331225283,
  "score2": 0.5595821072841255,
  "score3": 0.3815501198899649,
  "score4": 0.20020340550936822,
  "score5": 0.13276057567208674,
  "score6": 0.075258413975873
}