{
  "score0": 0.11755356039997394,
  "score1": 0.11482922344940924,
  "score2": 0.04732479363511359,
  "score3": 0.10392344379908004,
  "score4": 0.12867981791206431,
  "score5": 0.03550885463202821,
  "score6": 0.0847777241973499
}