{
  "score0": 0.7354141270177507,
  "score1": 0.16318549694757123,
  "score2": 0.0008937261294394367,
  "score3": 0.5056220334041949,
  "score4": 0.4036674478041524,
  "score5": 0.369436103208398,
  "score6": 0.6112174712872461
}