{
  "score0": 0.45507013828394355,
  "score1": 0.25582817423157,
  "score2": 0.40817253299113987,
  "score3": 0.6008000430553229,
  "score4": 0.6668132438279574,
  "score5": 0.4624633311536604,
  "score6": 0.19577384883721907
}