{
  "score0": 0.10503272834160135,
  "score1": 0.09335370162874658,
  "score2": 0.0323580002289724,
  "score3": 0.12256514425054475,
  "score4": 0.3559877258119038,
  "score5": 0.29095213246409113,
  "score6": 0.36556892862348755
}