{
  "score0": 0.5603794666596278,
  "score1": 0.49130249345938287,
  "score2": 0.6726261600416265,
  "score3": 0.2016352965563626,
  "score4": 0.349763617022643,
  "score5": 0.047053482215870156,
  "score6": 0.12658727726594968
}