{
  "score0": 0.220680372332208,
  "score1": 0.3339171053723241,
  "score2": 0.5959243057889116,
  "score3": 0.34543099321375476,
  "score4": 0.3945238044767394,
  "score5": 0.14884115472135606,
  "score6": 0.08925992643429419
}