{
  "score0": 0.5186641016530912,
  "score1": 0.7451277461325441,
  "score2": 0.1529298993271451,
  "score3": 0.05088641640517994,
  "score4": 0.11567984478270565,
  "score5": 0.46686868061096165,
  "score6": 0.5837457700342178
}