{
  "score0": 0.32474766820832246,
  "score1": 0.47133894005558435,
  "score2": 0.595967639772069,
  "score3": 0.270495025939046,
  "score4": 0.14428306180526093,
  "score5": 0.13675293803744118,
  "score6": 0.19449925626268216
}