{
  "score0": 0.48936019203012,
  "score1": 0.7613581084612513,
  "score2": 0.08121240476667875,
  "score3": 0.13014073186905434,
  "score4": 0.2616403889043161,
  "score5": 0.13507359083475903,
  "score6": 0.3626089657920463
}