{
  "score0": 0.36702434014515845,
  "score1": 0.17717611961326624,
  "score2": 0.11153605137440176,
  "score3": 0.05874076606540407,
  "score4": 0.05885084577867072,
  "score5": 0.13401798941500193,
  "score6": 0.3080951059804331
}