{
  "score0": 0.2996873494158365,
  "score1": 0.5779863380251282,
  "score2": 0.5295194850005202,
  "score3": 0.15490837802427848,
  "score4": 0.4494848767242859,
  "score5": 0.18881138738880102,
  "score6": 0.18600854833776323
}