{
  "score0": 0.31120996333243234,
  "score1": 0.4893592370070234,
  "score2": 0.4692383507295971,
  "score3": 0.6660456270226063,
  "score4": 0.7039731851314907,
  "score5": 0.5535495377745668,
  "score6": 0.3268691673932306
}