{
  "score0": 0.6258771795906041,
  "score1": 0.4500936660000981,
  "score2": 0.29317334584321114,
  "score3": 0.23359400261565644,
  "score4": 0.209917088083421,
  "score5": 0.5838463246353145,
  "score6": 0.29248356052613284
}