{
  "score0": 0.7418316428263818,
  "score1": 0.17677786203789767,
  "score2": 0.08623137895065643,
  "score3": 0.33521363119944575,
  "score4": 0.30656643037645215,
  "score5": 0.5545529780107911,
  "score6": 0.6635408420497657
}