{
  "score0": 0.3120678481662644,
  "score1": 0.5954443848454216,
  "score2": 0.4734608319161315,
  "score3": 0.11685436500049028,
  "score4": 0.2769171259966154,
  "score5": 0.036236037245988534,
  "score6": 0.1658838122583903
}