{
  "score0": 0.4545294250237079,
  "score1": 0.25582817423157,
  "score2": 0.44995274399280116,
  "score3": 0.4797812982559062,
  "score4": 0.6790477330487626,
  "score5": 0.7338747507426809,
  "score6": 0.3554708701961482
}