{
  "score0": 0.5186641016530912,
  "score1": 0.6930416662105467,
  "score2": 0.16276052772581767,
  "score3": 0.013139465352851749,
  "score4": 0.16660191885363407,
  "score5": 0.5871075548669592,
  "score6": 0.6536237666807724
}