{
  "score0": 0.4889990150568184,
  "score1": 0.32796308167343574,
  "score2": 0.41992718733965406,
  "score3": 0.480413852574038,
  "score4": 0.6410241442285128,
  "score5": 0.732884255759766,
  "score6": 0.504131599382274
}