{
  "score0": 0.11755356039997394,
  "score1": 0.07605056661709074,
  "score2": 0.08297169619871106,
  "score3": 0.16748383094288732,
  "score4": 0.12867981791206431,
  "score5": 0.03550885463202821,
  "score6": 0.0847777241973499
}