{
  "score0": 0.37653890978152105,
  "score1": 0.17180658287448639,
  "score2": 0.13260799163783832,
  "score3": 0.03635769282349383,
  "score4": 0.058494332358627214,
  "score5": 0.251176576238386,
  "score6": 0.46623145931366866
}