{
  "score0": 0.5631184097815896,
  "score1": 0.397900392048679,
  "score2": 0.32601977548791083,
  "score3": 0.1617228329641142,
  "score4": 0.061690015903233086,
  "score5": 0.06889970981531508,
  "score6": 0.4996820000320961
}