{
  "score0": 0.4877851767328881,
  "score1": 0.7959111307903666,
  "score2": 0.08806658457825027,
  "score3": 0.04838734630467367,
  "score4": 0.3070778471538243,
  "score5": 0.5882580430806021,
  "score6": 0.08601453192459402
}