{
  "score0": 0.1477411944364261,
  "score1": 0.026776117075966374,
  "score2": 0.2782423409607691,
  "score3": 0.13569863287010406,
  "score4": 0.2252988040046963,
  "score5": 0.704880097418842,
  "score6": 0.6557450448013848
}