{
  "score0": 0.08075064205461223,
  "score1": 0.028046820817827903,
  "score2": 0.21326847159561604,
  "score3": 0.2125264934938049,
  "score4": 0.4042545958582702,
  "score5": 0.45848757321808975,
  "score6": 0.24689860249382098
}