{
  "score0": 0.6258771795906041,
  "score1": 0.4500936660000981,
  "score2": 0.28826406719562453,
  "score3": 0.23359400261565644,
  "score4": 0.31101177129411123,
  "score5": 0.5042346732709814,
  "score6": 0.2569093508908114
}