{
  "score0": 0.08901798213650805,
  "score1": 0.04720139526582076,
  "score2": 0.2949416913682102,
  "score3": 0.41648169977684885,
  "score4": 0.6023306041829114,
  "score5": 0.3745192057271729,
  "score6": 0.06241186121564238
}