{
  "score0": 0.10084646445499545,
  "score1": 0.032900797699889885,
  "score2": 0.08801973645469009,
  "score3": 0.2823127385266219,
  "score4": 0.19571612574299121,
  "score5": 0.18349241207730768,
  "score6": 0.2143759033456987
}