{
  "score0": 0.5830717630585233,
  "score1": 0.4743726781127741,
  "score2": 0.2189073545502941,
  "score3": 0.11948286781198265,
  "score4": 0.07381191652919833,
  "score5": 0.06776211866694391,
  "score6": 0.3078474689392385
}