{
  "score0": 0.12125897804927957,
  "score1": 0.11482922344940924,
  "score2": 0.04732479363511359,
  "score3": 0.06477745989088318,
  "score4": 0.17734699843997995,
  "score5": 0.033282597703662424,
  "score6": 0.27712569390130226
}