{
  "score0": 0.7281265421719056,
  "score1": 0.16318549694757123,
  "score2": 0.0008937261294394367,
  "score3": 0.352826118357994,
  "score4": 0.24253464332341798,
  "score5": 0.4641348723231113,
  "score6": 0.7066307660461605
}