{
  "score0": 0.10813450902711752,
  "score1": 0.07605056661709074,
  "score2": 0.08297169619871106,
  "score3": 0.24208559931652807,
  "score4": 0.0909795122637352,
  "score5": 0.07633673171979091,
  "score6": 0.16941882304875674
}