{
  "score0": 0.6943012669783099,
  "score1": 0.18863984874267994,
  "score2": 0.0008789826761599045,
  "score3": 0.22978225937086427,
  "score4": 0.3247691468693558,
  "score5": 0.23084806427999563,
  "score6": 0.3286204131951755
}