{
  "score0": 0.16568946965485323,
  "score1": 0.06815183151925049,
  "score2": 0.33032277318137904,
  "score3": 0.3373996515403399,
  "score4": 0.29900715901852165,
  "score5": 0.7105784745871349,
  "score6": 0.2891537948040179
}