{
  "score0": 0.7959111307903666,
  "score1": 0.15719537399263359,
  "score2": 0.15283750834028023,
  "score3": 0.4915269103062871,
  "score4": 0.5891530618647752,
  "score5": 0.17519638457022477,
  "score6": 0.5172500954051068
}