{
  "score0": 0.5032453830028581,
  "score1": 0.7963361146532755,
  "score2": 0.08806658457825027,
  "score3": 0.09248454666317842,
  "score4": 0.31846487149662794,
  "score5": 0.16761878709277936,
  "score6": 0.3558589787511453
}