{
  "score0": 0.22687810146707366,
  "score1": 0.31913445486147796,
  "score2": 0.5959243057889116,
  "score3": 0.5040402015770988,
  "score4": 0.28265397614736426,
  "score5": 0.1469207311337245,
  "score6": 0.3893087960860297
}