{
  "score0": 0.08256337014266689,
  "score1": 0.04004425963683442,
  "score2": 0.08249494641473637,
  "score3": 0.2019243488054018,
  "score4": 0.3401632081410126,
  "score5": 0.28394024204325313,
  "score6": 0.3128039836951085
}