{
  "score0": 0.3122078025652011,
  "score1": 0.5562367522305295,
  "score2": 0.5113333503992141,
  "score3": 0.2625324920401421,
  "score4": 0.15490837802427848,
  "score5": 0.4494848767242859,
  "score6": 0.18881138738880102
}