{
  "score0": 0.6943012669783099,
  "score1": 0.23062708209188307,
  "score2": 0.009499298385610335,
  "score3": 0.22978225937086427,
  "score4": 0.3247691468693558,
  "score5": 0.23084806427999563,
  "score6": 0.3286204131951755
}