{
  "score0": 0.07286079362592197,
  "score1": 0.06484444232329672,
  "score2": 0.31063691655725667,
  "score3": 0.3616319348423336,
  "score4": 0.2125264934938049,
  "score5": 0.4042545958582702,
  "score6": 0.45848757321808975
}