{
  "score0": 0.5186641016530912,
  "score1": 0.7451277461325441,
  "score2": 0.08286838268836157,
  "score3": 0.18807906251949405,
  "score4": 0.1672626023206872,
  "score5": 0.013139465352851749,
  "score6": 0.16660191885363407
}