{
  "score0": 0.19960262525236594,
  "score1": 0.01856839862500025,
  "score2": 0.3267369251670879,
  "score3": 0.08803749081837288,
  "score4": 0.321278366063237,
  "score5": 0.6267043134313105,
  "score6": 0.5758980097077513
}