{
  "score0": 0.2996873494158365,
  "score1": 0.5268184750285559,
  "score2": 0.6338480683233098,
  "score3": 0.2625324920401421,
  "score4": 0.15490837802427848,
  "score5": 0.4494848767242859,
  "score6": 0.18881138738880102
}