{
  "score0": 0.15236695986911403,
  "score1": 0.01856839862500025,
  "score2": 0.3267369251670879,
  "score3": 0.13569863287010406,
  "score4": 0.2252988040046963,
  "score5": 0.704880097418842,
  "score6": 0.6557450448013848
}