{
  "score0": 0.22850598725565252,
  "score1": 0.31953193576942074,
  "score2": 0.5132585106402928,
  "score3": 0.65343115877743,
  "score4": 0.17477344124422659,
  "score5": 0.451341247916248,
  "score6": 0.17269925840501377
}