{
  "score0": 0.23007680357855334,
  "score1": 0.0500018764551764,
  "score2": 0.24846070327578634,
  "score3": 0.10993036206690919,
  "score4": 0.12434960124188814,
  "score5": 0.48529184377814677,
  "score6": 0.5384654108804066
}