{
  "score0": 0.2824346085447267,
  "score1": 0.49935110356774115,
  "score2": 0.5994172330453399,
  "score3": 0.5173465001842249,
  "score4": 0.16423299982723416,
  "score5": 0.12302697403843225,
  "score6": 0.0009108562086412925
}