{
  "score0": 0.5389096793137161,
  "score1": 0.46037084840504117,
  "score2": 0.2189073545502941,
  "score3": 0.09573755420733716,
  "score4": 0.021119158506889682,
  "score5": 0.23137170030407508,
  "score6": 0.1097707189940667
}