{
  "score0": 0.5762401467290911,
  "score1": 0.5072598420986802,
  "score2": 0.6726261600416265,
  "score3": 0.26600438180156644,
  "score4": 0.4523471840912321,
  "score5": 0.15223595030994702,
  "score6": 0.007023385624506295
}