{
  "score0": 0.3291130790919312,
  "score1": 0.7406405607869591,
  "score2": 0.2170775350075197,
  "score3": 0.13068301094699022,
  "score4": 0.1105601227727213,
  "score5": 0.12158810993638625,
  "score6": 0.31598131518719386
}