{
  "score0": 0.48602992181604543,
  "score1": 0.30174689231262575,
  "score2": 0.08237291252407102,
  "score3": 0.20728010757608173,
  "score4": 0.15127957453969212,
  "score5": 0.4681069506779519,
  "score6": 0.5286070582085703
}