{
  "score0": 0.6879903030388985,
  "score1": 0.5003411888397953,
  "score2": 0.5344165828537515,
  "score3": 0.16313499167879308,
  "score4": 0.06977397232664166,
  "score5": 0.270124927845476,
  "score6": 0.2035591269821734
}