{
  "score0": 0.6655290759915244,
  "score1": 0.46826296143045676,
  "score2": 0.6707777885349824,
  "score3": 0.12462293916864105,
  "score4": 0.2874357113571822,
  "score5": 0.08097844795102617,
  "score6": 0.23863726637293103
}