{
  "score0": 0.6712016169191102,
  "score1": 0.6204182133600887,
  "score2": 0.6707777885349824,
  "score3": 0.13355940116825546,
  "score4": 0.3307308696270112,
  "score5": 0.07045464039048333,
  "score6": 0.16160906218967497
}