{
  "score0": 0.6436359755786384,
  "score1": 0.2805497033644069,
  "score2": 0.23137994074164692,
  "score3": 0.013140823166012746,
  "score4": 0.35141121567584904,
  "score5": 0.428186490403163,
  "score6": 0.12038066161119143
}