{
  "score0": 0.2141694450179325,
  "score1": 0.3371783523574552,
  "score2": 0.21313208182845947,
  "score3": 0.4863638321706066,
  "score4": 0.5742967358519447,
  "score5": 0.6324237788200083,
  "score6": 0.4208892779659997
}