{
  "score0": 0.23068045452716315,
  "score1": 0.3746952011468942,
  "score2": 0.5070194766819012,
  "score3": 0.33717303157022477,
  "score4": 0.5020490770527221,
  "score5": 0.3308149854773354,
  "score6": 0.3768056467157727
}