{
  "score0": 0.7858880930691046,
  "score1": 0.37770714466115235,
  "score2": 0.17761682630943867,
  "score3": 0.20160765271585843,
  "score4": 0.4908490380885624,
  "score5": 0.29811175534427364,
  "score6": 0.37996184433513536
}