{
  "score0": 0.20859684011966795,
  "score1": 0.3351797156462017,
  "score2": 0.25497059441787434,
  "score3": 0.5297882009563804,
  "score4": 0.4886121486639778,
  "score5": 0.30043756252688464,
  "score6": 0.17493597716389764
}