{
  "score0": 0.4861755008574483,
  "score1": 0.3019084999907958,
  "score2": 0.0823895162823688,
  "score3": 0.20728010757608173,
  "score4": 0.15135206336176307,
  "score5": 0.4681069506779519,
  "score6": 0.5286070582085703
}