{
  "score0": 0.0670707089802008,
  "score1": 0.2503643276052179,
  "score2": 0.376950818773339,
  "score3": 0.34951324610570805,
  "score4": 0.6350433600895316,
  "score5": 0.5251596920623008,
  "score6": 0.3161463241367513
}