{
  "score0": 0.0826095758357343,
  "score1": 0.2504108309085571,
  "score2": 0.376950818773339,
  "score3": 0.3353613019512001,
  "score4": 0.5123218609782811,
  "score5": 0.5840639102585826,
  "score6": 0.2907148700726548
}