{
  "score0": 0.20855639536807175,
  "score1": 0.3351797156462017,
  "score2": 0.17108890597615947,
  "score3": 0.5035939887964997,
  "score4": 0.5942288162973285,
  "score5": 0.33703068724458657,
  "score6": 0.19018833202743482
}