{
  "score0": 0.07363990082092478,
  "score1": 0.25012867811501266,
  "score2": 0.3122546054746174,
  "score3": 0.47217808935282973,
  "score4": 0.5524777883804483,
  "score5": 0.5903496649064186,
  "score6": 0.3278989366674141
}