{
  "score0": 0.7601695277126908,
  "score1": 0.5223510735658704,
  "score2": 0.1851055411500348,
  "score3": 0.0604897737761192,
  "score4": 0.2688071073932234,
  "score5": 0.36362220865206624,
  "score6": 0.6732440648177823
}