{
  "score0": 0.24606395059466213,
  "score1": 0.3587155141812214,
  "score2": 0.30926862246674297,
  "score3": 0.22997809714909292,
  "score4": 0.5014189720635606,
  "score5": 0.14669371761942912,
  "score6": 0.21147455663499307
}