{
  "score0": 0.7262502739851318,
  "score1": 0.4971452609984688,
  "score2": 0.17017219811607365,
  "score3": 0.15723762434460217,
  "score4": 0.2904096362949146,
  "score5": 0.5852322023562273,
  "score6": 0.5005461448147676
}