{
  "score0": 0.6879903030388985,
  "score1": 0.6359732155877986,
  "score2": 0.721591040971851,
  "score3": 0.23687798076230263,
  "score4": 0.1301167706384783,
  "score5": 0.10438920629212863,
  "score6": 0.2799377183371813
}