{
  "score0": 0.1271719309821641,
  "score1": 0.47332642553496534,
  "score2": 0.7055835459673752,
  "score3": 0.4291877862847649,
  "score4": 0.48230243052447647,
  "score5": 0.27068563111290955,
  "score6": 0.21206633682531417
}