{
  "score0": 0.6956878028047668,
  "score1": 0.8758725064850972,
  "score2": 0.8059528728602974,
  "score3": 0.6120656115099853,
  "score4": 0.2784954059960927,
  "score5": 0.07171612659232292,
  "score6": 0.0990735317963618
}