{
  "score0": 0.7261689373429321,
  "score1": 0.4971452609984688,
  "score2": 0.18354167484537032,
  "score3": 0.13321852403609374,
  "score4": 0.20157376044747788,
  "score5": 0.4908490380885624,
  "score6": 0.29811175534427364
}