{
  "score0": 0.12718655498613485,
  "score1": 0.4734210977287004,
  "score2": 0.6548070169211824,
  "score3": 0.3997232920838534,
  "score4": 0.5175739892369378,
  "score5": 0.263385221748371,
  "score6": 0.1382155878616209
}