{
  "score0": 0.06708220391953487,
  "score1": 0.2504108309085571,
  "score2": 0.3211299554749671,
  "score3": 0.4197635251469469,
  "score4": 0.5731908072523629,
  "score5": 0.5222333746411562,
  "score6": 0.25050948129327716
}