{
  "score0": 0.27615732307543367,
  "score1": 0.10361344930289582,
  "score2": 0.3055338999616519,
  "score3": 0.2957841378833138,
  "score4": 0.5775920884415339,
  "score5": 0.5474979479221299,
  "score6": 0.6336642952450317
}