{
  "score0": 0.23064315149127465,
  "score1": 0.3746247829026997,
  "score2": 0.31973682426731787,
  "score3": 0.19590079833571347,
  "score4": 0.5457636776305482,
  "score5": 0.351141185576034,
  "score6": 0.4232908158947108
}