{
  "score0": 0.6879903030388985,
  "score1": 0.6358929263377002,
  "score2": 0.772410462351911,
  "score3": 0.2788456076960662,
  "score4": 0.16313499167879308,
  "score5": 0.06977397232664166,
  "score6": 0.2699040063794313
}