{
  "score0": 0.2769727192697028,
  "score1": 0.08445898157081222,
  "score2": 0.28757498675151555,
  "score3": 0.2957841378833138,
  "score4": 0.5775920884415339,
  "score5": 0.5474979479221299,
  "score6": 0.6336642952450317
}