{
  "score0": 0.743682371924126,
  "score1": 0.6722226123647637,
  "score2": 0.30686694882201365,
  "score3": 0.18788979013283025,
  "score4": 0.2510628093729265,
  "score5": 0.5464010321130254,
  "score6": 0.6739355889340276
}