{
  "score0": 0.2411718210089266,
  "score1": 0.3795866176099094,
  "score2": 0.541235579370856,
  "score3": 0.03388310471069464,
  "score4": 0.42716169792272146,
  "score5": 0.2324649396765608,
  "score6": 0.18403398454229455
}