{
  "score0": 0.4601391575045095,
  "score1": 0.30703936590209413,
  "score2": 0.10039943784456719,
  "score3": 0.23461364401747972,
  "score4": 0.12011387638510294,
  "score5": 0.5106705546301207,
  "score6": 0.5926795163335709
}