{
  "score0": 0.514456977821346,
  "score1": 0.3130703503319882,
  "score2": 0.08628478529660301,
  "score3": 0.09783359625969097,
  "score4": 0.28735644174064157,
  "score5": 0.33237869952312105,
  "score6": 0.4738744614310648
}