{
  "score0": 0.7262502739851318,
  "score1": 0.4971452609984688,
  "score2": 0.18357557535107522,
  "score3": 0.13321852403609374,
  "score4": 0.20160765271585843,
  "score5": 0.4908490380885624,
  "score6": 0.29811175534427364
}