{
  "score0": 0.23064315149127465,
  "score1": 0.4016843204736897,
  "score2": 0.5067548601250109,
  "score3": 0.33679933496869435,
  "score4": 0.5020490770527221,
  "score5": 0.3308149854773354,
  "score6": 0.3768056467157727
}