{
  "score0": 0.8130377677991423,
  "score1": 0.8352627858383858,
  "score2": 0.7641685337094503,
  "score3": 0.14404771216694331,
  "score4": 0.02105409548729705,
  "score5": 0.19516960680017395,
  "score6": 0.2929844467435647
}