{
  "score0": 0.7602998572181927,
  "score1": 0.5224346082063621,
  "score2": 0.185251603743522,
  "score3": 0.07344410088293114,
  "score4": 0.2688071073932234,
  "score5": 0.3638064272977397,
  "score6": 0.6735443471353536
}