{
  "score0": 0.48602992181604543,
  "score1": 0.30174689231262575,
  "score2": 0.10130553835463504,
  "score3": 0.16258437275496532,
  "score4": 0.27553750341857813,
  "score5": 0.4971531787470103,
  "score6": 0.5780344335747774
}