{
  "score0": 0.6707187659153963,
  "score1": 0.8744107696330312,
  "score2": 0.8297121988094791,
  "score3": 0.5402027424323382,
  "score4": 0.2784954059960927,
  "score5": 0.19226239157020986,
  "score6": 0.02759016490150734
}