{
  "score0": 0.21413072644085246,
  "score1": 0.3370965240061936,
  "score2": 0.21308470959767142,
  "score3": 0.4859033538537209,
  "score4": 0.5742967358519447,
  "score5": 0.6324237788200083,
  "score6": 0.4208892779659997
}