{
  "score0": 0.6707187659153963,
  "score1": 0.8904820114546433,
  "score2": 0.8059528728602974,
  "score3": 0.6120656115099853,
  "score4": 0.2784954059960927,
  "score5": 0.19226239157020986,
  "score6": 0.02759016490150734
}