{
  "score0": 0.21413072644085246,
  "score1": 0.3643959552558215,
  "score2": 0.30770768040665436,
  "score3": 0.5742967358519447,
  "score4": 0.6324237788200083,
  "score5": 0.4208892779659997,
  "score6": 0.288698089964079
}