{
  "score0": 0.6721072061375073,
  "score1": 0.30679245794899485,
  "score2": 0.23136090888266206,
  "score3": 0.013140823166012746,
  "score4": 0.3512710179734428,
  "score5": 0.42799682203198836,
  "score6": 0.12038066161119143
}