{
  "score0": 0.3291130790919312,
  "score1": 0.7529798001982769,
  "score2": 0.30514059273613703,
  "score3": 0.1995660377048909,
  "score4": 0.055523901265594845,
  "score5": 0.12072913885500708,
  "score6": 0.24294960674673205
}