{
  "score0": 0.34896390909024777,
  "score1": 0.7858880930691046,
  "score2": 0.3061362548796281,
  "score3": 0.22449974524092384,
  "score4": 0.026191725601831296,
  "score5": 0.33962561536691277,
  "score6": 0.032709078491288894
}