{
  "score0": 0.13525755892265906,
  "score1": 0.5851208129751397,
  "score2": 0.6690493849767889,
  "score3": 0.5650513045659081,
  "score4": 0.34959192522422766,
  "score5": 0.11621742965005644,
  "score6": 0.23837308802431054
}