{
  "score0": 0.5450341466377975,
  "score1": 0.19995406858980025,
  "score2": 0.2671988727731676,
  "score3": 0.28173590860814574,
  "score4": 0.018953291824879058,
  "score5": 0.1384093507685472,
  "score6": 0.1619991660350529
}