{
  "score0": 0.3181200156504535,
  "score1": 0.19828488460586766,
  "score2": 0.49292117146264947,
  "score3": 0.4770212002443412,
  "score4": 0.6704668741037731,
  "score5": 0.4101400059174806,
  "score6": 0.11071397867569287
}