{
  "score0": 0.8329272283350051,
  "score1": 0.855726235699896,
  "score2": 0.3699987294319223,
  "score3": 0.22459978819150475,
  "score4": 0.224364103937693,
  "score5": 0.5995864671966715,
  "score6": 0.4315690392220107
}