{
  "score0": 0.09565047158681411,
  "score1": 0.4965560062650142,
  "score2": 0.673988065082984,
  "score3": 0.4539147564016813,
  "score4": 0.3642170034558477,
  "score5": 0.41205015986410515,
  "score6": 0.08882140450429453
}