{
  "score0": 0.7857289917151262,
  "score1": 0.37770714466115235,
  "score2": 0.17758739788757072,
  "score3": 0.20157376044747788,
  "score4": 0.4908490380885624,
  "score5": 0.29811175534427364,
  "score6": 0.37996184433513536
}