{
  "score0": 0.6879903030388985,
  "score1": 0.6359732155877986,
  "score2": 0.7163037721929453,
  "score3": 0.2028638034112635,
  "score4": 0.22575796351204894,
  "score5": 0.09495243087840029,
  "score6": 0.1960867000551565
}