{
  "score0": 0.5116817116532097,
  "score1": 0.22909188574345613,
  "score2": 0.39186533556955594,
  "score3": 0.2782085119814995,
  "score4": 0.032866040632141526,
  "score5": 0.09559593368981184,
  "score6": 0.31147221983178947
}