{
  "score0": 0.12718655498613485,
  "score1": 0.4734210977287004,
  "score2": 0.6690493849767889,
  "score3": 0.5650513045659081,
  "score4": 0.34959192522422766,
  "score5": 0.11621742965005644,
  "score6": 0.23837308802431054
}