{
  "score0": 0.28846067308194545,
  "score1": 0.24351548983851107,
  "score2": 0.3432837985721663,
  "score3": 0.28052558025861357,
  "score4": 0.3971651598697046,
  "score5": 0.40923124246428455,
  "score6": 0.2286615733124593
}