{
  "score0": 0.21517195425304747,
  "score1": 0.3370965240061936,
  "score2": 0.254928485768285,
  "score3": 0.5297882009563804,
  "score4": 0.4886121486639778,
  "score5": 0.30043756252688464,
  "score6": 0.17493597716389764
}