{
  "score0": 0.7864665113844271,
  "score1": 0.504862347013879,
  "score2": 0.19243645562733136,
  "score3": 0.06319873138647907,
  "score4": 0.2762720655091761,
  "score5": 0.5091150590617729,
  "score6": 0.5535983712125238
}