{
  "score0": 0.27615732307543367,
  "score1": 0.08281765311573518,
  "score2": 0.26270681943350643,
  "score3": 0.5775920884415339,
  "score4": 0.5474979479221299,
  "score5": 0.6336642952450317,
  "score6": 0.5939056345585252
}