{
  "score0": 0.1922634583366307,
  "score1": 0.3351797156462017,
  "score2": 0.17108890597615947,
  "score3": 0.5476089042749132,
  "score4": 0.5898681148900914,
  "score5": 0.29422869016791775,
  "score6": 0.36913655861806793
}