{
  "score0": 0.5448457792087771,
  "score1": 0.1989506393486841,
  "score2": 0.19267103658344945,
  "score3": 0.28163114092646424,
  "score4": 0.018926850834764326,
  "score5": 0.1384093507685472,
  "score6": 0.16192261593368917
}