{
  "score0": 0.4926042027778412,
  "score1": 0.6345466782792715,
  "score2": 0.5192828770365997,
  "score3": 0.43460312716173105,
  "score4": 0.20733081641580464,
  "score5": 0.1708076749699912,
  "score6": 0.02834971981958513
}