{
  "score0": 0.2838638853527781,
  "score1": 0.0922721306159299,
  "score2": 0.2509510668517628,
  "score3": 0.22669198088036166,
  "score4": 0.573918992669136,
  "score5": 0.4787792028765567,
  "score6": 0.5777562742208334
}