{
  "score0": 0.2762128759776251,
  "score1": 0.10361344930289582,
  "score2": 0.2979055156463473,
  "score3": 0.35517354772567944,
  "score4": 0.5740872517933183,
  "score5": 0.5920935678926066,
  "score6": 0.5865471168840788
}