{
  "score0": 0.5116817116532097,
  "score1": 0.19979400569871175,
  "score2": 0.2671988727731676,
  "score3": 0.2798981254972451,
  "score4": 0.032866040632141526,
  "score5": 0.09559593368981184,
  "score6": 0.31147221983178947
}