{
  "score0": 0.8225053500069277,
  "score1": 0.8237171131533567,
  "score2": 0.535017583515697,
  "score3": 0.23489866022596728,
  "score4": 0.13107786102128885,
  "score5": 0.3164637995276336,
  "score6": 0.4619156306143235
}