{
  "score0": 0.34896390909024777,
  "score1": 0.7993101058607486,
  "score2": 0.3061362548796281,
  "score3": 0.22439184102740795,
  "score4": 0.026191725601831296,
  "score5": 0.3394665206066501,
  "score6": 0.03269974727220306
}