{
  "score0": 0.24517810703116294,
  "score1": 0.08132909827302036,
  "score2": 0.2979055156463473,
  "score3": 0.35517354772567944,
  "score4": 0.5740872517933183,
  "score5": 0.5920935678926066,
  "score6": 0.5865471168840788
}