{
  "score0": 0.3178471647418336,
  "score1": 0.19824590738057415,
  "score2": 0.49292117146264947,
  "score3": 0.4770212002443412,
  "score4": 0.6701988698346161,
  "score5": 0.40996344643642546,
  "score6": 0.11061051249935315
}