{
  "score0": 0.23693939399860495,
  "score1": 0.40600237775339215,
  "score2": 0.19342438057266312,
  "score3": 0.4859033538537209,
  "score4": 0.5742967358519447,
  "score5": 0.6324237788200083,
  "score6": 0.4208892779659997
}