{
  "score0": 0.315882323795071,
  "score1": 0.10739565749728175,
  "score2": 0.26029489621352864,
  "score3": 0.3465081168294799,
  "score4": 0.4279431174468422,
  "score5": 0.568742807842616,
  "score6": 0.6484904764258692
}