{
  "score0": 0.4723324401259111,
  "score1": 0.2769727192697028,
  "score2": 0.10038283408626938,
  "score3": 0.1993048475608593,
  "score4": 0.19295364209894725,
  "score5": 0.5536168627476763,
  "score6": 0.5167224452408207
}