{
  "score0": 0.2762128759776251,
  "score1": 0.10361344930289582,
  "score2": 0.30565228616954315,
  "score3": 0.295928354539283,
  "score4": 0.577857747365902,
  "score5": 0.5477275741590645,
  "score6": 0.6336642952450317
}