{
  "score0": 0.46826296143045676,
  "score1": 0.7988522743932223,
  "score2": 0.10382831745115523,
  "score3": 0.06548107971515925,
  "score4": 0.316453361687344,
  "score5": 0.3544268903239319,
  "score6": 0.5906388827176818
}