{
  "score0": 0.07362840588159072,
  "score1": 0.2500493841779463,
  "score2": 0.3122546054746174,
  "score3": 0.47199582948464563,
  "score4": 0.5524777883804483,
  "score5": 0.5903496649064186,
  "score6": 0.32780241375194724
}