{
  "score0": 0.48366973755660725,
  "score1": 0.550015871388752,
  "score2": 0.5193639011727016,
  "score3": 0.43460312716173105,
  "score4": 0.20733081641580464,
  "score5": 0.1708076749699912,
  "score6": 0.02834971981958513
}