{
  "score0": 0.48366973755660725,
  "score1": 0.5497314499938288,
  "score2": 0.55360723801049,
  "score3": 0.4483628408668498,
  "score4": 0.2521564807522981,
  "score5": 0.224544490500848,
  "score6": 0.027719270613273648
}