{
  "score0": 0.8329272283350051,
  "score1": 0.7795049856629305,
  "score2": 0.5707710517032926,
  "score3": 0.2645974152626487,
  "score4": 0.22459978819150475,
  "score5": 0.224364103937693,
  "score6": 0.5995864671966715
}