{
  "score0": 0.2411718210089266,
  "score1": 0.3764770347957159,
  "score2": 0.2460183790309682,
  "score3": 0.42716169792272146,
  "score4": 0.2324649396765608,
  "score5": 0.18403398454229455,
  "score6": 0.29996520822371525
}