{
  "score0": 0.4928600435325332,
  "score1": 0.647677431404612,
  "score2": 0.4640022136593322,
  "score3": 0.2074852996058457,
  "score4": 0.09783705646613343,
  "score5": 0.3696792912440321,
  "score6": 0.20852429960528784
}