{
  "score0": 0.7262502739851318,
  "score1": 0.4971452609984688,
  "score2": 0.1701940900579468,
  "score3": 0.22877262485388242,
  "score4": 0.2397332291111807,
  "score5": 0.45309980356914686,
  "score6": 0.2992393666172212
}