{
  "score0": 0.4928600435325332,
  "score1": 0.6346557475337178,
  "score2": 0.5137126464355404,
  "score3": 0.2926542341960487,
  "score4": 0.2074852996058457,
  "score5": 0.09783705646613343,
  "score6": 0.3696792912440321
}