{
  "score0": 0.7710196694283187,
  "score1": 0.4585188179501804,
  "score2": 0.185251603743522,
  "score3": 0.06054699314624157,
  "score4": 0.3164338687231642,
  "score5": 0.10368642329398099,
  "score6": 0.27058947455064714
}