{
  "score0": 0.8130377677991423,
  "score1": 0.8352627858383858,
  "score2": 0.6995016932187988,
  "score3": 0.10701404679121741,
  "score4": 0.06992007753805135,
  "score5": 0.2224100400566562,
  "score6": 0.414447079846066
}