{
  "score0": 0.07362840588159072,
  "score1": 0.25829675179026373,
  "score2": 0.3786845463272037,
  "score3": 0.5524777883804483,
  "score4": 0.5903496649064186,
  "score5": 0.32780241375194724,
  "score6": 0.2524628428498195
}