{
  "score0": 0.2936179274047606,
  "score1": 0.7529798001982769,
  "score2": 0.30514059273613703,
  "score3": 0.1747529787108103,
  "score4": 0.05177900269958232,
  "score5": 0.1620628601470203,
  "score6": 0.2969458991195003
}