{
  "score0": 0.13525755892265906,
  "score1": 0.5850265813367861,
  "score2": 0.7491882452026264,
  "score3": 0.5502648666077893,
  "score4": 0.39540216418132346,
  "score5": 0.1974820019880055,
  "score6": 0.14898883077234568
}