{
  "score0": 0.13525755892265906,
  "score1": 0.5851208129751397,
  "score2": 0.7493162027066317,
  "score3": 0.2826724375629886,
  "score4": 0.2951798452077603,
  "score5": 0.3111541309140405,
  "score6": 0.0615883662832345
}