{
  "score0": 0.7914981558101178,
  "score1": 0.8202427294888325,
  "score2": 0.49173844776740033,
  "score3": 0.24873282861186793,
  "score4": 0.33166573040757585,
  "score5": 0.3514313138265821,
  "score6": 0.5836213657149812
}