{
  "score0": 0.4724212061137573,
  "score1": 0.30703936590209413,
  "score2": 0.10039943784456719,
  "score3": 0.1993048475608593,
  "score4": 0.19295364209894725,
  "score5": 0.5536168627476763,
  "score6": 0.5169502911850807
}