{
  "score0": 0.2838638853527781,
  "score1": 0.09225615924391854,
  "score2": 0.25090558490269865,
  "score3": 0.22669198088036166,
  "score4": 0.573918992669136,
  "score5": 0.4787792028765567,
  "score6": 0.5777562742208334
}