{
  "score0": 0.45958369659281356,
  "score1": 0.550015871388752,
  "score2": 0.5537134702871402,
  "score3": 0.5253834578299249,
  "score4": 0.1482678582108081,
  "score5": 0.1994094013328607,
  "score6": 0.08044765172682934
}