{
  "score0": 0.23068045452716315,
  "score1": 0.3746952011468942,
  "score2": 0.31987513072404494,
  "score3": 0.2416422973073117,
  "score4": 0.546011705496216,
  "score5": 0.351141185576034,
  "score6": 0.4232908158947108
}