{
  "score0": 0.45958369659281356,
  "score1": 0.5497314499938288,
  "score2": 0.55360723801049,
  "score3": 0.5253834578299249,
  "score4": 0.1482104452339073,
  "score5": 0.19932123755919295,
  "score6": 0.08044765172682934
}