{
  "score0": 0.8230708897980625,
  "score1": 0.8237171131533567,
  "score2": 0.4915914987379665,
  "score3": 0.24807901291184434,
  "score4": 0.33166573040757585,
  "score5": 0.3514313138265821,
  "score6": 0.5836213657149812
}