{
  "score0": 0.6708551809603157,
  "score1": 0.6204182133600887,
  "score2": 0.7160572715649862,
  "score3": 0.2028638034112635,
  "score4": 0.22571537318668533,
  "score5": 0.09495243087840029,
  "score6": 0.1960867000551565
}