{
  "score0": 0.7864665113844271,
  "score1": 0.504862347013879,
  "score2": 0.17014206433322487,
  "score3": 0.15723762434460217,
  "score4": 0.29023402764551837,
  "score5": 0.5852322023562273,
  "score6": 0.5005461448147676
}