{
  "score0": 0.6436359755786384,
  "score1": 0.27212201845405687,
  "score2": 0.27282014250366965,
  "score3": 0.247525537239876,
  "score4": 0.02527993287838318,
  "score5": 0.06480164692063607,
  "score6": 0.23417972574673374
}