{
  "score0": 0.6335426537503555,
  "score1": 0.2717856845793893,
  "score2": 0.27282014250366965,
  "score3": 0.247525537239876,
  "score4": 0.02527993287838318,
  "score5": 0.06472532029964172,
  "score6": 0.23417972574673374
}