{
  "score0": 0.23378372389609145,
  "score1": 0.3746952011468942,
  "score2": 0.31987513072404494,
  "score3": 0.1258855652687406,
  "score4": 0.4926864677866263,
  "score5": 0.25220142539212936,
  "score6": 0.2274467378354392
}