{
  "score0": 0.8316919201933474,
  "score1": 0.8541359150494193,
  "score2": 0.6912881138300093,
  "score3": 0.24807219331366112,
  "score4": 0.1935670491805207,
  "score5": 0.13281787596586478,
  "score6": 0.3552139930429166
}