{
  "score0": 0.24517810703116294,
  "score1": 0.08132909827302036,
  "score2": 0.28772702342304934,
  "score3": 0.2413504638948233,
  "score4": 0.5512749685763331,
  "score5": 0.5989027424305053,
  "score6": 0.6302187090998598
}