{
  "score0": 0.2884155236592617,
  "score1": 0.2434199807981334,
  "score2": 0.3432837985721663,
  "score3": 0.28052558025861357,
  "score4": 0.3971651598697046,
  "score5": 0.40923124246428455,
  "score6": 0.22844887243886344
}