{
  "score0": 0.4584446153547114,
  "score1": 0.22536921475821006,
  "score2": 0.05787498031801001,
  "score3": 0.09783359625969097,
  "score4": 0.28735644174064157,
  "score5": 0.33237869952312105,
  "score6": 0.4738744614310648
}