{
  "score0": 0.8744107696330312,
  "score1": 0.8297121988094791,
  "score2": 0.45051796475708533,
  "score3": 0.05352378464778507,
  "score4": 0.3062126531514082,
  "score5": 0.12006434466803323,
  "score6": 0.19293751110067306
}