{
  "score0": 0.12718655498613485,
  "score1": 0.4734210977287004,
  "score2": 0.7058243994268794,
  "score3": 0.4291877862847649,
  "score4": 0.48230243052447647,
  "score5": 0.27081986101514127,
  "score6": 0.2121822195760578
}