{
  "score0": 0.20859684011966795,
  "score1": 0.3351797156462017,
  "score2": 0.17110802346515397,
  "score3": 0.5030480932024424,
  "score4": 0.5942288162973285,
  "score5": 0.33703068724458657,
  "score6": 0.19018833202743482
}