{
  "score0": 0.13525755892265906,
  "score1": 0.5850265813367861,
  "score2": 0.6688352930127851,
  "score3": 0.5650513045659081,
  "score4": 0.34944221078250387,
  "score5": 0.11616099916897156,
  "score6": 0.23837308802431054
}