{
  "score0": 0.24611471006771557,
  "score1": 0.3587155141812214,
  "score2": 0.3093156562619138,
  "score3": 0.316199938660239,
  "score4": 0.5014189720635606,
  "score5": 0.1467489439119296,
  "score6": 0.21158447285036805
}