{
  "score0": 0.511766633347216,
  "score1": 0.22924229157420428,
  "score2": 0.39200617205794497,
  "score3": 0.2782085119814995,
  "score4": 0.03287516171933831,
  "score5": 0.09559593368981184,
  "score6": 0.3116104628584912
}