{
  "score0": 0.4723324401259111,
  "score1": 0.2769727192697028,
  "score2": 0.08445898157081222,
  "score3": 0.2479951013893128,
  "score4": 0.19295364209894725,
  "score5": 0.5536168627476763,
  "score6": 0.5167224452408207
}