{
  "score0": 0.1271719309821641,
  "score1": 0.544981493861344,
  "score2": 0.6041551803127629,
  "score3": 0.48230243052447647,
  "score4": 0.27068563111290955,
  "score5": 0.21206633682531417,
  "score6": 0.05536911088020291
}