{
  "score0": 0.8225053500069277,
  "score1": 0.8237171131533567,
  "score2": 0.4915914987379665,
  "score3": 0.24898983801493166,
  "score4": 0.15640629676339057,
  "score5": 0.22639178641660415,
  "score6": 0.40829905711659326
}