{
  "score0": 0.6708551809603157,
  "score1": 0.6204182133600887,
  "score2": 0.670622030970079,
  "score3": 0.15710632397252297,
  "score4": 0.3307308696270112,
  "score5": 0.07041205006511973,
  "score6": 0.16160906218967497
}