{
  "score0": 0.5437995448498136,
  "score1": 0.19900820399363695,
  "score2": 0.19267103658344945,
  "score3": 0.28173590860814574,
  "score4": 0.018953291824879058,
  "score5": 0.1384093507685472,
  "score6": 0.1619991660350529
}