{
  "score0": 0.24504130200599655,
  "score1": 0.08132909827302036,
  "score2": 0.2978002834615551,
  "score3": 0.35505954581606375,
  "score4": 0.5740872517933183,
  "score5": 0.5920935678926066,
  "score6": 0.5862776367459633
}