{
  "score0": 0.514456977821346,
  "score1": 0.3133611858424014,
  "score2": 0.08628478529660301,
  "score3": 0.09787631989890504,
  "score4": 0.28746429441156474,
  "score5": 0.33237869952312105,
  "score6": 0.4740899596072285
}