{
  "score0": 0.34896390909024777,
  "score1": 0.7857289917151262,
  "score2": 0.37770714466115235,
  "score3": 0.2514787397255873,
  "score4": 0.026191725601831296,
  "score5": 0.3394665206066501,
  "score6": 0.03269974727220306
}