{
  "score0": 0.0944688790916445,
  "score1": 0.5850265813367861,
  "score2": 0.7491882452026264,
  "score3": 0.2826724375629886,
  "score4": 0.2950045197216525,
  "score5": 0.31088257535209846,
  "score6": 0.0615883662832345
}