{
  "score0": 0.11170771571045379,
  "score1": 0.510847621608071,
  "score2": 0.692575002777152,
  "score3": 0.2826724375629886,
  "score4": 0.2950045197216525,
  "score5": 0.31088257535209846,
  "score6": 0.0615883662832345
}