{
  "score0": 0.315882323795071,
  "score1": 0.0922721306159299,
  "score2": 0.2509510668517628,
  "score3": 0.3168132276157165,
  "score4": 0.4279431174468422,
  "score5": 0.568742807842616,
  "score6": 0.6484904764258692
}