{
  "score0": 0.3805797161000851,
  "score1": 0.10235553500051447,
  "score2": 0.49497232815822373,
  "score3": 0.5512531361555356,
  "score4": 0.5021165834296007,
  "score5": 0.4875468698281247,
  "score6": 0.11756164159859951
}