{
  "score0": 0.13525755892265906,
  "score1": 0.5851208129751397,
  "score2": 0.7493162027066317,
  "score3": 0.5502648666077893,
  "score4": 0.3955518786230472,
  "score5": 0.1975384324690904,
  "score6": 0.14898883077234568
}