{
  "score0": 0.4927823416618349,
  "score1": 0.6346557475337178,
  "score2": 0.5193639011727016,
  "score3": 0.43460312716173105,
  "score4": 0.20733081641580464,
  "score5": 0.1708076749699912,
  "score6": 0.02834971981958513
}