{
  "score0": 0.11172816829621329,
  "score1": 0.5109449963612467,
  "score2": 0.692575002777152,
  "score3": 0.3162438369077169,
  "score4": 0.2951798452077603,
  "score5": 0.3111541309140405,
  "score6": 0.0615883662832345
}