{
  "score0": 0.4545631588854208,
  "score1": 0.5131673816555666,
  "score2": 0.55360723801049,
  "score3": 0.5253834578299249,
  "score4": 0.1482104452339073,
  "score5": 0.19932123755919295,
  "score6": 0.08044765172682934
}