{
  "score0": 0.315882323795071,
  "score1": 0.10736711616744066,
  "score2": 0.26029489621352864,
  "score3": 0.3168132276157165,
  "score4": 0.4279431174468422,
  "score5": 0.5682174186925742,
  "score6": 0.6481959329505412
}