{
  "score0": 0.2437986532425837,
  "score1": 0.37981861714776965,
  "score2": 0.2769639571480757,
  "score3": 0.1811496803154983,
  "score4": 0.49242572249922506,
  "score5": 0.25220142539212936,
  "score6": 0.2274467378354392
}