{
  "score0": 0.6652986223126677,
  "score1": 0.46826296143045676,
  "score2": 0.7986986087947578,
  "score3": 0.12458033808269309,
  "score4": 0.2874357113571822,
  "score5": 0.08097844795102617,
  "score6": 0.23863726637293103
}