{
  "score0": 0.08265309723407428,
  "score1": 0.2503643276052179,
  "score2": 0.376950818773339,
  "score3": 0.3353613019512001,
  "score4": 0.5123218609782811,
  "score5": 0.5840639102585826,
  "score6": 0.2907148700726548
}