{
  "score0": 0.07720869872407762,
  "score1": 0.2500493841779463,
  "score2": 0.3211299554749671,
  "score3": 0.4197635251469469,
  "score4": 0.5731908072523629,
  "score5": 0.5222333746411562,
  "score6": 0.2503718564288097
}