{
  "score0": 0.7671743418335668,
  "score1": 0.504862347013879,
  "score2": 0.1925467329742887,
  "score3": 0.07344410088293114,
  "score4": 0.2688071073932234,
  "score5": 0.3638064272977397,
  "score6": 0.6735443471353536
}