{
  "score0": 0.514456977821346,
  "score1": 0.24813316858279294,
  "score2": 0.06895567750493835,
  "score3": 0.28746429441156474,
  "score4": 0.33237869952312105,
  "score5": 0.4740899596072285,
  "score6": 0.27494008973154643
}