{
  "score0": 0.11047549039342282,
  "score1": 0.2224437123091869,
  "score2": 0.37485141719634557,
  "score3": 0.19045619425857294,
  "score4": 0.5269670519253785,
  "score5": 0.5406078805645932,
  "score6": 0.5307221851575296
}