{
  "score0": 0.11047549039342282,
  "score1": 0.23693939399860495,
  "score2": 0.40600237775339215,
  "score3": 0.19045619425857294,
  "score4": 0.5269670519253785,
  "score5": 0.5406078805645932,
  "score6": 0.5307221851575296
}