{
  "score0": 0.4861755008574483,
  "score1": 0.3019084999907958,
  "score2": 0.09784307700864908,
  "score3": 0.16258437275496532,
  "score4": 0.275609992240649,
  "score5": 0.4971531787470103,
  "score6": 0.5783544657259951
}