{
  "score0": 0.465544017361662,
  "score1": 0.5765959467506381,
  "score2": 0.517201619588406,
  "score3": 0.7044329864546839,
  "score4": 0.13579792417435707,
  "score5": 0.16441104043449237,
  "score6": 0.14422557855848311
}