{
  "score0": 0.4126838090356022,
  "score1": 0.7268900219001879,
  "score2": 0.2160431035027023,
  "score3": 0.11820785376901422,
  "score4": 0.033068226065173935,
  "score5": 0.06548107971515925,
  "score6": 0.316453361687344
}