{
  "score0": 0.2891506390501025,
  "score1": 0.08132909827302036,
  "score2": 0.28772702342304934,
  "score3": 0.22669198088036166,
  "score4": 0.573918992669136,
  "score5": 0.4787792028765567,
  "score6": 0.5777562742208334
}