{
  "score0": 0.3707870932026123,
  "score1": 0.10235553500051447,
  "score2": 0.49292117146264947,
  "score3": 0.5627298979807983,
  "score4": 0.4383092147641186,
  "score5": 0.16174856682017744,
  "score6": 0.2725789461835107
}