{
  "score0": 0.5777505217386774,
  "score1": 0.1989506393486841,
  "score2": 0.19267103658344945,
  "score3": 0.35217662227393814,
  "score4": 0.03112834678096672,
  "score5": 0.019861224487052232,
  "score6": 0.17415097205281363
}