{
  "score0": 0.06708220391953487,
  "score1": 0.2504108309085571,
  "score2": 0.376950818773339,
  "score3": 0.3428421474379894,
  "score4": 0.6350433600895316,
  "score5": 0.5251596920623008,
  "score6": 0.31628394900121876
}