{
  "score0": 0.6655290759915244,
  "score1": 0.46826296143045676,
  "score2": 0.7988522743932223,
  "score3": 0.14973913614355147,
  "score4": 0.17571901597114317,
  "score5": 0.05671538010735152,
  "score6": 0.08174016977354791
}