{
  "score0": 0.4545631588854208,
  "score1": 0.5132436981222028,
  "score2": 0.5067722247403756,
  "score3": 0.6377331239516066,
  "score4": 0.1482678582108081,
  "score5": 0.1994094013328607,
  "score6": 0.08044765172682934
}