{
  "score0": 0.24606395059466213,
  "score1": 0.37981861714776965,
  "score2": 0.2769639571480757,
  "score3": 0.22997809714909292,
  "score4": 0.5014189720635606,
  "score5": 0.14669371761942912,
  "score6": 0.21147455663499307
}