{
  "score0": 0.6436359755786384,
  "score1": 0.27212201845405687,
  "score2": 0.2630038692828002,
  "score3": 0.14586845731912151,
  "score4": 0.013140823166012746,
  "score5": 0.35141121567584904,
  "score6": 0.428186490403163
}