{
  "score0": 0.37194739300565843,
  "score1": 0.7993101058607486,
  "score2": 0.3061362548796281,
  "score3": 0.21188467468592695,
  "score4": 0.05177900269958232,
  "score5": 0.1620628601470203,
  "score6": 0.2969458991195003
}