{
  "score0": 0.11230701580439778,
  "score1": 0.5371536822679036,
  "score2": 0.6041551803127629,
  "score3": 0.48230243052447647,
  "score4": 0.27081986101514127,
  "score5": 0.2121822195760578,
  "score6": 0.05536911088020291
}