{
  "score0": 0.5448457792087771,
  "score1": 0.19979400569871175,
  "score2": 0.2671988727731676,
  "score3": 0.28163114092646424,
  "score4": 0.018926850834764326,
  "score5": 0.1384093507685472,
  "score6": 0.16192261593368917
}