{
  "score0": 0.08514622946400659,
  "score1": 0.2224437123091869,
  "score2": 0.37491466609732704,
  "score3": 0.22675048863196545,
  "score4": 0.5123218609782811,
  "score5": 0.5840639102585826,
  "score6": 0.2907148700726548
}