{
  "score0": 0.41273948335202837,
  "score1": 0.7271642008718835,
  "score2": 0.19649752237897697,
  "score3": 0.05219549451990781,
  "score4": 0.07960361162369933,
  "score5": 0.22893715479176502,
  "score6": 0.35758378113735834
}