{
  "score0": 0.5765959467506381,
  "score1": 0.517201619588406,
  "score2": 0.5344165828537515,
  "score3": 0.16313499167879308,
  "score4": 0.06977397232664166,
  "score5": 0.270124927845476,
  "score6": 0.2035591269821734
}