{
  "score0": 0.09560327929650635,
  "score1": 0.49637612625054833,
  "score2": 0.6737594519839977,
  "score3": 0.4558895310601591,
  "score4": 0.3642170034558477,
  "score5": 0.41205015986410515,
  "score6": 0.08882140450429453
}