{
  "score0": 0.07368769429968611,
  "score1": 0.25012867811501266,
  "score2": 0.3211299554749671,
  "score3": 0.4197635251469469,
  "score4": 0.5731908072523629,
  "score5": 0.5222333746411562,
  "score6": 0.25050948129327716
}