{
  "score0": 0.2141694450179325,
  "score1": 0.4062745955316705,
  "score2": 0.3079077149819786,
  "score3": 0.5742967358519447,
  "score4": 0.6324237788200083,
  "score5": 0.4208892779659997,
  "score6": 0.288698089964079
}