{
  "score0": 0.6434233736044537,
  "score1": 0.2717856845793893,
  "score2": 0.2630038692828002,
  "score3": 0.14579867383617703,
  "score4": 0.013140823166012746,
  "score5": 0.3512710179734428,
  "score6": 0.42799682203198836
}