{
  "score0": 0.7914981558101178,
  "score1": 0.8236034382210504,
  "score2": 0.4915914987379665,
  "score3": 0.24807901291184434,
  "score4": 0.33166573040757585,
  "score5": 0.3514313138265821,
  "score6": 0.5836213657149812
}