{
  "score0": 0.786748888692373,
  "score1": 0.504862347013879,
  "score2": 0.1925467329742887,
  "score3": 0.06319873138647907,
  "score4": 0.2762720655091761,
  "score5": 0.5092906677111693,
  "score6": 0.5535983712125238
}