{
  "score0": 0.3638489748218332,
  "score1": 0.19824590738057415,
  "score2": 0.49292117146264947,
  "score3": 0.5624674943430056,
  "score4": 0.4383092147641186,
  "score5": 0.16174856682017744,
  "score6": 0.2724084482652001
}