{
  "score0": 0.2413024407897284,
  "score1": 0.39200617205794497,
  "score2": 0.24602085883805047,
  "score3": 0.42716169792272146,
  "score4": 0.2324649396765608,
  "score5": 0.18403398454229455,
  "score6": 0.30010024498043
}