{
  "score0": 0.514456977821346,
  "score1": 0.3133611858424014,
  "score2": 0.10130553835463504,
  "score3": 0.16258437275496532,
  "score4": 0.275609992240649,
  "score5": 0.4971531787470103,
  "score6": 0.5783544657259951
}