{
  "score0": 0.7707443038161768,
  "score1": 0.4584446153547114,
  "score2": 0.22536921475821006,
  "score3": 0.0604897737761192,
  "score4": 0.3164338687231642,
  "score5": 0.10368642329398099,
  "score6": 0.27047060233741044
}