{
  "score0": 0.2413024407897284,
  "score1": 0.3795866176099094,
  "score2": 0.5415332729973574,
  "score3": 0.033892197336662995,
  "score4": 0.42716169792272146,
  "score5": 0.2324649396765608,
  "score6": 0.18403398454229455
}