{
  "score0": 0.465544017361662,
  "score1": 0.5765959467506381,
  "score2": 0.5171017885348164,
  "score3": 0.6663107923766071,
  "score4": 0.1357548157893069,
  "score5": 0.16441104043449237,
  "score6": 0.14416691371316515
}