{
  "score0": 0.2769727192697028,
  "score1": 0.08448128843471507,
  "score2": 0.2627860297709556,
  "score3": 0.577857747365902,
  "score4": 0.5477275741590645,
  "score5": 0.6336642952450317,
  "score6": 0.5944372544656097
}