{
  "score0": 0.7435537666007103,
  "score1": 0.6721072061375073,
  "score2": 0.30679245794899485,
  "score3": 0.1650978520517728,
  "score4": 0.2508354790435166,
  "score5": 0.5464010321130254,
  "score6": 0.6739355889340276
}