{
  "score0": 0.28846067308194545,
  "score1": 0.16194224427224366,
  "score2": 0.5286986502807869,
  "score3": 0.49715872483490187,
  "score4": 0.5969607353389197,
  "score5": 0.27491166995708877,
  "score6": 0.24703124518740335
}