{
  "score0": 0.30429108240641584,
  "score1": 0.025774763255738544,
  "score2": 0.3033699046534333,
  "score3": 0.37121777748927515,
  "score4": 0.3217410212631757,
  "score5": 0.6600076120258991,
  "score6": 0.2546564771157282
}