{
  "score0": 0.29172829236154707,
  "score1": 0.02418171682526845,
  "score2": 0.19516624470643143,
  "score3": 0.11515981728448244,
  "score4": 0.41096586766224036,
  "score5": 0.5254282928275573,
  "score6": 0.6706113887244252
}