{
  "score0": 0.291880383280144,
  "score1": 0.032395502913146905,
  "score2": 0.2870356467230797,
  "score3": 0.2334723078928936,
  "score4": 0.31003446510303423,
  "score5": 0.43473107462355287,
  "score6": 0.5870316930619683
}