{
  "score0": 0.1716433081456093,
  "score1": 0.1445911274751059,
  "score2": 0.12020313391339696,
  "score3": 0.42689346524978194,
  "score4": 0.6134879019412991,
  "score5": 0.36996221872048896,
  "score6": 0.3483561367535661
}