{
  "score0": 0.3416291155470963,
  "score1": 0.24436343780531078,
  "score2": 0.2832519884480417,
  "score3": 0.07344844473676253,
  "score4": 0.12927410400402484,
  "score5": 0.08986554640048124,
  "score6": 0.38058176927886866
}