{
  "score0": 0.3081620240100128,
  "score1": 0.24436343780531078,
  "score2": 0.2832519884480417,
  "score3": 0.12062786771923516,
  "score4": 0.2125686309434316,
  "score5": 0.02058472622287401,
  "score6": 0.3129459247460547
}