{
  "score0": 0.303532470707864,
  "score1": 0.6053195718317156,
  "score2": 0.4088582909828873,
  "score3": 0.1085526597925479,
  "score4": 0.24362965578147633,
  "score5": 0.14227452536570787,
  "score6": 0.21798455018073234
}