{
  "score0": 0.5502877329730363,
  "score1": 0.2931459605085141,
  "score2": 0.3190684101608573,
  "score3": 0.4544179471312835,
  "score4": 0.0992522739114099,
  "score5": 0.12990590918798145,
  "score6": 0.288238347795616
}