{
  "score0": 0.24658725974277257,
  "score1": 0.26033801055047257,
  "score2": 0.7198255872223372,
  "score3": 0.37026373144202096,
  "score4": 0.26909800474354534,
  "score5": 0.07868110070804425,
  "score6": 0.08100362248071072
}