{
  "score0": 0.4365730327939688,
  "score1": 0.5611994395828124,
  "score2": 0.6977173567145234,
  "score3": 0.6138744847963348,
  "score4": 0.6981760858120646,
  "score5": 0.4873151426939251,
  "score6": 0.4330214982037974
}