{
  "score0": 0.15271617978707727,
  "score1": 0.4783943124716527,
  "score2": 0.16428665583062976,
  "score3": 0.22882818813323566,
  "score4": 0.14450863739592398,
  "score5": 0.06661594201262856,
  "score6": 0.11094933244963429
}