{
  "score0": 0.5672156714241164,
  "score1": 0.36057623008473205,
  "score2": 0.45225166659133514,
  "score3": 0.07052095268220522,
  "score4": 0.25458512083544643,
  "score5": 0.4895776059286457,
  "score6": 0.2365419358974278
}