{
  "score0": 0.5165196049801035,
  "score1": 0.28474340997265374,
  "score2": 0.0556131093237058,
  "score3": 0.2738511536666031,
  "score4": 0.3843926112466956,
  "score5": 0.5372875171583107,
  "score6": 0.6667073995986011
}