{
  "score0": 0.3048740388223708,
  "score1": 0.5949263543412334,
  "score2": 0.4088582909828873,
  "score3": 0.1085526597925479,
  "score4": 0.24362965578147633,
  "score5": 0.14299947930033755,
  "score6": 0.10905373343122471
}