{
  "score0": 0.4061268793521707,
  "score1": 0.46825778473925644,
  "score2": 0.4753132801737503,
  "score3": 0.686631842071928,
  "score4": 0.7145727802115083,
  "score5": 0.4889537967095338,
  "score6": 0.20135748200536185
}