{
  "score0": 0.18963349690136092,
  "score1": 0.24027745724521762,
  "score2": 0.5678603902803387,
  "score3": 0.6045865177290762,
  "score4": 0.16745066077478374,
  "score5": 0.41459294967442545,
  "score6": 0.23689465928653372
}