{
  "score0": 0.17211937111102008,
  "score1": 0.4783943124716527,
  "score2": 0.16428665583062976,
  "score3": 0.16764639759838204,
  "score4": 0.23498401738095834,
  "score5": 0.0411207863933477,
  "score6": 0.03342050475184411
}