{
  "score0": 0.24066050413978535,
  "score1": 0.32167266559477425,
  "score2": 0.649780725784164,
  "score3": 0.6460032696757759,
  "score4": 0.6045865177290762,
  "score5": 0.16745066077478374,
  "score6": 0.41459294967442545
}