{
  "score0": 0.570580182594038,
  "score1": 0.314433321174142,
  "score2": 0.3539635781703807,
  "score3": 0.4317526553736677,
  "score4": 0.036219332735996264,
  "score5": 0.335357438490103,
  "score6": 0.13001750987100802
}