{
  "score0": 0.5473100651817732,
  "score1": 0.43035127441700605,
  "score2": 0.1363673162388708,
  "score3": 0.1654167775498925,
  "score4": 0.1911640569413212,
  "score5": 0.1500996214781206,
  "score6": 0.1251905104324584
}