{
  "score0": 0.09291863419341168,
  "score1": 0.3726346064235039,
  "score2": 0.4051363365504388,
  "score3": 0.3625692438071735,
  "score4": 0.7390350729871159,
  "score5": 0.6507919009321119,
  "score6": 0.7276982754014544
}