{
  "score0": 0.576148731276098,
  "score1": 0.18869797300721194,
  "score2": 0.13399134168940763,
  "score3": 0.06675182391043553,
  "score4": 0.1444915382204262,
  "score5": 0.16228177731640622,
  "score6": 0.1776495406240799
}