{
  "score0": 0.40302761095766254,
  "score1": 0.5026440857203727,
  "score2": 0.4753132801737503,
  "score3": 0.686631842071928,
  "score4": 0.7145727802115083,
  "score5": 0.4889537967095338,
  "score6": 0.20135748200536185
}