{
  "score0": 0.5530871892862118,
  "score1": 0.43035127441700605,
  "score2": 0.1363673162388708,
  "score3": 0.4520137142383646,
  "score4": 0.036219332735996264,
  "score5": 0.335357438490103,
  "score6": 0.13001750987100802
}