{
  "score0": 0.5612238098613566,
  "score1": 0.6452022014211678,
  "score2": 0.18415224857309792,
  "score3": 0.03165489117696405,
  "score4": 0.17670484164954478,
  "score5": 0.4884547896153779,
  "score6": 0.6966434953756541
}