{
  "score0": 0.5235796305917846,
  "score1": 0.24734319726272241,
  "score2": 0.05763808585377301,
  "score3": 0.26299080643393924,
  "score4": 0.7501839176566786,
  "score5": 0.3340945358388616,
  "score6": 0.4911937346614363
}