{
  "score0": 0.4758175822235253,
  "score1": 0.11349842034842837,
  "score2": 0.13612704419975477,
  "score3": 0.12205622157293083,
  "score4": 0.3204127555308063,
  "score5": 0.20327646784379363,
  "score6": 0.2834979463568262
}