{
  "score0": 0.1553157573676657,
  "score1": 0.5443495753366063,
  "score2": 0.21982795222385423,
  "score3": 0.1760217436356757,
  "score4": 0.04187436239158925,
  "score5": 0.19112024262490815,
  "score6": 0.3043899324813361
}