{
  "score0": 0.5939145152163346,
  "score1": 0.41771696931124036,
  "score2": 0.05963019100613445,
  "score3": 0.14304671471824923,
  "score4": 0.5065808649103066,
  "score5": 0.35133564453728994,
  "score6": 0.15967468108801142
}