{
  "score0": 0.44514669717228056,
  "score1": 0.47656611910299973,
  "score2": 0.5396645330998301,
  "score3": 0.6009170719412011,
  "score4": 0.672914675781299,
  "score5": 0.738458524380325,
  "score6": 0.38570338522408426
}