{
  "score0": 0.30429108240641584,
  "score1": 0.025774763255738544,
  "score2": 0.2998846246286233,
  "score3": 0.44927450640553834,
  "score4": 0.3217410212631757,
  "score5": 0.6600076120258991,
  "score6": 0.2546564771157282
}