{
  "score0": 0.1601199216550267,
  "score1": 0.1590093998793612,
  "score2": 0.16956226403381253,
  "score3": 0.43540839024842537,
  "score4": 0.6134879019412991,
  "score5": 0.36996221872048896,
  "score6": 0.3483561367535661
}