{
  "score0": 0.22616840260538676,
  "score1": 0.6110738176179384,
  "score2": 0.43713475559854403,
  "score3": 0.26710121521136854,
  "score4": 0.20461929697388767,
  "score5": 0.2509258621658778,
  "score6": 0.019322473223360087
}