{
  "score0": 0.1644181819861275,
  "score1": 0.5401170155231707,
  "score2": 0.19913584834298956,
  "score3": 0.09486175914869545,
  "score4": 0.24101562887538827,
  "score5": 0.013095064093292636,
  "score6": 0.23428643823722087
}