{
  "score0": 0.326864909426134,
  "score1": 0.1855268807811633,
  "score2": 0.40844546214208666,
  "score3": 0.15910139021460315,
  "score4": 0.040532053238186046,
  "score5": 0.16940616244769344,
  "score6": 0.43445048248430557
}