{
  "score0": 0.1644181819861275,
  "score1": 0.5904072462943423,
  "score2": 0.23100652974077673,
  "score3": 0.10277926368106727,
  "score4": 0.24101562887538827,
  "score5": 0.013095064093292636,
  "score6": 0.23428643823722087
}