{
  "score0": 0.13433903290642285,
  "score1": 0.041663669682474175,
  "score2": 0.17281357606881093,
  "score3": 0.3064814178113077,
  "score4": 0.46190075908520195,
  "score5": 0.42103060436669537,
  "score6": 0.5638278550372701
}