{
  "score0": 0.4758175822235253,
  "score1": 0.11349842034842837,
  "score2": 0.03256670618378142,
  "score3": 0.08608979865198246,
  "score4": 0.2233134534238553,
  "score5": 0.28421280497076457,
  "score6": 0.18649075111649385
}