{
  "score0": 0.23381907487905512,
  "score1": 0.26230421369854423,
  "score2": 0.6599522655197483,
  "score3": 0.37026373144202096,
  "score4": 0.26909800474354534,
  "score5": 0.07868110070804425,
  "score6": 0.08100362248071072
}