{
  "score0": 0.5732660676887845,
  "score1": 0.5345545899550128,
  "score2": 0.1499369158478342,
  "score3": 0.17503350643832896,
  "score4": 0.26797021215720357,
  "score5": 0.39776229933184365,
  "score6": 0.5127048161138344
}