{
  "score0": 0.5663901372667823,
  "score1": 0.18869797300721194,
  "score2": 0.13612704419975477,
  "score3": 0.12205622157293083,
  "score4": 0.3204127555308063,
  "score5": 0.20327646784379363,
  "score6": 0.2834979463568262
}