{
  "score0": 0.497671995778845,
  "score1": 0.6801158453816226,
  "score2": 0.18415224857309792,
  "score3": 0.03165489117696405,
  "score4": 0.17670484164954478,
  "score5": 0.4884547896153779,
  "score6": 0.6966434953756541
}