{
  "score0": 0.5341532143035305,
  "score1": 0.26399786844894757,
  "score2": 0.0556131093237058,
  "score3": 0.2738511536666031,
  "score4": 0.3843926112466956,
  "score5": 0.5372875171583107,
  "score6": 0.6667073995986011
}