{
  "score0": 0.29607417850591067,
  "score1": 0.6659952349657821,
  "score2": 0.5913744748752052,
  "score3": 0.23250966797024886,
  "score4": 0.12130399038522495,
  "score5": 0.1311920438907123,
  "score6": 0.183805606627338
}