{
  "score0": 0.2931459605085141,
  "score1": 0.3190684101608573,
  "score2": 0.18480903633707738,
  "score3": 0.19090806210716002,
  "score4": 0.2057815026517044,
  "score5": 0.5366003093454013,
  "score6": 0.5624944366399909
}