{
  "score0": 0.29578622980967906,
  "score1": 0.6695571362206073,
  "score2": 0.4391616501510718,
  "score3": 0.09951296526377477,
  "score4": 0.3874139174329656,
  "score5": 0.23131333354402658,
  "score6": 0.16276187227915465
}