{
  "score0": 0.4087778463042506,
  "score1": 0.5026440857203727,
  "score2": 0.45364797504595167,
  "score3": 0.729320216543139,
  "score4": 0.6723874938345208,
  "score5": 0.7028915285385535,
  "score6": 0.24138533922710334
}