{
  "score0": 0.2048084278905503,
  "score1": 0.6330834722374489,
  "score2": 0.4746796007073066,
  "score3": 0.2948104419946066,
  "score4": 0.2327485308755116,
  "score5": 0.18115641953850894,
  "score6": 0.012927738148526935
}