{
  "score0": 0.601486718010057,
  "score1": 0.2823261850202655,
  "score2": 0.013138875173551619,
  "score3": 0.3667375658706511,
  "score4": 0.44547006747282386,
  "score5": 0.5589941522531202,
  "score6": 0.09819280230364426
}