{
  "score0": 0.22332396704339652,
  "score1": 0.6110738176179384,
  "score2": 0.43713475559854403,
  "score3": 0.2675370289643198,
  "score4": 0.11063923952861426,
  "score5": 0.12009941168100464,
  "score6": 0.19612905614899065
}