{
  "score0": 0.6503101770494577,
  "score1": 0.41417565943217527,
  "score2": 0.2628175660581096,
  "score3": 0.30661463272696,
  "score4": 0.3433861333760169,
  "score5": 0.07215826563365114,
  "score6": 0.07088465980635533
}