{
  "score0": 0.5502877329730363,
  "score1": 0.314433321174142,
  "score2": 0.3539635781703807,
  "score3": 0.40563927502827984,
  "score4": 0.0992522739114099,
  "score5": 0.12990590918798145,
  "score6": 0.288238347795616
}