{
  "score0": 0.44514669717228056,
  "score1": 0.4489301236655986,
  "score2": 0.5677507459272277,
  "score3": 0.6773766111570924,
  "score4": 0.672914675781299,
  "score5": 0.738458524380325,
  "score6": 0.38570338522408426
}