{
  "score0": 0.5226694294278887,
  "score1": 0.5920419796888254,
  "score2": 0.23346777280682743,
  "score3": 0.19042213528432425,
  "score4": 0.287133347524364,
  "score5": 0.18623205862995476,
  "score6": 0.4009178728131715
}