{
  "score0": 0.12131510104438117,
  "score1": 0.3577467255356911,
  "score2": 0.5263785312243977,
  "score3": 0.25841892532370075,
  "score4": 0.6575384393283871,
  "score5": 0.6939234760535474,
  "score6": 0.7726039298572199
}