{
  "score0": 0.29578622980967906,
  "score1": 0.6659952349657821,
  "score2": 0.6373027036652551,
  "score3": 0.21252239064238088,
  "score4": 0.09951296526377477,
  "score5": 0.3874139174329656,
  "score6": 0.23131333354402658
}