{
  "score0": 0.576148731276098,
  "score1": 0.23185303090356493,
  "score2": 0.08964358425996616,
  "score3": 0.1444915382204262,
  "score4": 0.16228177731640622,
  "score5": 0.1776495406240799,
  "score6": 0.10525056636642587
}