{
  "score0": 0.5473100651817732,
  "score1": 0.43035127441700605,
  "score2": 0.4589575086828698,
  "score3": 0.20187275748254938,
  "score4": 0.1777161289334187,
  "score5": 0.09827921939086336,
  "score6": 0.21264058469381195
}