{
  "score0": 0.5196408429870388,
  "score1": 0.3143530559649748,
  "score2": 0.02141024399904802,
  "score3": 0.19969377333157853,
  "score4": 0.4027180435079984,
  "score5": 0.2081244933553701,
  "score6": 0.2937804652477432
}