{
  "score0": 0.21549740385500135,
  "score1": 0.057085377379185946,
  "score2": 0.13709840148710473,
  "score3": 0.46190075908520195,
  "score4": 0.42103060436669537,
  "score5": 0.5638278550372701,
  "score6": 0.27826280923657964
}