{
  "score0": 0.5389736092572858,
  "score1": 0.28474340997265374,
  "score2": 0.04524998742961852,
  "score3": 0.42020095534102714,
  "score4": 0.7501839176566786,
  "score5": 0.3340945358388616,
  "score6": 0.4911937346614363
}