{
  "score0": 0.43089814934544146,
  "score1": 0.47656611910299973,
  "score2": 0.5396645330998301,
  "score3": 0.6009170719412011,
  "score4": 0.7073572031039402,
  "score5": 0.7207728365496232,
  "score6": 0.47315621085719856
}