{
  "score0": 0.1553157573676657,
  "score1": 0.39589550807762564,
  "score2": 0.17858237773372634,
  "score3": 0.04187436239158925,
  "score4": 0.19112024262490815,
  "score5": 0.3043899324813361,
  "score6": 0.1755413788482503
}