{
  "score0": 0.025774763255738544,
  "score1": 0.2998846246286233,
  "score2": 0.44869589743602367,
  "score3": 0.6604781965759686,
  "score4": 0.37677309765633654,
  "score5": 0.7315202471149177,
  "score6": 0.51411524314402
}