{
  "score0": 0.2886347357661535,
  "score1": 0.03259942674851134,
  "score2": 0.2870356467230797,
  "score3": 0.26546700515474275,
  "score4": 0.2019912971394252,
  "score5": 0.6082216130056161,
  "score6": 0.6061484126154757
}