{
  "score0": 0.5732660676887845,
  "score1": 0.5345545899550128,
  "score2": 0.19798404517115287,
  "score3": 0.1763514819404265,
  "score4": 0.19636341055039722,
  "score5": 0.4380681241180527,
  "score6": 0.3868988762866467
}