{
  "score0": 0.22102187815201496,
  "score1": 0.5848593441365647,
  "score2": 0.4746796007073066,
  "score3": 0.26710121521136854,
  "score4": 0.20461929697388767,
  "score5": 0.2509258621658778,
  "score6": 0.019322473223360087
}