{
  "score0": 0.5538704745976084,
  "score1": 0.5920419796888254,
  "score2": 0.23346777280682743,
  "score3": 0.18798144651955828,
  "score4": 0.2597131510072039,
  "score5": 0.47229757703809333,
  "score6": 0.15410895185363185
}