{
  "score0": 0.2542546498949655,
  "score1": 0.2538630174328795,
  "score2": 0.6599522655197483,
  "score3": 0.45762992335759956,
  "score4": 0.14914271149001335,
  "score5": 0.17156882517642466,
  "score6": 0.15940915354405957
}