{
  "score0": 0.1992163238950891,
  "score1": 0.1445911274751059,
  "score2": 0.12020313391339696,
  "score3": 0.34261840383136116,
  "score4": 0.37904042307032787,
  "score5": 0.38672589028149096,
  "score6": 0.5368466042642462
}