{
  "score0": 0.14421433869943356,
  "score1": 0.1590093998793612,
  "score2": 0.16956226403381253,
  "score3": 0.432937921971025,
  "score4": 0.5138868907294422,
  "score5": 0.3695494781887276,
  "score6": 0.0789921942078541
}