{
  "score0": 0.04110113449571328,
  "score1": 0.33921830768347877,
  "score2": 0.5230859139289775,
  "score3": 0.42256311977841127,
  "score4": 0.6746125530304775,
  "score5": 0.5860893786864901,
  "score6": 0.3711407503804954
}