{
  "score0": 0.3296430645018512,
  "score1": 0.2491790761578716,
  "score2": 0.19286483203407462,
  "score3": 0.03468246121659702,
  "score4": 0.19090806210716002,
  "score5": 0.2057815026517044,
  "score6": 0.5366003093454013
}