{
  "score0": 0.5612238098613566,
  "score1": 0.5507770932002168,
  "score2": 0.14125647877167913,
  "score3": 0.19901861382924646,
  "score4": 0.11858884485981218,
  "score5": 0.03165489117696405,
  "score6": 0.17670484164954478
}