{
  "score0": 0.4301895842420067,
  "score1": 0.5903732588624281,
  "score2": 0.6947717542043546,
  "score3": 0.6639357884615041,
  "score4": 0.5280016942144126,
  "score5": 0.49141526533631624,
  "score6": 0.39640747837537504
}