{
  "score0": 0.6743776737252893,
  "score1": 0.4219890333210933,
  "score2": 0.46118751402739133,
  "score3": 0.3467639745113283,
  "score4": 0.34769213013521094,
  "score5": 0.16942212490304806,
  "score6": 0.006769942424760944
}