{
  "score0": 0.13433903290642285,
  "score1": 0.041663669682474175,
  "score2": 0.19168077915353873,
  "score3": 0.3594800202060666,
  "score4": 0.3254752463194956,
  "score5": 0.463057147232327,
  "score6": 0.4711803445191447
}