{
  "score0": 0.1855268807811633,
  "score1": 0.40844546214208666,
  "score2": 0.17858237773372634,
  "score3": 0.04187436239158925,
  "score4": 0.19112024262490815,
  "score5": 0.3043899324813361,
  "score6": 0.1755413788482503
}