{
  "score0": 0.5196408429870388,
  "score1": 0.24734319726272241,
  "score2": 0.05763808585377301,
  "score3": 0.26299080643393924,
  "score4": 0.4027180435079984,
  "score5": 0.2081244933553701,
  "score6": 0.2937804652477432
}