{
  "score0": 0.4061268793521707,
  "score1": 0.46825778473925644,
  "score2": 0.549615794630707,
  "score3": 0.7060332426669677,
  "score4": 0.6714873069065218,
  "score5": 0.7235300772784051,
  "score6": 0.10433480816861684
}