{
  "score0": 0.15420748044585342,
  "score1": 0.3577467255356911,
  "score2": 0.5230859139289775,
  "score3": 0.42256311977841127,
  "score4": 0.6746125530304775,
  "score5": 0.5860893786864901,
  "score6": 0.3711407503804954
}