{
  "score0": 0.24066050413978535,
  "score1": 0.32167266559477425,
  "score2": 0.6350485432012479,
  "score3": 0.4701954450011084,
  "score4": 0.16339805256928971,
  "score5": 0.190406871817246,
  "score6": 0.592232347403617
}