{
  "score0": 0.4087778463042506,
  "score1": 0.4560503765667527,
  "score2": 0.4886546156030175,
  "score3": 0.6723874938345208,
  "score4": 0.7028915285385535,
  "score5": 0.24138533922710334,
  "score6": 0.4939628129050158
}