{
  "score0": 0.554914228433219,
  "score1": 0.26399786844894757,
  "score2": 0.03300265067162911,
  "score3": 0.3667375658706511,
  "score4": 0.44547006747282386,
  "score5": 0.5589941522531202,
  "score6": 0.09819280230364426
}