{
  "score0": 0.5672156714241164,
  "score1": 0.36196915966196974,
  "score2": 0.05963019100613445,
  "score3": 0.14304671471824923,
  "score4": 0.5065808649103066,
  "score5": 0.35133564453728994,
  "score6": 0.15967468108801142
}