{
  "score0": 0.15271617978707727,
  "score1": 0.4783943124716527,
  "score2": 0.21652826851867213,
  "score3": 0.2157431622345467,
  "score4": 0.12558941986573255,
  "score5": 0.06565571366876329,
  "score6": 0.15396693937476344
}