{
  "score0": 0.5672156714241164,
  "score1": 0.36057623008473205,
  "score2": 0.5002952306781688,
  "score3": 0.05040342640760135,
  "score4": 0.14304671471824923,
  "score5": 0.5065808649103066,
  "score6": 0.35133564453728994
}