{
  "score0": 0.5297030426262325,
  "score1": 0.17557567952071973,
  "score2": 0.03256670618378142,
  "score3": 0.02014849374260313,
  "score4": 0.16129660433810844,
  "score5": 0.3321973472078157,
  "score6": 0.17709303251578565
}