{
  "score0": 0.6503101770494577,
  "score1": 0.45488299765057805,
  "score2": 0.3342832493497154,
  "score3": 0.3433861333760169,
  "score4": 0.07215826563365114,
  "score5": 0.07088465980635533,
  "score6": 0.2260908951396531
}