{
  "score0": 0.4301895842420067,
  "score1": 0.5903732588624281,
  "score2": 0.6545491527850836,
  "score3": 0.6328379120132869,
  "score4": 0.6770084368239876,
  "score5": 0.4128847399301094,
  "score6": 0.5076721130160444
}