{
  "score0": 0.4489301236655986,
  "score1": 0.5677507459272277,
  "score2": 0.6427804904802371,
  "score3": 0.6981760858120646,
  "score4": 0.4873151426939251,
  "score5": 0.4330214982037974,
  "score6": 0.12169197811498711
}