{
  "score0": 0.291880383280144,
  "score1": 0.034678526790154506,
  "score2": 0.22964282233981342,
  "score3": 0.2152847275363661,
  "score4": 0.3915236085380476,
  "score5": 0.5054460847785983,
  "score6": 0.621169060816395
}