{
  "score0": 0.554914228433219,
  "score1": 0.29012188888404433,
  "score2": 0.1399369708809946,
  "score3": 0.44547006747282386,
  "score4": 0.5589941522531202,
  "score5": 0.09819280230364426,
  "score6": 0.5162024579210994
}