{
  "score0": 0.15420748044585342,
  "score1": 0.3577467255356911,
  "score2": 0.5263785312243977,
  "score3": 0.25833772617356154,
  "score4": 0.6689119480386511,
  "score5": 0.6255339971510271,
  "score6": 0.5502947196558948
}