{
  "score0": 0.11332088064941291,
  "score1": 0.3529212333449955,
  "score2": 0.4600685212104796,
  "score3": 0.25841892532370075,
  "score4": 0.6575384393283871,
  "score5": 0.6939234760535474,
  "score6": 0.7726039298572199
}