{
  "score0": 0.6873349469303748,
  "score1": 0.497671995778845,
  "score2": 0.6801158453816226,
  "score3": 0.2939496806467405,
  "score4": 0.21937391829954675,
  "score5": 0.13260521771651146,
  "score6": 0.040937811836855735
}