{
  "score0": 0.3227152653303124,
  "score1": 0.13791268859874517,
  "score2": 0.09619822667302917,
  "score3": 0.024643119013806593,
  "score4": 0.04563587757173206,
  "score5": 0.1136647531893969,
  "score6": 0.2467092253346713
}