{
  "score0": 0.3830407447739764,
  "score1": 0.5830599945818188,
  "score2": 0.5206536342972513,
  "score3": 0.3922073260430971,
  "score4": 0.6001177021044395,
  "score5": 0.5727189344157084,
  "score6": 0.6104145880933984
}