{
  "score0": 0.3168659813083615,
  "score1": 0.28700282851584186,
  "score2": 0.3685004883071182,
  "score3": 0.4741733165312022,
  "score4": 0.2787717267751403,
  "score5": 0.11658740139742094,
  "score6": 0.03831470388798949
}