{
  "score0": 0.18103348642067216,
  "score1": 0.4057773428526568,
  "score2": 0.6384979356809108,
  "score3": 0.42266733876552776,
  "score4": 0.2293421567355699,
  "score5": 0.4820650879048142,
  "score6": 0.4373461401632053
}