{
  "score0": 0.558366987856688,
  "score1": 0.33747081483253927,
  "score2": 0.31456495814745505,
  "score3": 0.5519434129559924,
  "score4": 0.5158592423884732,
  "score5": 0.49128454271543387,
  "score6": 0.4688387392565063
}