{
  "score0": 0.15294683854261693,
  "score1": 0.11047200024286066,
  "score2": 0.03282557663578307,
  "score3": 0.09531670548837373,
  "score4": 0.2624249429449267,
  "score5": 0.25396210955018345,
  "score6": 0.18407483227870086
}