{
  "score0": 0.32119728744487613,
  "score1": 0.33130047000293866,
  "score2": 0.36727739413042043,
  "score3": 0.19222262227716652,
  "score4": 0.030825935109435685,
  "score5": 0.020510699518418874,
  "score6": 0.29875382287363694
}