{
  "score0": 0.6181543107293767,
  "score1": 0.37134144646368616,
  "score2": 0.47025380110878195,
  "score3": 0.5323644595324422,
  "score4": 0.456093959678709,
  "score5": 0.47772488768780597,
  "score6": 0.35765348299177874
}