{
  "score0": 0.3870300725420094,
  "score1": 0.3169273946103945,
  "score2": 0.17683042408640484,
  "score3": 0.183211720260694,
  "score4": 0.04182287142097485,
  "score5": 0.02017642239665562,
  "score6": 0.029030943139276837
}