{
  "score0": 0.33033090927249575,
  "score1": 0.149725083537425,
  "score2": 0.117044632770035,
  "score3": 0.05531710138878467,
  "score4": 0.00543688104376776,
  "score5": 0.08170935156555471,
  "score6": 0.1884964068817349
}