{
  "score0": 0.558366987856688,
  "score1": 0.33747081483253927,
  "score2": 0.4311235246067974,
  "score3": 0.5323644595324422,
  "score4": 0.456093959678709,
  "score5": 0.47772488768780597,
  "score6": 0.35765348299177874
}