{
  "score0": 0.3294388813294707,
  "score1": 0.14352513131973432,
  "score2": 0.11265391081573368,
  "score3": 0.03640536054220683,
  "score4": 0.020153460397542896,
  "score5": 0.07983520389449464,
  "score6": 0.21558458809178632
}