{
  "score0": 0.6211335779649431,
  "score1": 0.6382104894966449,
  "score2": 0.6280501246064083,
  "score3": 0.40875270492480187,
  "score4": 0.3228654627828138,
  "score5": 0.296901904532789,
  "score6": 0.3822304770054424
}