{
  "score0": 0.33151008558912254,
  "score1": 0.3291179986288911,
  "score2": 0.18438514049918017,
  "score3": 0.11984221505667296,
  "score4": 0.016256096179844193,
  "score5": 0.030516546387409794,
  "score6": 0.14009177741451637
}