{
  "score0": 0.34026761279708595,
  "score1": 0.3189012140128107,
  "score2": 0.16055179759761623,
  "score3": 0.18371939380711436,
  "score4": 0.03623841470300304,
  "score5": 0.02536082436454669,
  "score6": 0.08124425486908322
}