{
  "score0": 0.3294388813294707,
  "score1": 0.14352513131973432,
  "score2": 0.11265391081573368,
  "score3": 0.035726183544450764,
  "score4": 0.00543688104376776,
  "score5": 0.08170935156555471,
  "score6": 0.1884964068817349
}