{
  "score0": 0.5916830359351818,
  "score1": 0.7112234211628055,
  "score2": 0.570132234211266,
  "score3": 0.40321290550980665,
  "score4": 0.4045868954885462,
  "score5": 0.38075980669624654,
  "score6": 0.23027273163009476
}