{
  "score0": 0.5878291477938447,
  "score1": 0.6512190205974645,
  "score2": 0.6877540940251371,
  "score3": 0.28438407633934853,
  "score4": 0.418479542404292,
  "score5": 0.5633907443404702,
  "score6": 0.5803967335594846
}