{
  "score0": 0.3830407447739764,
  "score1": 0.5830599945818188,
  "score2": 0.5958048508426557,
  "score3": 0.38208093814444277,
  "score4": 0.43932057828406185,
  "score5": 0.6002580257926174,
  "score6": 0.6303940207243981
}