{
  "score0": 0.5103667606353566,
  "score1": 0.7263673117376125,
  "score2": 0.5684189752882759,
  "score3": 0.429555332512477,
  "score4": 0.3758438335726647,
  "score5": 0.41049870627487794,
  "score6": 0.3398231658967341
}