{
  "score0": 0.3168659813083615,
  "score1": 0.28700282851584186,
  "score2": 0.3120693983733145,
  "score3": 0.6144348090305015,
  "score4": 0.3104980165176814,
  "score5": 0.178451124636349,
  "score6": 0.06516457159683936
}