{
  "score0": 0.3168659813083615,
  "score1": 0.28700282851584186,
  "score2": 0.3120693983733145,
  "score3": 0.6549605036568185,
  "score4": 0.3454920746003517,
  "score5": 0.2110928711650204,
  "score6": 0.03191852980677122
}