{
  "score0": 0.15407168334839946,
  "score1": 0.09634324832257188,
  "score2": 0.02024143136101953,
  "score3": 0.01967153376530465,
  "score4": 0.09307397355419955,
  "score5": 0.1642327453405859,
  "score6": 0.21491267506806783
}