{
  "score0": 0.34026761279708595,
  "score1": 0.3189012140128107,
  "score2": 0.16055179759761623,
  "score3": 0.15433607226202972,
  "score4": 0.04182287142097485,
  "score5": 0.02017642239665562,
  "score6": 0.029030943139276837
}