{
  "score0": 0.496683030942907,
  "score1": 0.1369260654476689,
  "score2": 0.5243956581379957,
  "score3": 0.3114637818614431,
  "score4": 0.22885386898728466,
  "score5": 0.45083658537986926,
  "score6": 0.6233339207563916
}