{
  "score0": 0.7322863637310719,
  "score1": 0.5322107282598794,
  "score2": 0.34972912731504635,
  "score3": 0.5157238218876218,
  "score4": 0.36272541481839915,
  "score5": 0.35363582488284484,
  "score6": 0.4874136325667804
}