{
  "score0": 0.6437990837650907,
  "score1": 0.6444536157955081,
  "score2": 0.4027899004410773,
  "score3": 0.3306213343179805,
  "score4": 0.4546601923955982,
  "score5": 0.4486379985310278,
  "score6": 0.4283231725019636
}