{
  "score0": 0.5756232102909767,
  "score1": 0.33805544854429026,
  "score2": 0.2741032917515485,
  "score3": 0.494826919998041,
  "score4": 0.5198398353424509,
  "score5": 0.6103019107117272,
  "score6": 0.6265497866977101
}