{
  "score0": 0.23447921097438748,
  "score1": 0.2827180465325686,
  "score2": 0.6748548200114464,
  "score3": 0.3717139880046887,
  "score4": 0.4641909771532895,
  "score5": 0.45483111485719246,
  "score6": 0.4920474955670662
}