{
  "score0": 0.7322863637310719,
  "score1": 0.5322107282598794,
  "score2": 0.3719069048975466,
  "score3": 0.4460559155213373,
  "score4": 0.2724072498493199,
  "score5": 0.41571431835166955,
  "score6": 0.5097884854244127
}