{
  "score0": 0.30298016483156287,
  "score1": 0.23970182060493045,
  "score2": 0.31958551354734144,
  "score3": 0.5913571677728369,
  "score4": 0.33378027595006954,
  "score5": 0.15669784329459857,
  "score6": 0.05025122965619063
}