{
  "score0": 0.3018095567569953,
  "score1": 0.32519753020658426,
  "score2": 0.17948054731146543,
  "score3": 0.1827261144446239,
  "score4": 0.025942721911865384,
  "score5": 0.015147030818199419,
  "score6": 0.09821908074353967
}