{
  "score0": 0.7093391239863047,
  "score1": 0.5400110833806258,
  "score2": 0.2700090097975038,
  "score3": 0.515702646767934,
  "score4": 0.3438045912437802,
  "score5": 0.3048542447136715,
  "score6": 0.48589472300583114
}