{
  "score0": 0.564595532835343,
  "score1": 0.3788444043289526,
  "score2": 0.3293922123232093,
  "score3": 0.5089640389694077,
  "score4": 0.5198398353424509,
  "score5": 0.6103019107117272,
  "score6": 0.6265497866977101
}