{
  "score0": 0.23447921097438748,
  "score1": 0.2827180465325686,
  "score2": 0.6748548200114464,
  "score3": 0.3703017550764106,
  "score4": 0.3074963383019821,
  "score5": 0.4362972029103098,
  "score6": 0.4223176916790095
}