{
  "score0": 0.17568977468677735,
  "score1": 0.3125227357398591,
  "score2": 0.5841938981546705,
  "score3": 0.37384007208822057,
  "score4": 0.25277980162460495,
  "score5": 0.4820650879048142,
  "score6": 0.4777670849188691
}