{
  "score0": 0.31834820786955187,
  "score1": 0.2753824036196969,
  "score2": 0.31364899270731617,
  "score3": 0.5967448418104326,
  "score4": 0.33378027595006954,
  "score5": 0.15669784329459857,
  "score6": 0.05025122965619063
}