{
  "score0": 0.7148975103649564,
  "score1": 0.5623220557261768,
  "score2": 0.28669047356074073,
  "score3": 0.42944667366818395,
  "score4": 0.35688364523840826,
  "score5": 0.4187700847754755,
  "score6": 0.4151580169375707
}