{
  "score0": 0.2200978928250735,
  "score1": 0.20460125666423212,
  "score2": 0.5627637335171796,
  "score3": 0.3717139880046887,
  "score4": 0.4641909771532895,
  "score5": 0.45483111485719246,
  "score6": 0.4920474955670662
}