{
  "score0": 0.564595532835343,
  "score1": 0.3788444043289526,
  "score2": 0.3293922123232093,
  "score3": 0.4949985006090032,
  "score4": 0.5190646847056117,
  "score5": 0.5812977611430451,
  "score6": 0.4632103544436211
}