{
  "score0": 0.3201306778407995,
  "score1": 0.31876534142946483,
  "score2": 0.28589723933954947,
  "score3": 0.5140542524486851,
  "score4": 0.6017407527218666,
  "score5": 0.5032995683319833,
  "score6": 0.44445298787356197
}