{
  "score0": 0.15294683854261693,
  "score1": 0.11047200024286066,
  "score2": 0.025838784258317427,
  "score3": 0.020165683984246313,
  "score4": 0.09531670548837373,
  "score5": 0.2624249429449267,
  "score6": 0.25396210955018345
}