{
  "score0": 0.3018095567569953,
  "score1": 0.32519753020658426,
  "score2": 0.17361109417756776,
  "score3": 0.18371939380711436,
  "score4": 0.03623841470300304,
  "score5": 0.02536082436454669,
  "score6": 0.08124425486908322
}