{
  "score0": 0.2753824036196969,
  "score1": 0.31364899270731617,
  "score2": 0.5967448418104326,
  "score3": 0.3194024687509165,
  "score4": 0.1540405106782001,
  "score5": 0.05614879650781862,
  "score6": 0.010649579950884981
}