{
  "score0": 0.47411245503645727,
  "score1": 0.17431066113103505,
  "score2": 0.41299682979740954,
  "score3": 0.6447505194874878,
  "score4": 0.34988518061621027,
  "score5": 0.3863546457491869,
  "score6": 0.4380468695745101
}