{
  "score0": 0.33151008558912254,
  "score1": 0.3291179986288911,
  "score2": 0.1709923970640549,
  "score3": 0.1588984220663705,
  "score4": 0.014961682182120285,
  "score5": 0.11429733271782723,
  "score6": 0.2620153243324147
}