{
  "score0": 0.7093391239863047,
  "score1": 0.5400110833806258,
  "score2": 0.3101774301031822,
  "score3": 0.4460559155213373,
  "score4": 0.2724072498493199,
  "score5": 0.41571431835166955,
  "score6": 0.5097884854244127
}