{
  "score0": 0.496683030942907,
  "score1": 0.1369260654476689,
  "score2": 0.5088193792383342,
  "score3": 0.6127704459764653,
  "score4": 0.3114637818614431,
  "score5": 0.22885386898728466,
  "score6": 0.45083658537986926
}