{
  "score0": 0.30035884837883997,
  "score1": 0.2767496200567246,
  "score2": 0.5107814784799203,
  "score3": 0.5948130679694743,
  "score4": 0.48531853328133995,
  "score5": 0.19837633333696308,
  "score6": 0.06759000468382373
}