{
  "score0": 0.026499789014683573,
  "score1": 0.496683030942907,
  "score2": 0.1369260654476689,
  "score3": 0.4659146224543865,
  "score4": 0.5406792620283444,
  "score5": 0.5876068508917236,
  "score6": 0.23904185745175183
}