{
  "score0": 0.6211335779649431,
  "score1": 0.6382104894966449,
  "score2": 0.4623582253159791,
  "score3": 0.4546601923955982,
  "score4": 0.4486379985310278,
  "score5": 0.4283231725019636,
  "score6": 0.06724882391149632
}