{
  "score0": 0.2911521106678049,
  "score1": 0.3105370932966199,
  "score2": 0.3369139945480307,
  "score3": 0.3423411493580444,
  "score4": 0.14514907943336836,
  "score5": 0.025330788644394864,
  "score6": 0.020702618438425493
}