{
  "score0": 0.2628486694408402,
  "score1": 0.266962390398508,
  "score2": 0.224608307842617,
  "score3": 0.5809503843683534,
  "score4": 0.5879878215769294,
  "score5": 0.2600918027542205,
  "score6": 0.11552325534526452
}