{
  "score0": 0.34849368594908736,
  "score1": 0.3029268859936931,
  "score2": 0.2584965073284618,
  "score3": 0.4737016445661414,
  "score4": 0.6097540106350647,
  "score5": 0.49021024179540507,
  "score6": 0.20177235641873778
}