{
  "score0": 0.3830407447739764,
  "score1": 0.5830599945818188,
  "score2": 0.5964452734422586,
  "score3": 0.46141475429594697,
  "score4": 0.5446686371369542,
  "score5": 0.6243800480296526,
  "score6": 0.5884515964992244
}