{
  "score0": 0.7262796005222804,
  "score1": 0.5811663393047687,
  "score2": 0.7601006208018671,
  "score3": 0.2574683478438773,
  "score4": 0.31740407772244084,
  "score5": 0.4272308705052588,
  "score6": 0.5227473379535539
}