{
  "score0": 0.2753824036196969,
  "score1": 0.31364899270731617,
  "score2": 0.41754374372236797,
  "score3": 0.1540405106782001,
  "score4": 0.05614879650781862,
  "score5": 0.010649579950884981,
  "score6": 0.17227421878219432
}