{
  "score0": 0.3169273946103945,
  "score1": 0.17683042408640484,
  "score2": 0.183211720260694,
  "score3": 0.035382255085271985,
  "score4": 0.02019761526996453,
  "score5": 0.05200358229760641,
  "score6": 0.1516828767985457
}