{
  "score0": 0.5346358334819822,
  "score1": 0.7208600242674972,
  "score2": 0.3544685978083728,
  "score3": 0.4171372533644104,
  "score4": 0.4546600761354579,
  "score5": 0.36481094976458384,
  "score6": 0.3550245142445403
}