{
  "score0": 0.33033090927249575,
  "score1": 0.149725083537425,
  "score2": 0.117044632770035,
  "score3": 0.050117703086409345,
  "score4": 0.014808193435709001,
  "score5": 0.038569049628262735,
  "score6": 0.17703649777562291
}