{
  "score0": 0.2819319086013869,
  "score1": 0.3277891760417121,
  "score2": 0.34410145748227905,
  "score3": 0.2523450310453371,
  "score4": 0.12428907504286221,
  "score5": 0.05097144609459986,
  "score6": 0.045795928284567466
}