{
  "score0": 0.3290870493422832,
  "score1": 0.30035884837883997,
  "score2": 0.2767496200567246,
  "score3": 0.46181939645472536,
  "score4": 0.6105620494090236,
  "score5": 0.5360415271836937,
  "score6": 0.13844608508223027
}