{
  "score0": 0.558366987856688,
  "score1": 0.33747081483253927,
  "score2": 0.34722271027873836,
  "score3": 0.5914009365117137,
  "score4": 0.5112787171738604,
  "score5": 0.5415163378391961,
  "score6": 0.44946240068611
}