{
  "score0": 0.34849368594908736,
  "score1": 0.3029268859936931,
  "score2": 0.3000607446918739,
  "score3": 0.5818381315647837,
  "score4": 0.5548140617361844,
  "score5": 0.33484938533183306,
  "score6": 0.2882527254762356
}