{
  "score0": 0.5346358334819822,
  "score1": 0.7208600242674972,
  "score2": 0.5244743523705485,
  "score3": 0.4147646831866706,
  "score4": 0.4170121107907783,
  "score5": 0.45478521870908994,
  "score6": 0.3519706337038065
}