{
  "score0": 0.7662642348055932,
  "score1": 0.5691152405114083,
  "score2": 0.40579865311096996,
  "score3": 0.5026357785839299,
  "score4": 0.3761475202405882,
  "score5": 0.35330176276434777,
  "score6": 0.45162973180188626
}