{
  "score0": 0.3015446277893819,
  "score1": 0.27362200650426066,
  "score2": 0.240284712604346,
  "score3": 0.5809503843683534,
  "score4": 0.5879878215769294,
  "score5": 0.2600918027542205,
  "score6": 0.11552325534526452
}