{
  "score0": 0.2628486694408402,
  "score1": 0.266962390398508,
  "score2": 0.2364253805962408,
  "score3": 0.5665557152411717,
  "score4": 0.4933868001946277,
  "score5": 0.1776472584188659,
  "score6": 0.09561939574248032
}