{
  "score0": 0.5811663393047687,
  "score1": 0.7601006208018671,
  "score2": 0.2305633300126676,
  "score3": 0.4147646831866707,
  "score4": 0.4171372533644104,
  "score5": 0.4546600761354579,
  "score6": 0.36481094976458384
}