{
  "score0": 0.41166999697549017,
  "score1": 0.5335586979293626,
  "score2": 0.43969688518514344,
  "score3": 0.3797529620126514,
  "score4": 0.3922073260430971,
  "score5": 0.6001177021044395,
  "score6": 0.5727189344157084
}