{
  "score0": 0.3201306778407995,
  "score1": 0.31876534142946483,
  "score2": 0.4221855555292728,
  "score3": 0.5947511799374136,
  "score4": 0.5416836009419929,
  "score5": 0.42738816956408443,
  "score6": 0.4952281693633631
}