{
  "score0": 0.28481313677465214,
  "score1": 0.270252446931608,
  "score2": 0.5303043599102448,
  "score3": 0.19837633333696308,
  "score4": 0.06759000468382373,
  "score5": 0.21451574540856605,
  "score6": 0.31402124286167266
}