{
  "score0": 0.17568977468677735,
  "score1": 0.3125227357398591,
  "score2": 0.5696870172996283,
  "score3": 0.2293421567355699,
  "score4": 0.4820650879048142,
  "score5": 0.4373461401632053,
  "score6": 0.49055433645798685
}