{
  "score0": 0.28897339888069207,
  "score1": 0.22264516631683778,
  "score2": 0.36312460337289726,
  "score3": 0.4741733165312022,
  "score4": 0.2787717267751403,
  "score5": 0.11658740139742094,
  "score6": 0.03831470388798949
}