{
  "score0": 0.3201306778407995,
  "score1": 0.31876534142946483,
  "score2": 0.3034244173621882,
  "score3": 0.5818381315647837,
  "score4": 0.5548140617361844,
  "score5": 0.33484938533183306,
  "score6": 0.2882527254762356
}