{
  "score0": 0.28897339888069207,
  "score1": 0.22264516631683778,
  "score2": 0.3245082017092616,
  "score3": 0.49779593983695963,
  "score4": 0.20549045512990521,
  "score5": 0.04239729489295756,
  "score6": 0.04976332368818802
}