{
  "score0": 0.2911521106678049,
  "score1": 0.3105370932966199,
  "score2": 0.3369139945480307,
  "score3": 0.3688796689492121,
  "score4": 0.19159199325727688,
  "score5": 0.05067993511023589,
  "score6": 0.025158121226115916
}