{
  "score0": 0.6437990837650907,
  "score1": 0.6444536157955081,
  "score2": 0.4623582253159791,
  "score3": 0.4546601923955982,
  "score4": 0.4486379985310278,
  "score5": 0.4283231725019636,
  "score6": 0.06724882391149632
}