{
  "score0": 0.3123147005646336,
  "score1": 0.32119728744487613,
  "score2": 0.33130047000293866,
  "score3": 0.3423411493580444,
  "score4": 0.14514907943336836,
  "score5": 0.025330788644394864,
  "score6": 0.020702618438425493
}