{
  "score0": 0.33805544854429026,
  "score1": 0.2741032917515485,
  "score2": 0.494826919998041,
  "score3": 0.4904022150076015,
  "score4": 0.5947511799374136,
  "score5": 0.5416836009419929,
  "score6": 0.42738816956408443
}