{
  "score0": 0.6615260597604907,
  "score1": 0.6111024443693105,
  "score2": 0.6852419404934942,
  "score3": 0.2574683478438773,
  "score4": 0.31740407772244084,
  "score5": 0.4272308705052588,
  "score6": 0.5227473379535539
}