{
  "score0": 0.3169273946103945,
  "score1": 0.17683042408640484,
  "score2": 0.11245475370785159,
  "score3": 0.02019761526996453,
  "score4": 0.05200358229760641,
  "score5": 0.1516828767985457,
  "score6": 0.2113922117230801
}