{
  "score0": 0.31781103149087064,
  "score1": 0.282578505004082,
  "score2": 0.25184310846178365,
  "score3": 0.5665557152411717,
  "score4": 0.4933868001946277,
  "score5": 0.1776472584188659,
  "score6": 0.09561939574248032
}