{
  "score0": 0.2200978928250735,
  "score1": 0.20460125666423212,
  "score2": 0.5627637335171796,
  "score3": 0.4498716919621714,
  "score4": 0.4786476414318007,
  "score5": 0.28538033338058966,
  "score6": 0.449600302570769
}