{
  "score0": 0.5346358334819822,
  "score1": 0.7208600242674972,
  "score2": 0.5254723791716502,
  "score3": 0.4302252966681023,
  "score4": 0.44123476528885947,
  "score5": 0.37770580564148387,
  "score6": 0.17822102489988123
}