{
  "score0": 0.5229277480925265,
  "score1": 0.3103080500072628,
  "score2": 0.33658839280127717,
  "score3": 0.5380853024930544,
  "score4": 0.5190646847056117,
  "score5": 0.5812977611430451,
  "score6": 0.4632103544436211
}