{
  "score0": 0.30035884837883997,
  "score1": 0.2767496200567246,
  "score2": 0.5303043599102448,
  "score3": 0.19837633333696308,
  "score4": 0.06759000468382373,
  "score5": 0.21451574540856605,
  "score6": 0.31402124286167266
}