{
  "score0": 0.4927299760821281,
  "score1": 0.18103348642067216,
  "score2": 0.4057773428526568,
  "score3": 0.6384979356809108,
  "score4": 0.43509580876292825,
  "score5": 0.261089987752113,
  "score6": 0.5352813096343181
}