{
  "score0": 0.5229277480925265,
  "score1": 0.3103080500072628,
  "score2": 0.33658839280127717,
  "score3": 0.6101672393508392,
  "score4": 0.5620529075693625,
  "score5": 0.5105170641608971,
  "score6": 0.5314680341957388
}