{
  "score0": 0.5916830359351818,
  "score1": 0.7112234211628055,
  "score2": 0.570132234211266,
  "score3": 0.4171372533644104,
  "score4": 0.4552011262659222,
  "score5": 0.4540750813496368,
  "score6": 0.23536776115812016
}