{
  "score0": 0.5916830359351818,
  "score1": 0.7112234211628055,
  "score2": 0.527432190901462,
  "score3": 0.4302252966681023,
  "score4": 0.44123476528885947,
  "score5": 0.37770580564148387,
  "score6": 0.17822102489988123
}