{
  "score0": 0.27362200650426066,
  "score1": 0.240284712604346,
  "score2": 0.49191169108281024,
  "score3": 0.25515601297741763,
  "score4": 0.06456387086581172,
  "score5": 0.036001598967352874,
  "score6": 0.04435029965079029
}