{
  "score0": 0.31781103149087064,
  "score1": 0.282578505004082,
  "score2": 0.25184310846178365,
  "score3": 0.580212258016888,
  "score4": 0.45964982555116973,
  "score5": 0.12165070753331222,
  "score6": 0.048707201386558166
}