{
  "score0": 0.23447921097438748,
  "score1": 0.2827180465325686,
  "score2": 0.5600379649362847,
  "score3": 0.33289879477220885,
  "score4": 0.3576865501453016,
  "score5": 0.4357602102675868,
  "score6": 0.4778125472807143
}