{
  "score0": 0.43273614593325715,
  "score1": 0.6437990837650907,
  "score2": 0.6444536157955081,
  "score3": 0.4190191641308926,
  "score4": 0.3569113914617781,
  "score5": 0.4458659193281015,
  "score6": 0.4681380206221151
}