{
  "score0": 0.30867696145026174,
  "score1": 0.41166999697549017,
  "score2": 0.5335586979293626,
  "score3": 0.4009757032939873,
  "score4": 0.4594127934835342,
  "score5": 0.27376398678226493,
  "score6": 0.4283086582967774
}