{
  "score0": 0.6181543107293767,
  "score1": 0.37134144646368616,
  "score2": 0.46929246109318434,
  "score3": 0.5616017493629182,
  "score4": 0.5323644595324422,
  "score5": 0.456093959678709,
  "score6": 0.47772488768780597
}