{
  "score0": 0.3046315751739138,
  "score1": 0.3874704957041796,
  "score2": 0.5627637335171796,
  "score3": 0.4498716919621714,
  "score4": 0.4786476414318007,
  "score5": 0.28538033338058966,
  "score6": 0.449600302570769
}