{
  "score0": 0.4073279703821385,
  "score1": 0.5295176555277911,
  "score2": 0.5932485902303993,
  "score3": 0.44607356841164714,
  "score4": 0.3403153640839849,
  "score5": 0.4756114665416845,
  "score6": 0.5385055832724311
}