{
  "score0": 0.7662642348055932,
  "score1": 0.5691152405114083,
  "score2": 0.45224228436113295,
  "score3": 0.3761475202405882,
  "score4": 0.35330176276434777,
  "score5": 0.45162973180188626,
  "score6": 0.5181822950490285
}