{
  "score0": 0.47411245503645727,
  "score1": 0.17431066113103505,
  "score2": 0.3942886562219337,
  "score3": 0.5844836578930309,
  "score4": 0.2506845804012479,
  "score5": 0.28963307044747977,
  "score6": 0.5102607668401793
}