{
  "score0": 0.7282136307248168,
  "score1": 0.6181543107293767,
  "score2": 0.37134144646368616,
  "score3": 0.4956798167754487,
  "score4": 0.5366923098179407,
  "score5": 0.5423615672577033,
  "score6": 0.4680542544678679
}