{
  "score0": 0.32119728744487613,
  "score1": 0.33130047000293866,
  "score2": 0.2530809275354512,
  "score3": 0.030825935109435685,
  "score4": 0.020510699518418874,
  "score5": 0.29875382287363694,
  "score6": 0.2717528594155973
}