{
  "score0": 0.0314352072786026,
  "score1": 0.5205236692427662,
  "score2": 0.11577383393227125,
  "score3": 0.4659146224543865,
  "score4": 0.5406792620283444,
  "score5": 0.5876068508917236,
  "score6": 0.25033295814897677
}