{
  "score0": 0.1529078173476362,
  "score1": 0.11627954873871038,
  "score2": 0.027521464289933642,
  "score3": 0.02048524676199722,
  "score4": 0.12323106025971889,
  "score5": 0.28332149369455756,
  "score6": 0.2425734946724843
}