{
  "score0": 0.28481313677465214,
  "score1": 0.27498585711432477,
  "score2": 0.2522372672810447,
  "score3": 0.5928146998451669,
  "score4": 0.4175371216917608,
  "score5": 0.15080064766456022,
  "score6": 0.08372347619540402
}