{
  "score0": 0.5878291477938447,
  "score1": 0.6512190205974645,
  "score2": 0.6877540940251371,
  "score3": 0.2859420621528182,
  "score4": 0.45834384853991217,
  "score5": 0.226916047228658,
  "score6": 0.4197375440537817
}