{
  "score0": 0.4073279703821385,
  "score1": 0.5295176555277911,
  "score2": 0.5932485902303993,
  "score3": 0.4190191641308926,
  "score4": 0.3569113914617781,
  "score5": 0.4458659193281015,
  "score6": 0.4681380206221151
}