{
  "score0": 0.5726038498798712,
  "score1": 0.7662642348055932,
  "score2": 0.5691152405114083,
  "score3": 0.429555332512477,
  "score4": 0.3758438335726647,
  "score5": 0.41049870627487794,
  "score6": 0.3398231658967341
}