{
  "score0": 0.44312471707476303,
  "score1": 0.18065069579363663,
  "score2": 0.38720082408534917,
  "score3": 0.6971179457231466,
  "score4": 0.2845952473143766,
  "score5": 0.402636404176838,
  "score6": 0.4356444001270918
}