{
  "score0": 0.3445285525181604,
  "score1": 0.15294683854261693,
  "score2": 0.11047200024286066,
  "score3": 0.050117703086409345,
  "score4": 0.014808193435709001,
  "score5": 0.038569049628262735,
  "score6": 0.17703649777562291
}