{
  "score0": 0.5229277480925265,
  "score1": 0.3103080500072628,
  "score2": 0.3794889932130705,
  "score3": 0.5914009365117137,
  "score4": 0.5112787171738604,
  "score5": 0.5415163378391961,
  "score6": 0.44946240068611
}