{
  "score0": 0.6213584330077233,
  "score1": 0.5800173192820673,
  "score2": 0.233535778778413,
  "score3": 0.13104185969370843,
  "score4": 0.20953730703125983,
  "score5": 0.4742840878864228,
  "score6": 0.6388132391215839
}