{
  "score0": 0.37725456415644465,
  "score1": 0.5201610036673617,
  "score2": 0.46713604873489456,
  "score3": 0.4574083420874198,
  "score4": 0.11470042841324106,
  "score5": 0.14996266638070352,
  "score6": 0.05426000152469668
}