{
  "score0": 0.07170046074096129,
  "score1": 0.1780352998623288,
  "score2": 0.33347863654158977,
  "score3": 0.16664797522565267,
  "score4": 0.4773137908149754,
  "score5": 0.5504760233135938,
  "score6": 0.4801019637844728
}