{
  "score0": 0.7056477254134179,
  "score1": 0.6946548338564869,
  "score2": 0.6705019794437823,
  "score3": 0.2407364833822271,
  "score4": 0.09782389723014617,
  "score5": 0.11316265958679583,
  "score6": 0.04532111589683333
}