{
  "score0": 0.6683512731051466,
  "score1": 0.6521467546236692,
  "score2": 0.615734944854417,
  "score3": 0.08324990425657733,
  "score4": 0.05586172557587087,
  "score5": 0.16737776309962335,
  "score6": 0.3257170480696792
}