{
  "score0": 0.4093407294301256,
  "score1": 0.1644625385350474,
  "score2": 0.30439648492376414,
  "score3": 0.22009502063096356,
  "score4": 0.02508835491739661,
  "score5": 0.06665775393249357,
  "score6": 0.270298807230579
}