{
  "score0": 0.6639432084056526,
  "score1": 0.7430028149546212,
  "score2": 0.3882458784370866,
  "score3": 0.2047821089578801,
  "score4": 0.22980528078349524,
  "score5": 0.4640230582496277,
  "score6": 0.6305004804821498
}