{
  "score0": 0.22891430983459865,
  "score1": 0.051330129853252866,
  "score2": 0.21054219337584054,
  "score3": 0.4922481446377014,
  "score4": 0.4947515640385176,
  "score5": 0.568286535773244,
  "score6": 0.5577542578137568
}