{
  "score0": 0.3968166047016645,
  "score1": 0.5742080517583975,
  "score2": 0.42088206130152495,
  "score3": 0.3808308453577762,
  "score4": 0.17021329472579025,
  "score5": 0.13650735937224326,
  "score6": 0.02006818448384567
}