{
  "score0": 0.6794350493574834,
  "score1": 0.6880103272282285,
  "score2": 0.42100462010717343,
  "score3": 0.1755122267078848,
  "score4": 0.09730753245611028,
  "score5": 0.25394960774700187,
  "score6": 0.4141170255701238
}