{
  "score0": 0.0853443192073881,
  "score1": 0.4013155607359816,
  "score2": 0.672274500896984,
  "score3": 0.2561367945657307,
  "score4": 0.2445726328715485,
  "score5": 0.25387567593320237,
  "score6": 0.05432832263337465
}