{
  "score0": 0.7079549159899722,
  "score1": 0.684087677668542,
  "score2": 0.6805383714042054,
  "score3": 0.08758551320826531,
  "score4": 0.04328540062590421,
  "score5": 0.24107700487871805,
  "score6": 0.09787836259024275
}