{
  "score0": 0.07852746900786112,
  "score1": 0.3617442678416168,
  "score2": 0.5979256497829692,
  "score3": 0.3916711804648305,
  "score4": 0.3826203049759052,
  "score5": 0.1804112101828325,
  "score6": 0.10106694957773711
}