{
  "score0": 0.6522095922069785,
  "score1": 0.3976616163392966,
  "score2": 0.13585545419009887,
  "score3": 0.1269074940368729,
  "score4": 0.24802958822697888,
  "score5": 0.522420042010144,
  "score6": 0.4481267034677959
}