{
  "score0": 0.1644625385350474,
  "score1": 0.30439648492376414,
  "score2": 0.18936882067047825,
  "score3": 0.3490815760957982,
  "score4": 0.1923113892625362,
  "score5": 0.14784183883635363,
  "score6": 0.25211683848185357
}