{
  "score0": 0.1833278682721733,
  "score1": 0.3067475344520598,
  "score2": 0.45339561549356394,
  "score3": 0.02582022413369676,
  "score4": 0.3490815760957982,
  "score5": 0.1923113892625362,
  "score6": 0.14784183883635363
}