{
  "score0": 0.651251249477849,
  "score1": 0.3624365011914602,
  "score2": 0.4471058647927846,
  "score3": 0.15196660614620752,
  "score4": 0.045199409741971126,
  "score5": 0.21091453725139,
  "score6": 0.16621061603069046
}