{
  "score0": 0.07852746900786112,
  "score1": 0.3617442678416168,
  "score2": 0.6111787959404965,
  "score3": 0.4829923795494037,
  "score4": 0.31497654147438103,
  "score5": 0.09501636409261822,
  "score6": 0.19390459534799645
}