{
  "score0": 0.039356879162029214,
  "score1": 0.18555571293777612,
  "score2": 0.3218220733661135,
  "score3": 0.30565767932053384,
  "score4": 0.5851630339090196,
  "score5": 0.5129999488244418,
  "score6": 0.27012829016577017
}