{
  "score0": 0.20677997909684898,
  "score1": 0.047665912821565556,
  "score2": 0.21804183643971856,
  "score3": 0.1837800511203577,
  "score4": 0.5018743392432498,
  "score5": 0.543996092789805,
  "score6": 0.5853469051568387
}