{
  "score0": 0.48851224518285513,
  "score1": 0.15538909149984662,
  "score2": 0.13927353332852413,
  "score3": 0.25823324377134155,
  "score4": 0.018946910370514616,
  "score5": 0.0009659805077036383,
  "score6": 0.13874411590326452
}