{
  "score0": 0.24730421888283716,
  "score1": 0.047665912821565556,
  "score2": 0.21804183643971856,
  "score3": 0.1968422465829737,
  "score4": 0.513946296747879,
  "score5": 0.43974843751866494,
  "score6": 0.573892848987208
}