{
  "score0": 0.1644842923410155,
  "score1": 0.2716823023930367,
  "score2": 0.2201351382089154,
  "score3": 0.49277307551520305,
  "score4": 0.454508822194665,
  "score5": 0.2702727706219659,
  "score6": 0.16145750548613902
}