{
  "score0": 0.6683512731051466,
  "score1": 0.6521467546236692,
  "score2": 0.6705019794437823,
  "score3": 0.10879555104420674,
  "score4": 0.021164175200563694,
  "score5": 0.1413647335669692,
  "score6": 0.22813080234303765
}