{
  "score0": 0.16625920577286324,
  "score1": 0.3011256555664796,
  "score2": 0.42431891624471973,
  "score3": 0.2748289093122138,
  "score4": 0.4327317383561797,
  "score5": 0.2742822820283379,
  "score6": 0.3168248816429761
}