{
  "score0": 0.15958040858536776,
  "score1": 0.2664062447349924,
  "score2": 0.21807941617757454,
  "score3": 0.22382699960630406,
  "score4": 0.42740284415917085,
  "score5": 0.13482695770706996,
  "score6": 0.16999368248490712
}