{
  "score0": 0.3968773478653601,
  "score1": 0.5742080517583975,
  "score2": 0.4183681858886989,
  "score3": 0.2502271742803175,
  "score4": 0.17785542278648844,
  "score5": 0.06999544173644137,
  "score6": 0.28859996632441737
}