{
  "score0": 0.5433400003227413,
  "score1": 0.20036283407121053,
  "score2": 0.2126580735173661,
  "score3": 0.19323556580358003,
  "score4": 0.013106404166237146,
  "score5": 0.040880775764618356,
  "score6": 0.1937820508949668
}