{
  "score0": 0.09666052833269846,
  "score1": 0.45182204137381826,
  "score2": 0.6111787959404965,
  "score3": 0.4829923795494037,
  "score4": 0.31497654147438103,
  "score5": 0.09501636409261822,
  "score6": 0.19390459534799645
}