{
  "score0": 0.2805393262789745,
  "score1": 0.7156813131020012,
  "score2": 0.24991858835133643,
  "score3": 0.18565336705437555,
  "score4": 0.032258833509712766,
  "score5": 0.28863869617384874,
  "score6": 0.032709078491288894
}