{
  "score0": 0.2664062447349924,
  "score1": 0.21807941617757454,
  "score2": 0.27075038234861226,
  "score3": 0.22170836737859845,
  "score4": 0.3059073064782268,
  "score5": 0.33223625051297173,
  "score6": 0.1981289009520529
}