{
  "score0": 0.3076245629155841,
  "score1": 0.5760155747965432,
  "score2": 0.14465303508401814,
  "score3": 0.052030275104886635,
  "score4": 0.07233826281292806,
  "score5": 0.1941805651094132,
  "score6": 0.31169516085680476
}