{
  "score0": 0.2313253253486866,
  "score1": 0.6211073336581339,
  "score2": 0.2500610827129008,
  "score3": 0.14995339174157998,
  "score4": 0.047709859118609754,
  "score5": 0.0996961272105344,
  "score6": 0.2080366616460129
}