{
  "score0": 0.7087627769303595,
  "score1": 0.7089994617480588,
  "score2": 0.5859720496366441,
  "score3": 0.2050310773628373,
  "score4": 0.15215289132644175,
  "score5": 0.12019488841976576,
  "score6": 0.28507717036316027
}