{
  "score0": 0.651251249477849,
  "score1": 0.5041736630255105,
  "score2": 0.5377369801027616,
  "score3": 0.170412112128803,
  "score4": 0.18817509046410033,
  "score5": 0.07454473993753226,
  "score6": 0.15893376215169555
}