{
  "score0": 0.059465387169717124,
  "score1": 0.1780352998623288,
  "score2": 0.33347863654158977,
  "score3": 0.27324519679625187,
  "score4": 0.4601697609004714,
  "score5": 0.5608476432968551,
  "score6": 0.24815322213987867
}