{
  "score0": 0.15958040858536776,
  "score1": 0.2664062447349924,
  "score2": 0.2083075150251248,
  "score3": 0.19003493709845254,
  "score4": 0.42740284415917085,
  "score5": 0.13482695770706996,
  "score6": 0.16999368248490712
}