{
  "score0": 0.43005644926881165,
  "score1": 0.15106272658401884,
  "score2": 0.13927353332852413,
  "score3": 0.22229219261299227,
  "score4": 0.006780441024987323,
  "score5": 0.1046318825312325,
  "score6": 0.11566925365572696
}