{
  "score0": 0.5554855979606463,
  "score1": 0.20036283407121053,
  "score2": 0.2125555745717392,
  "score3": 0.11093904868427969,
  "score4": 0.0009443841702590169,
  "score5": 0.30309299957091235,
  "score6": 0.3633722570979672
}