{
  "score0": 0.40573840994546206,
  "score1": 0.2573791449399048,
  "score2": 0.06848054097377923,
  "score3": 0.07858016388177125,
  "score4": 0.24460135412532702,
  "score5": 0.2687133236075269,
  "score6": 0.42346539111393994
}