{
  "score0": 0.09661789685858865,
  "score1": 0.42362811431054986,
  "score2": 0.5479735743477833,
  "score3": 0.34506914540758515,
  "score4": 0.2033070092159015,
  "score5": 0.14831029688302336,
  "score6": 0.044677053677614355
}