{
  "score0": 0.15268226730012455,
  "score1": 0.2716823023930367,
  "score2": 0.16770945524175518,
  "score3": 0.51283289625946,
  "score4": 0.5359833987671702,
  "score5": 0.27852575194873025,
  "score6": 0.3232417860811032
}