{
  "score0": 0.7089994617480588,
  "score1": 0.7568115533039124,
  "score2": 0.29911892131318074,
  "score3": 0.1926029286832963,
  "score4": 0.1814182458527637,
  "score5": 0.5170369974842833,
  "score6": 0.38868797577466335
}