{
  "score0": 0.16744074003446055,
  "score1": 0.28768381996034065,
  "score2": 0.2201351382089154,
  "score3": 0.49277307551520305,
  "score4": 0.454508822194665,
  "score5": 0.2702727706219659,
  "score6": 0.16145750548613902
}