{
  "score0": 0.07852746900786112,
  "score1": 0.3617442678416168,
  "score2": 0.6469407814893113,
  "score3": 0.42107696316489,
  "score4": 0.34506914540758515,
  "score5": 0.2033070092159015,
  "score6": 0.14831029688302336
}