{
  "score0": 0.39938491632161705,
  "score1": 0.5201610036673617,
  "score2": 0.46713604873489456,
  "score3": 0.425437552406062,
  "score4": 0.21054601044296528,
  "score5": 0.18558448215046922,
  "score6": 0.019678702134967575
}