{
  "score0": 0.3818514001774176,
  "score1": 0.2452001602957899,
  "score2": 0.06442413182967018,
  "score3": 0.1612957703724852,
  "score4": 0.15533579896425026,
  "score5": 0.5050794038981756,
  "score6": 0.45245555574485463
}