{
  "score0": 0.08393497833288355,
  "score1": 0.38213840205251537,
  "score2": 0.6353733030954658,
  "score3": 0.38428749480973506,
  "score4": 0.3001715632134605,
  "score5": 0.36001300237685724,
  "score6": 0.069937798354143
}