{
  "score0": 0.7126523983759526,
  "score1": 0.6610942421951022,
  "score2": 0.3408875583562786,
  "score3": 0.04328540062590421,
  "score4": 0.24107700487871805,
  "score5": 0.09787836259024275,
  "score6": 0.163212363948214
}