{
  "score0": 0.16625920577286324,
  "score1": 0.3011256555664796,
  "score2": 0.2478659286988484,
  "score3": 0.15977444015676248,
  "score4": 0.4570465172776112,
  "score5": 0.3067718352289807,
  "score6": 0.34758713285459564
}