{
  "score0": 0.3467022017495513,
  "score1": 0.6176441638534793,
  "score2": 0.08515854314262909,
  "score3": 0.059708040290786385,
  "score4": 0.27442498699614987,
  "score5": 0.3089806181641857,
  "score6": 0.5318754539565643
}