{
  "score0": 0.2627122506339119,
  "score1": 0.147603634595795,
  "score2": 0.38087989027026853,
  "score3": 0.43079510193568865,
  "score4": 0.5162232490235962,
  "score5": 0.34236273590080785,
  "score6": 0.08506645534893502
}