{
  "score0": 0.43005644926881165,
  "score1": 0.15106272658401884,
  "score2": 0.2151009598483497,
  "score3": 0.22085392810075297,
  "score4": 0.006780441024987323,
  "score5": 0.1046318825312325,
  "score6": 0.11566925365572696
}