{
  "score0": 0.16578133436962367,
  "score1": 0.3036934314980156,
  "score2": 0.2478659286988484,
  "score3": 0.10478372901569392,
  "score4": 0.4072112302851422,
  "score5": 0.22272491481320578,
  "score6": 0.18778329571359623
}