{
  "score0": 0.21951470968498404,
  "score1": 0.058480581346819605,
  "score2": 0.22307688366155778,
  "score3": 0.23637944894398155,
  "score4": 0.4922481446377014,
  "score5": 0.4947515640385176,
  "score6": 0.568286535773244
}