{
  "score0": 0.2868453718502515,
  "score1": 0.08157374622299292,
  "score2": 0.38087989027026853,
  "score3": 0.49956724892107846,
  "score4": 0.4176920596839176,
  "score5": 0.12474031329691687,
  "score6": 0.19479260918255736
}