{
  "score0": 0.36470640580997127,
  "score1": 0.2452001602957899,
  "score2": 0.04900487748606889,
  "score3": 0.2141683855202873,
  "score4": 0.1009273964983642,
  "score5": 0.44389376947838843,
  "score6": 0.52760428847706
}