{
  "score0": 0.24532551018251947,
  "score1": 0.16879207247559302,
  "score2": 0.27075038234861226,
  "score3": 0.22170836737859845,
  "score4": 0.3059073064782268,
  "score5": 0.33223625051297173,
  "score6": 0.1981289009520529
}