{
  "score0": 0.04865594425826691,
  "score1": 0.1858588375545759,
  "score2": 0.3053836464008524,
  "score3": 0.501684097102303,
  "score4": 0.5755019953217194,
  "score5": 0.28320871904797534,
  "score6": 0.21012654422466256
}