{
  "score0": 0.39306482938275283,
  "score1": 0.2413459577150857,
  "score2": 0.04900487748606889,
  "score3": 0.18146865849525776,
  "score4": 0.1281173633744348,
  "score5": 0.3684020467890771,
  "score6": 0.4781444257833775
}