{
  "score0": 0.16744074003446055,
  "score1": 0.28768381996034065,
  "score2": 0.18131350563273713,
  "score3": 0.4348719169128734,
  "score4": 0.5599314634815394,
  "score5": 0.5884710042565624,
  "score6": 0.37093243066615517
}