{
  "score0": 0.26139515450142614,
  "score1": 0.05739494349931876,
  "score2": 0.18967910838622828,
  "score3": 0.2718428256601377,
  "score4": 0.37514104916954066,
  "score5": 0.49896698949924456,
  "score6": 0.6095138675610616
}