{
  "score0": 0.6543272657960189,
  "score1": 0.7065608348682048,
  "score2": 0.3882458784370866,
  "score3": 0.1904215771294214,
  "score4": 0.2615226917577402,
  "score5": 0.2824328706383208,
  "score6": 0.5014019113836629
}