{
  "score0": 0.6023961699456788,
  "score1": 0.3467022017495513,
  "score2": 0.6176441638534793,
  "score3": 0.11475044613648895,
  "score4": 0.1521784251759846,
  "score5": 0.04735135595450615,
  "score6": 0.07227151606733699
}