{
  "score0": 0.18221842606985308,
  "score1": 0.34692680893430045,
  "score2": 0.25970983617861854,
  "score3": 0.5599314634815394,
  "score4": 0.5884710042565624,
  "score5": 0.37093243066615517,
  "score6": 0.23525364391222647
}