{
  "score0": 0.6794350493574834,
  "score1": 0.6880103272282285,
  "score2": 0.45311751379189213,
  "score3": 0.20354154637873745,
  "score4": 0.1926029286832963,
  "score5": 0.1814182458527637,
  "score6": 0.5170369974842833
}