{
  "score0": 0.29400218007604684,
  "score1": 0.7156813131020012,
  "score2": 0.2500610827129008,
  "score3": 0.15057477324602345,
  "score4": 0.042370752336316264,
  "score5": 0.1395587202392973,
  "score6": 0.2646255221670174
}