{
  "score0": 0.3046466207108092,
  "score1": 0.09661789685858865,
  "score2": 0.42362811431054986,
  "score3": 0.48928605030968897,
  "score4": 0.3964002709388283,
  "score5": 0.3943183360889946,
  "score6": 0.07591453533383753
}