{
  "score0": 0.3589163773963492,
  "score1": 0.5432733432111857,
  "score2": 0.3803416081029714,
  "score3": 0.5774726014517148,
  "score4": 0.11253546380697856,
  "score5": 0.1405517248900557,
  "score6": 0.11896428496982163
}