{
  "score0": 0.1833278682721733,
  "score1": 0.29100006012603846,
  "score2": 0.18936882067047825,
  "score3": 0.3490815760957982,
  "score4": 0.1923113892625362,
  "score5": 0.14784183883635363,
  "score6": 0.25211683848185357
}