{
  "score0": 0.5554855979606463,
  "score1": 0.21911205170117526,
  "score2": 0.16705606638878653,
  "score3": 0.0009443841702590169,
  "score4": 0.30309299957091235,
  "score5": 0.3633722570979672,
  "score6": 0.08977727421885355
}