{
  "score0": 0.5761508157130506,
  "score1": 0.7126523983759526,
  "score2": 0.6655312078800775,
  "score3": 0.47536372948652716,
  "score4": 0.20150915832165936,
  "score5": 0.15215289132644175,
  "score6": 0.02062765915804802
}