{
  "score0": 0.6172451418449213,
  "score1": 0.4631797730060272,
  "score2": 0.5180361517534922,
  "score3": 0.14342791636569455,
  "score4": 0.26896718334404585,
  "score5": 0.054969765918287096,
  "score6": 0.12490404036804796
}