{
  "score0": 0.09666052833269846,
  "score1": 0.45182204137381826,
  "score2": 0.672274500896984,
  "score3": 0.4832153447439868,
  "score4": 0.3437162611440796,
  "score5": 0.1619279190422315,
  "score6": 0.1345824974004999
}