{
  "score0": 0.38213840205251537,
  "score1": 0.6142743828154994,
  "score2": 0.36151245428301726,
  "score3": 0.17785542278648844,
  "score4": 0.06999544173644137,
  "score5": 0.28859996632441737,
  "score6": 0.1719191744992492
}