{
  "score0": 0.04865594425826691,
  "score1": 0.17995284499744096,
  "score2": 0.2659151640771699,
  "score3": 0.40449336340576814,
  "score4": 0.501684097102303,
  "score5": 0.5755019953217194,
  "score6": 0.28320871904797534
}