{
  "score0": 0.6283192969418013,
  "score1": 0.3828663043236673,
  "score2": 0.14799172648537334,
  "score3": 0.11969946745773712,
  "score4": 0.17544629177770588,
  "score5": 0.38880826130219565,
  "score6": 0.24277480777649627
}