{
  "score0": 0.589135784843804,
  "score1": 0.7166076182234421,
  "score2": 0.6655312078800775,
  "score3": 0.6697541127156416,
  "score4": 0.26562083409652126,
  "score5": 0.0464744212678694,
  "score6": 0.08883514777448093
}