{
  "score0": 0.6327118986793883,
  "score1": 0.37875139806050345,
  "score2": 0.14622046010548562,
  "score3": 0.04370357676973269,
  "score4": 0.2524041067436676,
  "score5": 0.08506012014626795,
  "score6": 0.22777434668923094
}