{
  "score0": 0.6068728148583088,
  "score1": 0.4631797730060272,
  "score2": 0.5180361517534922,
  "score3": 0.08190532541961236,
  "score4": 0.24186386034828855,
  "score5": 0.061883353103148096,
  "score6": 0.19978233872451867
}