{
  "score0": 0.651251249477849,
  "score1": 0.5041736630255105,
  "score2": 0.5421754080180602,
  "score3": 0.20713061428468746,
  "score4": 0.10993719445499522,
  "score5": 0.07655708288024064,
  "score6": 0.2204808089993874
}