{
  "score0": 0.40573840994546206,
  "score1": 0.21144669324420146,
  "score2": 0.05091716481144552,
  "score3": 0.24460135412532702,
  "score4": 0.2687133236075269,
  "score5": 0.42346539111393994,
  "score6": 0.23180099545771368
}