{
  "score0": 0.651251249477849,
  "score1": 0.5041736630255105,
  "score2": 0.5768833652326779,
  "score3": 0.23299643655891047,
  "score4": 0.15196660614620752,
  "score5": 0.045199409741971126,
  "score6": 0.21091453725139
}