{
  "score0": 0.2313253253486866,
  "score1": 0.6414094986765405,
  "score2": 0.15440932248531558,
  "score3": 0.1066740198630537,
  "score4": 0.09084335722695787,
  "score5": 0.1003911804499103,
  "score6": 0.2624491687682236
}