{
  "score0": 0.3629672673317385,
  "score1": 0.48760678308138694,
  "score2": 0.3803416081029714,
  "score3": 0.5386403453466945,
  "score4": 0.11470042841324106,
  "score5": 0.14996266638070352,
  "score6": 0.05426000152469668
}