{
  "score0": 0.6613951536173043,
  "score1": 0.7592920161271258,
  "score2": 0.3791490233972752,
  "score3": 0.1755122267078848,
  "score4": 0.11957217851388147,
  "score5": 0.17110217909797465,
  "score6": 0.3575211735385854
}