{
  "score0": 0.6522095922069785,
  "score1": 0.3976616163392966,
  "score2": 0.16076475249669966,
  "score3": 0.055845235432793766,
  "score4": 0.22606491399787973,
  "score5": 0.3016480534174008,
  "score6": 0.6136238644613091
}