{
  "score0": 0.24532551018251947,
  "score1": 0.11657045100995972,
  "score2": 0.3890870418983541,
  "score3": 0.4112286011291446,
  "score4": 0.466388591799848,
  "score5": 0.2391720791921699,
  "score6": 0.18643049314303328
}