{
  "score0": 0.1644842923410155,
  "score1": 0.2716823023930367,
  "score2": 0.16770945524175518,
  "score3": 0.4681899352517271,
  "score4": 0.5529067348611844,
  "score5": 0.2928167463051439,
  "score6": 0.18916949178639578
}