{
  "score0": 0.21951470968498404,
  "score1": 0.058480581346819605,
  "score2": 0.21558417281637748,
  "score3": 0.30855227183991046,
  "score4": 0.5212166774860046,
  "score5": 0.5409956353557961,
  "score6": 0.5240414689285497
}