{
  "score0": 0.620394094489184,
  "score1": 0.29629732109729157,
  "score2": 0.14329290492406221,
  "score3": 0.17544629177770588,
  "score4": 0.38880826130219565,
  "score5": 0.24277480777649627,
  "score6": 0.34555375277501926
}