{
  "score0": 0.6613951536173043,
  "score1": 0.7592920161271258,
  "score2": 0.42100462010717343,
  "score3": 0.1755122267078848,
  "score4": 0.09730753245611028,
  "score5": 0.25394960774700187,
  "score6": 0.4141170255701238
}