{
  "score0": 0.039356879162029214,
  "score1": 0.18555571293777612,
  "score2": 0.27469157139485806,
  "score3": 0.38177751660204556,
  "score4": 0.5257333231223995,
  "score5": 0.5061197403927395,
  "score6": 0.20846595026771064
}