{
  "score0": 0.6981783533435967,
  "score1": 0.7184523593251094,
  "score2": 0.6075319233246371,
  "score3": 0.7010286781400765,
  "score4": 0.5496898863193938,
  "score5": 0.297237019558156,
  "score6": 0.4504085453301633
}