{
  "score0": 0.4273489421173249,
  "score1": 0.5668547603484614,
  "score2": 0.5046536250027163,
  "score3": 0.23736331976331332,
  "score4": 0.0814654256241319,
  "score5": 0.04445018205293522,
  "score6": 0.030098972156678217
}