{
  "score0": 0.7572182543168942,
  "score1": 0.5040035986462231,
  "score2": 0.3670272617963539,
  "score3": 0.3930288798476756,
  "score4": 0.46997894078845737,
  "score5": 0.5701951004596663,
  "score6": 0.29207615186361047
}