{
  "score0": 0.16015146921307635,
  "score1": 0.0802277174315636,
  "score2": 0.07056222592736099,
  "score3": 0.04013693279416687,
  "score4": 0.09501218832049574,
  "score5": 0.31052041127371566,
  "score6": 0.2802765317598378
}