{
  "score0": 0.5907179816675481,
  "score1": 0.49744776339436464,
  "score2": 0.673425762757793,
  "score3": 0.4791928814734451,
  "score4": 0.4854442266982705,
  "score5": 0.3512914870619389,
  "score6": 0.1649932856275448
}