{
  "score0": 0.10516418745247935,
  "score1": 0.3015865658183992,
  "score2": 0.613143626879192,
  "score3": 0.7096025217679187,
  "score4": 0.8600961637815264,
  "score5": 0.5157454106306568,
  "score6": 0.604221076858478
}