{
  "score0": 0.5978661968009313,
  "score1": 0.5033021998096352,
  "score2": 0.2294845367426158,
  "score3": 0.09085889334035158,
  "score4": 0.03594943447891081,
  "score5": 0.07431269370622508,
  "score6": 0.10495148818622657
}