{
  "score0": 0.401071117434489,
  "score1": 0.6812383737072559,
  "score2": 0.7007890043790166,
  "score3": 0.8955965086750527,
  "score4": 0.623292959252774,
  "score5": 0.5296757337321965,
  "score6": 0.4897247227416288
}