{
  "score0": 0.5599839009595985,
  "score1": 0.6420428929763105,
  "score2": 0.6856722452011189,
  "score3": 0.42833201406745974,
  "score4": 0.4013524245645096,
  "score5": 0.29740242236129766,
  "score6": 0.13848124215363083
}