{
  "score0": 0.5017804008000467,
  "score1": 0.1612658249083332,
  "score2": 0.07496125384395834,
  "score3": 0.1102941560249302,
  "score4": 0.026013738383566194,
  "score5": 0.05700622840383154,
  "score6": 0.3195256180892058
}