{
  "score0": 0.1830487774446813,
  "score1": 0.07660964212708347,
  "score2": 0.0618011052622035,
  "score3": 0.015372226372184454,
  "score4": 0.060595106048322966,
  "score5": 0.16918401186578183,
  "score6": 0.39359802131534105
}