{
  "score0": 0.10516418745247935,
  "score1": 0.3015865658183992,
  "score2": 0.6525063377970027,
  "score3": 0.784720834745583,
  "score4": 0.6597912127770922,
  "score5": 0.5924893310579453,
  "score6": 0.5612206723663719
}