{
  "score0": 0.5599839009595985,
  "score1": 0.6420428929763105,
  "score2": 0.5986021454041075,
  "score3": 0.4411327407763034,
  "score4": 0.4594306655281851,
  "score5": 0.3759434968459857,
  "score6": 0.24242469109481926
}