{
  "score0": 0.15908960852427326,
  "score1": 0.08321189913421102,
  "score2": 0.06982209403107237,
  "score3": 0.020036062338659642,
  "score4": 0.07545065062316908,
  "score5": 0.25098080824683444,
  "score6": 0.34852108711262064
}