{
  "score0": 0.30015928898595684,
  "score1": 0.356032014569568,
  "score2": 0.45832246315836256,
  "score3": 0.6458695553213089,
  "score4": 0.2884649941356414,
  "score5": 0.26076292541482704,
  "score6": 0.5112066791832965
}