{
  "score0": 0.3754348671351584,
  "score1": 0.44477312624285936,
  "score2": 0.5126992234970629,
  "score3": 0.19421513348090022,
  "score4": 0.22641966449880238,
  "score5": 0.3053101716042199,
  "score6": 0.21677771837577767
}