{
  "score0": 0.3618168295836844,
  "score1": 0.3577147799109665,
  "score2": 0.4508029591796774,
  "score3": 0.64211560687784,
  "score4": 0.2774763220735026,
  "score5": 0.2634318864396823,
  "score6": 0.4547868259728588
}