{
  "score0": 0.36718488251027687,
  "score1": 0.4496249140635821,
  "score2": 0.6284236169292504,
  "score3": 0.46865014283717754,
  "score4": 0.22206922801639917,
  "score5": 0.07192938478113749,
  "score6": 0.10830478559407422
}