{
  "score0": 0.5184440214821819,
  "score1": 0.7036803790553203,
  "score2": 0.5251741584607547,
  "score3": 0.4255978792865674,
  "score4": 0.4584133091642437,
  "score5": 0.37496764049085163,
  "score6": 0.31755134734330936
}