{
  "score0": 0.37406552921729436,
  "score1": 0.6620515956797162,
  "score2": 0.6936966359553767,
  "score3": 0.6219435559100654,
  "score4": 0.6310895558234556,
  "score5": 0.562937892966616,
  "score6": 0.5318435299478477
}