{
  "score0": 0.30015928898595684,
  "score1": 0.356032014569568,
  "score2": 0.45832246315836256,
  "score3": 0.64211560687784,
  "score4": 0.2774763220735026,
  "score5": 0.2634318864396823,
  "score6": 0.4547868259728588
}