{
  "score0": 0.47297358507825893,
  "score1": 0.6247840287643168,
  "score2": 0.4595309705693759,
  "score3": 0.0751170493666657,
  "score4": 0.0741314269599953,
  "score5": 0.051388298920735404,
  "score6": 0.1952624989118011
}