{
  "score0": 0.37406552921729436,
  "score1": 0.6620515956797162,
  "score2": 0.6780675380572744,
  "score3": 0.6534421237049372,
  "score4": 0.5456697834091614,
  "score5": 0.6753349221122324,
  "score6": 0.5029760181884428
}