{
  "score0": 0.4427759618042862,
  "score1": 0.5824729171681653,
  "score2": 0.5216852893128912,
  "score3": 0.13649653388798325,
  "score4": 0.08246154507523278,
  "score5": 0.020328848695120395,
  "score6": 0.06914229943098632
}