{
  "score0": 0.38476865399928534,
  "score1": 0.6584700407535372,
  "score2": 0.7381803060876817,
  "score3": 0.623292959252774,
  "score4": 0.5296757337321965,
  "score5": 0.4897247227416288,
  "score6": 0.29537238236274443
}