{
  "score0": 0.10516418745247935,
  "score1": 0.3015865658183992,
  "score2": 0.613143626879192,
  "score3": 0.7092171161464299,
  "score4": 0.8131951692392868,
  "score5": 0.5164638359662896,
  "score6": 0.5936053113265001
}