{
  "score0": 0.6956971468087578,
  "score1": 0.5574821331294695,
  "score2": 0.6755552029012004,
  "score3": 0.4542846949228482,
  "score4": 0.43431661934596544,
  "score5": 0.39228728314910466,
  "score6": 0.16651514331977985
}