{
  "score0": 0.583237175392394,
  "score1": 0.5175647408688658,
  "score2": 0.20192226109248487,
  "score3": 0.10002877932681328,
  "score4": 0.10565882605163691,
  "score5": 0.3329987835436009,
  "score6": 0.41803318967602576
}