{
  "score0": 0.3731294441663731,
  "score1": 0.6138767801812871,
  "score2": 0.655836699897409,
  "score3": 0.6547994671792696,
  "score4": 0.6204952821525102,
  "score5": 0.645894315274722,
  "score6": 0.5494849093717521
}