{
  "score0": 0.5623492614301384,
  "score1": 0.7124453354079133,
  "score2": 0.5024866571023898,
  "score3": 0.35465081359894096,
  "score4": 0.4045107486941662,
  "score5": 0.41571672763495887,
  "score6": 0.40191479247277095
}