{
  "score0": 0.32092765466368295,
  "score1": 0.12594620825014324,
  "score2": 0.32123607337602567,
  "score3": 0.6784582814989178,
  "score4": 0.6610202520916911,
  "score5": 0.7312211735692768,
  "score6": 0.8104666230384295
}