{
  "score0": 0.4825820850775298,
  "score1": 0.16112146743695416,
  "score2": 0.056711358209757735,
  "score3": 0.0790984746847651,
  "score4": 0.0504617907661507,
  "score5": 0.05587011797133404,
  "score6": 0.2034088272237357
}