{
  "score0": 0.7547723706597022,
  "score1": 0.4913475355659841,
  "score2": 0.40819732386298946,
  "score3": 0.37765618081863417,
  "score4": 0.4019330115767995,
  "score5": 0.42534414953664457,
  "score6": 0.29104957763753886
}