{
  "score0": 0.6758212674442244,
  "score1": 0.6604587019110205,
  "score2": 0.6870026258893489,
  "score3": 0.5737500261220538,
  "score4": 0.6488593481533407,
  "score5": 0.6123776147183336,
  "score6": 0.6307372049580616
}