{
  "score0": 0.62161931389795,
  "score1": 0.6975071360577766,
  "score2": 0.6964389154814564,
  "score3": 0.6142451277959748,
  "score4": 0.712815012676174,
  "score5": 0.6745475460825041,
  "score6": 0.719352391704765
}