{
  "score0": 0.11964494490098537,
  "score1": 0.30436526012333065,
  "score2": 0.5970999917242794,
  "score3": 0.6941732156281366,
  "score4": 0.8707023264474779,
  "score5": 0.5299532749197652,
  "score6": 0.691976568928644
}