{
  "score0": 0.5302206195114307,
  "score1": 0.3233810668211627,
  "score2": 0.4001172421544883,
  "score3": 0.46498350362236973,
  "score4": 0.6047481919373809,
  "score5": 0.3433371954300158,
  "score6": 0.11068067400755123
}