{
  "score0": 0.7259334479037945,
  "score1": 0.47814915128636865,
  "score2": 0.39503142095087335,
  "score3": 0.37765618081863417,
  "score4": 0.4019330115767995,
  "score5": 0.42534414953664457,
  "score6": 0.29104957763753886
}