{
  "score0": 0.7036803790553203,
  "score1": 0.5251741584607547,
  "score2": 0.38108497423872095,
  "score3": 0.37690425298551283,
  "score4": 0.37789025931825365,
  "score5": 0.3059152962610066,
  "score6": 0.21343153667503115
}