{
  "score0": 0.385318812585065,
  "score1": 0.6675900257409328,
  "score2": 0.7042277068861864,
  "score3": 0.7230268863124294,
  "score4": 0.6265191242100792,
  "score5": 0.6483488303405462,
  "score6": 0.6029303048903273
}