{
  "score0": 0.5302206195114307,
  "score1": 0.3233810668211627,
  "score2": 0.39531199843294706,
  "score3": 0.5700628088810462,
  "score4": 0.5055639949146988,
  "score5": 0.20669585414431832,
  "score6": 0.16825495607208538
}