{
  "score0": 0.3754348671351584,
  "score1": 0.44477312624285936,
  "score2": 0.6049942786924953,
  "score3": 0.3764538543652228,
  "score4": 0.19421513348090022,
  "score5": 0.22641966449880238,
  "score6": 0.3053101716042199
}