{
  "score0": 0.5726579280890645,
  "score1": 0.5256756112922061,
  "score2": 0.21540547372848673,
  "score3": 0.037494063267895124,
  "score4": 0.08988267602371906,
  "score5": 0.05099278634639848,
  "score6": 0.03754496861224211
}