{
  "score0": 0.45696690621809793,
  "score1": 0.5549869188890706,
  "score2": 0.5061360535134809,
  "score3": 0.23648282485472633,
  "score4": 0.11453562386048974,
  "score5": 0.056967315578766706,
  "score6": 0.039638161281967094
}