{
  "score0": 0.38476865399928534,
  "score1": 0.6584700407535372,
  "score2": 0.7036051852937907,
  "score3": 0.8141098560320007,
  "score4": 0.6274402305022151,
  "score5": 0.48683198477805645,
  "score6": 0.45378662599884206
}