{
  "score0": 0.6740703412362913,
  "score1": 0.7182475080952794,
  "score2": 0.5350507638862593,
  "score3": 0.8014509911036054,
  "score4": 0.5272499177377146,
  "score5": 0.3767783017946159,
  "score6": 0.3037080189004531
}