{
  "score0": 0.62161931389795,
  "score1": 0.6975071360577766,
  "score2": 0.6964389154814564,
  "score3": 0.6272056177758788,
  "score4": 0.6488593481533407,
  "score5": 0.6123776147183336,
  "score6": 0.6307372049580616
}