{
  "score0": 0.49373658715349666,
  "score1": 0.6821363032057577,
  "score2": 0.400655195896974,
  "score3": 0.4507382221282784,
  "score4": 0.37805907710202474,
  "score5": 0.38386190021342814,
  "score6": 0.5113732245692347
}