{
  "score0": 0.6758212674442244,
  "score1": 0.6604587019110205,
  "score2": 0.6870026258893489,
  "score3": 0.5885023430188498,
  "score4": 0.7064645059983926,
  "score5": 0.581263146078747,
  "score6": 0.6514695477612396
}