{
  "score0": 0.3367640027167481,
  "score1": 0.37222019272491025,
  "score2": 0.47905988639629976,
  "score3": 0.20212934917127495,
  "score4": 0.2969403862376648,
  "score5": 0.23740194422336214,
  "score6": 0.3002871619540296
}