{
  "score0": 0.30015928898595684,
  "score1": 0.356032014569568,
  "score2": 0.46193301588511176,
  "score3": 0.5167483046262337,
  "score4": 0.24395226956234128,
  "score5": 0.4516903066654578,
  "score6": 0.516846993005688
}