{
  "score0": 0.7036803790553203,
  "score1": 0.5251741584607547,
  "score2": 0.42785337898432946,
  "score3": 0.4049803521065587,
  "score4": 0.37690425298551283,
  "score5": 0.37789025931825365,
  "score6": 0.3059152962610066
}