{
  "score0": 0.16015146921307635,
  "score1": 0.0802277174315636,
  "score2": 0.07474979793614032,
  "score3": 0.03009112879200148,
  "score4": 0.10332428185005335,
  "score5": 0.2954718811444771,
  "score6": 0.3059222901154454
}