{
  "score0": 0.349571937193453,
  "score1": 0.44411021875825585,
  "score2": 0.6254593071201762,
  "score3": 0.5160363524270466,
  "score4": 0.16340307968484427,
  "score5": 0.049651122427686364,
  "score6": 0.06031734440624999
}