{
  "score0": 0.349571937193453,
  "score1": 0.44411021875825585,
  "score2": 0.6254593071201762,
  "score3": 0.3887849429964386,
  "score4": 0.15894696783708204,
  "score5": 0.09088613430860087,
  "score6": 0.08352069924265612
}