{
  "score0": 0.49373658715349666,
  "score1": 0.6821363032057577,
  "score2": 0.46456271916741176,
  "score3": 0.316649772041017,
  "score4": 0.24337519018261627,
  "score5": 0.43414217656117127,
  "score6": 0.39245302855632797
}