{
  "score0": 0.3714496536779382,
  "score1": 0.3754348671351584,
  "score2": 0.44477312624285936,
  "score3": 0.5754259602206085,
  "score4": 0.3715108121358559,
  "score5": 0.18167340981154917,
  "score6": 0.22559371076654933
}