{
  "score0": 0.47742484425738135,
  "score1": 0.748196337959302,
  "score2": 0.47814848671267,
  "score3": 0.4255978792865674,
  "score4": 0.4584133091642437,
  "score5": 0.37496764049085163,
  "score6": 0.31755134734330936
}