{
  "score0": 0.5017804008000467,
  "score1": 0.1612658249083332,
  "score2": 0.07496125384395834,
  "score3": 0.11467153349645828,
  "score4": 0.020014271901307425,
  "score5": 0.04812025599040143,
  "score6": 0.17319413654667667
}