{
  "score0": 0.621693703072939,
  "score1": 0.66751832181051,
  "score2": 0.7539843513388084,
  "score3": 0.6303090736899808,
  "score4": 0.7090574439767144,
  "score5": 0.7125862357563657,
  "score6": 0.5662453456038595
}