{
  "score0": 0.49734125979629284,
  "score1": 0.15908960852427326,
  "score2": 0.08321189913421102,
  "score3": 0.1102941560249302,
  "score4": 0.026013738383566194,
  "score5": 0.05700622840383154,
  "score6": 0.3195256180892058
}