{
  "score0": 0.49373658715349666,
  "score1": 0.6821363032057577,
  "score2": 0.429831747408102,
  "score3": 0.4341993431425555,
  "score4": 0.2800506069147707,
  "score5": 0.3044732760782721,
  "score6": 0.41648016043885405
}