{
  "score0": 0.6956971468087578,
  "score1": 0.5574821331294695,
  "score2": 0.651331915451432,
  "score3": 0.42833201406745974,
  "score4": 0.4013524245645096,
  "score5": 0.29740242236129766,
  "score6": 0.13848124215363083
}