{
  "score0": 0.62161931389795,
  "score1": 0.6975071360577766,
  "score2": 0.7294439189077409,
  "score3": 0.6303090736899808,
  "score4": 0.7090574439767144,
  "score5": 0.7125862357563657,
  "score6": 0.5662453456038595
}