{
  "score0": 0.36718488251027687,
  "score1": 0.4496249140635821,
  "score2": 0.6284236169292504,
  "score3": 0.3887849429964386,
  "score4": 0.15894696783708204,
  "score5": 0.09088613430860087,
  "score6": 0.08352069924265612
}