{
  "score0": 0.5045171082324283,
  "score1": 0.15646041660801402,
  "score2": 0.06247750248322776,
  "score3": 0.11467153349645828,
  "score4": 0.020014271901307425,
  "score5": 0.04812025599040143,
  "score6": 0.17319413654667667
}