{
  "score0": 0.480013977858529,
  "score1": 0.3367640027167481,
  "score2": 0.37222019272491025,
  "score3": 0.4544051979751642,
  "score4": 0.6194085635916444,
  "score5": 0.37568462032105704,
  "score6": 0.28605556931563086
}