{
  "score0": 0.3410352058039435,
  "score1": 0.35205477552041714,
  "score2": 0.441027117617757,
  "score3": 0.5859979323811295,
  "score4": 0.31536081582689734,
  "score5": 0.25687969353845197,
  "score6": 0.27337999476989244
}