{
  "score0": 0.7348864226132688,
  "score1": 0.7182502611358239,
  "score2": 0.714017382582012,
  "score3": 0.5885023430188498,
  "score4": 0.7064645059983926,
  "score5": 0.581263146078747,
  "score6": 0.6514695477612396
}