{
  "score0": 0.6740703412362913,
  "score1": 0.7182475080952794,
  "score2": 0.511144284773713,
  "score3": 0.6927250361590326,
  "score4": 0.7077874667260158,
  "score5": 0.42473855392849075,
  "score6": 0.32659801421067275
}