{
  "score0": 0.4825820850775298,
  "score1": 0.16112146743695416,
  "score2": 0.05747783108210518,
  "score3": 0.0664543828460689,
  "score4": 0.05808003623190182,
  "score5": 0.13721231115384364,
  "score6": 0.35847610224160636
}