{
  "score0": 0.11964494490098537,
  "score1": 0.30436526012333065,
  "score2": 0.613143626879192,
  "score3": 0.7096025217679187,
  "score4": 0.8600961637815264,
  "score5": 0.5157454106306568,
  "score6": 0.604221076858478
}