{
  "score0": 0.5627767660697018,
  "score1": 0.40035555148965046,
  "score2": 0.43261629832971205,
  "score3": 0.6667243335718798,
  "score4": 0.37561218918765116,
  "score5": 0.2918275565933375,
  "score6": 0.4055681256814947
}