{
  "score0": 0.5706231519248433,
  "score1": 0.5006751912739249,
  "score2": 0.6594684257272974,
  "score3": 0.45454862739417434,
  "score4": 0.4652224302598313,
  "score5": 0.39629885959109956,
  "score6": 0.09966462373105917
}