{
  "score0": 0.5743115827911562,
  "score1": 0.5232747897204851,
  "score2": 0.1654644324073314,
  "score3": 0.020711469217816404,
  "score4": 0.08428666833722803,
  "score5": 0.05113556781409685,
  "score6": 0.04613408786318429
}