{
  "score0": 0.37643887944413196,
  "score1": 0.4556513882574352,
  "score2": 0.5143077092578039,
  "score3": 0.19421513348090022,
  "score4": 0.22641966449880238,
  "score5": 0.3053101716042199,
  "score6": 0.21677771837577767
}