{
  "score0": 0.5707117465514022,
  "score1": 0.5913696797933398,
  "score2": 0.5938840475013422,
  "score3": 0.4411327407763034,
  "score4": 0.4594306655281851,
  "score5": 0.3759434968459857,
  "score6": 0.24242469109481926
}