{
  "score0": 0.7182502611358239,
  "score1": 0.714017382582012,
  "score2": 0.6183512172194087,
  "score3": 0.7454711093361466,
  "score4": 0.7010286781400765,
  "score5": 0.5496898863193938,
  "score6": 0.297237019558156
}