{
  "score0": 0.7259334479037945,
  "score1": 0.47814915128636865,
  "score2": 0.3663436756820799,
  "score3": 0.3930288798476756,
  "score4": 0.46997894078845737,
  "score5": 0.5701951004596663,
  "score6": 0.29207615186361047
}