{
  "score0": 0.6675900257409328,
  "score1": 0.7042277068861864,
  "score2": 0.8298280155367564,
  "score3": 0.5981375747442328,
  "score4": 0.6716748092718989,
  "score5": 0.6352932982463635,
  "score6": 0.6480675504054617
}