{
  "score0": 0.4273489421173249,
  "score1": 0.5668547603484614,
  "score2": 0.5046536250027163,
  "score3": 0.21371147919812017,
  "score4": 0.11453562386048974,
  "score5": 0.056967315578766706,
  "score6": 0.039638161281967094
}