{
  "score0": 0.1830487774446813,
  "score1": 0.07660964212708347,
  "score2": 0.0618011052622035,
  "score3": 0.02522490347588257,
  "score4": 0.053589316112735555,
  "score5": 0.2078013722266162,
  "score6": 0.32273741827971136
}