{
  "score0": 0.5726579280890645,
  "score1": 0.5256756112922061,
  "score2": 0.21540547372848673,
  "score3": 0.0613296057415281,
  "score4": 0.07706964761213876,
  "score5": 0.0635564457021946,
  "score6": 0.1049523795399727
}