{
  "score0": 0.5794771903346302,
  "score1": 0.5253300922901518,
  "score2": 0.18380735516189234,
  "score3": 0.020711469217816404,
  "score4": 0.08428666833722803,
  "score5": 0.05113556781409685,
  "score6": 0.04613408786318429
}