{
  "score0": 0.37643887944413196,
  "score1": 0.4556513882574352,
  "score2": 0.5836999302150387,
  "score3": 0.3566881128369219,
  "score4": 0.1491695832295117,
  "score5": 0.07184712457626101,
  "score6": 0.11750940713404981
}