{
  "score0": 0.1048490115455596,
  "score1": 0.306349497385779,
  "score2": 0.6598056603568055,
  "score3": 0.8031382160888685,
  "score4": 0.741453335658484,
  "score5": 0.44670626759577603,
  "score6": 0.4786795935815262
}