{
  "score0": 0.6981783533435967,
  "score1": 0.7184523593251094,
  "score2": 0.5657413193467514,
  "score3": 0.7150068665943325,
  "score4": 0.6323134528093974,
  "score5": 0.5913873180408631,
  "score6": 0.3119628673142015
}