{
  "score0": 0.5627767660697018,
  "score1": 0.40035555148965046,
  "score2": 0.3868878309941515,
  "score3": 0.5700628088810462,
  "score4": 0.5055639949146988,
  "score5": 0.20669585414431832,
  "score6": 0.16825495607208538
}