{
  "score0": 0.7508941803534747,
  "score1": 0.6401808854277322,
  "score2": 0.6296455445171062,
  "score3": 0.7059884976595762,
  "score4": 0.3138718613150418,
  "score5": 0.2716638240555883,
  "score6": 0.5748871231294599
}