{
  "score0": 0.7008813431964626,
  "score1": 0.5160697392918535,
  "score2": 0.3873667962642001,
  "score3": 0.3921922659248123,
  "score4": 0.4686862474095605,
  "score5": 0.6604254019670388,
  "score6": 0.5895615592895808
}