{
  "score0": 0.6675900257409328,
  "score1": 0.7042277068861864,
  "score2": 0.7258232790842515,
  "score3": 0.6716748092718989,
  "score4": 0.6352932982463635,
  "score5": 0.6480675504054617,
  "score6": 0.3437260003404382
}