{
  "score0": 0.5045171082324283,
  "score1": 0.15646041660801402,
  "score2": 0.06247750248322776,
  "score3": 0.08475655131301235,
  "score4": 0.04801195991051854,
  "score5": 0.055515762544782334,
  "score6": 0.3041023215452762
}