{
  "score0": 0.3618168295836844,
  "score1": 0.3577147799109665,
  "score2": 0.4508029591796774,
  "score3": 0.5754259602206085,
  "score4": 0.3715108121358559,
  "score5": 0.18167340981154917,
  "score6": 0.22559371076654933
}