{
  "score0": 0.15908960852427326,
  "score1": 0.08321189913421102,
  "score2": 0.062945353002203,
  "score3": 0.07545065062316908,
  "score4": 0.25098080824683444,
  "score5": 0.34852108711262064,
  "score6": 0.2403096125113115
}