{
  "score0": 0.5232747897204851,
  "score1": 0.1654644324073314,
  "score2": 0.0641067355640755,
  "score3": 0.05528765874027056,
  "score4": 0.03944950829638865,
  "score5": 0.15135138933437364,
  "score6": 0.2649964228877062
}