{
  "score0": 0.34352077331236475,
  "score1": 0.11000283615706428,
  "score2": 0.33608514565014613,
  "score3": 0.6038796632902762,
  "score4": 0.6610202520916911,
  "score5": 0.7312211735692768,
  "score6": 0.8104666230384295
}