{
  "score0": 0.5623492614301384,
  "score1": 0.7124453354079133,
  "score2": 0.5024866571023898,
  "score3": 0.3754701856203906,
  "score4": 0.3548749562334662,
  "score5": 0.4684530721663658,
  "score6": 0.3906421700307612
}