{
  "score0": 0.6740703412362913,
  "score1": 0.7182475080952794,
  "score2": 0.511144284773713,
  "score3": 0.6933436278584537,
  "score4": 0.4042284090920473,
  "score5": 0.6578432234234466,
  "score6": 0.3759618406669683
}