{
  "score0": 0.38476865399928534,
  "score1": 0.6584700407535372,
  "score2": 0.6961249994112685,
  "score3": 0.6219435559100654,
  "score4": 0.6310895558234556,
  "score5": 0.562937892966616,
  "score6": 0.5318435299478477
}