{
  "score0": 0.401071117434489,
  "score1": 0.6812383737072559,
  "score2": 0.7251198613192391,
  "score3": 0.623292959252774,
  "score4": 0.5296757337321965,
  "score5": 0.4897247227416288,
  "score6": 0.29537238236274443
}