{
  "score0": 0.4427759618042862,
  "score1": 0.5824729171681653,
  "score2": 0.5446316907834456,
  "score3": 0.15060889398479696,
  "score4": 0.0751170493666657,
  "score5": 0.0576827564528785,
  "score6": 0.08241551826702759
}