{
  "score0": 0.1601056983494253,
  "score1": 0.401071117434489,
  "score2": 0.6812383737072559,
  "score3": 0.6941732156281366,
  "score4": 0.8707023264474779,
  "score5": 0.5299532749197652,
  "score6": 0.691976568928644
}