{
  "score0": 0.7547723706597022,
  "score1": 0.4913475355659841,
  "score2": 0.40369887651026115,
  "score3": 0.37690425298551283,
  "score4": 0.37789025931825365,
  "score5": 0.3059152962610066,
  "score6": 0.21343153667503115
}