{
  "score0": 0.5232747897204851,
  "score1": 0.1654644324073314,
  "score2": 0.025878822065483535,
  "score3": 0.08431980026875603,
  "score4": 0.05528765874027056,
  "score5": 0.03944950829638865,
  "score6": 0.15135138933437364
}