{
  "score0": 0.5726579280890645,
  "score1": 0.5256756112922061,
  "score2": 0.20300250600126968,
  "score3": 0.0834452803564549,
  "score4": 0.04973868020712363,
  "score5": 0.0684658314999738,
  "score6": 0.11115615372495197
}