{
  "score0": 0.34159660342895826,
  "score1": 0.47297358507825893,
  "score2": 0.6247840287643168,
  "score3": 0.57298015025341,
  "score4": 0.16340307968484427,
  "score5": 0.049651122427686364,
  "score6": 0.06031734440624999
}