{
  "score0": 0.6981783533435967,
  "score1": 0.7184523593251094,
  "score2": 0.5517972197446742,
  "score3": 0.8014509911036054,
  "score4": 0.5272499177377146,
  "score5": 0.3767783017946159,
  "score6": 0.3037080189004531
}