{
  "score0": 0.3367640027167481,
  "score1": 0.37222019272491025,
  "score2": 0.4544051979751642,
  "score3": 0.6234349084037478,
  "score4": 0.3593395528099872,
  "score5": 0.20212934917127495,
  "score6": 0.2969403862376648
}