{
  "score0": 0.621693703072939,
  "score1": 0.66751832181051,
  "score2": 0.7258232790842515,
  "score3": 0.6716748092718989,
  "score4": 0.6352932982463635,
  "score5": 0.6480675504054617,
  "score6": 0.3437260003404382
}