{
  "score0": 0.47742484425738135,
  "score1": 0.748196337959302,
  "score2": 0.47814848671267,
  "score3": 0.4072791062895877,
  "score4": 0.3548749562334662,
  "score5": 0.4684530721663658,
  "score6": 0.3906421700307612
}