{
  "score0": 0.7572182543168942,
  "score1": 0.5040035986462231,
  "score2": 0.37623121039562907,
  "score3": 0.3921922659248123,
  "score4": 0.4686862474095605,
  "score5": 0.6604254019670388,
  "score6": 0.5895615592895808
}