{
  "score0": 0.3731294441663731,
  "score1": 0.6138767801812871,
  "score2": 0.655836699897409,
  "score3": 0.7694809806402085,
  "score4": 0.6335945591148955,
  "score5": 0.6682483165780772,
  "score6": 0.6208995250395696
}