{
  "score0": 0.7508941803534747,
  "score1": 0.6401808854277322,
  "score2": 0.6296455445171062,
  "score3": 0.6950695848351042,
  "score4": 0.4042284090920473,
  "score5": 0.6578432234234466,
  "score6": 0.3759618406669683
}