{
  "score0": 0.5160697392918535,
  "score1": 0.3873667962642001,
  "score2": 0.34185591172362406,
  "score3": 0.46858588785401756,
  "score4": 0.6667243335718798,
  "score5": 0.37561218918765116,
  "score6": 0.2918275565933375
}