{
  "score0": 0.45696690621809793,
  "score1": 0.5549869188890706,
  "score2": 0.5061360535134809,
  "score3": 0.23667558575027378,
  "score4": 0.06959309169389437,
  "score5": 0.1044065635639119,
  "score6": 0.11989961502393234
}