{
  "score0": 0.37406552921729436,
  "score1": 0.6620515956797162,
  "score2": 0.6780675380572744,
  "score3": 0.6547994671792696,
  "score4": 0.6204952821525102,
  "score5": 0.645894315274722,
  "score6": 0.5494849093717521
}