{
  "score0": 0.7259334479037945,
  "score1": 0.47814915128636865,
  "score2": 0.3663436756820799,
  "score3": 0.4465077134457502,
  "score4": 0.4285283788223622,
  "score5": 0.45742572564385964,
  "score6": 0.26590153324488647
}