{
  "score0": 0.39010750275935263,
  "score1": 0.6941129402268236,
  "score2": 0.726668815588269,
  "score3": 0.7694809806402085,
  "score4": 0.6335945591148955,
  "score5": 0.6682483165780772,
  "score6": 0.6208995250395696
}