{
  "score0": 0.5978661968009313,
  "score1": 0.5033021998096352,
  "score2": 0.24304799164142785,
  "score3": 0.08898383440783056,
  "score4": 0.0809865198154809,
  "score5": 0.19491372042820213,
  "score6": 0.344414399043235
}