{
  "score0": 0.12594620825014324,
  "score1": 0.32123607337602567,
  "score2": 0.6784582814989178,
  "score3": 0.7488017994717193,
  "score4": 0.8283183373596911,
  "score5": 0.4774508292270039,
  "score6": 0.48994858728453977
}