{
  "score0": 0.47877274178870216,
  "score1": 0.583237175392394,
  "score2": 0.5175647408688658,
  "score3": 0.23667558575027378,
  "score4": 0.06959309169389437,
  "score5": 0.1044065635639119,
  "score6": 0.11989961502393234
}