{
  "score0": 0.36718488251027687,
  "score1": 0.4496249140635821,
  "score2": 0.5700523914809854,
  "score3": 0.3566881128369219,
  "score4": 0.1491695832295117,
  "score5": 0.07184712457626101,
  "score6": 0.11750940713404981
}