{
  "score0": 0.583237175392394,
  "score1": 0.5175647408688658,
  "score2": 0.20447379380280212,
  "score3": 0.0971655906877762,
  "score4": 0.10002877932681328,
  "score5": 0.10565882605163691,
  "score6": 0.3329987835436009
}