{
  "score0": 0.5599839009595985,
  "score1": 0.6420428929763105,
  "score2": 0.6973387196268693,
  "score3": 0.37684607857964825,
  "score4": 0.4276843607125538,
  "score5": 0.44840876210726704,
  "score6": 0.3294252455787765
}