{
  "score0": 0.17010734754021872,
  "score1": 0.23893707590379926,
  "score2": 0.3190840032243007,
  "score3": 0.3661156204547484,
  "score4": 0.7254971721143016,
  "score5": 0.5190524181207078,
  "score6": 0.7641625694044422
}