{
  "score0": 0.3256414713793452,
  "score1": 0.5939289273701119,
  "score2": 0.7414021994031946,
  "score3": 0.7795159734044041,
  "score4": 0.13196524079209235,
  "score5": 0.17860074705785692,
  "score6": 0.04583424422441366
}