{
  "score0": 0.5769240661556818,
  "score1": 0.7869807906578189,
  "score2": 0.07470583483134771,
  "score3": 0.1158220839427903,
  "score4": 0.26889756965108996,
  "score5": 0.1846070462865174,
  "score6": 0.4880102228293015
}