{
  "score0": 0.023723619004926682,
  "score1": 0.33647478547833565,
  "score2": 0.6130058317205653,
  "score3": 0.7873807131359026,
  "score4": 0.4073151330179912,
  "score5": 0.1280466189187208,
  "score6": 0.07645492874256922
}