{
  "score0": 0.626554399292215,
  "score1": 0.6616687657479515,
  "score2": 0.7066692679780453,
  "score3": 0.409484920778836,
  "score4": 0.3868694489531858,
  "score5": 0.09107273577928666,
  "score6": 0.18377053867189966
}