{
  "score0": 0.26301708675879526,
  "score1": 0.2294957009624697,
  "score2": 0.5429939966166903,
  "score3": 0.4762257790655429,
  "score4": 0.6481486304209939,
  "score5": 0.6643023366581035,
  "score6": 0.49716150199212694
}