{
  "score0": 0.18117539421672366,
  "score1": 0.27495793965512694,
  "score2": 0.3344737786087275,
  "score3": 0.3565962535515334,
  "score4": 0.6900747699672101,
  "score5": 0.6159983196302234,
  "score6": 0.8102226418066336
}