{
  "score0": 0.7901722722967652,
  "score1": 0.6026666894073626,
  "score2": 0.3233841370862791,
  "score3": 0.24158113602862,
  "score4": 0.5939518716673766,
  "score5": 0.25082639318010913,
  "score6": 0.3048483779272153
}