{
  "score0": 0.7075380396298684,
  "score1": 0.45497735773889075,
  "score2": 0.2732841079175274,
  "score3": 0.15560633851760516,
  "score4": 0.12132985737776832,
  "score5": 0.5305321512790405,
  "score6": 0.6790173495036863
}