{
  "score0": 0.8313697308248968,
  "score1": 0.18183123911733468,
  "score2": 0.0604495549735115,
  "score3": 0.32003611607674354,
  "score4": 0.21562287502397448,
  "score5": 0.5995335376545574,
  "score6": 0.687074838828631
}