{
  "score0": 0.5769240661556818,
  "score1": 0.7869807906578189,
  "score2": 0.08675811421705207,
  "score3": 0.0639735054375009,
  "score4": 0.3092596172837674,
  "score5": 0.12081154992581337,
  "score6": 0.3673527247266281
}