{
  "score0": 0.1602369460549003,
  "score1": 0.13245333144331328,
  "score2": 0.18977258089416102,
  "score3": 0.1577657566547008,
  "score4": 0.48052821236410354,
  "score5": 0.594964114711654,
  "score6": 0.6320858692132441
}