{
  "score0": 0.7994424699770933,
  "score1": 0.6298440004426684,
  "score2": 0.602588813993647,
  "score3": 0.07906943143541449,
  "score4": 0.061819390918944096,
  "score5": 0.1291062528361765,
  "score6": 0.4866333441247164
}