{
  "score0": 0.6314100005027308,
  "score1": 0.7869807906578189,
  "score2": 0.08675811421705207,
  "score3": 0.09872362660776297,
  "score4": 0.31929328998268797,
  "score5": 0.18932145115664634,
  "score6": 0.41583244528688157
}