{
  "score0": 0.6574350056323846,
  "score1": 0.8046170579382145,
  "score2": 0.07470583483134771,
  "score3": 0.1158220839427903,
  "score4": 0.26889756965108996,
  "score5": 0.1846070462865174,
  "score6": 0.4880102228293015
}