{
  "score0": 0.23780803299206257,
  "score1": 0.07064124457540509,
  "score2": 0.2855143293796393,
  "score3": 0.4656956913757586,
  "score4": 0.3542696108887314,
  "score5": 0.6172687386531953,
  "score6": 0.49995286669104316
}