{
  "score0": 0.17010734754021872,
  "score1": 0.2304799822344041,
  "score2": 0.26702254117478297,
  "score3": 0.7254971721143016,
  "score4": 0.5190524181207078,
  "score5": 0.7641625694044422,
  "score6": 0.6087405202522764
}