{
  "score0": 0.8224892777641833,
  "score1": 0.6883091248759972,
  "score2": 0.6389469219050019,
  "score3": 0.15523434493008317,
  "score4": 0.053233209984407344,
  "score5": 0.05040342640760135,
  "score6": 0.569368058147799
}