{
  "score0": 0.7298537650248351,
  "score1": 0.4870451892871841,
  "score2": 0.318815932557382,
  "score3": 0.27626331029659185,
  "score4": 0.18343091433838388,
  "score5": 0.29224995790464375,
  "score6": 0.3759071371007647
}