{
  "score0": 0.2748052517468041,
  "score1": 0.2294957009624697,
  "score2": 0.5429939966166903,
  "score3": 0.4287858745501169,
  "score4": 0.6617349705406449,
  "score5": 0.7269742057304956,
  "score6": 0.7287256374646868
}