{
  "score0": 0.0649246137475782,
  "score1": 0.332936558794696,
  "score2": 0.6091699185134773,
  "score3": 0.7740873727484826,
  "score4": 0.8035009249562917,
  "score5": 0.11818697151935913,
  "score6": 0.4953269910375435
}