{
  "score0": 0.111212441480255,
  "score1": 0.20962374280647827,
  "score2": 0.2593807562032545,
  "score3": 0.27517235123735034,
  "score4": 0.4450823393089626,
  "score5": 0.4125188263999249,
  "score6": 0.3595691124921856
}