{
  "score0": 0.5876766445814042,
  "score1": 0.6616687657479515,
  "score2": 0.8726319321079009,
  "score3": 0.15219391399527815,
  "score4": 0.33746049482806245,
  "score5": 0.05306819096775826,
  "score6": 0.21238856337971054
}