{
  "score0": 0.19887057809624814,
  "score1": 0.15148772679431224,
  "score2": 0.27219908244123925,
  "score3": 0.018991693515063857,
  "score4": 0.34914550397683985,
  "score5": 0.21661854817785464,
  "score6": 0.1560050921644681
}