{
  "score0": 0.21774701001331156,
  "score1": 0.028515204276478034,
  "score2": 0.2604560945856167,
  "score3": 0.48477486440378853,
  "score4": 0.5947525946799103,
  "score5": 0.41168481021702313,
  "score6": 0.6295818688999247
}