{
  "score0": 0.802226842040443,
  "score1": 0.13309168680237385,
  "score2": 0.1506115420864586,
  "score3": 0.6243585751691334,
  "score4": 0.6400666818395679,
  "score5": 0.2519331408241124,
  "score6": 0.6744858221410989
}