{
  "score0": 0.8313697308248968,
  "score1": 0.18165186076671985,
  "score2": 0.05324308095037373,
  "score3": 0.31638433260562954,
  "score4": 0.31321868815764964,
  "score5": 0.6533131101470842,
  "score6": 0.6778730470648724
}