{
  "score0": 0.11263048927907318,
  "score1": 0.20962374280647827,
  "score2": 0.03571809591582341,
  "score3": 0.09914813485592631,
  "score4": 0.40217622593631175,
  "score5": 0.2636960108870105,
  "score6": 0.1026317774001127
}