{
  "score0": 0.36155339526166674,
  "score1": 0.15277247881818182,
  "score2": 0.12959193900609203,
  "score3": 0.2685086160113806,
  "score4": 0.10138485893581539,
  "score5": 0.10937112915282053,
  "score6": 0.1970671616525782
}