{
  "score0": 0.11046991206252203,
  "score1": 0.5771643218803333,
  "score2": 0.13492148427567732,
  "score3": 0.626749968069717,
  "score4": 0.656589123886081,
  "score5": 0.5635785049586569,
  "score6": 0.5692400038931
}