{
  "score0": 0.2058426338005998,
  "score1": 0.3192832573103651,
  "score2": 0.5083963929204568,
  "score3": 0.7006114748899916,
  "score4": 0.7502380978650534,
  "score5": 0.30181490562093,
  "score6": 0.49835597639205864
}