{
  "score0": 0.3464982746476076,
  "score1": 0.6224964448071151,
  "score2": 0.7688756858821539,
  "score3": 0.47138520850935656,
  "score4": 0.15833696240420453,
  "score5": 0.0924760065565922,
  "score6": 0.12402207838037417
}