{
  "score0": 0.2269572787234432,
  "score1": 0.1577417643279166,
  "score2": 0.2075064103991557,
  "score3": 0.21403877077351918,
  "score4": 0.34682548947510833,
  "score5": 0.7327800419877316,
  "score6": 0.42247999287749766
}