{
  "score0": 0.6514835502574755,
  "score1": 0.6952701874891514,
  "score2": 0.7671992051548753,
  "score3": 0.4267595235296189,
  "score4": 0.3077675554717499,
  "score5": 0.05570869042276081,
  "score6": 0.13661470897736447
}