{
  "score0": 0.111212441480255,
  "score1": 0.20962374280647827,
  "score2": 0.03571809591582341,
  "score3": 0.1677898303680794,
  "score4": 0.47991007333633523,
  "score5": 0.4306922618975504,
  "score6": 0.3635508198613782
}