{
  "score0": 0.6514835502574755,
  "score1": 0.7267438022825041,
  "score2": 0.668812234275602,
  "score3": 0.3077675554717499,
  "score4": 0.05570869042276081,
  "score5": 0.13661470897736447,
  "score6": 0.32212819115941893
}