{
  "score0": 0.24477343673904128,
  "score1": 0.5364735835666548,
  "score2": 0.3589310969183597,
  "score3": 0.7025820713121919,
  "score4": 0.7685665570293906,
  "score5": 0.5056109430098484,
  "score6": 0.22954682318511666
}