{
  "score0": 0.6487008623985849,
  "score1": 0.7713877155886014,
  "score2": 0.13422709468821617,
  "score3": 0.018984557727876123,
  "score4": 0.2131860484861051,
  "score5": 0.5834370585627595,
  "score6": 0.5853042272526253
}