{
  "score0": 0.21895540915423867,
  "score1": 0.028515204276478034,
  "score2": 0.2604560945856167,
  "score3": 0.5575051320149704,
  "score4": 0.724825918934986,
  "score5": 0.5757908459904205,
  "score6": 0.1135060486071122
}