{
  "score0": 0.6356189866657258,
  "score1": 0.37656527071308077,
  "score2": 0.236281150172408,
  "score3": 0.11232807280508017,
  "score4": 0.10941469047483741,
  "score5": 0.5005262353019205,
  "score6": 0.6781508684786263
}