{
  "score0": 0.26614083230409935,
  "score1": 0.2600568394269733,
  "score2": 0.5083963929204568,
  "score3": 0.7006114748899916,
  "score4": 0.7502380978650534,
  "score5": 0.30181490562093,
  "score6": 0.49835597639205864
}