{
  "score0": 0.35261403781933903,
  "score1": 0.608725028939834,
  "score2": 0.6440498611548284,
  "score3": 0.20734237157634458,
  "score4": 0.443207064380109,
  "score5": 0.42740989253156436,
  "score6": 0.32758894581939685
}