{
  "score0": 0.724103490322967,
  "score1": 0.561276779133736,
  "score2": 0.19925517050442923,
  "score3": 0.13107786102128885,
  "score4": 0.3738684260521161,
  "score5": 0.6308374905474928,
  "score6": 0.49257255513623405
}