{
  "score0": 0.005284485897495356,
  "score1": 0.33647478547833565,
  "score2": 0.6414081523908103,
  "score3": 0.48924914393214114,
  "score4": 0.6419249213218485,
  "score5": 0.07793251732208004,
  "score6": 0.10808017809549507
}