{
  "score0": 0.8338846729507823,
  "score1": 0.151808111616612,
  "score2": 0.0604495549735115,
  "score3": 0.42530516657976875,
  "score4": 0.5270672830918984,
  "score5": 0.4782594569925435,
  "score6": 0.6829479464720888
}