{
  "score0": 0.19214397150138232,
  "score1": 0.26614083230409935,
  "score2": 0.2600568394269733,
  "score3": 0.5289546368828434,
  "score4": 0.59312096229237,
  "score5": 0.6829728530329865,
  "score6": 0.759208276616622
}