{
  "score0": 0.7901722722967652,
  "score1": 0.6768543168650105,
  "score2": 0.602588813993647,
  "score3": 0.07906943143541449,
  "score4": 0.061819390918944096,
  "score5": 0.1291062528361765,
  "score6": 0.4866333441247164
}