{
  "score0": 0.8427371183517985,
  "score1": 0.6510936538546642,
  "score2": 0.6389469219050019,
  "score3": 0.15523434493008317,
  "score4": 0.058980437142588625,
  "score5": 0.23520750806479448,
  "score6": 0.03971492396837401
}