{
  "score0": 0.8373300669087311,
  "score1": 0.1602369460549003,
  "score2": 0.08866145660328306,
  "score3": 0.1477010365850964,
  "score4": 0.4766841240507347,
  "score5": 0.31054931481976555,
  "score6": 0.34716818563910207
}