{
  "score0": 0.3165586219315306,
  "score1": 0.14311169547666533,
  "score2": 0.2834311539631494,
  "score3": 0.24694639063391632,
  "score4": 0.0481304946298936,
  "score5": 0.06512649274946967,
  "score6": 0.16241308876037577
}