{
  "score0": 0.17094045726632756,
  "score1": 0.1239175323056812,
  "score2": 0.2041980884552562,
  "score3": 0.14662518939648098,
  "score4": 0.37907295543199454,
  "score5": 0.633693139391632,
  "score6": 0.6232878510753519
}