{
  "score0": 0.17094045726632756,
  "score1": 0.1239175323056812,
  "score2": 0.2107121338243002,
  "score3": 0.17910702771476852,
  "score4": 0.5107598613446283,
  "score5": 0.6390458000769956,
  "score6": 0.6588237135907393
}