{
  "score0": 0.023723619004926682,
  "score1": 0.33261759652390754,
  "score2": 0.5966826769196518,
  "score3": 0.7873807131359026,
  "score4": 0.4073151330179912,
  "score5": 0.1280466189187208,
  "score6": 0.07645492874256922
}