{
  "score0": 0.7901722722967652,
  "score1": 0.6768543168650105,
  "score2": 0.6694915497989127,
  "score3": 0.37244336091545654,
  "score4": 0.24158113602862,
  "score5": 0.5939518716673766,
  "score6": 0.25082639318010913
}