{
  "score0": 0.3778990284107303,
  "score1": 0.2183552799943784,
  "score2": 0.1770367534579666,
  "score3": 0.02632137205471353,
  "score4": 0.39594697225908565,
  "score5": 0.3711382856362245,
  "score6": 0.2675068445119129
}