{
  "score0": 0.33297994492839944,
  "score1": 0.6172798535938043,
  "score2": 0.7414021994031946,
  "score3": 0.7795159734044041,
  "score4": 0.28958696675300283,
  "score5": 0.21250344029099152,
  "score6": 0.1564182848993171
}