{
  "score0": 0.3448428310225163,
  "score1": 0.14175325885406367,
  "score2": 0.233732581239555,
  "score3": 0.3963399548462931,
  "score4": 0.09221826312238861,
  "score5": 0.06665501308837599,
  "score6": 0.1792131574556991
}