{
  "score0": 0.19262660980358437,
  "score1": 0.27189065042593014,
  "score2": 0.37696881928871173,
  "score3": 0.48073496775762753,
  "score4": 0.6790355206422377,
  "score5": 0.7144403473840407,
  "score6": 0.7878770476830962
}