{
  "score0": 0.6556906310204567,
  "score1": 0.7980390554285601,
  "score2": 0.09712591285442759,
  "score3": 0.06586469109906157,
  "score4": 0.30805666565711093,
  "score5": 0.38746822439800727,
  "score6": 0.09618273083377886
}