{
  "score0": 0.23381268057930824,
  "score1": 0.07064124457540509,
  "score2": 0.30346243598890943,
  "score3": 0.5781060297023349,
  "score4": 0.4556539693312909,
  "score5": 0.5226193300196839,
  "score6": 0.539277855090911
}