{
  "score0": 0.5723703400664438,
  "score1": 0.6487008623985849,
  "score2": 0.7713877155886014,
  "score3": 0.15219391399527815,
  "score4": 0.33746049482806245,
  "score5": 0.05306819096775826,
  "score6": 0.21238856337971054
}