{
  "score0": 0.06719617737371521,
  "score1": 0.332936558794696,
  "score2": 0.6178797980950281,
  "score3": 0.6993898275536822,
  "score4": 0.378869398251714,
  "score5": 0.21864777084712728,
  "score6": 0.573037225656606
}