{
  "score0": 0.35261403781933903,
  "score1": 0.6224964448071151,
  "score2": 0.7839451804635048,
  "score3": 0.29840626211682336,
  "score4": 0.20734237157634458,
  "score5": 0.443207064380109,
  "score6": 0.42740989253156436
}