{
  "score0": 0.34675917365773534,
  "score1": 0.5954630526384915,
  "score2": 0.6920189538133346,
  "score3": 0.6352137361533469,
  "score4": 0.16039935274357356,
  "score5": 0.12164902914297675,
  "score6": 0.10571875092129701
}