{
  "score0": 0.11279885150361106,
  "score1": 0.19490869052372198,
  "score2": 0.0216619177081193,
  "score3": 0.21508150939797108,
  "score4": 0.4074109607027773,
  "score5": 0.3982914445968202,
  "score6": 0.5529829611439175
}