{
  "score0": 0.6574350056323846,
  "score1": 0.8046170579382145,
  "score2": 0.08569780276636081,
  "score3": 0.15607675303999566,
  "score4": 0.058740145969105956,
  "score5": 0.14926844139383408,
  "score6": 0.4761761908581865
}