{
  "score0": 0.2058426338005998,
  "score1": 0.33274739663503367,
  "score2": 0.47478359167700845,
  "score3": 0.6048664781173391,
  "score4": 0.7006114748899916,
  "score5": 0.7502380978650534,
  "score6": 0.30181490562093
}