{
  "score0": 0.20667119151524943,
  "score1": 0.08139858712884689,
  "score2": 0.2604560945856167,
  "score3": 0.5575051320149704,
  "score4": 0.724825918934986,
  "score5": 0.5757908459904205,
  "score6": 0.1135060486071122
}