{
  "score0": 0.2427671908576921,
  "score1": 0.3287156083621311,
  "score2": 0.4892394806539266,
  "score3": 0.5833641689183628,
  "score4": 0.6701990553028535,
  "score5": 0.5810399307072851,
  "score6": 0.23139806782430916
}