{
  "score0": 0.7994424699770933,
  "score1": 0.6298440004426684,
  "score2": 0.454501452831247,
  "score3": 0.06908922980055159,
  "score4": 0.07176188566848085,
  "score5": 0.023160099827666664,
  "score6": 0.46078252951170323
}