{
  "score0": 0.11263048927907318,
  "score1": 0.21490307663699865,
  "score2": 0.018707704696364753,
  "score3": 0.21508150939797108,
  "score4": 0.40217622593631175,
  "score5": 0.2636960108870105,
  "score6": 0.1026317774001127
}