{
  "score0": 0.7009604573708187,
  "score1": 0.4655301486174348,
  "score2": 0.318815932557382,
  "score3": 0.07932761382243245,
  "score4": 0.1458680796696251,
  "score5": 0.3388569351752139,
  "score6": 0.5371015962201952
}