{
  "score0": 0.024390813998104652,
  "score1": 0.3748017866115964,
  "score2": 0.6414081523908103,
  "score3": 0.6251670296016619,
  "score4": 0.5483153117484875,
  "score5": 0.07438321123812607,
  "score6": 0.5662154095595402
}