{
  "score0": 0.37656527071308077,
  "score1": 0.236281150172408,
  "score2": 0.1770367534579666,
  "score3": 0.02632137205471353,
  "score4": 0.39594697225908565,
  "score5": 0.3711382856362245,
  "score6": 0.2675068445119129
}