{
  "score0": 0.3256414713793452,
  "score1": 0.5954630526384915,
  "score2": 0.6920189538133346,
  "score3": 0.6431354266435597,
  "score4": 0.13196524079209235,
  "score5": 0.17860074705785692,
  "score6": 0.04583424422441366
}