{
  "score0": 0.7075380396298684,
  "score1": 0.4655301486174348,
  "score2": 0.35520626146118195,
  "score3": 0.15560633851760516,
  "score4": 0.12132985737776832,
  "score5": 0.5305321512790405,
  "score6": 0.6790173495036863
}