{
  "score0": 0.5723703400664438,
  "score1": 0.6487008623985849,
  "score2": 0.7713877155886014,
  "score3": 0.15219391399527815,
  "score4": 0.23568356117169523,
  "score5": 0.12383429633951493,
  "score6": 0.10400957808042811
}