{
  "score0": 0.19887057809624814,
  "score1": 0.14711103428190933,
  "score2": 0.17311867881158574,
  "score3": 0.34914550397683985,
  "score4": 0.21661854817785464,
  "score5": 0.1560050921644681,
  "score6": 0.2546253576051715
}