{
  "score0": 0.8427371183517985,
  "score1": 0.6510936538546642,
  "score2": 0.454501452831247,
  "score3": 0.16913394957265337,
  "score4": 0.058980437142588625,
  "score5": 0.23520750806479448,
  "score6": 0.03971492396837401
}