{
  "score0": 0.7298537650248351,
  "score1": 0.4870451892871841,
  "score2": 0.33025900870586267,
  "score3": 0.2784954059960927,
  "score4": 0.16922757378589173,
  "score5": 0.3436172221336662,
  "score6": 0.3934243641377644
}