{
  "score0": 0.724103490322967,
  "score1": 0.5192979486014242,
  "score2": 0.3410069526927143,
  "score3": 0.04643148833269539,
  "score4": 0.13107786102128885,
  "score5": 0.3738684260521161,
  "score6": 0.6308374905474928
}