{
  "score0": 0.6574350056323846,
  "score1": 0.8046170579382145,
  "score2": 0.06930564945440573,
  "score3": 0.13025572546074202,
  "score4": 0.1789433536884998,
  "score5": 0.018984557727876123,
  "score6": 0.2131860484861051
}