{
  "score0": 0.7205900034174475,
  "score1": 0.5192979486014242,
  "score2": 0.33025900870586267,
  "score3": 0.2784954059960927,
  "score4": 0.16922757378589173,
  "score5": 0.3436172221336662,
  "score6": 0.3934243641377644
}