{
  "score0": 0.17317438431066917,
  "score1": 0.17292562609974613,
  "score2": 0.21779346322232848,
  "score3": 0.15704864719123576,
  "score4": 0.1577657566547008,
  "score5": 0.48052821236410354,
  "score6": 0.594964114711654
}