{
  "score0": 0.802226842040443,
  "score1": 0.1700844761277382,
  "score2": 0.02705986696947908,
  "score3": 0.4254495197827639,
  "score4": 0.6243585751691334,
  "score5": 0.6400666818395679,
  "score6": 0.2519331408241124
}