{
  "score0": 0.13444516742128482,
  "score1": 0.5529546613451869,
  "score2": 0.35129199608030715,
  "score3": 0.6385160147677708,
  "score4": 0.5934532846932444,
  "score5": 0.6386905839499436,
  "score6": 0.40159619487035386
}