{
  "score0": 0.23171603115250758,
  "score1": 0.054207796551732454,
  "score2": 0.3331521230722043,
  "score3": 0.624570495261314,
  "score4": 0.8220825267057061,
  "score5": 0.5273038397037618,
  "score6": 0.16421993604083165
}