{
  "score0": 0.2427671908576921,
  "score1": 0.3287156083621311,
  "score2": 0.5453472728385385,
  "score3": 0.5761997472145759,
  "score4": 0.6810651418531114,
  "score5": 0.6858271762702829,
  "score6": 0.22395409429022659
}