{
  "score0": 0.18117539421672366,
  "score1": 0.27495793965512694,
  "score2": 0.3174160598018962,
  "score3": 0.49099901021349285,
  "score4": 0.679489331964834,
  "score5": 0.6723327706323969,
  "score6": 0.6068802044991375
}