{
  "score0": 0.30740187031035676,
  "score1": 0.19857471606200058,
  "score2": 0.2834311539631494,
  "score3": 0.17462600371088197,
  "score4": 0.1439743350267428,
  "score5": 0.0821514909337221,
  "score6": 0.33192517615206363
}