{
  "score0": 0.7719138498604472,
  "score1": 0.4526925408173819,
  "score2": 0.4903347482674922,
  "score3": 0.5756623833877019,
  "score4": 0.5090111112259585,
  "score5": 0.2517885002277086,
  "score6": 0.02083947611595174
}