{
  "score0": 0.5553907943392904,
  "score1": 0.3904025766315627,
  "score2": 0.03511635482172913,
  "score3": 0.2971045411386522,
  "score4": 0.5976643579281683,
  "score5": 0.39094639530510017,
  "score6": 0.46378042778736517
}