{
  "score0": 0.6218424458652241,
  "score1": 0.3314953136632589,
  "score2": 0.18412167568462046,
  "score3": 0.23436830112692006,
  "score4": 0.4359851779399038,
  "score5": 0.30528577784468314,
  "score6": 0.3873948737553197
}