{
  "score0": 0.7302653419258024,
  "score1": 0.44261763652795144,
  "score2": 0.29655961428102207,
  "score3": 0.6146463174953852,
  "score4": 0.42859842629731276,
  "score5": 0.16529261590352,
  "score6": 0.06564238768757022
}