{
  "score0": 0.6027274209693668,
  "score1": 0.37253036295731495,
  "score2": 0.2184127683014559,
  "score3": 0.630482482777159,
  "score4": 0.753901727414497,
  "score5": 0.11283844118255458,
  "score6": 0.4551536727754757
}