{
  "score0": 0.7782998418817055,
  "score1": 0.5268039460386914,
  "score2": 0.6886627487730504,
  "score3": 0.45901687517281414,
  "score4": 0.5483473035974833,
  "score5": 0.07871557322584491,
  "score6": 0.12129712407494987
}