{
  "score0": 0.705089236221458,
  "score1": 0.4257839400614697,
  "score2": 0.5572843395114142,
  "score3": 0.37707016029295676,
  "score4": 0.2670645583689308,
  "score5": 0.17439539695682338,
  "score6": 0.3107043486543721
}