{
  "score0": 0.5553907943392904,
  "score1": 0.3165739630602914,
  "score2": 0.10256507558257623,
  "score3": 0.439029929974798,
  "score4": 0.5976643579281683,
  "score5": 0.39094639530510017,
  "score6": 0.46378042778736517
}