{
  "score0": 0.6154779957446193,
  "score1": 0.621829296740535,
  "score2": 0.29509698764023606,
  "score3": 0.07544751924272503,
  "score4": 0.25662149248361543,
  "score5": 0.732605767604796,
  "score6": 0.6478220444867567
}