{
  "score0": 0.6154779957446193,
  "score1": 0.5360607989353112,
  "score2": 0.22023209515061554,
  "score3": 0.2981138751708326,
  "score4": 0.21789557295171624,
  "score5": 0.07544751924272503,
  "score6": 0.25662149248361543
}