{
  "score0": 0.7080830983394669,
  "score1": 0.5472626266428233,
  "score2": 0.17863767027707328,
  "score3": 0.617751498767802,
  "score4": 0.11083346254303332,
  "score5": 0.5537302440821453,
  "score6": 0.22424151872795184
}