{
  "score0": 0.0828859617377305,
  "score1": 0.47004962416297125,
  "score2": 0.6305486827356949,
  "score3": 0.4353459213117077,
  "score4": 0.714409694910299,
  "score5": 0.4811734414605861,
  "score6": 0.8303090711496651
}