{
  "score0": 0.219108411428156,
  "score1": 0.15755198984299795,
  "score2": 0.19441043638668598,
  "score3": 0.6423631642151278,
  "score4": 0.5927539602370596,
  "score5": 0.784323497490759,
  "score6": 0.46189549707037075
}