{
  "score0": 0.21828701037241077,
  "score1": 0.5548047153206951,
  "score2": 0.25931692360295644,
  "score3": 0.18404495287017966,
  "score4": 0.37827653005035505,
  "score5": 0.026780487759176592,
  "score6": 0.34045262351135414
}