{
  "score0": 0.20236673790424908,
  "score1": 0.057971034144862064,
  "score2": 0.21086027508468408,
  "score3": 0.46131456876522375,
  "score4": 0.6423631642151278,
  "score5": 0.5927539602370596,
  "score6": 0.784323497490759
}