{
  "score0": 0.45372293094019583,
  "score1": 0.2359918851932241,
  "score2": 0.8506174438596493,
  "score3": 0.20989038644309996,
  "score4": 0.10257539158303663,
  "score5": 0.27752548087292356,
  "score6": 0.6693051568863978
}