{
  "score0": 0.2020355625431493,
  "score1": 0.5702337953990875,
  "score2": 0.2109019305890211,
  "score3": 0.324390737472324,
  "score4": 0.25399890072066844,
  "score5": 0.10735513850271998,
  "score6": 0.15407119317304233
}