{
  "score0": 0.5144551090690168,
  "score1": 0.1551753826488346,
  "score2": 0.18412167568462046,
  "score3": 0.23436830112692006,
  "score4": 0.4359851779399038,
  "score5": 0.30528577784468314,
  "score6": 0.3873948737553197
}