{
  "score0": 0.3760899400683112,
  "score1": 0.030779942527903018,
  "score2": 0.3353876657301653,
  "score3": 0.14102142239976126,
  "score4": 0.20233435942430064,
  "score5": 0.6744053388022584,
  "score6": 0.723717760844974
}