{
  "score0": 0.6218424458652241,
  "score1": 0.2794164459848721,
  "score2": 0.1565945935796747,
  "score3": 0.22174507199436325,
  "score4": 0.285736628325952,
  "score5": 0.33066999346964837,
  "score6": 0.17525829790632907
}