{
  "score0": 0.3760899400683112,
  "score1": 0.03465002044666728,
  "score2": 0.27713685535611654,
  "score3": 0.20233435942430064,
  "score4": 0.6744053388022584,
  "score5": 0.723717760844974,
  "score6": 0.7692395569272649
}