{
  "score0": 0.16361616776097787,
  "score1": 0.4687979473421945,
  "score2": 0.6854430869437612,
  "score3": 0.3683302676583326,
  "score4": 0.7985833836789614,
  "score5": 0.6512017510549034,
  "score6": 0.8434138395187878
}