{
  "score0": 0.4499862304990933,
  "score1": 0.2847062516078819,
  "score2": 0.5042678652534511,
  "score3": 0.0718278834535,
  "score4": 0.20608676656819094,
  "score5": 0.13454313971757684,
  "score6": 0.6018235870825611
}