{
  "score0": 0.22393049609227964,
  "score1": 0.7435686936783937,
  "score2": 0.282946472728733,
  "score3": 0.07778865043450887,
  "score4": 0.25920190818510275,
  "score5": 0.4386488963533337,
  "score6": 0.24490209857948367
}