{
  "score0": 0.11618614889092055,
  "score1": 0.5185210763735101,
  "score2": 0.5371215402157293,
  "score3": 0.5391358923924641,
  "score4": 0.7207763502336239,
  "score5": 0.6540652817446795,
  "score6": 0.8134753875058792
}