{
  "score0": 0.5714352227117433,
  "score1": 0.3451677427076666,
  "score2": 0.06790228676379738,
  "score3": 0.6942804003901829,
  "score4": 0.8080146044083089,
  "score5": 0.43554735393001837,
  "score6": 0.688046149033975
}