{
  "score0": 0.7302653419258024,
  "score1": 0.44261763652795144,
  "score2": 0.2780673830213866,
  "score3": 0.5535685170834437,
  "score4": 0.5275336151390931,
  "score5": 0.12186729964991168,
  "score6": 0.09779292808362017
}