{
  "score0": 0.5472531091011831,
  "score1": 0.2327049938324774,
  "score2": 0.06034217591414097,
  "score3": 0.07603242267365924,
  "score4": 0.2960535328275213,
  "score5": 0.5089011923424552,
  "score6": 0.6819843354027549
}