{
  "score0": 0.17251983647217328,
  "score1": 0.4687979473421945,
  "score2": 0.6854430869437612,
  "score3": 0.3856599049968547,
  "score4": 0.7899150624556267,
  "score5": 0.6338317741336722,
  "score6": 0.6689624249050393
}