{
  "score0": 0.5746339733258434,
  "score1": 0.32351502474647326,
  "score2": 0.08093646793795153,
  "score3": 0.41902399808880103,
  "score4": 0.6708870477548586,
  "score5": 0.7156999628103019,
  "score6": 0.8206807117412621
}