{
  "score0": 0.6154779957446193,
  "score1": 0.5360607989353112,
  "score2": 0.23363176361608562,
  "score3": 0.2583982249684762,
  "score4": 0.4408531692630113,
  "score5": 0.5855264570890065,
  "score6": 0.6976888530753874
}