{
  "score0": 0.5405573478901636,
  "score1": 0.6256518310808173,
  "score2": 0.6317696813700485,
  "score3": 0.6435330782839385,
  "score4": 0.6104057061777012,
  "score5": 0.6042884053345482,
  "score6": 0.19300511769449066
}