{
  "score0": 0.17251983647217328,
  "score1": 0.4687979473421945,
  "score2": 0.5990338464903026,
  "score3": 0.5505310952322003,
  "score4": 0.7338680220574466,
  "score5": 0.6700236694845856,
  "score6": 0.44825254632591777
}