{
  "score0": 0.22311450689070716,
  "score1": 0.5702337953990875,
  "score2": 0.2109019305890211,
  "score3": 0.29317945440209653,
  "score4": 0.36170490987988035,
  "score5": 0.08465690526369828,
  "score6": 0.05697427538949459
}