{
  "score0": 0.40655610033470285,
  "score1": 0.2847062516078819,
  "score2": 0.35985349394527216,
  "score3": 0.22667133669143613,
  "score4": 0.25629223083751257,
  "score5": 0.12769455417710276,
  "score6": 0.5697513874342834
}