{
  "score0": 0.6218424458652241,
  "score1": 0.3314953136632589,
  "score2": 0.1668381332393178,
  "score3": 0.11715454133837727,
  "score4": 0.22174507199436325,
  "score5": 0.285736628325952,
  "score6": 0.33066999346964837
}