{
  "score0": 0.2293121930892661,
  "score1": 0.5483356895661547,
  "score2": 0.25931692360295644,
  "score3": 0.21158631148650722,
  "score4": 0.36170490987988035,
  "score5": 0.08465690526369828,
  "score6": 0.05697427538949459
}