{
  "score0": 0.5321346675990369,
  "score1": 0.5382821331746651,
  "score2": 0.5422302910264194,
  "score3": 0.6526045912131192,
  "score4": 0.7240464403401227,
  "score5": 0.6104591876822333,
  "score6": 0.33011653547298886
}