{
  "score0": 0.23347359006566676,
  "score1": 0.19631876283041083,
  "score2": 0.145712382478998,
  "score3": 0.5842132166131145,
  "score4": 0.80921992538473,
  "score5": 0.5152154039181279,
  "score6": 0.4976085659565655
}