{
  "score0": 0.5185210763735101,
  "score1": 0.5371215402157293,
  "score2": 0.546382210713723,
  "score3": 0.6463575118140213,
  "score4": 0.7780066614444546,
  "score5": 0.3699768349718784,
  "score6": 0.7288051207002457
}