{
  "score0": 0.1895928214542871,
  "score1": 0.2017938812291223,
  "score2": 0.1797275866871682,
  "score3": 0.6070518084236093,
  "score4": 0.7180079992110363,
  "score5": 0.5540067840981476,
  "score6": 0.11664512734348774
}