{
  "score0": 0.746005073681776,
  "score1": 0.47759550080176355,
  "score2": 0.44325948003058874,
  "score3": 0.5275336151390931,
  "score4": 0.12186729964991168,
  "score5": 0.09779292808362017,
  "score6": 0.33617356346894717
}