{
  "score0": 0.2602155523525754,
  "score1": 0.6939297898526074,
  "score2": 0.5191328023468065,
  "score3": 0.3747611981474958,
  "score4": 0.3077738919822987,
  "score5": 0.4114119975638347,
  "score6": 0.04143354364501598
}