{
  "score0": 0.35134470098186116,
  "score1": 0.7116636211171362,
  "score2": 0.7250862443808205,
  "score3": 0.3341141781119667,
  "score4": 0.1412562861686485,
  "score5": 0.5397416692916563,
  "score6": 0.4819811483039363
}