{
  "score0": 0.584654491927017,
  "score1": 0.32351502474647326,
  "score2": 0.04496624041201483,
  "score3": 0.5695834874576898,
  "score4": 0.630482482777159,
  "score5": 0.753901727414497,
  "score6": 0.11283844118255458
}