{
  "score0": 0.38196146242365897,
  "score1": 0.3662056477876407,
  "score2": 0.23857667111011194,
  "score3": 0.28090066649851847,
  "score4": 0.28475727010226687,
  "score5": 0.7409477233608414,
  "score6": 0.8116354562533804
}