{
  "score0": 0.2776778058283573,
  "score1": 0.2830857827324277,
  "score2": 0.7743886630721796,
  "score3": 0.4913739957934442,
  "score4": 0.40887980000589547,
  "score5": 0.16373153708130486,
  "score6": 0.13348145232870615
}