{
  "score0": 0.20236673790424908,
  "score1": 0.057971034144862064,
  "score2": 0.24401491993795765,
  "score3": 0.537526275894897,
  "score4": 0.45616021804990053,
  "score5": 0.6151421772496467,
  "score6": 0.599722306172778
}