{
  "score0": 0.04049492989633388,
  "score1": 0.38249654857062426,
  "score2": 0.5765222376933603,
  "score3": 0.714409694910299,
  "score4": 0.4811734414605861,
  "score5": 0.8303090711496651,
  "score6": 0.691011103489557
}