{
  "score0": 0.44567987332115166,
  "score1": 0.30883766416967173,
  "score2": 0.7210803613853012,
  "score3": 0.18653089232683331,
  "score4": 0.20608676656819094,
  "score5": 0.13454313971757684,
  "score6": 0.6018235870825611
}