{
  "score0": 0.21525632646627946,
  "score1": 0.26627577511386413,
  "score2": 0.7116489879860692,
  "score3": 0.7585780835003687,
  "score4": 0.22089070341929753,
  "score5": 0.5562986430224977,
  "score6": 0.3656502359197879
}