{
  "score0": 0.7782998418817055,
  "score1": 0.5268039460386914,
  "score2": 0.6886627487730504,
  "score3": 0.444860727485942,
  "score4": 0.33633898330405265,
  "score5": 0.2048616709669431,
  "score6": 0.058857291431714004
}