{
  "score0": 0.2645821509108845,
  "score1": 0.7019461907125475,
  "score2": 0.44377036421825755,
  "score3": 0.3775298704128853,
  "score4": 0.1312767645827236,
  "score5": 0.1667882870936711,
  "score6": 0.3098139612648436
}