{
  "score0": 0.783028511071809,
  "score1": 0.4526925408173819,
  "score2": 0.4903347482674922,
  "score3": 0.45901687517281414,
  "score4": 0.5483473035974833,
  "score5": 0.07871557322584491,
  "score6": 0.12129712407494987
}