{
  "score0": 0.2463547683571746,
  "score1": 0.3490252084851295,
  "score2": 0.7350637228701925,
  "score3": 0.8639233669690071,
  "score4": 0.7585780835003687,
  "score5": 0.22089070341929753,
  "score6": 0.5562986430224977
}