{
  "score0": 0.2761155227442716,
  "score1": 0.3068459621669868,
  "score2": 0.7226309327466125,
  "score3": 0.5982320195300702,
  "score4": 0.2320752627158976,
  "score5": 0.23522213436274578,
  "score6": 0.24815727548139646
}