{
  "score0": 0.5203099349478746,
  "score1": 0.6619197241112456,
  "score2": 0.6529378005824409,
  "score3": 0.754177322351167,
  "score4": 0.6240864720561112,
  "score5": 0.5700728057824285,
  "score6": 0.6309139859892571
}