{
  "score0": 0.4253385060890206,
  "score1": 0.31553783411734454,
  "score2": 0.38846636603251866,
  "score3": 0.0688363620225,
  "score4": 0.28090066649851847,
  "score5": 0.28475727010226687,
  "score6": 0.7409477233608414
}