{
  "score0": 0.24905403893968234,
  "score1": 0.2830857827324277,
  "score2": 0.7743886630721796,
  "score3": 0.7585015377366955,
  "score4": 0.27345167883663607,
  "score5": 0.266196915805279,
  "score6": 0.616030477297599
}