{
  "score0": 0.5757573011508291,
  "score1": 0.5976622037810569,
  "score2": 0.28882263501334604,
  "score3": 0.3049650153568653,
  "score4": 0.46924591010465216,
  "score5": 0.3586240040912912,
  "score6": 0.5886495359564815
}