{
  "score0": 0.5501419150437177,
  "score1": 0.1551753826488346,
  "score2": 0.06651828974961321,
  "score3": 0.0528454887595577,
  "score4": 0.2554443378440226,
  "score5": 0.5295195608374678,
  "score6": 0.2576696851172941
}