{
  "score0": 0.42693280709924464,
  "score1": 0.22393049609227964,
  "score2": 0.7435686936783937,
  "score3": 0.19204784657087448,
  "score4": 0.09622478943857565,
  "score5": 0.2552453073015642,
  "score6": 0.6234097528968355
}