{
  "score0": 0.2020355625431493,
  "score1": 0.5702337953990875,
  "score2": 0.25701513319855857,
  "score3": 0.3344322594648175,
  "score4": 0.2009558308426154,
  "score5": 0.09260276023239826,
  "score6": 0.2127580561748661
}