{
  "score0": 0.5212866644281734,
  "score1": 0.6619197241112456,
  "score2": 0.6529378005824409,
  "score3": 0.738454548003887,
  "score4": 0.6897301684547958,
  "score5": 0.4772698327491381,
  "score6": 0.44059740566629707
}