{
  "score0": 0.6835832968039841,
  "score1": 0.38196146242365897,
  "score2": 0.45513410122238784,
  "score3": 0.6056950171093994,
  "score4": 0.1443936337958547,
  "score5": 0.1946750330610687,
  "score6": 0.41560416593275357
}