{
  "score0": 0.6662644825912802,
  "score1": 0.5472626266428233,
  "score2": 0.17863767027707328,
  "score3": 0.4724765855414901,
  "score4": 0.2841175127760764,
  "score5": 0.2668094887095542,
  "score6": 0.14980076978811735
}