{
  "score0": 0.592436738363911,
  "score1": 0.5512841588679775,
  "score2": 0.28827410209813364,
  "score3": 0.2918837843917778,
  "score4": 0.46924591010465216,
  "score5": 0.3586240040912912,
  "score6": 0.5886495359564815
}