{
  "score0": 0.3695348021716217,
  "score1": 0.7318164219773384,
  "score2": 0.5082395262318204,
  "score3": 0.15967009126246523,
  "score4": 0.3788282322799834,
  "score5": 0.2380480138428275,
  "score6": 0.1690292843094896
}