{
  "score0": 0.5714361272370767,
  "score1": 0.6510896148005708,
  "score2": 0.6563457146644415,
  "score3": 0.7406965594387928,
  "score4": 0.5457603047687182,
  "score5": 0.6531886910181256,
  "score6": 0.5055302770292406
}