{
  "score0": 0.617303331110315,
  "score1": 0.5512841588679775,
  "score2": 0.2948695698688519,
  "score3": 0.2583982249684762,
  "score4": 0.4408531692630113,
  "score5": 0.5855264570890065,
  "score6": 0.6976888530753874
}