{
  "score0": 0.2546149109875484,
  "score1": 0.7019461907125475,
  "score2": 0.44377036421825755,
  "score3": 0.2962861677583834,
  "score4": 0.3077738919822987,
  "score5": 0.4114119975638347,
  "score6": 0.04143354364501598
}