{
  "score0": 0.5398286699186554,
  "score1": 0.5382821331746651,
  "score2": 0.5325924242164669,
  "score3": 0.6955676749841323,
  "score4": 0.6463575118140213,
  "score5": 0.7780066614444546,
  "score6": 0.3699768349718784
}