{
  "score0": 0.705089236221458,
  "score1": 0.4257839400614697,
  "score2": 0.539250234965031,
  "score3": 0.12163421028670478,
  "score4": 0.3894027239070163,
  "score5": 0.7270690476355838,
  "score6": 0.3756525384584131
}