{
  "score0": 0.18504399093256724,
  "score1": 0.6041364254233602,
  "score2": 0.2527128735957734,
  "score3": 0.2650740840032691,
  "score4": 0.07778865043450887,
  "score5": 0.25920190818510275,
  "score6": 0.4386488963533337
}