{
  "score0": 0.36105443453470865,
  "score1": 0.05092194061737518,
  "score2": 0.3879970032530566,
  "score3": 0.6403794960745139,
  "score4": 0.33693750999243094,
  "score5": 0.8181854761551174,
  "score6": 0.6620164681191998
}