{
  "score0": 0.40655610033470285,
  "score1": 0.2847062516078819,
  "score2": 0.5042678652534511,
  "score3": 0.1563214837885667,
  "score4": 0.356439553048282,
  "score5": 0.027547231966333335,
  "score6": 0.4457671950066225
}