{
  "score0": 0.27024707547155113,
  "score1": 0.19631876283041083,
  "score2": 0.24401491993795765,
  "score3": 0.537526275894897,
  "score4": 0.45616021804990053,
  "score5": 0.6151421772496467,
  "score6": 0.599722306172778
}