{
  "score0": 0.5810741531893121,
  "score1": 0.5405573478901636,
  "score2": 0.6256518310808173,
  "score3": 0.5514775676075405,
  "score4": 0.7336660228370998,
  "score5": 0.7003960360769251,
  "score6": 0.5354233829034766
}