{
  "score0": 0.584654491927017,
  "score1": 0.32351502474647326,
  "score2": 0.16301054509263777,
  "score3": 0.630482482777159,
  "score4": 0.753901727414497,
  "score5": 0.11283844118255458,
  "score6": 0.4551536727754757
}