{
  "score0": 0.5392260067734405,
  "score1": 0.5030016693247785,
  "score2": 0.6034421889536463,
  "score3": 0.6302721551682163,
  "score4": 0.7374267702981837,
  "score5": 0.6821149009547849,
  "score6": 0.6570565624616344
}