{
  "score0": 0.5966897511124497,
  "score1": 0.6027274209693668,
  "score2": 0.37253036295731495,
  "score3": 0.30061733874209523,
  "score4": 0.43746844113888667,
  "score5": 0.6739201376858124,
  "score6": 0.256781419123346
}