{
  "score0": 0.38199897529950927,
  "score1": 0.04049492989633388,
  "score2": 0.4023433561261901,
  "score3": 0.5615484376459107,
  "score4": 0.4602180545744115,
  "score5": 0.7404682664092809,
  "score6": 0.31367781892739804
}