{
  "score0": 0.5392260067734405,
  "score1": 0.5030016693247785,
  "score2": 0.6034421889536463,
  "score3": 0.6684772606930144,
  "score4": 0.6403043151130442,
  "score5": 0.8584147758931251,
  "score6": 0.15880138978445782
}