{
  "score0": 0.2645821509108845,
  "score1": 0.7019461907125475,
  "score2": 0.6791647053398111,
  "score3": 0.30297453622858406,
  "score4": 0.17705392638834325,
  "score5": 0.1799209252758561,
  "score6": 0.3102904467958099
}