{
  "score0": 0.27024707547155113,
  "score1": 0.19631876283041083,
  "score2": 0.145712382478998,
  "score3": 0.5060226543986418,
  "score4": 0.5645081494476701,
  "score5": 0.5186063523853147,
  "score6": 0.6698097617986333
}