{
  "score0": 0.24905403893968234,
  "score1": 0.34363956311090316,
  "score2": 0.7305996406657469,
  "score3": 0.6308033410638801,
  "score4": 0.25757174996325644,
  "score5": 0.30179097650593073,
  "score6": 0.6966151408280105
}