{
  "score0": 0.3670374146953658,
  "score1": 0.07228644976355553,
  "score2": 0.3076258931691613,
  "score3": 0.3794994523835475,
  "score4": 0.5582237616433781,
  "score5": 0.679141792595324,
  "score6": 0.680291017113638
}