{
  "score0": 0.5640738809206965,
  "score1": 0.3165739630602914,
  "score2": 0.06790228676379738,
  "score3": 0.6942804003901829,
  "score4": 0.8080146044083089,
  "score5": 0.43554735393001837,
  "score6": 0.688046149033975
}