{
  "score0": 0.30602073053121603,
  "score1": 0.14643091046076445,
  "score2": 0.2700237685203018,
  "score3": 0.6633955603242754,
  "score4": 0.26208571799467556,
  "score5": 0.1794903226489506,
  "score6": 0.5216384465618653
}