{
  "score0": 0.5690233962813981,
  "score1": 0.12722299418229474,
  "score2": 0.6007424655419991,
  "score3": 0.5798174075151982,
  "score4": 0.401243922726297,
  "score5": 0.5259453555549376,
  "score6": 0.23363512310981296
}