{
  "score0": 0.5509401284305284,
  "score1": 0.3940204554864416,
  "score2": 0.2569665643520016,
  "score3": 0.48364508594300076,
  "score4": 0.37551198812708475,
  "score5": 0.7321682258569112,
  "score6": 0.27560470589097985
}