{
  "score0": 0.043392548234395464,
  "score1": 0.5751911719114102,
  "score2": 0.4350571750749602,
  "score3": 0.2781933693921857,
  "score4": 0.40123569406917586,
  "score5": 0.4212688118086299,
  "score6": 0.28567411560440537
}