{
  "score0": 0.4042065918062497,
  "score1": 0.07866235677884126,
  "score2": 0.562270644971435,
  "score3": 0.8037979685259696,
  "score4": 0.8101446818325222,
  "score5": 0.5879236202661563,
  "score6": 0.6036771838809529
}