{
  "score0": 0.21300048393479376,
  "score1": 0.541861269693114,
  "score2": 0.28636061167887106,
  "score3": 0.40294449774406144,
  "score4": 0.3864904839549526,
  "score5": 0.3152293513812403,
  "score6": 0.5008287266571276
}