{
  "score0": 0.45190256351468455,
  "score1": 0.35403696857690764,
  "score2": 0.44990877385682104,
  "score3": 0.5166597820410832,
  "score4": 0.42045228364151205,
  "score5": 0.5039386726700984,
  "score6": 0.41706550885776866
}