{
  "score0": 0.02285699253632138,
  "score1": 0.4112360818460939,
  "score2": 0.41555613777342754,
  "score3": 0.7816420252834039,
  "score4": 0.20572377160032843,
  "score5": 0.8029106324123791,
  "score6": 0.7048354286911853
}