{
  "score0": 0.3501793438658872,
  "score1": 0.32804873269581303,
  "score2": 0.10437701067809113,
  "score3": 0.40754048893371,
  "score4": 0.6898289753640299,
  "score5": 0.2770099614333012,
  "score6": 0.0430461001104881
}