{
  "score0": 0.3447722822420903,
  "score1": 0.3317477574426932,
  "score2": 0.21090719551678339,
  "score3": 0.19993730739380677,
  "score4": 0.7169396749294109,
  "score5": 0.7352849889196839,
  "score6": 0.34290749179250296
}