{
  "score0": 0.3900931945767845,
  "score1": 0.023243196236450873,
  "score2": 0.40644158942415665,
  "score3": 0.6594475172947885,
  "score4": 0.3403087346861213,
  "score5": 0.4902233093394826,
  "score6": 0.6279838955507837
}