{
  "score0": 0.5144438711661731,
  "score1": 0.08637482240562473,
  "score2": 0.5230308792472781,
  "score3": 0.1926105948187187,
  "score4": 0.4151739516278472,
  "score5": 0.15137962617669543,
  "score6": 0.7891354638940543
}