{
  "score0": 0.3834735063572948,
  "score1": 0.32804873269581303,
  "score2": 0.10437701067809113,
  "score3": 0.25778637554033895,
  "score4": 0.841077216478049,
  "score5": 0.1901013691005906,
  "score6": 0.18580565053645212
}