{
  "score0": 0.10793507916626868,
  "score1": 0.4397368736180731,
  "score2": 0.6334791534555424,
  "score3": 0.7888496739557936,
  "score4": 0.735837942459109,
  "score5": 0.8478987279464212,
  "score6": 0.5475653047781386
}