{
  "score0": 0.08847569729497112,
  "score1": 0.3726045143501565,
  "score2": 0.6066263099724933,
  "score3": 0.4081822000622742,
  "score4": 0.2131868553012993,
  "score5": 0.3292573591496803,
  "score6": 0.4900692230367705
}