{
  "score0": 0.43156725771375104,
  "score1": 0.4539179282294771,
  "score2": 0.703867647168912,
  "score3": 0.8101140509654178,
  "score4": 0.3491407743114046,
  "score5": 0.3181968536907029,
  "score6": 0.3282203167415578
}