{
  "score0": 0.4604122923421586,
  "score1": 0.49462737289049397,
  "score2": 0.5841422731448076,
  "score3": 0.6342831741900782,
  "score4": 0.32958192756129767,
  "score5": 0.3183043019659786,
  "score6": 0.5234727522354167
}