{
  "score0": 0.23440930357985634,
  "score1": 0.3726045143501565,
  "score2": 0.5522345886605832,
  "score3": 0.37610759910244845,
  "score4": 0.4261831954641149,
  "score5": 0.3209111181003488,
  "score6": 0.49907884344860803
}