{
  "score0": 0.2945885376907889,
  "score1": 0.2622900163446137,
  "score2": 0.11698439530530931,
  "score3": 0.3970346674139387,
  "score4": 0.49843512867771933,
  "score5": 0.2961328211906626,
  "score6": 0.4673617010428895
}