{
  "score0": 0.21288616600727236,
  "score1": 0.6377252142441014,
  "score2": 0.3224473916242071,
  "score3": 0.3937364090133834,
  "score4": 0.26040945439453567,
  "score5": 0.3760110695928957,
  "score6": 0.870311453780483
}