{
  "score0": 0.6473410219727316,
  "score1": 0.3287845572169671,
  "score2": 0.2683603291532253,
  "score3": 0.17441997203007156,
  "score4": 0.4069325018054189,
  "score5": 0.8693171340319049,
  "score6": 0.16557401973948746
}