{
  "score0": 0.14398064021970966,
  "score1": 0.5821582802439258,
  "score2": 0.4747129529540367,
  "score3": 0.14419949759143605,
  "score4": 0.3806558563504466,
  "score5": 0.4718742372292504,
  "score6": 0.43102938635575844
}