{
  "score0": 0.5426642801069108,
  "score1": 0.26826753948913296,
  "score2": 0.22841410504162293,
  "score3": 0.4929845679911318,
  "score4": 0.5797130013044656,
  "score5": 0.7595655756373648,
  "score6": 0.5499682804704825
}