{
  "score0": 0.6476834906546816,
  "score1": 0.4362400313049849,
  "score2": 0.21945464873543763,
  "score3": 0.4782767496928795,
  "score4": 0.41330444822244067,
  "score5": 0.4336550215632704,
  "score6": 0.696177223584951
}