{
  "score0": 0.4604122923421586,
  "score1": 0.49462737289049397,
  "score2": 0.5576305712322757,
  "score3": 0.736541892468721,
  "score4": 0.3916787225813816,
  "score5": 0.682102240742909,
  "score6": 0.3706744356198311
}