{
  "score0": 0.2945885376907889,
  "score1": 0.2622900163446137,
  "score2": 0.09965605061312294,
  "score3": 0.30878427613042997,
  "score4": 0.5880820816151973,
  "score5": 0.2688415847574857,
  "score6": 0.5636587164946133
}