{
  "score0": 0.22589158146244837,
  "score1": 0.6290228541048171,
  "score2": 0.28195058395422967,
  "score3": 0.3937364090133834,
  "score4": 0.14767615651048324,
  "score5": 0.43327030975791714,
  "score6": 0.8197377333856797
}