{
  "score0": 0.08413400407983489,
  "score1": 0.6180257521467483,
  "score2": 0.42488030787519937,
  "score3": 0.26761677065837874,
  "score4": 0.31506064168524667,
  "score5": 0.485446032381226,
  "score6": 0.37410537901856666
}