{
  "score0": 0.3086428994055194,
  "score1": 0.19804282138349621,
  "score2": 0.005283328905055474,
  "score3": 0.599318432646231,
  "score4": 0.19993730739380677,
  "score5": 0.7169396749294109,
  "score6": 0.7352849889196839
}