{
  "score0": 0.15296948339618327,
  "score1": 0.3150697830103881,
  "score2": 0.1360396909523677,
  "score3": 0.06017249365105637,
  "score4": 0.7185028287863512,
  "score5": 0.5658617233355033,
  "score6": 0.8787185328092698
}