{
  "score0": 0.2945885376907889,
  "score1": 0.2622900163446137,
  "score2": 0.13584292775549828,
  "score3": 0.37395722853511804,
  "score4": 0.31016948943493416,
  "score5": 0.434243333752886,
  "score6": 0.10970704540753556
}