{
  "score0": 0.437487560109547,
  "score1": 0.193739231988395,
  "score2": 0.32081046660563356,
  "score3": 0.5166597820410832,
  "score4": 0.42045228364151205,
  "score5": 0.5039386726700984,
  "score6": 0.41706550885776866
}