{
  "score0": 0.604774341165655,
  "score1": 0.3164896146169238,
  "score2": 0.14629491607007677,
  "score3": 0.17441997203007156,
  "score4": 0.4950730628971936,
  "score5": 0.6109697484502336,
  "score6": 0.1239269572087367
}