{
  "score0": 0.21300048393479376,
  "score1": 0.5308038563044636,
  "score2": 0.38456766215154375,
  "score3": 0.3864904839549526,
  "score4": 0.3152293513812403,
  "score5": 0.5008287266571276,
  "score6": 0.15149574277551198
}