{
  "score0": 0.437487560109547,
  "score1": 0.193739231988395,
  "score2": 0.2936685823847306,
  "score3": 0.5300973302515946,
  "score4": 0.37859221180404945,
  "score5": 0.5093087911173569,
  "score6": 0.4301942883264774
}