{
  "score0": 0.5833015483096015,
  "score1": 0.5917733207878534,
  "score2": 0.3890703041386083,
  "score3": 0.5694381150519102,
  "score4": 0.49763723529511145,
  "score5": 0.15334964262283782,
  "score6": 0.32590516413086296
}