{
  "score0": 0.3834735063572948,
  "score1": 0.25495432105506594,
  "score2": 0.0995920149356817,
  "score3": 0.25778637554033895,
  "score4": 0.841077216478049,
  "score5": 0.1901013691005906,
  "score6": 0.18580565053645212
}