{
  "score0": 0.3900931945767845,
  "score1": 0.06189422942040982,
  "score2": 0.4336093972227174,
  "score3": 0.4730201340779181,
  "score4": 0.45589983134934986,
  "score5": 0.3687184821851037,
  "score6": 0.6279838955507838
}