{
  "score0": 0.015661136308679446,
  "score1": 0.45450448692379664,
  "score2": 0.34306064198794206,
  "score3": 0.7043150862788486,
  "score4": 0.5834625847711595,
  "score5": 0.532613824031806,
  "score6": 0.8530277846411088
}