{
  "score0": 0.5690233962813981,
  "score1": 0.12722299418229474,
  "score2": 0.4838362158124994,
  "score3": 0.6162564966237991,
  "score4": 0.40142147065807915,
  "score5": 0.44412290232558777,
  "score6": 0.2923258261872133
}