{
  "score0": 0.038388056795083315,
  "score1": 0.45450448692379664,
  "score2": 0.34306064198794206,
  "score3": 0.7519024052061024,
  "score4": 0.7009319074398593,
  "score5": 0.8150247394474511,
  "score6": 0.11936342616215473
}