{
  "score0": 0.48292381346678476,
  "score1": 0.1173857518958993,
  "score2": 0.096310489663401,
  "score3": 0.7577049550392881,
  "score4": 0.29567946803235745,
  "score5": 0.46529826805562263,
  "score6": 0.24562704142903602
}