{
  "score0": 0.02285699253632138,
  "score1": 0.4112360818460939,
  "score2": 0.39472433269712387,
  "score3": 0.5953530466396573,
  "score4": 0.20572377160032843,
  "score5": 0.8029106324123791,
  "score6": 0.7048354286911853
}