{
  "score0": 0.17933400349488102,
  "score1": 0.5934090380754782,
  "score2": 0.34218487093867045,
  "score3": 0.40290427066141216,
  "score4": 0.368467002754114,
  "score5": 0.6730618900299842,
  "score6": 0.8708802145959008
}