{
  "score0": 0.45400376226236006,
  "score1": 0.48263817605455944,
  "score2": 0.6867970662661512,
  "score3": 0.7893725504023492,
  "score4": 0.7987342040613837,
  "score5": 0.658337112364128,
  "score6": 0.38955582826426344
}