{
  "score0": 0.4704276355681395,
  "score1": 0.4054547528709918,
  "score2": 0.6096785099335306,
  "score3": 0.729407913977636,
  "score4": 0.1721522738323982,
  "score5": 0.23385112642270153,
  "score6": 0.45801693524338677
}