{
  "score0": 0.36109716468975167,
  "score1": 0.0648985378977786,
  "score2": 0.5129135850803894,
  "score3": 0.5435377378640931,
  "score4": 0.8692950243050728,
  "score5": 0.6224838674826524,
  "score6": 0.28304019568189004
}