{
  "score0": 0.43462520315433883,
  "score1": 0.3344650548618586,
  "score2": 0.4956780472913113,
  "score3": 0.3793452985897034,
  "score4": 0.30752366766830513,
  "score5": 0.726526176871053,
  "score6": 0.1822979606599783
}