{
  "score0": 0.6599391662213087,
  "score1": 0.5219729226727868,
  "score2": 0.3128113524076598,
  "score3": 0.39866433815078955,
  "score4": 0.47920139621434127,
  "score5": 0.23694891139762694,
  "score6": 0.8838671203614282
}