{
  "score0": 0.015661136308679446,
  "score1": 0.5020321524208557,
  "score2": 0.39472433269712387,
  "score3": 0.5839341835244333,
  "score4": 0.5834625847711595,
  "score5": 0.532613824031806,
  "score6": 0.8530277846411088
}