{
  "score0": 0.3991654697091025,
  "score1": 0.09585308908778879,
  "score2": 0.6007424655419991,
  "score3": 0.5895454030613535,
  "score4": 0.637429496634535,
  "score5": 0.46411670681318745,
  "score6": 0.2998504035754619
}