{
  "score0": 0.08847569729497112,
  "score1": 0.3726045143501565,
  "score2": 0.5522345886605832,
  "score3": 0.3618257076846691,
  "score4": 0.34909976911013385,
  "score5": 0.2208073537038986,
  "score6": 0.48724994896089574
}