{
  "score0": 0.461587879345595,
  "score1": 0.193739231988395,
  "score2": 0.2936685823847306,
  "score3": 0.47546148832186885,
  "score4": 0.47620472917574186,
  "score5": 0.43082336006948685,
  "score6": 0.5807340909723777
}