{
  "score0": 0.3112506256717986,
  "score1": 0.4039611380426048,
  "score2": 0.023836157474302636,
  "score3": 0.7426709426225081,
  "score4": 0.32608153731858297,
  "score5": 0.7182052574788115,
  "score6": 0.481933040268129
}