{
  "score0": 0.44594525396522083,
  "score1": 0.32346873684566474,
  "score2": 0.2985281706966227,
  "score3": 0.5725517984213712,
  "score4": 0.6929176868139066,
  "score5": 0.27282078869989645,
  "score6": 0.2689540703823443
}