{
  "score0": 0.4920937404941139,
  "score1": 0.32908029938275773,
  "score2": 0.22841410504162293,
  "score3": 0.4929845679911318,
  "score4": 0.5797130013044656,
  "score5": 0.7595655756373648,
  "score6": 0.5499682804704825
}