{
  "score0": 0.41208987808649433,
  "score1": 0.4539179282294771,
  "score2": 0.703867647168912,
  "score3": 0.7893725504023492,
  "score4": 0.7987342040613837,
  "score5": 0.658337112364128,
  "score6": 0.38955582826426344
}