{
  "score0": 0.3287845572169671,
  "score1": 0.2683603291532253,
  "score2": 0.3673741684469162,
  "score3": 0.2688415847574857,
  "score4": 0.5636587164946133,
  "score5": 0.07529231051270148,
  "score6": 0.08793570401143092
}