{
  "score0": 0.6870881794374223,
  "score1": 0.5263779739944795,
  "score2": 0.3087986732134182,
  "score3": 0.3091979272439028,
  "score4": 0.4686643578698522,
  "score5": 0.5615517059669762,
  "score6": 0.7306925743178772
}