{
  "score0": 0.30602073053121603,
  "score1": 0.14643091046076445,
  "score2": 0.20189792190011546,
  "score3": 0.8075979846139202,
  "score4": 0.29367461721223437,
  "score5": 0.1845705807928786,
  "score6": 0.4492811103625704
}