{
  "score0": 0.17933400349488102,
  "score1": 0.5934090380754782,
  "score2": 0.30152448467880233,
  "score3": 0.3500348095129149,
  "score4": 0.37760265915474306,
  "score5": 0.8308039954544754,
  "score6": 0.6896256388695091
}