{
  "score0": 0.21288616600727236,
  "score1": 0.5934090380754782,
  "score2": 0.34218487093867045,
  "score3": 0.4422565885260486,
  "score4": 0.26040945439453567,
  "score5": 0.3760110695928957,
  "score6": 0.870311453780483
}