{
  "score0": 0.41938220412958294,
  "score1": 0.12722299418229474,
  "score2": 0.6007424655419991,
  "score3": 0.5895454030613535,
  "score4": 0.637429496634535,
  "score5": 0.46411670681318745,
  "score6": 0.2998504035754619
}