{
  "score0": 0.44594525396522083,
  "score1": 0.32908029938275773,
  "score2": 0.2100418882697045,
  "score3": 0.46909947971732696,
  "score4": 0.5725517984213712,
  "score5": 0.6929176868139066,
  "score6": 0.27282078869989645
}