{
  "score0": 0.3239736704242091,
  "score1": 0.43540994894461105,
  "score2": 0.023836157474302636,
  "score3": 0.6968717664753504,
  "score4": 0.5895342028857921,
  "score5": 0.21717719079830702,
  "score6": 0.743514913690961
}