{
  "score0": 0.20019990624490266,
  "score1": 0.3447722822420903,
  "score2": 0.3317477574426932,
  "score3": 0.06017249365105637,
  "score4": 0.7185028287863512,
  "score5": 0.5658617233355033,
  "score6": 0.8787185328092698
}