{
  "score0": 0.054311950892686096,
  "score1": 0.4413167761515877,
  "score2": 0.6334791534555424,
  "score3": 0.7888496739557936,
  "score4": 0.735837942459109,
  "score5": 0.8478987279464212,
  "score6": 0.5475653047781386
}