{
  "score0": 0.4112360818460939,
  "score1": 0.41555613777342754,
  "score2": 0.7647236372334618,
  "score3": 0.3916787225813816,
  "score4": 0.682102240742909,
  "score5": 0.3706744356198311,
  "score6": 0.3754579068210631
}