{
  "score0": 0.43540994894461105,
  "score1": 0.03365274817057833,
  "score2": 0.6621031793007807,
  "score3": 0.5707569318489493,
  "score4": 0.5435377378640931,
  "score5": 0.8692950243050728,
  "score6": 0.6224838674826524
}