{
  "score0": 0.3869227946965504,
  "score1": 0.09511604945524317,
  "score2": 0.2470370660114228,
  "score3": 0.21999653276304243,
  "score4": 0.13425569896030937,
  "score5": 0.4030995420893578,
  "score6": 0.6947194672950953
}