{
  "score0": 0.4541385592063059,
  "score1": 0.14643091046076445,
  "score2": 0.20189792190011546,
  "score3": 0.7129851188884291,
  "score4": 0.24171538551316826,
  "score5": 0.3766638648338634,
  "score6": 0.17265162033403744
}