{
  "score0": 0.4042065918062497,
  "score1": 0.023243196236450873,
  "score2": 0.40644158942415665,
  "score3": 0.7336756249735467,
  "score4": 0.8101446818325222,
  "score5": 0.5879236202661563,
  "score6": 0.6036771838809529
}