{
  "score0": 0.36648798088884654,
  "score1": 0.10793507916626868,
  "score2": 0.4397368736180731,
  "score3": 0.6974306476332365,
  "score4": 0.6943704157165936,
  "score5": 0.6578070203404166,
  "score6": 0.4637882742146166
}