{
  "score0": 0.2946474347620192,
  "score1": 0.3682679653349134,
  "score2": 0.017097459712823424,
  "score3": 0.7426709426225081,
  "score4": 0.32608153731858297,
  "score5": 0.7182052574788115,
  "score6": 0.481933040268129
}