{
  "score0": 0.054311950892686096,
  "score1": 0.45925043198448684,
  "score2": 0.5612313002266975,
  "score3": 0.7217988695025207,
  "score4": 0.7888496739557936,
  "score5": 0.735837942459109,
  "score6": 0.8478987279464212
}