{
  "score0": 0.132775741717709,
  "score1": 0.3304590212726203,
  "score2": 0.6257663862741021,
  "score3": 0.2744245412776511,
  "score4": 0.3619524871106501,
  "score5": 0.6169116323634719,
  "score6": 0.4799241104853707
}