{
  "score0": 0.3869227946965504,
  "score1": 0.09573641801217132,
  "score2": 0.2981110142375183,
  "score3": 0.7763015265497607,
  "score4": 0.21999653276304243,
  "score5": 0.13425569896030937,
  "score6": 0.4030995420893578
}