{
  "score0": 0.535260398262832,
  "score1": 0.5308463463323494,
  "score2": 0.3890703041386083,
  "score3": 0.47546148832186885,
  "score4": 0.47620472917574186,
  "score5": 0.43082336006948685,
  "score6": 0.5807340909723777
}