{
  "score0": 0.6530054345537029,
  "score1": 0.4362400313049849,
  "score2": 0.21749051100513433,
  "score3": 0.3676163712628622,
  "score4": 0.48364508594300076,
  "score5": 0.37551198812708475,
  "score6": 0.7321682258569112
}