{
  "score0": 0.36109716468975167,
  "score1": 0.10559061252482932,
  "score2": 0.4336093972227174,
  "score3": 0.4730201340779181,
  "score4": 0.45589983134934986,
  "score5": 0.3687184821851037,
  "score6": 0.6279838955507838
}