{
  "score0": 0.07506961801244122,
  "score1": 0.6180257521467483,
  "score2": 0.42488030787519937,
  "score3": 0.12999167554901073,
  "score4": 0.42091203493679713,
  "score5": 0.4488808938819611,
  "score6": 0.38203089492252484
}