{
  "score0": 0.1173857518958993,
  "score1": 0.3389401140036092,
  "score2": 0.601417481206986,
  "score3": 0.3619524871106501,
  "score4": 0.6169116323634719,
  "score5": 0.4799241104853707,
  "score6": 0.1908763606144126
}