{
  "score0": 0.18822942730238168,
  "score1": 0.541861269693114,
  "score2": 0.30152448467880233,
  "score3": 0.3500348095129149,
  "score4": 0.37760265915474306,
  "score5": 0.8308039954544754,
  "score6": 0.6896256388695091
}