{
  "score0": 0.3672920948258819,
  "score1": 0.137060404682555,
  "score2": 0.5521188050972518,
  "score3": 0.6607073881854021,
  "score4": 0.45300320578390924,
  "score5": 0.5576016256351397,
  "score6": 0.2510677564477535
}