{
  "score0": 0.5779701085687641,
  "score1": 0.29289391946795346,
  "score2": 0.15284973994377155,
  "score3": 0.1420349572655589,
  "score4": 0.20458334712589746,
  "score5": 0.22169468524697802,
  "score6": 0.7009854810609392
}