{
  "score0": 0.5426642801069108,
  "score1": 0.26826753948913296,
  "score2": 0.18253148521023677,
  "score3": 0.46867011465055525,
  "score4": 0.47288692864285586,
  "score5": 0.7352747494983368,
  "score6": 0.7866955951880694
}