{
  "score0": 0.3672920948258819,
  "score1": 0.137060404682555,
  "score2": 0.5657291963738933,
  "score3": 0.566949847563223,
  "score4": 0.45300320578390924,
  "score5": 0.5576016256351397,
  "score6": 0.2510677564477535
}