{
  "score0": 0.748067823419888,
  "score1": 0.5219729226727868,
  "score2": 0.3128113524076598,
  "score3": 0.3204499550721561,
  "score4": 0.46231594732701037,
  "score5": 0.3807198968403875,
  "score6": 0.7564367365197399
}