{
  "score0": 0.36109716468975167,
  "score1": 0.10559061252482932,
  "score2": 0.4194760899548074,
  "score3": 0.5707569318489493,
  "score4": 0.5435377378640931,
  "score5": 0.8692950243050728,
  "score6": 0.6224838674826524
}