{
  "score0": 0.038388056795083315,
  "score1": 0.45450448692379664,
  "score2": 0.5803653751769569,
  "score3": 0.8377534330861867,
  "score4": 0.6801896067721277,
  "score5": 0.6190177233110962,
  "score6": 0.18085129140503478
}