{
  "score0": 0.2991741092776442,
  "score1": 0.3682679653349134,
  "score2": 0.017097459712823424,
  "score3": 0.7024541307771338,
  "score4": 0.4427547444454117,
  "score5": 0.1549723163941269,
  "score6": 0.5038002511916878
}