{
  "score0": 0.3983255266894319,
  "score1": 0.09573641801217132,
  "score2": 0.3566155516239643,
  "score3": 0.6633955603242754,
  "score4": 0.26208571799467556,
  "score5": 0.1794903226489506,
  "score6": 0.5216384465618653
}