{
  "score0": 0.2991741092776442,
  "score1": 0.3682679653349134,
  "score2": 0.06685132092099123,
  "score3": 0.6584842382349789,
  "score4": 0.31511399559181863,
  "score5": 0.2276556393899751,
  "score6": 0.524370813061878
}