{
  "score0": 0.4615748139532701,
  "score1": 0.26455644910629084,
  "score2": 0.055047225073021774,
  "score3": 0.4029251199409127,
  "score4": 0.2642199165909069,
  "score5": 0.5985384447673047,
  "score6": 0.05212668773738144
}