{
  "score0": 0.2035714120663931,
  "score1": 0.4074190245629666,
  "score2": 0.5790718290056829,
  "score3": 0.3546579489600205,
  "score4": 0.13944753455832015,
  "score5": 0.3650138682367173,
  "score6": 0.5599503362683285
}