{
  "score0": 0.3332535387581343,
  "score1": 0.28958216000006237,
  "score2": 0.09291510898579332,
  "score3": 0.39985266635767297,
  "score4": 0.30986965674701306,
  "score5": 0.25793050393242684,
  "score6": 0.18271684781557473
}