{
  "score0": 0.26884066223115216,
  "score1": 0.3652279040180228,
  "score2": 0.06614986452619358,
  "score3": 0.3951638078638524,
  "score4": 0.2469582378440006,
  "score5": 0.6858783935887284,
  "score6": 0.31125428968703617
}