{
  "score0": 0.2509011702910888,
  "score1": 0.5292343065528049,
  "score2": 0.7941038801801468,
  "score3": 0.4014660114002215,
  "score4": 0.3954660270722277,
  "score5": 0.14328126677794464,
  "score6": 0.041896332724584706
}