{
  "score0": 0.28392000733421596,
  "score1": 0.31050549732479743,
  "score2": 0.26303103427425456,
  "score3": 0.08612836095687228,
  "score4": 0.18052074614883526,
  "score5": 0.2099226241554002,
  "score6": 0.08990033054720327
}