{
  "score0": 0.3470304527251984,
  "score1": 0.30622494872713213,
  "score2": 0.4434363286804921,
  "score3": 0.08633194741189014,
  "score4": 0.18492011787123444,
  "score5": 0.3894372250217069,
  "score6": 0.3434189556564305
}