{
  "score0": 0.4947286742953151,
  "score1": 0.011641409663444463,
  "score2": 0.46764457238439167,
  "score3": 0.2018747055995772,
  "score4": 0.1418551641373425,
  "score5": 0.1419733843671721,
  "score6": 0.12479260826657433
}