{
  "score0": 0.24529364890800467,
  "score1": 0.05462128153285555,
  "score2": 0.3238509968032642,
  "score3": 0.5183501429524141,
  "score4": 0.5202078548714035,
  "score5": 0.1013277207213988,
  "score6": 0.17262785663936145
}