{
  "score0": 0.22675739238378767,
  "score1": 0.3403981417584174,
  "score2": 0.23845072958605787,
  "score3": 0.12553025235477297,
  "score4": 0.08320471712868231,
  "score5": 0.3253402828844914,
  "score6": 0.04262828584903459
}