{
  "score0": 0.37451800167868393,
  "score1": 0.40100370563257004,
  "score2": 0.06280371767301124,
  "score3": 0.12388526108850277,
  "score4": 0.18248176305048683,
  "score5": 0.36491370129512757,
  "score6": 0.6512602629011814
}