{
  "score0": 0.22460203470457463,
  "score1": 0.11618835627370427,
  "score2": 0.4721641469240411,
  "score3": 0.550077765716873,
  "score4": 0.6525996608564314,
  "score5": 0.32160249427965665,
  "score6": 0.17965056758744555
}