{
  "score0": 0.29631456203744366,
  "score1": 0.24529364890800467,
  "score2": 0.05462128153285555,
  "score3": 0.3690589400619177,
  "score4": 0.4215883415272375,
  "score5": 0.37613265052066164,
  "score6": 0.08995240403693759
}