{
  "score0": 0.5603474121615349,
  "score1": 0.05873452014745147,
  "score2": 0.15880922915140244,
  "score3": 0.35560164004579753,
  "score4": 0.5015416884024004,
  "score5": 0.7471896535247105,
  "score6": 0.688903334667053
}