{
  "score0": 0.3114468630691357,
  "score1": 0.09126629393509708,
  "score2": 0.280698740831442,
  "score3": 0.4408192294511803,
  "score4": 0.17406085863682627,
  "score5": 0.4153490317678252,
  "score6": 0.3863465386141476
}