{
  "score0": 0.26996584989484496,
  "score1": 0.3363176700343091,
  "score2": 0.21133371054313843,
  "score3": 0.18287487453241727,
  "score4": 0.06399173793793789,
  "score5": 0.1618566193419493,
  "score6": 0.15162690665423897
}