{
  "score0": 0.2812634711216797,
  "score1": 0.3556601382343536,
  "score2": 0.05119208528692581,
  "score3": 0.3690589400619177,
  "score4": 0.2469582378440006,
  "score5": 0.6858783935887284,
  "score6": 0.31125428968703617
}