{
  "score0": 0.5281108673895561,
  "score1": 0.46451449790496735,
  "score2": 0.08660091821827069,
  "score3": 0.12059925504802298,
  "score4": 0.19443054645748412,
  "score5": 0.4003944986605938,
  "score6": 0.0885409025776102
}