{
  "score0": 0.28397834605532624,
  "score1": 0.3407571886519622,
  "score2": 0.3862350471625767,
  "score3": 0.10645155008584047,
  "score4": 0.08818174510296223,
  "score5": 0.1593672009605973,
  "score6": 0.29359431968563515
}