{
  "score0": 0.42380783308320213,
  "score1": 0.10977228847638304,
  "score2": 0.5462962605851054,
  "score3": 0.19885221764466887,
  "score4": 0.1176959298887013,
  "score5": 0.14215616299980235,
  "score6": 0.07380274156563388
}