{
  "score0": 0.34935330839255285,
  "score1": 0.5445971143014275,
  "score2": 0.2936275841630934,
  "score3": 0.07862267497697842,
  "score4": 0.08740009927885052,
  "score5": 0.09079420487166,
  "score6": 0.2900798895352799
}