{
  "score0": 0.36498316512360496,
  "score1": 0.24602326334288044,
  "score2": 0.30052263496380277,
  "score3": 0.18492011787123444,
  "score4": 0.3894372250217069,
  "score5": 0.3434189556564305,
  "score6": 0.4276240248062269
}