{
  "score0": 0.23168497023282106,
  "score1": 0.28774331209137627,
  "score2": 0.27172220091331595,
  "score3": 0.2926050160181352,
  "score4": 0.13490018249644095,
  "score5": 0.29087344154931344,
  "score6": 0.3232389067505476
}