{
  "score0": 0.23168497023282106,
  "score1": 0.2804948868673779,
  "score2": 0.23070528030668874,
  "score3": 0.13490018249644095,
  "score4": 0.29087344154931344,
  "score5": 0.3232389067505476,
  "score6": 0.26795896054253654
}