{
  "score0": 0.04783249251240987,
  "score1": 0.5077258311578894,
  "score2": 0.22278631150552453,
  "score3": 0.08740009927885052,
  "score4": 0.09079420487166,
  "score5": 0.2900798895352799,
  "score6": 0.06858100967232898
}