{
  "score0": 0.43571319086966265,
  "score1": 0.4642403386926311,
  "score2": 0.05799766986046034,
  "score3": 0.1527759539055111,
  "score4": 0.26829433014817816,
  "score5": 0.20411199933758406,
  "score6": 0.838460174098694
}