{
  "score0": 0.4005600772822226,
  "score1": 0.22085657434133793,
  "score2": 0.3604104294739778,
  "score3": 0.06938210582787917,
  "score4": 0.443159139074838,
  "score5": 0.06272055119004648,
  "score6": 0.17086152425976464
}