{
  "score0": 0.4862079362314562,
  "score1": 0.04783249251240987,
  "score2": 0.5077258311578894,
  "score3": 0.17769102679808543,
  "score4": 0.06761450206149024,
  "score5": 0.12361186530539725,
  "score6": 0.04004658210268306
}