{
  "score0": 0.5281108673895561,
  "score1": 0.43165796192814365,
  "score2": 0.15264375357766863,
  "score3": 0.19443054645748412,
  "score4": 0.4003944986605938,
  "score5": 0.0885409025776102,
  "score6": 0.140372947180753
}