{
  "score0": 0.4947286742953151,
  "score1": 0.007278976667068395,
  "score2": 0.350010567879776,
  "score3": 0.1418551641373425,
  "score4": 0.1419733843671721,
  "score5": 0.12479260826657433,
  "score6": 0.275962551783537
}