{
  "score0": 0.4172648064632951,
  "score1": 0.07256709374738146,
  "score2": 0.22723768615439896,
  "score3": 0.5204315773867826,
  "score4": 0.8423563981684717,
  "score5": 0.5851541934799772,
  "score6": 0.3818731942604041
}