{
  "score0": 0.10684248025453442,
  "score1": 0.3277849798757948,
  "score2": 0.4817121036265994,
  "score3": 0.5361343082581299,
  "score4": 0.5864191531055347,
  "score5": 0.3840075029364744,
  "score6": 0.16447303849769593
}