{
  "score0": 0.4571998109343816,
  "score1": 0.009350611895569792,
  "score2": 0.4303820549524757,
  "score3": 0.14151450190018433,
  "score4": 0.10813305476796885,
  "score5": 0.09919343891112277,
  "score6": 0.034885337573525264
}