{
  "score0": 0.4535340237263143,
  "score1": 0.23337847870975967,
  "score2": 0.3457961450657851,
  "score3": 0.06977947414868736,
  "score4": 0.23844934683040772,
  "score5": 0.11801845818705792,
  "score6": 0.17124130955613595
}