{
  "score0": 0.2808382173521984,
  "score1": 0.26757651839638474,
  "score2": 0.36856573822669636,
  "score3": 0.0140289459503,
  "score4": 0.4596133694665254,
  "score5": 0.39509545810921454,
  "score6": 0.41651415452543333
}