{
  "score0": 0.20171064208878853,
  "score1": 0.30648962404626245,
  "score2": 0.2230336437700831,
  "score3": 0.07853405915265024,
  "score4": 0.07186926745953591,
  "score5": 0.28603283396935114,
  "score6": 0.113390763298778
}