{
  "score0": 0.19996065887406442,
  "score1": 0.30941012514944033,
  "score2": 0.24374246437949745,
  "score3": 0.242133548776401,
  "score4": 0.03594872492415479,
  "score5": 0.24130220068283428,
  "score6": 0.3173492410858961
}