{
  "score0": 0.2808382173521984,
  "score1": 0.27364061886108487,
  "score2": 0.23830565805010429,
  "score3": 0.0140289459503,
  "score4": 0.4596133694665254,
  "score5": 0.39509545810921454,
  "score6": 0.41651415452543333
}