{
  "score0": 0.27334472926540854,
  "score1": 0.3221924703783743,
  "score2": 0.3862350471625767,
  "score3": 0.10645155008584047,
  "score4": 0.08644712551707406,
  "score5": 0.16749512821770485,
  "score6": 0.30732572911079903
}