{
  "score0": 0.4005600772822226,
  "score1": 0.22651474512836062,
  "score2": 0.16245104423175005,
  "score3": 0.443159139074838,
  "score4": 0.06272055119004648,
  "score5": 0.17086152425976464,
  "score6": 0.04276010161277697
}