{
  "score0": 0.29317284815323613,
  "score1": 0.5811271319880048,
  "score2": 0.6737818208827403,
  "score3": 0.10007189662570541,
  "score4": 0.17567158058262197,
  "score5": 0.13249576432353793,
  "score6": 0.14408077172035827
}