{
  "score0": 0.37451800167868393,
  "score1": 0.40031416750790777,
  "score2": 0.08205333129282305,
  "score3": 0.18248176305048683,
  "score4": 0.36491370129512757,
  "score5": 0.6512602629011814,
  "score6": 0.3360478393688204
}