{
  "score0": 0.06226065865239532,
  "score1": 0.320950116809959,
  "score2": 0.5355467701551963,
  "score3": 0.4912049211197382,
  "score4": 0.4182290229772853,
  "score5": 0.29509532026021745,
  "score6": 0.42186640372052925
}