{
  "score0": 0.23033457035535937,
  "score1": 0.30941012514944033,
  "score2": 0.24374246437949745,
  "score3": 0.4107244233338314,
  "score4": 0.05589136298450433,
  "score5": 0.23719420098203473,
  "score6": 0.37866738268283434
}