{
  "score0": 0.09063750679478857,
  "score1": 0.3837090815340984,
  "score2": 0.4228934216481867,
  "score3": 0.664735277053588,
  "score4": 0.15124878725107238,
  "score5": 0.25619698391384876,
  "score6": 0.2553114963569203
}