{
  "score0": 0.10684248025453442,
  "score1": 0.3277849798757948,
  "score2": 0.4228934216481867,
  "score3": 0.6847099119340189,
  "score4": 0.5864191531055347,
  "score5": 0.3840075029364744,
  "score6": 0.16447303849769593
}