{
  "score0": 0.29631456203744366,
  "score1": 0.3556601382343536,
  "score2": 0.05119208528692581,
  "score3": 0.3690589400619177,
  "score4": 0.4215883415272375,
  "score5": 0.37613265052066164,
  "score6": 0.08995240403693759
}