{
  "score0": 0.19996065887406442,
  "score1": 0.36498316512360496,
  "score2": 0.24602326334288044,
  "score3": 0.242133548776401,
  "score4": 0.03594872492415479,
  "score5": 0.24130220068283428,
  "score6": 0.3173492410858961
}