{
  "score0": 0.17028103798393787,
  "score1": 0.5615591708748221,
  "score2": 0.2959427142076914,
  "score3": 0.10873029459068469,
  "score4": 0.07853405915265024,
  "score5": 0.35235287370493107,
  "score6": 0.19628472549677767
}