{
  "score0": 0.3168354864884553,
  "score1": 0.28958216000006237,
  "score2": 0.051808904309540466,
  "score3": 0.1660215453490486,
  "score4": 0.10693447638382382,
  "score5": 0.7535109929533176,
  "score6": 0.5980649832839241
}