{
  "score0": 0.22675739238378767,
  "score1": 0.3403981417584174,
  "score2": 0.23845072958605787,
  "score3": 0.11389828072301882,
  "score4": 0.11598648233600539,
  "score5": 0.16912128063646426,
  "score6": 0.027161864671907038
}