{
  "score0": 0.4535340237263143,
  "score1": 0.23337847870975967,
  "score2": 0.3457961450657851,
  "score3": 0.07070413037964805,
  "score4": 0.2406977342311211,
  "score5": 0.12080983017688114,
  "score6": 0.02663497328484385
}