{
  "score0": 0.2580014524668155,
  "score1": 0.52179938200253,
  "score2": 0.7121310849726742,
  "score3": 0.2409461715256008,
  "score4": 0.05832345424117002,
  "score5": 0.13855055769417782,
  "score6": 0.20288744653427263
}