{
  "score0": 0.20780835709993908,
  "score1": 0.28097967301914034,
  "score2": 0.3769888096866004,
  "score3": 0.06022462972571526,
  "score4": 0.14292085474799154,
  "score5": 0.14072037779900753,
  "score6": 0.17975383629350636
}