{
  "score0": 0.42507238354724813,
  "score1": 0.05873452014745147,
  "score2": 0.15880922915140244,
  "score3": 0.36632968892204953,
  "score4": 0.3983843503031419,
  "score5": 0.8403059273359464,
  "score6": 0.4029164516844739
}