{
  "score0": 0.252078095383843,
  "score1": 0.10450272407363724,
  "score2": 0.280698740831442,
  "score3": 0.41277168673491066,
  "score4": 0.3472532680599239,
  "score5": 0.6466718900518954,
  "score6": 0.32863867215960374
}