{
  "score0": 0.25976826448880924,
  "score1": 0.04259653055671291,
  "score2": 0.342523914254008,
  "score3": 0.45774869774777655,
  "score4": 0.5183501429524141,
  "score5": 0.5202078548714035,
  "score6": 0.1013277207213988
}