{
  "score0": 0.41935220674624735,
  "score1": 0.25460593518107355,
  "score2": 0.2972758854075042,
  "score3": 0.05224441780740413,
  "score4": 0.21305413869533094,
  "score5": 0.2314110851844453,
  "score6": 0.06459965558524285
}