{
  "score0": 0.1626114035614191,
  "score1": 0.22259626940958854,
  "score2": 0.2716906559650644,
  "score3": 0.06784284501232539,
  "score4": 0.1836482044479105,
  "score5": 0.17905114885253504,
  "score6": 0.22626190377644326
}