{
  "score0": 0.3168354864884553,
  "score1": 0.3460221338995154,
  "score2": 0.06998235691658797,
  "score3": 0.10693447638382382,
  "score4": 0.7535109929533176,
  "score5": 0.5980649832839241,
  "score6": 0.4173804997315587
}