{
  "score0": 0.26433191231352315,
  "score1": 0.2082844204455653,
  "score2": 0.3179256858941486,
  "score3": 0.16214596196223388,
  "score4": 0.23933341548382928,
  "score5": 0.06534344868561827,
  "score6": 0.2708009971309883
}