{
  "score0": 0.41935220674624735,
  "score1": 0.25460593518107355,
  "score2": 0.3263875533161521,
  "score3": 0.07558410340402442,
  "score4": 0.24888746652787863,
  "score5": 0.17908628206240504,
  "score6": 0.1948128662290445
}