{
  "score0": 0.26433191231352315,
  "score1": 0.21557233108965018,
  "score2": 0.20938311694838807,
  "score3": 0.23933341548382928,
  "score4": 0.06534344868561827,
  "score5": 0.2708009971309883,
  "score6": 0.43259704757475426
}