{
  "score0": 0.24866269349873285,
  "score1": 0.28774331209137627,
  "score2": 0.2603400382481096,
  "score3": 0.21371109837427427,
  "score4": 0.03444146085168855,
  "score5": 0.25491440740990384,
  "score6": 0.3193646488357183
}