{
  "score0": 0.5505163157590901,
  "score1": 0.29452744775195866,
  "score2": 0.12664895260624895,
  "score3": 0.1239769049497242,
  "score4": 0.17713481427055053,
  "score5": 0.11978312722104416,
  "score6": 0.21992957479477063
}