{
  "score0": 0.22231795053803552,
  "score1": 0.11099615552851078,
  "score2": 0.3941331035664068,
  "score3": 0.45687641337325324,
  "score4": 0.6344110607472752,
  "score5": 0.3070973067611615,
  "score6": 0.16813612577166984
}