{
  "score0": 0.2135642227742348,
  "score1": 0.23630231822280054,
  "score2": 0.2846355220889518,
  "score3": 0.04581577775843176,
  "score4": 0.11859746779521672,
  "score5": 0.046665395764778406,
  "score6": 0.19705428396979321
}