{
  "score0": 0.4172648064632951,
  "score1": 0.07638875034684582,
  "score2": 0.16581647222066484,
  "score3": 0.38784652102280476,
  "score4": 0.5204315773867826,
  "score5": 0.8423563981684717,
  "score6": 0.5851541934799772
}