{
  "score0": 0.42507238354724813,
  "score1": 0.05873452014745147,
  "score2": 0.17881731917205979,
  "score3": 0.37374140942849726,
  "score4": 0.5662313084808624,
  "score5": 0.677220187026951,
  "score6": 0.3228844869510007
}