{
  "score0": 0.09063750679478857,
  "score1": 0.3837090815340984,
  "score2": 0.5090920072639783,
  "score3": 0.4291363578247129,
  "score4": 0.12415869055083252,
  "score5": 0.23880495752762296,
  "score6": 0.36987573552934716
}