{
  "score0": 0.27334296589743834,
  "score1": 0.49680146364239935,
  "score2": 0.7941038801801468,
  "score3": 0.2772845947069964,
  "score4": 0.1831210630398397,
  "score5": 0.09852849107289051,
  "score6": 0.3763668065137183
}