{
  "score0": 0.20078115710549413,
  "score1": 0.24972774284923563,
  "score2": 0.2846355220889518,
  "score3": 0.11188810689282393,
  "score4": 0.26900760798823636,
  "score5": 0.03604380056557561,
  "score6": 0.26026884074427964
}