{
  "score0": 0.18491063599043558,
  "score1": 0.22361047294389694,
  "score2": 0.2593730791782255,
  "score3": 0.2532058470043302,
  "score4": 0.0472637791112413,
  "score5": 0.14182088574696036,
  "score6": 0.392857701683241
}