{
  "score0": 0.3843299803719533,
  "score1": 0.40100370563257004,
  "score2": 0.06056631847970791,
  "score3": 0.15744654916408818,
  "score4": 0.28263544760112874,
  "score5": 0.4415612432311536,
  "score6": 0.6654529915053361
}