{
  "score0": 0.18292745921549636,
  "score1": 0.3652279040180228,
  "score2": 0.06614986452619358,
  "score3": 0.431361808714871,
  "score4": 0.43231849808050465,
  "score5": 0.20250665785059854,
  "score6": 0.21601738471356255
}