{
  "score0": 0.3408347827647249,
  "score1": 0.30622494872713213,
  "score2": 0.40564952657384656,
  "score3": 0.04511238161550981,
  "score4": 0.15629773367259703,
  "score5": 0.15123357807905902,
  "score6": 0.24928247902806389
}