{
  "score0": 0.08034937734049158,
  "score1": 0.3277849798757948,
  "score2": 0.4817121036265994,
  "score3": 0.5361343082581299,
  "score4": 0.2289478052412809,
  "score5": 0.39427156059305896,
  "score6": 0.08961799930292635
}