{
  "score0": 0.23033457035535937,
  "score1": 0.22361047294389694,
  "score2": 0.2593730791782255,
  "score3": 0.4107244233338314,
  "score4": 0.05589136298450433,
  "score5": 0.23719420098203473,
  "score6": 0.37866738268283434
}