{
  "score0": 0.18378311475979192,
  "score1": 0.2082844204455653,
  "score2": 0.3013049974493461,
  "score3": 0.2255535022409395,
  "score4": 0.17823115261020608,
  "score5": 0.04191632443811411,
  "score6": 0.35850629588233446
}