{
  "score0": 0.26996584989484496,
  "score1": 0.3457961450657851,
  "score2": 0.1311662341958803,
  "score3": 0.1618566193419493,
  "score4": 0.15162690665423897,
  "score5": 0.10315103798643051,
  "score6": 0.1497015491586478
}