{
  "score0": 0.20776079138109368,
  "score1": 0.5615591708748221,
  "score2": 0.2959427142076914,
  "score3": 0.0904621023820894,
  "score4": 0.1241566938279172,
  "score5": 0.05713076965675167,
  "score6": 0.10108783802554476
}