{
  "score0": 0.17028103798393787,
  "score1": 0.34491310196935127,
  "score2": 0.2379045961706936,
  "score3": 0.07853405915265024,
  "score4": 0.07853405915265024,
  "score5": 0.35235287370493107,
  "score6": 0.19628472549677767
}