{
  "score0": 0.6318391333334668,
  "score1": 0.5678152348091263,
  "score2": 0.1557510715481737,
  "score3": 0.29175481305685097,
  "score4": 0.16378597232736825,
  "score5": 0.033958229086395036,
  "score6": 0.19060229376982027
}