{
  "score0": 0.2580014524668155,
  "score1": 0.52179938200253,
  "score2": 0.7933003927601301,
  "score3": 0.35564428983977997,
  "score4": 0.07626236233710992,
  "score5": 0.10816564191037947,
  "score6": 0.21997737506795448
}