{
  "score0": 0.2714249671326237,
  "score1": 0.04259653055671291,
  "score2": 0.3545586179358141,
  "score3": 0.37070688019411063,
  "score4": 0.29482123041034064,
  "score5": 0.3457700156828926,
  "score6": 0.35528270920016974
}