{
  "score0": 0.2097829998164499,
  "score1": 0.24972774284923563,
  "score2": 0.2846355220889518,
  "score3": 0.04581577775843176,
  "score4": 0.11859746779521672,
  "score5": 0.046665395764778406,
  "score6": 0.19705428396979321
}