{
  "score0": 0.4571998109343816,
  "score1": 0.009350611895569792,
  "score2": 0.45807246703199467,
  "score3": 0.19951759764465113,
  "score4": 0.09275281009798349,
  "score5": 0.10811786242830557,
  "score6": 0.03491012202223511
}