{
  "score0": 0.2288674044419573,
  "score1": 0.5541090073543442,
  "score2": 0.7550476774618768,
  "score3": 0.5833540049713332,
  "score4": 0.10007189662570541,
  "score5": 0.17567158058262197,
  "score6": 0.13249576432353793
}