{
  "score0": 0.3519618939533963,
  "score1": 0.22648251726469726,
  "score2": 0.23830565805010429,
  "score3": 0.0140289459503,
  "score4": 0.4596133694665254,
  "score5": 0.39509545810921454,
  "score6": 0.49574757843209977
}