{
  "score0": 0.2763900976317586,
  "score1": 0.3363176700343091,
  "score2": 0.19215396285239858,
  "score3": 0.13887818901737112,
  "score4": 0.10655193340231184,
  "score5": 0.1538076978250325,
  "score6": 0.051630176874126806
}