{
  "score0": 0.603653556087258,
  "score1": 0.06102473073361214,
  "score2": 0.5593329560728565,
  "score3": 0.27441899283254617,
  "score4": 0.25925736506581626,
  "score5": 0.1652219798201904,
  "score6": 0.2619995314186259
}