{
  "score0": 0.12897264455177065,
  "score1": 0.0950034404831203,
  "score2": 0.519583148326038,
  "score3": 0.5763394361076916,
  "score4": 0.19124364513196243,
  "score5": 0.31558961245138073,
  "score6": 0.09878304278894745
}