{
  "score0": 0.14083104968443988,
  "score1": 0.15517567362925178,
  "score2": 0.12640302901906922,
  "score3": 0.4391631317257318,
  "score4": 0.5732597364069661,
  "score5": 0.5927223884721314,
  "score6": 0.5205365463492239
}