{
  "score0": 0.08693380556310923,
  "score1": 0.07820151465734566,
  "score2": 0.09047089223786307,
  "score3": 0.11784971220000916,
  "score4": 0.07711628645703554,
  "score5": 0.12924747852809845,
  "score6": 0.12123040888800025
}