{
  "score0": 0.118667234618682,
  "score1": 0.1640219259874632,
  "score2": 0.1746635797154215,
  "score3": 0.10394477022337702,
  "score4": 0.2019838086219045,
  "score5": 0.44266053205615075,
  "score6": 0.7596330277308979
}