{
  "score0": 0.07488656517352481,
  "score1": 0.12479848891024273,
  "score2": 0.07939314372397659,
  "score3": 0.07138390317243039,
  "score4": 0.08630546938644379,
  "score5": 0.161463977808987,
  "score6": 0.07415921377976
}