{
  "score0": 0.06982304229882758,
  "score1": 0.5293326908528914,
  "score2": 0.3736659480052389,
  "score3": 0.629802390603614,
  "score4": 0.10787686376140482,
  "score5": 0.0929574071414872,
  "score6": 0.18507997704397453
}