{
  "score0": 0.1306434702105755,
  "score1": 0.14420116028041036,
  "score2": 0.0666019133782958,
  "score3": 0.0906614215475764,
  "score4": 0.0700770827684097,
  "score5": 0.1006762410319643,
  "score6": 0.3721529972902517
}