{
  "score0": 0.5863600334195523,
  "score1": 0.16604972754057445,
  "score2": 0.22750312335404205,
  "score3": 0.24473127869477382,
  "score4": 0.17865874240423296,
  "score5": 0.11866018755972287,
  "score6": 0.06380980887991432
}