{
  "score0": 0.060698475750156314,
  "score1": 0.10117972983179964,
  "score2": 0.05529918745888286,
  "score3": 0.14879190505474596,
  "score4": 0.7147338183058133,
  "score5": 0.3063813397257537,
  "score6": 0.06507676904966637
}