{
  "score0": 0.05009833098235374,
  "score1": 0.12479848891024273,
  "score2": 0.07939314372397659,
  "score3": 0.10790714078218999,
  "score4": 0.3610398163263318,
  "score5": 0.1650871432498227,
  "score6": 0.08314694005053269
}