{
  "score0": 0.4986163343122775,
  "score1": 0.32664731674543585,
  "score2": 0.22750312335404205,
  "score3": 0.20322730933017175,
  "score4": 0.15317858855000624,
  "score5": 0.06762651875158664,
  "score6": 0.1063040798532342
}