{
  "score0": 0.12943628353416176,
  "score1": 0.1640219259874632,
  "score2": 0.1746635797154215,
  "score3": 0.10394477022337702,
  "score4": 0.1640074456942375,
  "score5": 0.3791978927851054,
  "score6": 