{
  "score0": 0.6156024328180463,
  "score1": 0.5898723364857388,
  "score2": 0.11889308664164805,
  "score3": 0.07743243011707963,
  "score4": 0.21763496788289696,
  "score5": 0.15287440176710898,
  "score6": 0.1424983448705606
}