{
  "score0": 0.4440109522049409,
  "score1": 0.1963762798092876,
  "score2": 0.14525991869626723,
  "score3": 0.14042642901382182,
  "score4": 0.076104946917095,
  "score5": 0.1475432567793079,
  "score6": 0.08691042995232756
}