{
  "score0": 0.15431569862467978,
  "score1": 0.09015956754375518,
  "score2": 0.6460282347271827,
  "score3": 0.34459296029239234,
  "score4": 0.2325967891276947,
  "score5": 0.060228108004226434,
  "score6": 0.11370954638149174
}