{
  "score0": 0.06738646867360287,
  "score1": 0.08136871882673356,
  "score2": 0.08784585318237081,
  "score3": 0.1837255576556407,
  "score4": 0.0981149322255181,
  "score5": 0.18756062556515093,
  "score6": 0.1781832069797502
}