{
  "score0": 0.489103850385468,
  "score1": 0.5856718302192327,
  "score2": 0.566255232866819,
  "score3": 0.15756103804732643,
  "score4": 0.1094816971305575,
  "score5": 0.21663022991416148,
  "score6": 0.33368351621130726
}