{
  "score0": 0.5680999642316014,
  "score1": 0.1587638372372412,
  "score2": 0.26692527641806324,
  "score3": 0.6315143960921791,
  "score4": 0.6592001727608778,
  "score5": 0.4601308654802767,
  "score6": 0.45553071104922965
}