{
  "score0": 0.4986163343122775,
  "score1": 0.32664731674543585,
  "score2": 0.5319632212344233,
  "score3": 0.18938038177007718,
  "score4": 0.11782132269010204,
  "score5": 0.10333893983478355,
  "score6": 0.08152815031810663
}