{
  "score0": 0.08785166512444059,
  "score1": 0.10488181114154031,
  "score2": 0.12320707892095147,
  "score3": 0.343817724760632,
  "score4": 0.06933988405447666,
  "score5": 0.16595552899634095,
  "score6": 0.1333687844521376
}