{
  "score0": 0.09772491134474966,
  "score1": 0.12173053199691615,
  "score2": 0.1028915093812372,
  "score3": 0.08004481367225319,
  "score4": 0.37892180795210656,
  "score5": 0.5644278998541475,
  "score6": 0.6174228041973547
}