{
  "score0": 0.1222918722697579,
  "score1": 0.09538119829664299,
  "score2": 0.16386152356340802,
  "score3": 0.10431155022653922,
  "score4": 0.08213957007538851,
  "score5": 0.06475455232850809,
  "score6": 0.2880010630499931
}