{
  "score0": 0.6474086048406262,
  "score1": 0.6977587545817747,
  "score2": 0.5990768997067857,
  "score3": 0.06761650160423037,
  "score4": 0.17812216082084653,
  "score5": 0.23025523537379264,
  "score6": 0.12980993086812434
}