{
  "score0": 0.45994759463456725,
  "score1": 0.5673679862052686,
  "score2": 0.4941315604202204,
  "score3": 0.19600064477331006,
  "score4": 0.08201618087560017,
  "score5": 0.1909371913879633,
  "score6": 0.2014101487283478
}