{
  "score0": 0.18875734152104834,
  "score1": 0.14471876740025263,
  "score2": 0.12816103725323777,
  "score3": 0.3757033655890554,
  "score4": 0.4816511902027935,
  "score5": 0.5825713357196859,
  "score6": 0.5533171920589721
}