{
  "score0": 0.5680999642316014,
  "score1": 0.1587638372372412,
  "score2": 0.3835878340844402,
  "score3": 0.5941955320492865,
  "score4": 0.6764396166286728,
  "score5": 0.36543686017385496,
  "score6": 0.3344981651097854
}