{
  "score0": 0.09635817597725987,
  "score1": 0.5596101704005281,
  "score2": 0.23773707355473592,
  "score3": 0.7058859557512328,
  "score4": 0.1148866919366472,
  "score5": 0.11506015117942792,
  "score6": 0.2111103935720081
}