{
  "score0": 0.07488656517352481,
  "score1": 0.10090725057824082,
  "score2": 0.07382085621962142,
  "score3": 0.08130198444703875,
  "score4": 0.13929140396609818,
  "score5": 0.05411703791631023,
  "score6": 0.16895295130610388
}