{
  "score0": 0.4847287389097643,
  "score1": 0.15510616828050436,
  "score2": 0.20539353243060113,
  "score3": 0.39705973193630834,
  "score4": 0.577031901440174,
  "score5": 0.1061804487054197,
  "score6": 0.1829947131639789
}