{
  "score0": 0.47289265906932076,
  "score1": 0.5501707872375917,
  "score2": 0.48420522189017,
  "score3": 0.11532325332204457,
  "score4": 0.12420057107895287,
  "score5": 0.21764545180450492,
  "score6": 0.2242464290184073
}