{
  "score0": 0.08693380556310923,
  "score1": 0.07820151465734566,
  "score2": 0.08808051768510956,
  "score3": 0.1511893910948798,
  "score4": 0.08511781705767037,
  "score5": 0.13379917221668755,
  "score6": 0.07440666118456539
}