{
  "score0": 0.49638962739299064,
  "score1": 0.6441149389515312,
  "score2": 0.3891015186795178,
  "score3": 0.05841596589174461,
  "score4": 0.16428654976145274,
  "score5": 0.2299845285566671,
  "score6": 0.1265491464133632
}