{
  "score0": 0.38471531314153423,
  "score1": 0.26137248009559916,
  "score2": 0.1793834639414929,
  "score3": 0.08839564698284448,
  "score4": 0.11033015181883483,
  "score5": 0.11331805187756805,
  "score6": 0.07704478212566403
}