{
  "score0": 0.050222781726272994,
  "score1": 0.18851519462222172,
  "score2": 0.17738193039558053,
  "score3": 0.1412125816871869,
  "score4": 0.08633051636206408,
  "score5": 0.14502274165995077,
  "score6": 0.11351714750496922
}