{
  "score0": 0.6755622160177774,
  "score1": 0.5363030431350665,
  "score2": 0.199980064551229,
  "score3": 0.10892831336895915,
  "score4": 0.17802014555179946,
  "score5": 0.1921997396978099,
  "score6": 0.15242545201412103
}