{
  "score0": 0.20325830745110424,
  "score1": 0.1226931207321327,
  "score2": 0.09704448509684305,
  "score3": 0.15528999001169982,
  "score4": 0.47938623676315745,
  "score5": 0.4905491820187547,
  "score6": 0.3878873907350922
}