{
  "score0": 0.0727740382973548,
  "score1": 0.08136871882673356,
  "score2": 0.08784585318237081,
  "score3": 0.2028415932597938,
  "score4": 0.11989260971362276,
  "score5": 0.29460851437297636,
  "score6": 0.054430301297793825
}