{
  "score0": 0.12897264455177065,
  "score1": 0.0950034404831203,
  "score2": 0.3452541131590465,
  "score3": 0.7913867222247836,
  "score4": 0.05994303811084642,
  "score5": 0.41653398994685015,
  "score6": 0.07325299811172216
}