{
  "score0": 0.06048828692032502,
  "score1": 0.1579895757749558,
  "score2": 0.13245476476190055,
  "score3": 0.0663231056214555,
  "score4": 0.13474420832380554,
  "score5": 0.12860892200696342,
  "score6": 0.39918939762631994
}