{
  "score0": 0.18087805391590606,
  "score1": 0.1226931207321327,
  "score2": 0.09704448509684305,
  "score3": 0.17696240427643029,
  "score4": 0.522860819548209,
  "score5": 0.5118898649527542,
  "score6": 0.6885649699232522
}