{
  "score0": 0.12050206718394296,
  "score1": 0.12501487367823821,
  "score2": 0.13203417178697655,
  "score3": 0.09938005012603468,
  "score4": 0.08004481367225319,
  "score5": 0.37892180795210656,
  "score6": 0.5644278998541475
}