{
  "score0": 0.18875734152104834,
  "score1": 0.14471876740025263,
  "score2": 0.1044898623528175,
  "score3": 0.23152380124626473,
  "score4": 0.4391631317257318,
  "score5": 0.5732597364069661,
  "score6": 0.5927223884721314
}