{
  "score0": 0.603653556087258,
  "score1": 0.06836635897024233,
  "score2": 0.2936535230994383,
  "score3": 0.25925736506581626,
  "score4": 0.1652219798201904,
  "score5": 0.2619995314186259,
  "score6": 0.2560594966502217
}