{
  "score0": 0.11760805188555283,
  "score1": 0.1601767746889208,
  "score2": 0.10030082328122897,
  "score3": 0.09083285516934464,
  "score4": 0.0758319869392593,
  "score5": 0.0794973017206281,
  "score6": 0.274187299337312
}