{
  "score0": 0.11234889708578447,
  "score1": 0.08738814405839469,
  "score2": 0.5979456740207506,
  "score3": 0.6123541177006652,
  "score4": 0.3059647977888498,
  "score5": 0.1318328036647595,
  "score6": 0.02953412348293309
}