{
  "score0": 0.21693169209581759,
  "score1": 0.1396079249489687,
  "score2": 0.10837760642759502,
  "score3": 0.08291190367910582,
  "score4": 0.2378162432168951,
  "score5": 0.40548572108987485,
  "score6": 0.4008858924356296
}