{
  "score0": 0.07412433889886641,
  "score1": 0.09538119829664299,
  "score2": 0.2198693568102609,
  "score3": 0.07060302287806076,
  "score4": 0.18502850912436528,
  "score5": 0.03548987510889276,
  "score6": 0.10365555883575715
}