{
  "score0": 0.10090725057824082,
  "score1": 0.07382085621962142,
  "score2": 0.10193487124010964,
  "score3": 0.12924747852809845,
  "score4": 0.12123040888800025,
  "score5": 0.0393665155003283,
  "score6": 0.11008473164403414
}