{
  "score0": 0.5626805582840684,
  "score1": 0.1587638372372412,
  "score2": 0.26692527641806324,
  "score3": 0.6509631806743728,
  "score4": 0.7942340884578446,
  "score5": 0.5841206554420336,
  "score6": 0.4621248317300768
}