{
  "score0": 0.16198356532303204,
  "score1": 0.0902774004384411,
  "score2": 0.13380731069328702,
  "score3": 0.11317284833385545,
  "score4": 0.08191091775994364,
  "score5": 0.6604062107460598,
  "score6": 0.28663180560553453
}