{
  "score0": 0.060698475750156314,
  "score1": 0.10117040509121347,
  "score2": 0.12129527864725857,
  "score3": 0.7147338183058133,
  "score4": 0.3063813397257537,
  "score5": 0.06507676904966637,
  "score6": 0.04795524341244959
}