{
  "score0": 0.5201835846978934,
  "score1": 0.611753547339836,
  "score2": 0.48420522189017,
  "score3": 0.11532325332204457,
  "score4": 0.12420057107895287,
  "score5": 0.21764545180450492,
  "score6": 0.2242464290184073
}