{
  "score0": 0.10488181114154031,
  "score1": 0.12320707892095147,
  "score2": 0.24296491543768886,
  "score3": 0.15291880473617103,
  "score4": 0.09227134357355254,
  "score5": 0.14724249606739792,
  "score6": 0.3167672114541032
}