{
  "score0": 0.051451787764877736,
  "score1": 0.10382345168320115,
  "score2": 0.16103621302688312,
  "score3": 0.06070441044456351,
  "score4": 0.20445591026940815,
  "score5": 0.03548987510889276,
  "score6": 0.07684279657295888
}