{
  "score0": 0.0727740382973548,
  "score1": 0.08136871882673356,
  "score2": 0.10422303169771131,
  "score3": 0.176992054108458,
  "score4": 0.1885084773314617,
  "score5": 0.1933871906679913,
  "score6": 0.03902663216545973
}