{
  "score0": 0.14595224660440786,
  "score1": 0.09022747321939563,
  "score2": 0.519583148326038,
  "score3": 0.5763394361076916,
  "score4": 0.19124364513196243,
  "score5": 0.31558961245138073,
  "score6": 0.09878304278894745
}