{
  "score0": 0.09635817597725987,
  "score1": 0.6127215862557093,
  "score2": 0.39593944328436675,
  "score3": 0.1148866919366472,
  "score4": 0.11506015117942792,
  "score5": 0.2111103935720081,
  "score6": 0.4146743787376976
}