{
  "score0": 0.1222918722697579,
  "score1": 0.09538119829664299,
  "score2": 0.2198693568102609,
  "score3": 0.055916151648947275,
  "score4": 0.10610680074243674,
  "score5": 0.04469254000547706,
  "score6": 0.24999962574181564
}