{
  "score0": 0.06502208661387679,
  "score1": 0.18851519462222172,
  "score2": 0.17738193039558053,
  "score3": 0.21731494487198347,
  "score4": 0.10429332939866658,
  "score5": 0.12229746904197747,
  "score6": 0.1291744670180539
}