{
  "score0": 0.5856718302192327,
  "score1": 0.566255232866819,
  "score2": 0.2683968325623801,
  "score3": 0.2596880203070976,
  "score4": 0.5122652224941051,
  "score5": 0.1905772561769197,
  "score6": 0.20062875655731893
}