{
  "score0": 0.15431569862467978,
  "score1": 0.09022747321939563,
  "score2": 0.5011096361406272,
  "score3": 0.6766125724996231,
  "score4": 0.34459296029239234,
  "score5": 0.2325967891276947,
  "score6": 0.060228108004226434
}