{
  "score0": 0.6325563633381447,
  "score1": 0.1312204596958989,
  "score2": 0.3410858122353282,
  "score3": 0.6276882646272295,
  "score4": 0.11048211011248843,
  "score5": 0.6277286072061153,
  "score6": 0.5927362744566677
}