{
  "score0": 0.060823368626302714,
  "score1": 0.11716952941996932,
  "score2": 0.17834671460880774,
  "score3": 0.06752715230105079,
  "score4": 0.15291880473617103,
  "score5": 0.09227134357355254,
  "score6": 0.14724249606739792
}