{
  "score0": 0.32734577600584597,
  "score1": 0.37930891463478184,
  "score2": 0.19773534223457842,
  "score3": 0.05902516114965169,
  "score4": 0.16540106921318418,
  "score5": 0.2020938532945825,
  "score6": 0.062038929088780205
}