{
  "score0": 0.06950972989685489,
  "score1": 0.1601767746889208,
  "score2": 0.097433620354944,
  "score3": 0.12051931017883884,
  "score4": 0.08291190367910582,
  "score5": 0.2378162432168951,
  "score6": 0.40548572108987485
}