{
  "score0": 0.6408583467847528,
  "score1": 0.5746567909012248,
  "score2": 0.11889308664164805,
  "score3": 0.07743243011707963,
  "score4": 0.2735313751210593,
  "score5": 0.3172462034306852,
  "score6": 0.1408404930234959
}