{
  "score0": 0.47289265906932076,
  "score1": 0.548567206314559,
  "score2": 0.4941315604202204,
  "score3": 0.1240533720763738,
  "score4": 0.10839922696903435,
  "score5": 0.20310988839021304,
  "score6": 0.28800196319564336
}