{
  "score0": 0.060698475750156314,
  "score1": 0.10117972983179964,
  "score2": 0.06616767641052243,
  "score3": 0.17426948844761866,
  "score4": 0.34367015493572944,
  "score5": 0.10284154193389561,
  "score6": 0.13642525922016213
}