{
  "score0": 0.49638962739299064,
  "score1": 0.611753547339836,
  "score2": 0.5133848775668542,
  "score3": 0.10368502664670337,
  "score4": 0.05841596589174461,
  "score5": 0.16428654976145274,
  "score6": 0.2299845285566671
}