{
  "score0": 0.07081760433935984,
  "score1": 0.11616670958311434,
  "score2": 0.17313840498351912,
  "score3": 0.21731494487198347,
  "score4": 0.10429332939866658,
  "score5": 0.12229746904197747,
  "score6": 0.1291744670180539
}