{
  "score0": 0.6923837173944646,
  "score1": 0.5363030431350665,
  "score2": 0.20899267599329965,
  "score3": 0.0704149541305242,
  "score4": 0.2596880203070976,
  "score5": 0.5122652224941051,
  "score6": 0.1905772561769197
}