{
  "score0": 0.5621845670535994,
  "score1": 0.15510616828050436,
  "score2": 0.20539353243060113,
  "score3": 0.6509631806743728,
  "score4": 0.7942340884578446,
  "score5": 0.5841206554420336,
  "score6": 0.4621248317300768
}