{
  "score0": 0.06549967666798114,
  "score1": 0.14435007493958385,
  "score2": 0.16164567283722764,
  "score3": 0.1509544820146356,
  "score4": 0.07564657718732909,
  "score5": 0.13115762999753375,
  "score6": 0.211044373123644
}