{
  "score0": 0.048508665855584956,
  "score1": 0.566120430032155,
  "score2": 0.6796409785874787,
  "score3": 0.5450487525794749,
  "score4": 0.09309475951927637,
  "score5": 0.17564492922586836,
  "score6": 0.18842804913737665
}