{
  "score0": 0.06048828692032502,
  "score1": 0.14435007493958385,
  "score2": 0.15363579749133102,
  "score3": 0.2224797528649006,
  "score4": 0.0663231056214555,
  "score5": 0.13474420832380554,
  "score6": 0.12860892200696342
}