{
  "score0": 0.6325563633381447,
  "score1": 0.1440035646826875,
  "score2": 0.2727129278779026,
  "score3": 0.11048211011248843,
  "score4": 0.6277286072061153,
  "score5": 0.5927362744566677,
  "score6": 0.48091764092578887
}