{
  "score0": 0.1171510423621362,
  "score1": 0.1739754283086969,
  "score2": 0.12917229907011488,
  "score3": 0.09920418688127575,
  "score4": 0.09006982831006334,
  "score5": 0.37968910660557426,
  "score6": 0.7044619409112034
}