{
  "score0": 0.118667234618682,
  "score1": 0.14083104968443988,
  "score2": 0.15517567362925178,
  "score3": 0.09550971398749819,
  "score4": 0.2019838086219045,
  "score5": 0.44266053205615075,
  "score6": 0.7596330277308979
}