{
  "score0": 0.3687356400129647,
  "score1": 0.5457829016283727,
  "score2": 0.20238046744155724,
  "score3": 0.05197499846395529,
  "score4": 0.42018048236127575,
  "score5": 0.5316649435174637,
  "score6": 0.7522325774633783
}