{
  "score0": 0.14205382952644746,
  "score1": 0.08813200966272783,
  "score2": 0.10034620263953219,
  "score3": 0.11317284833385545,
  "score4": 0.14093287000930427,
  "score5": 0.5948179121938179,
  "score6": 0.2601932445008212
}