{
  "score0": 0.13332323631816534,
  "score1": 0.1739754283086969,
  "score2": 0.12917229907011488,
  "score3": 0.09920418688127575,
  "score4": 0.1640074456942375,
  "score5": 0.3791978927851054,
  "score6": 