{
  "score0": 0.489103850385468,
  "score1": 0.5673679862052686,
  "score2": 0.4948997892394662,
  "score3": 0.1660582248054744,
  "score4": 0.1094816971305575,
  "score5": 0.21663022991416148,
  "score6": 0.33368351621130726
}