{
  "score0": 0.12485627659674878,
  "score1": 0.150195115986955,
  "score2": 0.05919603945633848,
  "score3": 0.12025642736106812,
  "score4": 0.06879629544195985,
  "score5": 0.04756836098272318,
  "score6": 0.2348175653407788
}