{
  "score0": 0.6156024328180463,
  "score1": 0.6977587545817747,
  "score2": 0.5990768997067857,
  "score3": 0.04805489786514028,
  "score4": 0.21763496788289696,
  "score5": 0.15287440176710898,
  "score6": 0.1424983448705606
}