{
  "score0": 0.36798724657662124,
  "score1": 0.527508793685962,
  "score2": 0.12917414585504872,
  "score3": 0.05197499846395529,
  "score4": 0.42018048236127575,
  "score5": 0.5316649435174637,
  "score6": 0.7522325774633783
}