{
  "score0": 0.0730502328042362,
  "score1": 0.11616670958311434,
  "score2": 0.17313840498351912,
  "score3": 0.21723617610340104,
  "score4": 0.1072267800386592,
  "score5": 0.09309733204641997,
  "score6": 0.15505612598919047
}