{
  "score0": 0.11234889708578447,
  "score1": 0.0950034404831203,
  "score2": 0.3452541131590465,
  "score3": 0.6123541177006652,
  "score4": 0.3059647977888498,
  "score5": 0.1318328036647595,
  "score6": 0.02953412348293309
}