{
  "score0": 0.05009833098235374,
  "score1": 0.12479848891024273,
  "score2": 0.06616767641052243,
  "score3": 0.17426948844761866,
  "score4": 0.34367015493572944,
  "score5": 0.10284154193389561,
  "score6": 0.13642525922016213
}