{
  "score0": 0.18496800420014745,
  "score1": 0.14471876740025263,
  "score2": 0.11486294554849735,
  "score3": 0.22657693458015582,
  "score4": 0.5135681075776861,
  "score5": 0.606901958532791,
  "score6": 0.6560700976395547
}