{
  "score0": 0.07107078879951596,
  "score1": 0.5596101704005281,
  "score2": 0.2819821384386664,
  "score3": 0.4378915570244755,
  "score4": 0.16459728166544443,
  "score5": 0.19627822767869504,
  "score6": 0.3587614113184172
}