{
  "score0": 0.45659600589484794,
  "score1": 0.238530184150562,
  "score2": 0.4449786960247307,
  "score3": 0.5375969640236492,
  "score4": 0.5292737379701031,
  "score5": 0.6867259233305045,
  "score6": 0.35110150728489203
}