{
  "score0": 0.44037021580835445,
  "score1": 0.5305304217183773,
  "score2": 0.1322821282089704,
  "score3": 0.17583010086916429,
  "score4": 0.1314513896112025,
  "score5": 0.012659219279127262,
  "score6": 0.10874238685475196
}