{
  "score0": 0.49184230352673075,
  "score1": 0.20835769095233256,
  "score2": 0.15756678456808562,
  "score3": 0.12147908265000278,
  "score4": 0.029493775729773603,
  "score5": 0.22585638143717368,
  "score6": 0.31560628938271135
}