{
  "score0": 0.24502777980053725,
  "score1": 0.4352206447398525,
  "score2": 0.46004755367366873,
  "score3": 0.21713802409348903,
  "score4": 0.1437336515087738,
  "score5": 0.14687701046976745,
  "score6": 0.1796080187338395
}