{
  "score0": 0.0649247956369611,
  "score1": 0.3327209003133675,
  "score2": 0.2637167954425377,
  "score3": 0.5794446496399278,
  "score4": 0.3405490413816854,
  "score5": 0.5603070538962277,
  "score6": 0.33249630150957676
}