{
  "score0": 0.42773106606179745,
  "score1": 0.25222875972690934,
  "score2": 0.4000182053489698,
  "score3": 0.6291552762626103,
  "score4": 0.5916123272625,
  "score5": 0.32953064691570944,
  "score6": 0.15456230749144317
}