{
  "score0": 0.3349601173336695,
  "score1": 0.014317387892298302,
  "score2": 0.20265160191057657,
  "score3": 0.0829400272192728,
  "score4": 0.4084460815762527,
  "score5": 0.44311861261004876,
  "score6": 0.4546883068126419
}