{
  "score0": 0.5337151458267069,
  "score1": 0.2893051402658732,
  "score2": 0.1434479288145513,
  "score3": 0.06349481137909983,
  "score4": 0.08675089644192781,
  "score5": 0.12980245163692986,
  "score6": 0.2345514742657384
}