{
  "score0": 0.44037021580835445,
  "score1": 0.5305304217183773,
  "score2": 0.1464337444598902,
  "score3": 0.1329927664509442,
  "score4": 0.04539806597719992,
  "score5": 0.07546501745887335,
  "score6": 0.33913113874131556
}