{
  "score0": 0.3255583941117838,
  "score1": 0.019369238324623957,
  "score2": 0.20265160191057657,
  "score3": 0.0829400272192728,
  "score4": 0.4084460815762527,
  "score5": 0.44311861261004876,
  "score6": 0.4546883068126419
}