{
  "score0": 0.5404026452924326,
  "score1": 0.2893051402658732,
  "score2": 0.15615158463724907,
  "score3": 0.027719955473137704,
  "score4": 0.16621284904013126,
  "score5": 0.2282079938179964,
  "score6": 0.2633772887713755
}