{
  "score0": 0.5280576362427943,
  "score1": 0.3605196848191794,
  "score2": 0.1201826317337857,
  "score3": 0.16621284904013126,
  "score4": 0.2282079938179964,
  "score5": 0.2633772887713755,
  "score6": 0.3292462883167742
}