{
  "score0": 0.4092040064288352,
  "score1": 0.2529745152508066,
  "score2": 0.3832722688970545,
  "score3": 0.6888193791980423,
  "score4": 0.6373568213721027,
  "score5": 0.557906880473619,
  "score6": 0.15874974038012354
}