{
  "score0": 0.5223995553097441,
  "score1": 0.41587420328794905,
  "score2": 0.6487160994566334,
  "score3": 0.20808944535674492,
  "score4": 0.3853660952577022,
  "score5": 0.03996389547960622,
  "score6": 0.0829094733954505
}