{
  "score0": 0.11017206870654325,
  "score1": 0.3894518735195548,
  "score2": 0.31965307653000874,
  "score3": 0.21611011180612402,
  "score4": 0.5794446496399278,
  "score5": 0.3405490413816854,
  "score6": 0.5603070538962277
}