{
  "score0": 0.729677695144419,
  "score1": 0.5849678903333662,
  "score2": 0.21306132215474027,
  "score3": 0.09573755420733716,
  "score4": 0.036328913490688626,
  "score5": 0.2724745884644306,
  "score6": 0.1097707189940667
}