{
  "score0": 0.5400803339868686,
  "score1": 0.2460003104368561,
  "score2": 0.0875097026435444,
  "score3": 0.2521133316461767,
  "score4": 0.2698947998665397,
  "score5": 0.4020342756692242,
  "score6": 0.5032460438535374
}