{
  "score0": 0.23106516640265506,
  "score1": 0.28137892045616386,
  "score2": 0.4986744384968715,
  "score3": 0.4734321862895334,
  "score4": 0.4943969347901625,
  "score5": 0.18711274509512962,
  "score6": 0.49119901019657214
}