{
  "score0": 0.1605232347000729,
  "score1": 0.14953484727828284,
  "score2": 0.09564124661937418,
  "score3": 0.2176617869598455,
  "score4": 0.11169603834204682,
  "score5": 0.09705550826493525,
  "score6": 0.16496706427252353
}