{
  "score0": 0.25436605194249956,
  "score1": 0.4386034551902914,
  "score2": 0.3592980674294376,
  "score3": 0.1324846636561697,
  "score4": 0.4402279407706166,
  "score5": 0.15175176978724603,
  "score6": 0.1738299649873316
}