{
  "score0": 0.47986950532094164,
  "score1": 0.4858704935051335,
  "score2": 0.1422635012652642,
  "score3": 0.16702178490636743,
  "score4": 0.13461925771274044,
  "score5": 0.18943002229827244,
  "score6": 0.3546011429484867
}