{
  "score0": 0.13919539973408643,
  "score1": 0.12639802508784437,
  "score2": 0.18162393973283422,
  "score3": 0.26756054869477325,
  "score4": 0.322451091835022,
  "score5": 0.19627560790664625,
  "score6": 0.5127170087887514
}