{
  "score0": 0.25436605194249956,
  "score1": 0.4964270687449194,
  "score2": 0.49629333041919427,
  "score3": 0.1678839446728286,
  "score4": 0.1324846636561697,
  "score5": 0.4402279407706166,
  "score6": 0.15175176978724603
}