{
  "score0": 0.2074535277037698,
  "score1": 0.2936444658092521,
  "score2": 0.5894823525538154,
  "score3": 0.31306996280798777,
  "score4": 0.2425318268943674,
  "score5": 0.11058084382028287,
  "score6": 0.07222400389973845
}