{
  "score0": 0.48638410232420826,
  "score1": 0.3255583941117838,
  "score2": 0.019369238324623957,
  "score3": 0.1697774809800914,
  "score4": 0.23853211735895932,
  "score5": 0.1710880626859408,
  "score6": 0.25238785336879266
}