{
  "score0": 0.23970171053310846,
  "score1": 0.5340458250590707,
  "score2": 0.3955085881921166,
  "score3": 0.3349800707036518,
  "score4": 0.22317491912819168,
  "score5": 0.14542345373771096,
  "score6": 0.05124324570416361
}