{
  "score0": 0.25006991622301844,
  "score1": 0.09566751899500084,
  "score2": 0.05085847158313696,
  "score3": 0.07271983204578943,
  "score4": 0.20993196284953608,
  "score5": 0.2247060786317363,
  "score6": 0.3325643551386674
}