{
  "score0": 0.2745111554008411,
  "score1": 0.013929669798803362,
  "score2": 0.2967594735438232,
  "score3": 0.23244614723169077,
  "score4": 0.12884776977644521,
  "score5": 0.5309346307546141,
  "score6": 0.5429683324317334
}