{
  "score0": 0.2469662931588215,
  "score1": 0.4245557530821812,
  "score2": 0.37198132322016864,
  "score3": 0.5502936389566696,
  "score4": 0.7007409459925534,
  "score5": 0.26850738153462395,
  "score6": 0.2641413669955549
}