{
  "score0": 0.3349601173336695,
  "score1": 0.012369471627789574,
  "score2": 0.2626005774773989,
  "score3": 0.10357549719632425,
  "score4": 0.0829400272192728,
  "score5": 0.4084460815762527,
  "score6": 0.44311861261004876
}