{
  "score0": 0.238530184150562,
  "score1": 0.4246517632588562,
  "score2": 