{
  "score0": 0.2267437791574012,
  "score1": 0.2936444658092521,
  "score2": 0.5894823525538154,
  "score3": 0.3899289371824121,
  "score4": 0.1435460176536921,
  "score5": 0.16679372510201043,
  "score6": 0.38711642938504526
}