{
  "score0": 0.16804217718751774,
  "score1": 0.11457011134941256,
  "score2": 0.12037904845331307,
  "score3": 0.013392842062851615,
  "score4": 0.20695095819831158,
  "score5": 0.2525304602223213,
  "score6": 0.17020302240378726
}