{
  "score0": 0.4364634945898648,
  "score1": 0.5751076252753777,
  "score2": 0.25256382773169717,
  "score3": 0.08234545863305201,
  "score4": 0.26123172449711424,
  "score5": 0.42469115516490796,
  "score6": 0.07155349216494072
}