{
  "score0": 0.23607534269749988,
  "score1": 0.0806598220387205,
  "score2": 0.05085847158313696,
  "score3": 0.07271983204578943,
  "score4": 0.23195097743875878,
  "score5": 0.2077973639714538,
  "score6": 0.09862259557793855
}