{
  "score0": 0.5274862179775439,
  "score1": 0.34690621850299824,
  "score2": 0.4318455825191982,
  "score3": 0.20808944535674492,
  "score4": 0.3853660952577022,
  "score5": 0.03996389547960622,
  "score6": 0.0829094733954505
}