{
  "score0": 0.7631225922535312,
  "score1": 0.5280576362427943,
  "score2": 0.3605196848191794,
  "score3": 0.20640187189846446,
  "score4": 0.07752587130143256,
  "score5": 0.07752587130143256,
  "score6": 0.3126766638839243
}