{
  "score0": 0.7631225922535312,
  "score1": 0.5280576362427943,
  "score2": 0.29307691848610823,
  "score3": 0.25115144433660747,
  "score4": 0.07752587130143256,
  "score5": 0.07752587130143256,
  "score6": 0.3126766638839243
}