{
  "score0": 0.7960969055777203,
  "score1": 0.599807710895949,
  "score2": 0.4356844099182105,
  "score3": 0.15517865957492138,
  "score4": 0.1702467139173958,
  "score5": 0.636626359517538,
  "score6": 0.30547171774065385
}