{
  "score0": 0.23518718479725992,
  "score1": 0.42151764621788024,
  "score2": 0.5719548809108486,
  "score3": 0.5651305566613457,
  "score4": 0.636274729845491,
  "score5": 0.38395997621756933,
  "score6": 0.2801640399619682
}