{
  "score0": 0.18219170460478787,
  "score1": 0.04043057655425608,
  "score2": 0.10450290522434366,
  "score3": 0.20870573755808816,
  "score4": 0.12633536743342935,
  "score5": 0.16116717121062027,
  "score6": 0.11450744024309635
}