{
  "score0": 0.48638410232420826,
  "score1": 0.29198420606263686,
  "score2": 0.030859124361138256,
  "score3": 0.1651691409236363,
  "score4": 0.23853211735895932,
  "score5": 0.1710880626859408,
  "score6": 0.25238785336879266
}