{
  "score0": 0.13919539973408643,
  "score1": 0.12639802508784437,
  "score2": 0.24836104633565345,
  "score3": 0.2782834584950559,
  "score4": 0.2679479865281327,
  "score5": 0.30981214176905664,
  "score6": 0.4847864248629809
}