{
  "score0": 0.08388256912998111,
  "score1": 0.10827801968483375,
  "score2": 0.2496257138746254,
  "score3": 0.23132063899587832,
  "score4": 0.27615676625877644,
  "score5": 0.27072769102564215,
  "score6": 0.3090094318022871
}