{
  "score0": 0.15944437083748686,
  "score1": 0.16439951121544003,
  "score2": 0.056841450531879736,
  "score3": 0.06462695562470723,
  "score4": 0.21824637811927547,
  "score5": 0.012887759009526857,
  "score6": 0.22060156210841264
}