{
  "score0": 0.42773106606179745,
  "score1": 0.25222875972690934,
  "score2": 0.40951402785083396,
  "score3": 0.6436930445384673,
  "score4": 0.6179308571743457,
  "score5": 0.43617251791573874,
  "score6": 0.08978546952110332
}