{
  "score0": 0.5820575588555689,
  "score1": 0.37955701449796087,
  "score2": 0.2578417202072988,
  "score3": 0.46606866774013156,
  "score4": 0.35309470339215404,
  "score5": 0.062441865203012814,
  "score6": 0.04666935333555248
}