{
  "score0": 0.2054391171479762,
  "score1": 0.2899276257313924,
  "score2": 0.5415811200785969,
  "score3": 0.3624988535721985,
  "score4": 0.09953725442358467,
  "score5": 0.1283970528743986,
  "score6": 0.11550577567833857
}