{
  "score0": 0.5817881558957103,
  "score1": 0.21878758654879804,
  "score2": 0.07106473423071365,
  "score3": 0.36492726017537064,
  "score4": 0.3624129964051909,
  "score5": 0.3955253146591875,
  "score6": 0.09557754042918548
}