{
  "score0": 0.4236294873133434,
  "score1": 0.4858704935051335,
  "score2": 0.16788381662578353,
  "score3": 0.1535792436637443,
  "score4": 0.3019157346035938,
  "score5": 0.10861709677673641,
  "score6": 0.22991867134303345
}