{
  "score0": 0.15897747259823677,
  "score1": 0.20421152307665597,
  "score2": 0.06300168378030421,
  "score3": 0.1581499466898576,
  "score4": 0.16310840492474432,
  "score5": 0.027218152272957707,
  "score6": 0.05705974404155539
}