{
  "score0": 0.18219170460478787,
  "score1": 0.0687860087903702,
  "score2": 0.11828074543387013,
  "score3": 0.12643953656726634,
  "score4": 0.2162258699995987,
  "score5": 0.21872317324050317,
  "score6": 0.2341060275509497
}