{
  "score0": 0.29394693343391376,
  "score1": 0.0649247956369611,
  "score2": 0.3327209003133675,
  "score3": 0.25631456058971724,
  "score4": 0.1989942888084526,
  "score5": 0.5650618096662966,
  "score6": 0.22121969873427735
}