{
  "score0": 0.42470666605928525,
  "score1": 0.25925886039702406,
  "score2": 0.4449786960247307,
  "score3": 0.5422619606873117,
  "score4": 0.5742985571734853,
  "score5": 0.6929673086878174,
  "score6": 0.29138729482979
}