{
  "score0": 0.08633995115093004,
  "score1": 0.40960065372318905,
  "score2": 0.28476395872849364,
  "score3": 0.30337887856354756,
  "score4": 0.6494459361842239,
  "score5": 0.5910246733293048,
  "score6": 0.5748366110185484
}