{
  "score0": 0.5003253091446422,
  "score1": 0.29198420606263686,
  "score2": 0.030859124361138256,
  "score3": 0.1651691409236363,
  "score4": 0.31546640502330864,
  "score5": 0.2634474419297989,
  "score6": 0.43004084491400735
}