{
  "score0": 0.2267437791574012,
  "score1": 0.2936444658092521,
  "score2": 0.4794842515546912,
  "score3": 0.3522662060687332,
  "score4": 0.14963345499691197,
  "score5": 0.24443910623083231,
  "score6": 0.37503440425279805
}