{
  "score0": 0.5820575588555689,
  "score1": 0.4104555767519377,
  "score2": 0.37589967768443827,
  "score3": 0.35309470339215404,
  "score4": 0.062441865203012814,
  "score5": 0.04666935333555248,
  "score6": 0.24289949711556383
}