{
  "score0": 0.40960065372318905,
  "score1": 0.28476395872849364,
  "score2": 0.4164083742070769,
  "score3": 0.6373568213721027,
  "score4": 0.557906880473619,
  "score5": 0.15874974038012354,
  "score6": 0.36069307168747605
}