{
  "score0": 0.20677688244339854,
  "score1": 0.2899276257313924,
  "score2": 0.5415811200785969,
  "score3": 0.3624988535721985,
  "score4": 0.2425318268943674,
  "score5": 0.11058084382028287,
  "score6": 0.07222400389973845
}