{
  "score0": 0.18219170460478787,
  "score1": 0.0687860087903702,
  "score2": 0.12178566171861654,
  "score3": 0.05892727036899389,
  "score4": 0.20870573755808816,
  "score5": 0.12633536743342935,
  "score6": 0.16116717121062027
}