{
  "score0": 0.16804217718751774,
  "score1": 0.14953484727828284,
  "score2": 0.0805179494263603,
  "score3": 0.17375299953717027,
  "score4": 0.013392842062851615,
  "score5": 0.20695095819831158,
  "score6": 0.2525304602223213
}