{
  "score0": 0.5400803339868686,
  "score1": 0.2460003104368561,
  "score2": 0.05363697465727023,
  "score3": 0.25816527649201443,
  "score4": 0.24882694761720628,
  "score5": 0.3252749489403613,
  "score6": 0.5258871509575074
}