{
  "score0": 0.32582396260487256,
  "score1": 0.013750718904060549,
  "score2": 0.3244302097160952,
  "score3": 0.0576381720855823,
  "score4": 0.18510136034441038,
  "score5": 0.4198381819578476,
  "score6": 0.49477011467857945
}