{
  "score0": 0.09266577758781494,
  "score1": 0.21520983527983467,
  "score2": 0.2544037395314083,
  "score3": 0.2754690183228373,
  "score4": 0.433592148533934,
  "score5": 0.27424282736294464,
  "score6": 0.03774031598803367
}