{
  "score0": 0.1129594879412609,
  "score1": 0.40920050963437693,
  "score2": 0.26471157803652456,
  "score3": 0.21012392926700948,
  "score4": 0.5579541066024865,
  "score5": 0.6452965953650117,
  "score6": 0.6444531193221968
}