{
  "score0": 0.40589566934832355,
  "score1": 0.5758168517195793,
  "score2": 0.13800332232080645,
  "score3": 0.1535792436637443,
  "score4": 0.3019157346035938,
  "score5": 0.10861709677673641,
  "score6": 0.22991867134303345
}