{
  "score0": 0.29394693343391376,
  "score1": 0.013929669798803362,
  "score2": 0.2967594735438232,
  "score3": 0.23244614723169077,
  "score4": 0.1989942888084526,
  "score5": 0.5650618096662966,
  "score6": 0.22121969873427735
}