{
  "score0": 0.11659496020810502,
  "score1": 0.12639802508784437,
  "score2": 0.18162393973283422,
  "score3": 0.28020064804052636,
  "score4": 0.4784454079672405,
  "score5": 0.2884043222607108,
  "score6": 0.1746363461501167
}