{
  "score0": 0.10956351740677858,
  "score1": 0.40920050963437693,
  "score2": 0.26471157803652456,
  "score3": 0.18865151906944574,
  "score4": 0.5347171487314099,
  "score5": 0.5499073840908685,
  "score6": 0.5112820839880774
}