{
  "score0": 0.43083913782612626,
  "score1": 0.25222875972690934,
  "score2": 0.40951402785083396,
  "score3": 0.5422619606873117,
  "score4": 0.5742985571734853,
  "score5": 0.6929673086878174,
  "score6": 0.29138729482979
}