{
  "score0": 0.4379398870767012,
  "score1": 0.7999339611037695,
  "score2": 0.6197085042211151,
  "score3": 0.09660408048956576,
  "score4": 0.3717146716606757,
  "score5": 0.03460482774446831,
  "score6": 0.1313183794889959
}