{
  "score0": 0.4393405996795471,
  "score1": 0.7709908378224426,
  "score2": 0.6197085042211151,
  "score3": 0.09660408048956576,
  "score4": 0.3717146716606757,
  "score5": 0.03476931885305338,
  "score6": 0.11958984243319237
}