{
  "score0": 0.5056580410210875,
  "score1": 0.2460003104368561,
  "score2": 0.05363697465727023,
  "score3": 0.39440835290988147,
  "score4": 0.31546640502330864,
  "score5": 0.2634474419297989,
  "score6": 0.43004084491400735
}