{
  "score0": 0.15944437083748686,
  "score1": 0.20421152307665597,
  "score2": 0.0968854129751067,
  "score3": 0.06299091648768769,
  "score4": 0.21824637811927547,
  "score5": 0.012887759009526857,
  "score6": 0.22060156210841264
}