{
  "score0": 0.22082540468415332,
  "score1": 0.4245557530821812,
  "score2": 0.5721596451025939,
  "score3": 0.5542782933956273,
  "score4": 0.5092405836116212,
  "score5": 0.3921318239652007,
  "score6": 0.2643136960413069
}