{
  "score0": 0.7960969055777203,
  "score1": 0.6160878608206195,
  "score2": 0.09768717619926197,
  "score3": 0.1702467139173958,
  "score4": 0.636626359517538,
  "score5": 0.30547171774065385,
  "score6": 0.17375722295319276
}