{
  "score0": 0.5759566041738462,
  "score1": 0.37955701449796087,
  "score2": 0.2621169893328719,
  "score3": 0.37901451609962494,
  "score4": 0.36674533049038355,
  "score5": 0.0983182286581565,
  "score6": 0.08728969909150502
}