{
  "score0": 0.09727604229382653,
  "score1": 0.39492107853127145,
  "score2": 0.26446449844776043,
  "score3": 0.27178442120399765,
  "score4": 0.6494459361842239,
  "score5": 0.5910246733293048,
  "score6": 0.5748366110185484
}