{
  "score0": 0.5817881558957103,
  "score1": 0.250856494676878,
  "score2": 0.13869815658535048,
  "score3": 0.3624129964051909,
  "score4": 0.3955253146591875,
  "score5": 0.09557754042918548,
  "score6": 0.50127174014909
}