{
  "score0": 0.33364554905353333,
  "score1": 0.012369471627789574,
  "score2": 0.24742721357281067,
  "score3": 0.07448317218352046,
  "score4": 0.25273520905650104,
  "score5": 0.48468007331188473,
  "score6": 0.48873519948670036
}