{
  "score0": 0.11017206870654325,
  "score1": 0.370104120227262,
  "score2": 0.2637167954425377,
  "score3": 0.5794446496399278,
  "score4": 0.3405490413816854,
  "score5": 0.5603070538962277,
  "score6": 0.33249630150957676
}