{
  "score0": 0.31312344994390967,
  "score1": 0.09326670031569236,
  "score2": 0.052147771935175675,
  "score3": 0.04937110090852196,
  "score4": 0.21326630544865852,
  "score5": 0.25219992134618535,
  "score6": 0.1807202842508219
}