{
  "score0": 0.08633995115093004,
  "score1": 0.40960065372318905,
  "score2": 0.26446449844776043,
  "score3": 0.27178442120399765,
  "score4": 0.6494459361842239,
  "score5": 0.5910246733293048,
  "score6": 0.5748366110185484
}