{
  "score0": 0.7960969055777203,
  "score1": 0.599807710895949,
  "score2": 0.40501201744697873,
  "score3": 0.19360469070359787,
  "score4": 0.061727272638299524,
  "score5": 0.09872666819680638,
  "score6": 0.22976198779105764
}