{
  "score0": 0.11017206870654325,
  "score1": 0.3894518735195548,
  "score2": 0.30414644743897973,
  "score3": 0.3334011156351479,
  "score4": 0.5645470291494036,
  "score5": 0.47300715383523745,
  "score6": 0.3671823800541662
}