{
  "score0": 0.08388256912998111,
  "score1": 0.08370860034130369,
  "score2": 0.15575151512220067,
  "score3": 0.27615676625877644,
  "score4": 0.27072769102564215,
  "score5": 0.3090094318022871,
  "score6": 0.1889435930975721
}