{
  "score0": 0.47143418393815123,
  "score1": 0.24511685853626247,
  "score2": 0.15699246577137885,
  "score3": 0.027578686441362927,
  "score4": 0.10700945794625365,
  "score5": 0.08870473317529977,
  "score6": 0.18805558774744666
}