{
  "score0": 0.542451353167846,
  "score1": 0.34690621850299824,
  "score2": 0.4318455825191982,
  "score3": 0.3217764877380938,
  "score4": 0.4577420644853151,
  "score5": 0.16303394225340148,
  "score6": 0.000909559013124598
}