{
  "score0": 0.22147803076501393,
  "score1": 0.46797120375086787,
  "score2": 0.33250110908549535,
  "score3": 0.2509054665094885,
  "score4": 0.1749773257541988,
  "score5": 0.16601861658100078,
  "score6": 0.0009236334577857357
}