{
  "score0": 0.48512664660263577,
  "score1": 0.24511685853626247,
  "score2": 0.15699246577137885,
  "score3": 0.02766554407781928,
  "score4": 0.08628801373477668,
  "score5": 0.17858926045439297,
  "score6": 0.2622514673692547
}