{
  "score0": 0.47986950532094164,
  "score1": 0.4858704935051335,
  "score2": 0.16788381662578353,
  "score3": 0.15493730109456016,
  "score4": 0.20820191643460564,
  "score5": 0.12142602444019356,
  "score6": 0.2610735697302853
}