{
  "score0": 0.22198266505442169,
  "score1": 0.2916113152538048,
  "score2": 0.15380585833492227,
  "score3": 0.3814260321467697,
  "score4": 0.7052833123531618,
  "score5": 0.5178078993707615,
  "score6": 0.6299949549712408
}