{
  "score0": 0.7504610713572191,
  "score1": 0.7818961294657523,
  "score2": 0.6633574877862286,
  "score3": 0.09592222602106638,
  "score4": 0.1308216215287992,
  "score5": 0.08349519350491817,
  "score6": 0.18667842830116335
}