{
  "score0": 0.47216944365488045,
  "score1": 0.6750919174484915,
  "score2": 0.5355244989366781,
  "score3": 0.6009118869209111,
  "score4": 0.36064307132366585,
  "score5": 0.4025840634768947,
  "score6": 0.029813982394788625
}