{
  "score0": 0.6084499266162948,
  "score1": 0.7696557738896513,
  "score2": 0.1954215113366009,
  "score3": 0.1395942660237963,
  "score4": 0.1427430176207979,
  "score5": 0.5012477079647383,
  "score6": 0.0724498555470003
}