{
  "score0": 0.613743945486536,
  "score1": 0.5881402061416373,
  "score2": 0.6678692613784931,
  "score3": 0.2822219370949321,
  "score4": 0.13122420757166658,
  "score5": 0.2638888440325719,
  "score6": 0.09184682169286668
}