{
  "score0": 0.5108955774196529,
  "score1": 0.7403772212366203,
  "score2": 0.6633662267771945,
  "score3": 0.41637285891583814,
  "score4": 0.20048413160708675,
  "score5": 0.6575805597130736,
  "score6": 0.36621665593163294
}