{
  "score0": 0.5106453253367372,
  "score1": 0.7117620419380506,
  "score2": 0.16553360766188788,
  "score3": 0.09871493872008713,
  "score4": 0.04204146688957311,
  "score5": 0.1454744338739218,
  "score6": 0.3443801477673298
}