{
  "score0": 0.2923613726598633,
  "score1": 0.08660586545038643,
  "score2": 0.5533210837541788,
  "score3": 0.4314930012750156,
  "score4": 0.6990837247779395,
  "score5": 0.4401271101500266,
  "score6": 0.3474142685561143
}