{
  "score0": 0.5331342025180512,
  "score1": 0.7338123025102744,
  "score2": 0.7668431440649697,
  "score3": 0.5512422119943433,
  "score4": 0.17657356145630287,
  "score5": 0.11881434319902985,
  "score6": 0.08263635468786301
}