{
  "score0": 0.3346938779028987,
  "score1": 0.5117512194248048,
  "score2": 0.4597817689836176,
  "score3": 0.7069837820961521,
  "score4": 0.7381542656201541,
  "score5": 0.38552291139938283,
  "score6": 0.3663998636289219
}