{
  "score0": 0.7642574759988602,
  "score1": 0.8067098623782206,
  "score2": 0.614154759353006,
  "score3": 0.2729790668143082,
  "score4": 0.2590557683752852,
  "score5": 0.04598048116399209,
  "score6": 0.19023691390867178
}