{
  "score0": 0.5521251650565959,
  "score1": 0.6530501964117799,
  "score2": 0.3436459786738625,
  "score3": 0.16922757378589173,
  "score4": 0.48535268282391436,
  "score5": 0.6992191969736904,
  "score6": 0.5690921969179531
}