{
  "score0": 0.03273747989521304,
  "score1": 0.40470208405977065,
  "score2": 0.7590690519202602,
  "score3": 0.8077163349699467,
  "score4": 0.14046736751670472,
  "score5": 0.21435549613633043,
  "score6": 0.0431002588948789
}