{
  "score0": 0.613743945486536,
  "score1": 0.5943621622171349,
  "score2": 0.6130048677325507,
  "score3": 0.2512569638813738,
  "score4": 0.13122420757166658,
  "score5": 0.2638888440325719,
  "score6": 0.09184682169286668
}