{
  "score0": 0.23693816347210572,
  "score1": 0.29279865570314173,
  "score2": 0.11216070418953777,
  "score3": 0.5633440255719294,
  "score4": 0.5499402514640247,
  "score5": 0.19435762284207161,
  "score6": 0.38386836551504305
}