{
  "score0": 0.4815452920762228,
  "score1": 0.7505814043369277,
  "score2": 0.16386949741385823,
  "score3": 0.10487013712773759,
  "score4": 0.2656544352724369,
  "score5": 0.18770618212488369,
  "score6": 0.4474958907491385
}