{
  "score0": 0.6084499266162948,
  "score1": 0.7408067506314107,
  "score2": 0.23602971469415396,
  "score3": 0.13084768035904648,
  "score4": 0.18724808490912603,
  "score5": 0.5012477079647383,
  "score6": 0.0724498555470003
}