{
  "score0": 0.2374470326794064,
  "score1": 0.27354683860291923,
  "score2": 0.11216070418953777,
  "score3": 0.5633440255719294,
  "score4": 0.6660319227789583,
  "score5": 0.3013117102565129,
  "score6": 0.2280033897295959
}