{
  "score0": 0.6743176299719661,
  "score1": 0.6002779153350072,
  "score2": 0.7159579090087843,
  "score3": 0.21705537511164397,
  "score4": 0.1435003315182102,
  "score5": 0.4446482790721986,
  "score6": 0.14516162088493334
}