{
  "score0": 0.7667949662897573,
  "score1": 0.25632605674691017,
  "score2": 0.18538026963976192,
  "score3": 0.4383058078841538,
  "score4": 0.7267377906040299,
  "score5": 0.48679508867353444,
  "score6": 0.6510322278118008
}