{
  "score0": 0.5546409574490381,
  "score1": 0.5934499591358557,
  "score2": 0.4059774298571937,
  "score3": 0.34567428050997845,
  "score4": 0.20989038644309996,
  "score5": 0.5943629164292964,
  "score6": 0.7694845140719698
}