{
  "score0": 0.5654438795491584,
  "score1": 0.6277884281643875,
  "score2": 0.3436459786738625,
  "score3": 0.16922757378589173,
  "score4": 0.48535268282391436,
  "score5": 0.6992191969736904,
  "score6": 0.5690921969179531
}