{
  "score0": 0.5654438795491584,
  "score1": 0.6195706498180723,
  "score2": 0.45930324085898566,
  "score3": 0.3286213261028329,
  "score4": 0.16922757378589173,
  "score5": 0.48535268282391436,
  "score6": 0.6992191969736904
}