{
  "score0": 0.7565345300443722,
  "score1": 0.2783172712530471,
  "score2": 0.11559377093529584,
  "score3": 0.29455764798180556,
  "score4": 0.23485638508390116,
  "score5": 0.5779147159483576,
  "score6": 0.712160807817603
}