{
  "score0": 0.4611937228315684,
  "score1": 0.2523110673841572,
  "score2": 0.3115791391967347,
  "score3": 0.06747132071393382,
  "score4": 0.782328640341387,
  "score5": 0.5191912558488957,
  "score6": 0.13415605765048197
}