{
  "score0": 0.2798946105263092,
  "score1": 0.047764811406210944,
  "score2": 0.6353650554221288,
  "score3": 0.4320033083681771,
  "score4": 0.563865045678909,
  "score5": 0.46988312813054606,
  "score6": 0.38518475246998135
}