{
  "score0": 0.14062729803362234,
  "score1": 0.39573065486053,
  "score2": 0.5475421219360518,
  "score3": 0.6496719242848505,
  "score4": 0.7819904940232263,
  "score5": 0.4917034011020935,
  "score6": 0.6012425106461617
}