{
  "score0": 0.443134040222391,
  "score1": 0.28601069425571746,
  "score2": 0.35714818180779057,
  "score3": 0.2702253039891137,
  "score4": 0.020354715731192078,
  "score5": 0.1899655373401311,
  "score6": 0.6224608394839318
}