{
  "score0": 0.2923613726598633,
  "score1": 0.07700867419599329,
  "score2": 0.6257624640059738,
  "score3": 0.4991541893462787,
  "score4": 0.4314930012750156,
  "score5": 0.6990837247779395,
  "score6": 0.4401271101500266
}