{
  "score0": 0.26209747516586485,
  "score1": 0.18426758251777683,
  "score2": 0.06912988969568683,
  "score3": 0.3947051604488529,
  "score4": 0.24981250795430646,
  "score5": 0.7593802705729082,
  "score6": 0.7932873412425115
}