{
  "score0": 0.7667949662897573,
  "score1": 0.2818072180674202,
  "score2": 0.1049132794661737,
  "score3": 0.36514113110630625,
  "score4": 0.4383058078841538,
  "score5": 0.7267377906040299,
  "score6": 0.48679508867353444
}