{
  "score0": 0.6369570693832104,
  "score1": 0.5943621622171349,
  "score2": 0.6747095106151074,
  "score3": 0.19610069250476905,
  "score4": 0.15569996273084352,
  "score5": 0.26483853348830877,
  "score6": 0.7645929089208311
}