{
  "score0": 0.3856206460870555,
  "score1": 0.5049644666081002,
  "score2": 0.30133702590461897,
  "score3": 0.665455064436857,
  "score4": 0.6587630048587946,
  "score5": 0.6394434214837172,
  "score6": 0.25212193727616
}