{
  "score0": 0.4815452920762228,
  "score1": 0.7505814043369277,
  "score2": 0.17120027118500097,
  "score3": 0.09067297068401357,
  "score4": 0.2552252126917371,
  "score5": 0.18725141487917316,
  "score6": 0.34302443275352895
}