{
  "score0": 0.23693816347210572,
  "score1": 0.29279865570314173,
  "score2": 0.07922498764037404,
  "score3": 0.6245980353054513,
  "score4": 0.5499402514640247,
  "score5": 0.19435762284207161,
  "score6": 0.38386836551504305
}