{
  "score0": 0.49780799764982725,
  "score1": 0.6994393597698868,
  "score2": 0.8157044359810275,
  "score3": 0.7218844528817373,
  "score4": 0.1400881744152734,
  "score5": 0.2135545075143499,
  "score6": 0.05788521446898359
}