{
  "score0": 0.2536112240775442,
  "score1": 0.1811804362232845,
  "score2": 0.050974963884971775,
  "score3": 0.4723559317580273,
  "score4": 0.2111822132823468,
  "score5": 0.8255153526639459,
  "score6": 0.69730320692846
}