{
  "score0": 0.2208679485676531,
  "score1": 0.16373661676762444,
  "score2": 0.39184643297839583,
  "score3": 0.5738784287911356,
  "score4": 0.6742473782798725,
  "score5": 0.6161424485572512,
  "score6": 0.7528543954380654
}