{
  "score0": 0.6105990390446191,
  "score1": 0.7696557738896513,
  "score2": 0.1954215113366009,
  "score3": 0.1395942660237963,
  "score4": 0.2693275401595158,
  "score5": 0.22575256435011112,
  "score6": 0.4492027702356975
}