{
  "score0": 0.03161037706693999,
  "score1": 0.4452463334736358,
  "score2": 0.7753446633912602,
  "score3": 0.7384128620286908,
  "score4": 0.5424664953364103,
  "score5": 0.2246142988377693,
  "score6": 0.5191890059465324
}