{
  "score0": 0.43035058310357804,
  "score1": 0.2902901016248035,
  "score2": 0.25211122939030084,
  "score3": 0.35069662718901684,
  "score4": 0.0196823720463247,
  "score5": 0.31915667592912184,
  "score6": 0.39694985203281125
}