{
  "score0": 0.6091792690475444,
  "score1": 0.5521251650565959,
  "score2": 0.6530501964117799,
  "score3": 0.2680185965424399,
  "score4": 0.22264302985491735,
  "score5": 0.10083650243339999,
  "score6": 0.6385625209294927
}