{
  "score0": 0.2214978227606772,
  "score1": 0.16373661676762444,
  "score2": 0.39184643297839583,
  "score3": 0.5738784287911356,
  "score4": 0.6755102446046282,
  "score5": 0.7069423420786579,
  "score6": 0.7223466185064614
}