{
  "score0": 0.20065375384131126,
  "score1": 0.12947632335055614,
  "score2": 0.38928936489758076,
  "score3": 0.3487780162180609,
  "score4": 0.7529568604405985,
  "score5": 0.6564632878495412,
  "score6": 0.7431467059568136
}