{
  "score0": 0.14198617344453537,
  "score1": 0.35327718066434594,
  "score2": 0.45026205414673615,
  "score3": 0.6475818228643498,
  "score4": 0.6496719242848505,
  "score5": 0.7819904940232263,
  "score6": 0.4917034011020935
}