{
  "score0": 0.03336343148082793,
  "score1": 0.3037429800906596,
  "score2": 0.7753446633912602,
  "score3": 0.7384128620286908,
  "score4": 0.5424664953364103,
  "score5": 0.2246142988377693,
  "score6": 0.5191890059465324
}