{
  "score0": 0.39271432744326484,
  "score1": 0.5049644666081002,
  "score2": 0.30133702590461897,
  "score3": 0.6725451257594934,
  "score4": 0.6875303584360482,
  "score5": 0.7143574121892744,
  "score6": 0.24418995562737145
}