{
  "score0": 0.09663146643895523,
  "score1": 0.3872465649303244,
  "score2": 0.5182580945843337,
  "score3": 0.5053945295358565,
  "score4": 0.6266205500855616,
  "score5": 0.6899598333345299,
  "score6": 0.33434869091356134
}