{
  "score0": 0.5578602414681222,
  "score1": 0.6957990309901446,
  "score2": 0.7371584796140981,
  "score3": 0.7297468980959589,
  "score4": 0.217483902854686,
  "score5": 0.17422762277355416,
  "score6": 0.050020928191129944
}