{
  "score0": 0.43035058310357804,
  "score1": 0.25251093794753765,
  "score2": 0.3262317337784986,
  "score3": 0.40557171311723134,
  "score4": 0.0196823720463247,
  "score5": 0.31915667592912184,
  "score6": 0.39694985203281125
}