{
  "score0": 0.07125446383339869,
  "score1": 0.3585743917691017,
  "score2": 0.793267537351018,
  "score3": 0.6736587459503793,
  "score4": 0.5958131442242403,
  "score5": 0.1960908657590267,
  "score6": 0.08286636357268756
}