{
  "score0": 0.26799691453186514,
  "score1": 0.33306185480850165,
  "score2": 0.26494945229789835,
  "score3": 0.7237562599865118,
  "score4": 0.30684276096874585,
  "score5": 0.26576608731360557,
  "score6": 0.3969239008841012
}