{
  "score0": 0.2892912797805156,
  "score1": 0.16223613286075844,
  "score2": 0.050974963884971775,
  "score3": 0.4892897321180971,
  "score4": 0.17927827802827226,
  "score5": 0.8260914353112945,
  "score6": 0.7199676150757494
}