{
  "score0": 0.250070097476305,
  "score1": 0.047764811406210944,
  "score2": 0.5611847499907511,
  "score3": 0.7173412639330562,
  "score4": 0.7079282331675009,
  "score5": 0.40516942768724334,
  "score6": 0.17784901486724414
}