{
  "score0": 0.7333832314323733,
  "score1": 0.7444714820874979,
  "score2": 0.6194605551186784,
  "score3": 0.22575256435011112,
  "score4": 0.09394585075342883,
  "score5": 0.40707799536326394,
  "score6": 0.3390870085247953
}