{
  "score0": 0.7504610713572191,
  "score1": 0.7818961294657523,
  "score2": 0.6633574877862286,
  "score3": 0.09592222602106638,
  "score4": 0.33368113013543965,
  "score5": 0.020810453151132866,
  "score6": 0.4535938796820136
}