{
  "score0": 0.26799691453186514,
  "score1": 0.3224781497701542,
  "score2": 0.3847321614960732,
  "score3": 0.26764469964664667,
  "score4": 0.7237562599865118,
  "score5": 0.30684276096874585,
  "score6": 0.26576608731360557
}