{
  "score0": 0.49780799764982725,
  "score1": 0.6957990309901446,
  "score2": 0.7371584796140981,
  "score3": 0.6971854807163775,
  "score4": 0.1400881744152734,
  "score5": 0.2135545075143499,
  "score6": 0.05788521446898359
}