{
  "score0": 0.0783945860981972,
  "score1": 0.4261969400335094,
  "score2": 0.7674762110648438,
  "score3": 0.8123208822735654,
  "score4": 0.6204105827899054,
  "score5": 0.3161913629011918,
  "score6": 0.014030762790327852
}