{
  "score0": 0.3611632317953969,
  "score1": 0.4767887340198052,
  "score2": 0.4130805689383083,
  "score3": 0.6635037032235437,
  "score4": 0.7539648034061118,
  "score5": 0.5761207968544636,
  "score6": 0.18806290709862583
}