{
  "score0": 0.13078975501591078,
  "score1": 0.35327718066434594,
  "score2": 0.47451311022093307,
  "score3": 0.581260731505795,
  "score4": 0.6527818821307197,
  "score5": 0.6122705254516623,
  "score6": 0.23765440123328851
}