{
  "score0": 0.22198266505442169,
  "score1": 0.2916113152538048,
  "score2": 0.3764276642726418,
  "score3": 0.5374835036631281,
  "score4": 0.6883460801724864,
  "score5": 0.4671216275392636,
  "score6": 0.5008037506005457
}