{
  "score0": 0.7701137549313606,
  "score1": 0.8067098623782206,
  "score2": 0.6707008602972443,
  "score3": 0.38763688537435587,
  "score4": 0.22575256435011112,
  "score5": 0.09394585075342883,
  "score6": 0.40707799536326394
}