{
  "score0": 0.5667209802968532,
  "score1": 0.6195706498180723,
  "score2": 0.44657202781528643,
  "score3": 0.29926878972781995,
  "score4": 0.20830459451719774,
  "score5": 0.4498891543878039,
  "score6": 0.5879132143105478
}