{
  "score0": 0.5232123621332043,
  "score1": 0.7333832314323733,
  "score2": 0.7444714820874979,
  "score3": 0.7218844528817373,
  "score4": 0.22655742275134613,
  "score5": 0.1872340806997154,
  "score6": 0.23570004292101251
}