{
  "score0": 0.4556060594031177,
  "score1": 0.25251093794753765,
  "score2": 0.3262317337784986,
  "score3": 0.41753792696859543,
  "score4": 0.14647819150930494,
  "score5": 0.11833032756229096,
  "score6": 0.4389367872802499
}