{
  "score0": 0.7675040337863699,
  "score1": 0.7913581128211015,
  "score2": 0.6912162365425385,
  "score3": 0.15830831483873684,
  "score4": 0.41469296537635975,
  "score5": 0.019663019828019834,
  "score6": 0.11969341263536805
}