{
  "score0": 0.25491088509386106,
  "score1": 0.18426758251777683,
  "score2": 0.11756893084421871,
  "score3": 0.3296755098527638,
  "score4": 0.4077653720960597,
  "score5": 0.7925829003256327,
  "score6": 0.7214626510625756
}