{
  "score0": 0.23553210650947992,
  "score1": 0.13280776647716727,
  "score2": 0.12221527947770155,
  "score3": 0.24981250795430646,
  "score4": 0.7593802705729082,
  "score5": 0.7932873412425115,
  "score6": 0.6699160139557204
}