{
  "score0": 0.2208679485676531,
  "score1": 0.14062729803362234,
  "score2": 0.39573065486053,
  "score3": 0.5769844364296012,
  "score4": 0.6742473782798725,
  "score5": 0.6161424485572512,
  "score6": 0.7528543954380654
}