{
  "score0": 0.03856966877207104,
  "score1": 0.3037429800906596,
  "score2": 0.7802858689834077,
  "score3": 0.8063102675469694,
  "score4": 0.8077163349699467,
  "score5": 0.14046736751670472,
  "score6": 0.21435549613633043
}