{
  "score0": 0.6750919174484915,
  "score1": 0.5355244989366781,
  "score2": 0.40774228993041517,
  "score3": 0.1435003315182102,
  "score4": 0.4446482790721986,
  "score5": 0.14516162088493334,
  "score6": 0.1900583827530605
}