{
  "score0": 0.7408067506314107,
  "score1": 0.23602971469415396,
  "score2": 0.18538026963976192,
  "score3": 0.4383058078841538,
  "score4": 0.7267377906040299,
  "score5": 0.48679508867353444,
  "score6": 0.6510322278118008
}