{
  "score0": 0.5039644725355151,
  "score1": 0.4611937228315684,
  "score2": 0.2523110673841572,
  "score3": 0.2438872370883736,
  "score4": 0.18230379868176796,
  "score5": 0.6405254888256265,
  "score6": 0.7404321691445171
}