{
  "score0": 0.7231657267109917,
  "score1": 0.2783172712530471,
  "score2": 0.09744201366026717,
  "score3": 0.41186726173269017,
  "score4": 0.49761121178436696,
  "score5": 0.7696757944362348,
  "score6": 0.8132207047655865
}