{
  "score0": 0.3346938779028987,
  "score1": 0.4767887340198052,
  "score2": 0.37789815976063135,
  "score3": 0.6916431310770612,
  "score4": 0.7069837820961521,
  "score5": 0.7381542656201541,
  "score6": 0.38552291139938283
}