{
  "score0": 0.5337703587825756,
  "score1": 0.558509827749779,
  "score2": 0.3259618298337792,
  "score3": 0.46779907147322275,
  "score4": 0.20931114207388601,
  "score5": 0.6748283516410921,
  "score6": 0.7504355974841332
}