{
  "score0": 0.2648224007752308,
  "score1": 0.3618604608005591,
  "score2": 0.5877952473814995,
  "score3": 0.3308154482026795,
  "score4": 0.6887266099015568,
  "score5": 0.7237492351564406,
  "score6": 0.8170654655642743
}