{
  "score0": 0.7981872114463384,
  "score1": 0.24494559563243606,
  "score2": 0.12900838138841553,
  "score3": 0.08174030607665343,
  "score4": 0.6490341506436988,
  "score5": 0.08889119452584432,
  "score6": 0.44803344364075864
}