{
  "score0": 0.22960719325245,
  "score1": 0.40105677151370556,
  "score2": 0.525778280797255,
  "score3": 0.3509859563449346,
  "score4": 0.7076552012226717,
  "score5": 0.7051251590198215,
  "score6": 0.6489466503966519
}