{
  "score0": 0.2536112240775442,
  "score1": 0.1811804362232845,
  "score2": 0.11756893084421871,
  "score3": 0.3296755098527638,
  "score4": 0.4077653720960597,
  "score5": 0.7925829003256327,
  "score6": 0.7214626510625756
}