{
  "score0": 0.21575912302127917,
  "score1": 0.03689926967035809,
  "score2": 0.3115407953307257,
  "score3": 0.7407841706786203,
  "score4": 0.6151197793371254,
  "score5": 0.7360455272588009,
  "score6": 0.7935213958474457
}