{
  "score0": 0.2833020111701538,
  "score1": 0.18171126472641855,
  "score2": 0.12874792763755732,
  "score3": 0.3670453923802775,
  "score4": 0.29398424792084693,
  "score5": 0.7292619682753294,
  "score6": 0.6252881074680247
}