{
  "score0": 0.2768046839922401,
  "score1": 0.03273747989521304,
  "score2": 0.40470208405977065,
  "score3": 0.7616041670176097,
  "score4": 0.7676353687536951,
  "score5": 0.5818679698972827,
  "score6": 0.09375441033236799
}