{
  "score0": 0.7981872114463384,
  "score1": 0.23553210650947992,
  "score2": 0.13280776647716727,
  "score3": 0.05521812881428461,
  "score4": 0.6490341506436988,
  "score5": 0.08889119452584432,
  "score6": 0.44803344364075864
}