{
  "score0": 0.47463045778273216,
  "score1": 0.268057031362571,
  "score2": 0.2371711887789255,
  "score3": 0.35251845589084213,
  "score4": 0.06747132071393382,
  "score5": 0.782328640341387,
  "score6": 0.5191912558488957
}