{
  "score0": 0.6369570693832104,
  "score1": 0.5943621622171349,
  "score2": 0.6130048677325507,
  "score3": 0.2512569638813738,
  "score4": 0.14315014845993335,
  "score5": 0.1326141589389434,
  "score6": 0.7394715712044032
}