{
  "score0": 0.2052769117204287,
  "score1": 0.02445431100739077,
  "score2": 0.34338369555216014,
  "score3": 0.52471605255636,
  "score4": 0.7130602572995001,
  "score5": 0.6980841282871268,
  "score6": 0.692528187612499
}