{
  "score0": 0.7818961294657523,
  "score1": 0.6633574877862286,
  "score2": 0.0898590441113013,
  "score3": 0.1454744338739218,
  "score4": 0.3443801477673298,
  "score5": 0.8106825469307477,
  "score6": 0.6950674606024219
}