{
  "score0": 0.4556060594031177,
  "score1": 0.25251093794753765,
  "score2": 0.2665619575760856,
  "score3": 0.3195744889504127,
  "score4": 0.11791774549336646,
  "score5": 0.23145113825519345,
  "score6": 0.46043053038326315
}