{
  "score0": 0.7231657267109917,
  "score1": 0.2783172712530471,
  "score2": 0.11559377093529584,
  "score3": 0.23953762828195338,
  "score4": 0.4535823744844933,
  "score5": 0.7366543508625316,
  "score6": 0.8360994360273729
}