{
  "score0": 0.5108955774196529,
  "score1": 0.7338123025102744,
  "score2": 0.7745408814465802,
  "score3": 0.4387486950383251,
  "score4": 0.41637285891583814,
  "score5": 0.20048413160708675,
  "score6": 0.6575805597130736
}