{
  "score0": 0.48179013437711204,
  "score1": 0.6158494671382808,
  "score2": 0.5351916998405484,
  "score3": 0.6009118869209111,
  "score4": 0.36064307132366585,
  "score5": 0.4025840634768947,
  "score6": 0.029813982394788625
}