{
  "score0": 0.7565345300443722,
  "score1": 0.24494559563243606,
  "score2": 0.12900838138841553,
  "score3": 0.08174030607665343,
  "score4": 0.23485638508390116,
  "score5": 0.5779147159483576,
  "score6": 0.712160807817603
}