{
  "score0": 0.5578602414681222,
  "score1": 0.6957990309901446,
  "score2": 0.7668431440649697,
  "score3": 0.5512422119943433,
  "score4": 0.17657356145630287,
  "score5": 0.11881434319902985,
  "score6": 0.08263635468786301
}