{
  "score0": 0.2747591580601052,
  "score1": 0.22254235052787538,
  "score2": 0.13337140258154045,
  "score3": 0.17886485332974353,
  "score4": 0.1477610841571573,
  "score5": 0.0935522266837699,
  "score6": 0.35939900144441345
}