{
  "score0": 0.3402866388169243,
  "score1": 0.5185692804144639,
  "score2": 0.6379897133288206,
  "score3": 0.6987338376238846,
  "score4": 0.5219014089901289,
  "score5": 0.461821281772781,
  "score6": 0.11089600426661089
}