{
  "score0": 0.7109256683785676,
  "score1": 0.6917260187825449,
  "score2": 0.1819496241850995,
  "score3": 0.2838887387137811,
  "score4": 0.16764760633242204,
  "score5": 0.03982347940492739,
  "score6": 0.242065696533265
}