{
  "score0": 0.7804197363992319,
  "score1": 0.552347520041911,
  "score2": 0.45953161605635856,
  "score3": 0.6169029169308123,
  "score4": 0.1110371795699547,
  "score5": 0.19455932898671488,
  "score6": 0.41425546316905715
}