{
  "score0": 0.2485077519688709,
  "score1": 0.2630846931947951,
  "score2": 0.6463871992884183,
  "score3": 0.4445599118397315,
  "score4": 0.32249523561788307,
  "score5": 0.07019683954189081,
  "score6": 0.08333813152628063
}