{
  "score0": 0.1652086381817519,
  "score1": 0.5686998537762146,
  "score2": 0.5350774320838293,
  "score3": 0.49755570734191984,
  "score4": 0.6851514151972818,
  "score5": 0.6127361742323171,
  "score6": 0.7998444296062862
}