{
  "score0": 0.0859458463744097,
  "score1": 0.5247954033311437,
  "score2": 0.683235213370083,
  "score3": 0.395010492683821,
  "score4": 0.7277423210963979,
  "score5": 0.4527264507142557,
  "score6": 0.827476014567317
}