{
  "score0": 0.09942719646387148,
  "score1": 0.3182477493178053,
  "score2": 0.4095489544483613,
  "score3": 0.3890480539961683,
  "score4": 0.7225966099273767,
  "score5": 0.623446716979916,
  "score6": 0.7317549866162776
}