{
  "score0": 0.5787463773625694,
  "score1": 0.5385565775022125,
  "score2": 0.12607887260835865,
  "score3": 0.13156992999766645,
  "score4": 0.0641321812903491,
  "score5": 0.09383471443098175,
  "score6": 0.38325033338760006
}