{
  "score0": 0.23652216416388017,
  "score1": 0.014586077945414073,
  "score2": 0.23783577020142654,
  "score3": 0.3443019943454508,
  "score4": 0.3065754390506144,
  "score5": 0.5867200320383794,
  "score6": 0.23998273838513995
}