{
  "score0": 0.3776339743809777,
  "score1": 0.7407472337026535,
  "score2": 0.7123601266954326,
  "score3": 0.3012839872027499,
  "score4": 0.15432011115086205,
  "score5": 0.1910401536550764,
  "score6": 0.28075241722828737
}