{
  "score0": 0.8200633214195059,
  "score1": 0.6138930806001424,
  "score2": 0.7797972769523891,
  "score3": 0.36597269817259587,
  "score4": 0.3422013652809353,
  "score5": 0.17968635686547582,
  "score6": 0.05000360901000172
}