{
  "score0": 0.3546193949219352,
  "score1": 0.02693041818748708,
  "score2": 0.40300152747341983,
  "score3": 0.1343479303637697,
  "score4": 0.17239200062799453,
  "score5": 0.5608163925307547,
  "score6": 0.5743974020084927
}