{
  "score0": 0.8238485276289877,
  "score1": 0.6577675102092734,
  "score2": 0.7076890042313512,
  "score3": 0.2951621799545859,
  "score4": 0.2648194026058004,
  "score5": 0.18146104218112571,
  "score6": 0.39245719910410565
}