{
  "score0": 0.6562013224319482,
  "score1": 0.3739076503414455,
  "score2": 0.03128628809181173,
  "score3": 0.35643740792490375,
  "score4": 0.5995102114239427,
  "score5": 0.27068978914876374,
  "score6": 0.37712902302608026
}