{
  "score0": 0.6522473915495751,
  "score1": 0.7571113702067762,
  "score2": 0.30049705312461983,
  "score3": 0.2455954838531126,
  "score4": 0.4010377649479002,
  "score5": 0.2825841463577848,
  "score6": 0.5530662827843135
}