{
  "score0": 0.6439597091325173,
  "score1": 0.4616083680000656,
  "score2": 0.48743161014252867,
  "score3": 0.28769902122438223,
  "score4": 0.3694409243301022,
  "score5": 0.031190384923915553,
  "score6": 0.07944472845636597
}