{
  "score0": 0.6237951712444676,
  "score1": 0.1669401333541298,
  "score2": 0.21052159109006868,
  "score3": 0.18257405801350293,
  "score4": 0.4516947096089707,
  "score5": 0.29309888123840283,
  "score6": 0.3884350225270443
}