{
  "score0": 0.20007893582364758,
  "score1": 0.5226567604079683,
  "score2": 0.6019069184761662,
  "score3": 0.32893012762082957,
  "score4": 0.7769034404043581,
  "score5": 0.6505734800908755,
  "score6": 0.8561023309823387
}