{
  "score0": 0.5325961202184075,
  "score1": 0.1977765763569587,
  "score2": 0.057324411503737016,
  "score3": 0.39183219354851895,
  "score4": 0.7444704175343952,
  "score5": 0.3484641524995578,
  "score6": 0.45123822862314755
}