{
  "score0": 0.48578303623781166,
  "score1": 0.3223318818766357,
  "score2": 0.12615127415433536,
  "score3": 0.3794654397495365,
  "score4": 0.028124040076189682,
  "score5": 0.3047748225894798,
  "score6": 0.11957217851388147
}