{
  "score0": 0.2879064690610686,
  "score1": 0.24552200105646202,
  "score2": 0.17776075723683105,
  "score3": 0.17830641530229543,
  "score4": 0.2307326999658085,
  "score5": 0.6052216720743155,
  "score6": 0.6159981378036918
}