{
  "score0": 0.11417797915613542,
  "score1": 0.20786827524163595,
  "score2": 0.2357042937957458,
  "score3": 0.5976134263556997,
  "score4": 0.5736459855154877,
  "score5": 0.4122041994413191,
  "score6": 0.0882348446725496
}