{
  "score0": 0.5479856632398925,
  "score1": 0.20215704240521487,
  "score2": 0.039388780863453446,
  "score3": 0.36895557668082923,
  "score4": 0.4991298445114258,
  "score5": 0.5567897043603586,
  "score6": 0.095649196799423
}