{
  "score0": 0.707600414338217,
  "score1": 0.6997287569648736,
  "score2": 0.2520831598584623,
  "score3": 0.2302319783610565,
  "score4": 0.2943540297160103,
  "score5": 0.5769153360329978,
  "score6": 0.5348524323158448
}