{
  "score0": 0.5122093085512885,
  "score1": 0.6017544512210546,
  "score2": 0.19615838155436455,
  "score3": 0.16008833903471453,
  "score4": 0.2469618266453725,
  "score5": 0.5097318531826507,
  "score6": 0.14573257515146446
}