{
  "score0": 0.6868000611869041,
  "score1": 0.1669401333541298,
  "score2": 0.022687014695269545,
  "score3": 0.04317059477334113,
  "score4": 0.18838492355558092,
  "score5": 0.43850191565762553,
  "score6": 0.21842572088592518
}