{
  "score0": 0.25246367539442005,
  "score1": 0.3133088902654495,
  "score2": 0.6254096718585486,
  "score3": 0.7138273723355977,
  "score4": 0.6536899186144026,
  "score5": 0.1952367475303539,
  "score6": 0.4128308060236228
}