{
  "score0": 0.23053834450239535,
  "score1": 0.4707647908642597,
  "score2": 0.20655120983806266,
  "score3": 0.05358243270406315,
  "score4": 0.3417335262937318,
  "score5": 0.4049089673253685,
  "score6": 0.2820534871636869
}