{
  "score0": 0.31371107907415086,
  "score1": 0.7315077401499323,
  "score2": 0.5639221180526599,
  "score3": 0.3891851170831735,
  "score4": 0.25227991025712004,
  "score5": 0.3407638887264129,
  "score6": 0.03192304101938544
}