{
  "score0": 0.0859458463744097,
  "score1": 0.5018756666196029,
  "score2": 0.5747267677056612,
  "score3": 0.7277423210963979,
  "score4": 0.4527264507142557,
  "score5": 0.827476014567317,
  "score6": 0.6776163285960598
}