{
  "score0": 0.5375141578182323,
  "score1": 0.1977765763569587,
  "score2": 0.057324411503737016,
  "score3": 0.22288334470350735,
  "score4": 0.44542602894411654,
  "score5": 0.21724461334175482,
  "score6": 0.2526155202393218
}