{
  "score0": 0.34563491258296014,
  "score1": 0.42596895000133017,
  "score2": 0.7612135827796431,
  "score3": 0.8489581997284968,
  "score4": 0.7819998302755096,
  "score5": 0.2673393154281014,
  "score6": 0.5636009990989354
}