{
  "score0": 0.12013498227306231,
  "score1": 0.04074021122415761,
  "score2": 0.14694441667185915,
  "score3": 0.3178702761355876,
  "score4": 0.46141089507621186,
  "score5": 0.472574937001018,
  "score6": 0.5669779301024488
}