{
  "score0": 0.4858263197612108,
  "score1": 0.33812061593703746,
  "score2": 0.366099455658208,
  "score3": 0.25020088765463616,
  "score4": 0.2059601195724067,
  "score5": 0.10813820644587362,
  "score6": 0.25184434331778327
}