{
  "score0": 0.1652086381817519,
  "score1": 0.5482732770055592,
  "score2": 0.48931981668075075,
  "score3": 0.4921111387489651,
  "score4": 0.6851514151972818,
  "score5": 0.6127361742323171,
  "score6": 0.7998444296062862
}