{
  "score0": 0.23652216416388017,
  "score1": 0.027220784780106436,
  "score2": 0.23136925217781773,
  "score3": 0.4306003320146141,
  "score4": 0.3065754390506144,
  "score5": 0.5867200320383794,
  "score6": 0.23998273838513995
}