{
  "score0": 0.7510234660431183,
  "score1": 0.5697631825197557,
  "score2": 0.43536831919281743,
  "score3": 0.5119552700424297,
  "score4": 0.10405223764373091,
  "score5": 0.11867614525719965,
  "score6": 0.32267440840525635
}