{
  "score0": 0.6654049037264244,
  "score1": 0.6997287569648736,
  "score2": 0.2520831598584623,
  "score3": 0.2455954838531126,
  "score4": 0.4010377649479002,
  "score5": 0.2825841463577848,
  "score6": 0.5530662827843135
}