{
  "score0": 0.5015616601985092,
  "score1": 0.6684274317740214,
  "score2": 0.6171435568847378,
  "score3": 0.6482436915905626,
  "score4": 0.6911794168781008,
  "score5": 0.5652155617463295,
  "score6": 0.18213779699886254
}