{
  "score0": 0.4901022698204479,
  "score1": 0.6692095295839363,
  "score2": 0.6484897400830718,
  "score3": 0.7038256849230834,
  "score4": 0.6482436915905626,
  "score5": 0.6911794168781008,
  "score6": 0.5652155617463295
}