{
  "score0": 0.8238485276289877,
  "score1": 0.6577675102092734,
  "score2": 0.7590977133381308,
  "score3": 0.11152839785795353,
  "score4": 0.2100759666943599,
  "score5": 0.781839089307515,
  "score6": 0.5452148611265789
}