{
  "score0": 0.7804197363992319,
  "score1": 0.5672495689959823,
  "score2": 0.5973627623088485,
  "score3": 0.5825081030259502,
  "score4": 0.1110371795699547,
  "score5": 0.19455932898671488,
  "score6": 0.41425546316905715
}