{
  "score0": 0.40237082728762164,
  "score1": 0.5030941789036196,
  "score2": 0.7120594508682945,
  "score3": 0.6332850807615451,
  "score4": 0.5468625549518632,
  "score5": 0.5455594269700875,
  "score6": 0.41580561634078556
}