{
  "score0": 0.6500055502223091,
  "score1": 0.33435730695517374,
  "score2": 0.06986254716218626,
  "score3": 0.41724792686810175,
  "score4": 0.40075078120314495,
  "score5": 0.6028484592892251,
  "score6": 0.807879244209348
}