{
  "score0": 0.3366058236583518,
  "score1": 0.45454313209827407,
  "score2": 0.42478926023250413,
  "score3": 0.7037548568745658,
  "score4": 0.5914216747908262,
  "score5": 0.6877417872300232,
  "score6": 0.2740368966671225
}