{
  "score0": 0.10685581680918675,
  "score1": 0.4691822245470764,
  "score2": 0.11780410093187543,
  "score3": 0.22499387517321034,
  "score4": 0.14535909738403915,
  "score5": 0.05141527925960093,
  "score6": 0.12257512716670371
}