{
  "score0": 0.5375141578182323,
  "score1": 0.25118849841845703,
  "score2": 0.021155567154223162,
  "score3": 0.20246207635955668,
  "score4": 0.44542602894411654,
  "score5": 0.21724461334175482,
  "score6": 0.2526155202393218
}