{
  "score0": 0.13664275490426736,
  "score1": 0.5474937603425647,
  "score2": 0.16237653404887445,
  "score3": 0.20106814847879947,
  "score4": 0.12558941986573255,
  "score5": 0.060843293257207325,
  "score6": 0.15398340366904215
}