{
  "score0": 0.3311918090680519,
  "score1": 0.7126141811300147,
  "score2": 0.5639221180526599,
  "score3": 0.35759976995046666,
  "score4": 0.1544936777118345,
  "score5": 0.16527503107993444,
  "score6": 0.29405544101407516
}