{
  "score0": 0.35172703696958785,
  "score1": 0.028621286156958848,
  "score2": 0.434152257702462,
  "score3": 0.4442662362592622,
  "score4": 0.28778709925995405,
  "score5": 0.784249075030179,
  "score6": 0.6445537858901235
}