{
  "score0": 0.23166433148956972,
  "score1": 0.012672359224374216,
  "score2": 0.20062390238434008,
  "score3": 0.1050743679632165,
  "score4": 0.10314225141493039,
  "score5": 0.40866256156384767,
  "score6": 0.44890366956103617
}