{
  "score0": 0.47130077260594344,
  "score1": 0.08556340593478917,
  "score2": 0.10588884153791972,
  "score3": 0.10988006260717265,
  "score4": 0.33612625703165083,
  "score5": 0.20581069974832814,
  "score6": 0.3099323705088937
}