{
  "score0": 0.7926864512308873,
  "score1": 0.5792225088801553,
  "score2": 0.3455018987069549,
  "score3": 0.27996859842832117,
  "score4": 0.28079325154515344,
  "score5": 0.2358370461446421,
  "score6": 0.25770446443808054
}