{
  "score0": 0.24597655110940517,
  "score1": 0.5010126388650179,
  "score2": 0.35036125359259224,
  "score3": 0.10592226631840174,
  "score4": 0.3401399608416195,
  "score5": 0.11399546203207533,
  "score6": 0.10809272856702358
}