{
  "score0": 0.7477422968475435,
  "score1": 0.28154108867614946,
  "score2": 0.13907271405716995,
  "score3": 0.20361223905046733,
  "score4": 0.2253878447311033,
  "score5": 0.21888095419224254,
  "score6": 0.18663863011113557
}