{
  "score0": 0.5133517279244009,
  "score1": 0.6769507357087705,
  "score2": 0.5120018764515024,
  "score3": 0.72218994612469,
  "score4": 0.617216441889646,
  "score5": 0.5829097022773447,
  "score6": 0.6884034583018032
}