{
  "score0": 0.1999818586193419,
  "score1": 0.2799394098529166,
  "score2": 0.23489409190557367,
  "score3": 0.6014133092031595,
  "score4": 0.716843558475509,
  "score5": 0.5426160553192844,
  "score6": 0.11933988106551131
}