{
  "score0": 0.8000543050031532,
  "score1": 0.5865251483200725,
  "score2": 0.43536831919281743,
  "score3": 0.5119552700424297,
  "score4": 0.10405223764373091,
  "score5": 0.11867614525719965,
  "score6": 0.32267440840525635
}