{
  "score0": 0.5854376386598379,
  "score1": 0.10853867690441792,
  "score2": 0.09970715927702975,
  "score3": 0.058298352383619245,
  "score4": 0.16204698542170812,
  "score5": 0.13796090844018788,
  "score6": 0.1671343414305262
}