{
  "score0": 0.4616083680000656,
  "score1": 0.6683369451708232,
  "score2": 0.18018898413914455,
  "score3": 0.025336346172038293,
  "score4": 0.15611833737558223,
  "score5": 0.4592225944235373,
  "score6": 0.6732467840489251
}