{
  "score0": 0.5122093085512885,
  "score1": 0.612336147723723,
  "score2": 0.245649130329957,
  "score3": 0.013138128095067632,
  "score4": 0.2469618266453725,
  "score5": 0.5097318531826507,
  "score6": 0.14573257515146446
}