{
  "score0": 0.23593969163078599,
  "score1": 0.012672359224374216,
  "score2": 0.18789383592836703,
  "score3": 0.1798195966193433,
  "score4": 0.3723560469028648,
  "score5": 0.5005062414720594,
  "score6": 0.6159997063034849
}