{
  "score0": 0.566390131434293,
  "score1": 0.5558394373067634,
  "score2": 0.11540811268715097,
  "score3": 0.17713357281154737,
  "score4": 0.25863706729370156,
  "score5": 0.4474716802824337,
  "score6": 0.47298771538337725
}