{
  "score0": 0.36182563005645985,
  "score1": 0.39772854705313243,
  "score2": 0.493914010792826,
  "score3": 0.6406802084917342,
  "score4": 0.6252036059264102,
  "score5": 0.707120730971737,
  "score6": 0.4633585956115723
}