{
  "score0": 0.34563491258296014,
  "score1": 0.3985939278677154,
  "score2": 0.7195116403379663,
  "score3": 0.7819998302755096,
  "score4": 0.2673393154281014,
  "score5": 0.5636009990989354,
  "score6": 0.33265369950978824
}