{
  "score0": 0.20986282296819256,
  "score1": 0.24390313614107217,
  "score2": 0.18498299255639827,
  "score3": 0.5534077189979097,
  "score4": 0.821365744753319,
  "score5": 0.5335136760826081,
  "score6": 0.4026390440726237
}