{
  "score0": 0.5511677136072209,
  "score1": 0.38416443426062286,
  "score2": 0.30133233027832895,
  "score3": 0.2203329671050668,
  "score4": 0.217331507428742,
  "score5": 0.16898368423326945,
  "score6": 0.5588646499022949
}