{
  "score0": 0.5908280258754095,
  "score1": 0.4592638108256838,
  "score2": 0.1993175258438363,
  "score3": 0.31210911587350926,
  "score4": 0.34998754350256717,
  "score5": 0.06598165227194448,
  "score6": 0.08876726541715128
}