{
  "score0": 0.25118849841845703,
  "score1": 0.021155567154223162,
  "score2": 0.18470170485989962,
  "score3": 0.10314225141493039,
  "score4": 0.40866256156384767,
  "score5": 0.44890366956103617,
  "score6": 0.6147518191625104
}