{
  "score0": 0.11003595170803107,
  "score1": 0.04074021122415761,
  "score2": 0.1738740936343401,
  "score3": 0.3974273760917684,
  "score4": 0.37181937016776495,
  "score5": 0.4988383589006761,
  "score6": 0.478992423004307
}