{
  "score0": 0.616535731707218,
  "score1": 0.5179196953789421,
  "score2": 0.5634819391016495,
  "score3": 0.6186344054810754,
  "score4": 0.707033089686235,
  "score5": 0.6041218264662719,
  "score6": 0.2942854142293638
}