{
  "score0": 0.3769553633385879,
  "score1": 0.33991727636483876,
  "score2": 0.750159503303439,
  "score3": 0.6058418711538702,
  "score4": 0.1856456588033242,
  "score5": 0.2089530796639881,
  "score6": 0.22651960883850308
}