{
  "score0": 0.21845408543185904,
  "score1": 0.5226567604079683,
  "score2": 0.6019069184761662,
  "score3": 0.3467335747652978,
  "score4": 0.7735365933214268,
  "score5": 0.6468310660818457,
  "score6": 0.7517402314926742
}