{
  "score0": 0.6021720857064796,
  "score1": 0.5921803000116964,
  "score2": 0.5602576777997063,
  "score3": 0.6728211604369836,
  "score4": 0.6158589333402827,
  "score5": 0.7619211656184182,
  "score6": 0.35137682457791225
}