{
  "score0": 0.2165592270343043,
  "score1": 0.5464995865971769,
  "score2": 0.4246438232861564,
  "score3": 0.26410462693875886,
  "score4": 0.12124358392428836,
  "score5": 0.1086860502193186,
  "score6": 0.21147607646229125
}