{
  "score0": 0.36817232851856935,
  "score1": 0.06309296572054429,
  "score2": 0.4221903394463096,
  "score3": 0.5484852456102886,
  "score4": 0.4636651776923144,
  "score5": 0.7210243933374118,
  "score6": 0.2963905734536342
}