{
  "score0": 0.6439597091325173,
  "score1": 0.4616083680000656,
  "score2": 0.6683369451708232,
  "score3": 0.27401760575568107,
  "score4": 0.23439171444856285,
  "score5": 0.13112413252387775,
  "score6": 0.04085748116540957
}