{
  "score0": 0.36817232851856935,
  "score1": 0.06309296572054429,
  "score2": 0.434152257702462,
  "score3": 0.4442662362592622,
  "score4": 0.4636651776923144,
  "score5": 0.7210243933374118,
  "score6": 0.2963905734536342
}