{
  "score0": 0.338507334596305,
  "score1": 0.3735629771246177,
  "score2": 0.7832082592078511,
  "score3": 0.7679878233924958,
  "score4": 0.24128939277453906,
  "score5": 0.2131179260372684,
  "score6": 0.6238367669017978
}