{
  "score0": 0.7477422968475435,
  "score1": 0.1723923160413699,
  "score2": 0.21177369279891828,
  "score3": 0.07754309973867499,
  "score4": 0.20361223905046733,
  "score5": 0.2253878447311033,
  "score6": 0.21888095419224254
}