{
  "score0": 0.5708367306906783,
  "score1": 0.4388887609254618,
  "score2": 0.3268354300061063,
  "score3": 0.0366804696022,
  "score4": 0.2507084913466948,
  "score5": 0.3496261006513161,
  "score6": 0.7409477233608414
}