{
  "score0": 0.4303990393790246,
  "score1": 0.8624105258074082,
  "score2": 0.6922814538652309,
  "score3": 0.16892601415106082,
  "score4": 0.4156698708803896,
  "score5": 0.21385018442107961,
  "score6": 0.18062712200059497
}