{
  "score0": 0.616535731707218,
  "score1": 0.5179196953789421,
  "score2": 0.654578651761391,
  "score3": 0.6205079928697607,
  "score4": 0.6131933498630301,
  "score5": 0.8363113684795124,
  "score6": 0.16879639201767271
}