{
  "score0": 0.612336147723723,
  "score1": 0.245649130329957,
  "score2": 0.013138128095067632,
  "score3": 0.36895557668082923,
  "score4": 0.4991298445114258,
  "score5": 0.5567897043603586,
  "score6": 0.095649196799423
}