{
  "score0": 0.03756084628736227,
  "score1": 0.28469784313397345,
  "score2": 0.4447482620071348,
  "score3": 0.42256311977841127,
  "score4": 0.6236055124577277,
  "score5": 0.5555552747529792,
  "score6": 0.4250911269160876
}