{
  "score0": 0.5540072781941793,
  "score1": 0.18673240998708834,
  "score2": 0.0728007452103685,
  "score3": 0.16204698542170812,
  "score4": 0.13796090844018788,
  "score5": 0.1671343414305262,
  "score6": 0.11491734766280164
}