{
  "score0": 0.6138930806001424,
  "score1": 0.7797972769523891,
  "score2": 0.24834708574506703,
  "score3": 0.03982347940492739,
  "score4": 0.242065696533265,
  "score5": 0.6660927136838192,
  "score6": 0.6418961799154147
}