{
  "score0": 0.5015900428876737,
  "score1": 0.14649845461703376,
  "score2": 0.021987818354020017,
  "score3": 0.0647689609799086,
  "score4": 0.19457268592648022,
  "score5": 0.3081824565027837,
  "score6": 0.5093768942427526
}