{
  "score0": 0.63595333147284,
  "score1": 0.5256609446887693,
  "score2": 0.654578651761391,
  "score3": 0.6011904168262445,
  "score4": 0.7319756352574531,
  "score5": 0.6611651503649781,
  "score6": 0.5870914456208666
}