{
  "score0": 0.13480437906613138,
  "score1": 0.14184587727915562,
  "score2": 0.1252833468404106,
  "score3": 0.4100209804592681,
  "score4": 0.4137795366831691,
  "score5": 0.4218448792384836,
  "score6": 0.5621235400030852
}