{
  "score0": 0.8200633214195059,
  "score1": 0.6138930806001424,
  "score2": 0.7797972769523891,
  "score3": 0.3813809777344716,
  "score4": 0.5358626867694133,
  "score5": 0.06200742865027179,
  "score6": 0.10885399288231488
}