{
  "score0": 0.6666339664956037,
  "score1": 0.7391246151874165,
  "score2": 0.3737423766989154,
  "score3": 0.23007493573970436,
  "score4": 0.36792116830698385,
  "score5": 0.6505650109842769,
  "score6": 0.20824700084340905
}