{
  "score0": 0.3782722408787598,
  "score1": 0.025016480600127008,
  "score2": 0.4038660874180978,
  "score3": 0.322274302711574,
  "score4": 0.539746050907513,
  "score5": 0.6560347271770745,
  "score6": 0.7087826390103996
}