{
  "score0": 0.3455323077692377,
  "score1": 0.42596895000133017,
  "score2": 0.7527854695541747,
  "score3": 0.6429168960888952,
  "score4": 0.2003947024514836,
  "score5": 0.3038471182266464,
  "score6": 0.692833231152474
}