{
  "score0": 0.21832399353641968,
  "score1": 0.539427438535248,
  "score2": 0.4246438232861564,
  "score3": 0.30818097827544416,
  "score4": 0.18258536287488472,
  "score5": 0.23727617919546118,
  "score6": 0.019293387967751374
}