{
  "score0": 0.19616179969387473,
  "score1": 0.5908280258754095,
  "score2": 0.4592638108256838,
  "score3": 0.3523358859354218,
  "score4": 0.21905769999085148,
  "score5": 0.18024923222189382,
  "score6": 0.025330602947529094
}