{
  "score0": 0.27121428240765416,
  "score1": 0.5821527857421155,
  "score2": 0.5380140728146754,
  "score3": 0.22757259902336013,
  "score4": 0.10974534112893371,
  "score5": 0.13113703608945834,
  "score6": 0.1998345003939456
}