{
  "score0": 0.19444167307939753,
  "score1": 0.10519625497072402,
  "score2": 0.25336027644726655,
  "score3": 0.6462302793702525,
  "score4": 0.5692861535944087,
  "score5": 0.6868967417096449,
  "score6": 0.31246738637588095
}