{
  "score0": 0.40579873025228214,
  "score1": 0.7409144911370896,
  "score2": 0.5927040443714069,
  "score3": 0.16605136343046303,
  "score4": 0.5490392604093831,
  "score5": 0.18849208901822742,
  "score6": 0.23931119999275474
}