{
  "score0": 0.24901392829727603,
  "score1": 0.7309621488618678,
  "score2": 0.29436034700086394,
  "score3": 0.13606660543494967,
  "score4": 0.3375027776642807,
  "score5": 0.031902933853085146,
  "score6": 0.3361822630765632
}