{
  "score0": 0.5511677136072209,
  "score1": 0.38416443426062286,
  "score2": 0.3691980942854722,
  "score3": 0.17134365898675377,
  "score4": 0.27626331029659185,
  "score5": 0.07747700831713333,
  "score6": 0.4684054294467858
}