{
  "score0": 0.3703780496315241,
  "score1": 0.3402866388169243,
  "score2": 0.493914010792826,
  "score3": 0.5749745966049331,
  "score4": 0.5956260232280167,
  "score5": 0.72048076951413,
  "score6": 0.45320981390779075
}