{
  "score0": 0.11316513751732155,
  "score1": 0.49393588371099045,
  "score2": 0.18091219114408166,
  "score3": 0.16989702340289084,
  "score4": 0.22358054422739052,
  "score5": 0.028775926982894023,
  "score6": 0.04859263994963806
}