{
  "score0": 0.30155597503582954,
  "score1": 0.21077036006964298,
  "score2": 0.15883354461398203,
  "score3": 0.0990735317963618,
  "score4": 0.11677550279857711,
  "score5": 0.1097883829133776,
  "score6": 0.4044317936042628
}