{
  "score0": 0.5686998537762146,
  "score1": 0.5350774320838293,
  "score2": 0.5850724133228277,
  "score3": 0.6158589333402827,
  "score4": 0.7619211656184182,
  "score5": 0.35137682457791225,
  "score6": 0.6415463520834254
}