{
  "score0": 0.24443982121194305,
  "score1": 0.49608030581750084,
  "score2": 0.34900927820464345,
  "score3": 0.10592226631840174,
  "score4": 0.3401399608416195,
  "score5": 0.11399546203207533,
  "score6": 0.10809272856702358
}