{
  "score0": 0.6338134288333007,
  "score1": 0.4467591485056357,
  "score2": 0.48743161014252867,
  "score3": 0.34432614187376215,
  "score4": 0.36025169758765746,
  "score5": 0.17018878707309812,
  "score6": 0.006750683219928778
}