{
  "score0": 0.8097054858789118,
  "score1": 0.5371514901819348,
  "score2": 0.6104690928042815,
  "score3": 0.46151050533721666,
  "score4": 0.5269338642379272,
  "score5": 0.23949898806635694,
  "score6": 0.006759542719896963
}