{
  "score0": 0.5660211538317236,
  "score1": 0.38395547447783485,
  "score2": 0.3691980942854722,
  "score3": 0.13234046861457685,
  "score4": 0.18138786890593686,
  "score5": 0.13503435800557564,
  "score6": 0.5739277953279908
}