{
  "score0": 0.6797480506157659,
  "score1": 0.25407050820887955,
  "score2": 0.12222412727301696,
  "score3": 0.07425558252832819,
  "score4": 0.30957414660185717,
  "score5": 0.4327191594129329,
  "score6": 0.639833144143279
}