{
  "score0": 0.7990070745501626,
  "score1": 0.5672495689959823,
  "score2": 0.5973627623088485,
  "score3": 0.6018235870825611,
  "score4": 0.04326869611591194,
  "score5": 0.4567091784259092,
  "score6": 0.18587390185954952
}