{
  "score0": 0.6237951712444676,
  "score1": 0.1669401333541298,
  "score2": 0.022687014695269545,
  "score3": 0.16124141237986556,
  "score4": 0.34213435686949634,
  "score5": 0.3961400422976502,
  "score6": 0.27154346984945743
}