{
  "score0": 0.09942719646387148,
  "score1": 0.2996924781037523,
  "score2": 0.3462390679950483,
  "score3": 0.36281287004093404,
  "score4": 0.7225966099273767,
  "score5": 0.623446716979916,
  "score6": 0.7317549866162776
}