{
  "score0": 0.19444167307939753,
  "score1": 0.10142450608237713,
  "score2": 0.19643625237444817,
  "score3": 0.6462302793702525,
  "score4": 0.5692861535944087,
  "score5": 0.6868967417096449,
  "score6": 0.31246738637588095
}