{
  "score0": 0.6021720857064796,
  "score1": 0.5771076092738554,
  "score2": 0.5850724133228277,
  "score3": 0.6158589333402827,
  "score4": 0.7619211656184182,
  "score5": 0.35137682457791225,
  "score6": 0.6415463520834254
}