{
  "score0": 0.2939987282801348,
  "score1": 0.7315077401499323,
  "score2": 0.6221674551319132,
  "score3": 0.4412231585272776,
  "score4": 0.3242092784223731,
  "score5": 0.25116127761444845,
  "score6": 0.03855118804264407
}