{
  "score0": 0.6098068627209179,
  "score1": 0.4354708394168455,
  "score2": 0.25163235716407006,
  "score3": 0.31210911587350926,
  "score4": 0.34998754350256717,
  "score5": 0.06598165227194448,
  "score6": 0.08876726541715128
}