{
  "score0": 0.8238485276289877,
  "score1": 0.670554698657346,
  "score2": 0.17993160244230258,
  "score3": 0.2100759666943599,
  "score4": 0.781839089307515,
  "score5": 0.5452148611265789,
  "score6": 0.2898020189430763
}