{
  "score0": 0.36228249956573144,
  "score1": 0.397386439364615,
  "score2": 0.4798077103023026,
  "score3": 0.6406802084917342,
  "score4": 0.6252036059264102,
  "score5": 0.707120730971737,
  "score6": 0.4633585956115723
}