{
  "score0": 0.7111510337127601,
  "score1": 0.1723923160413699,
  "score2": 0.21052159109006868,
  "score3": 0.18257405801350293,
  "score4": 0.4516947096089707,
  "score5": 0.29309888123840283,
  "score6": 0.3884350225270443
}