{
  "score0": 0.3600370266200155,
  "score1": 0.02693041818748708,
  "score2": 0.3725744875962532,
  "score3": 0.322274302711574,
  "score4": 0.539746050907513,
  "score5": 0.6560347271770745,
  "score6": 0.7087826390103996
}