{
  "score0": 0.35313533547458353,
  "score1": 0.397386439364615,
  "score2": 0.4798077103023026,
  "score3": 0.7020708786958747,
  "score4": 0.6243140922495948,
  "score5": 0.7017414930243356,
  "score6": 0.12497804497189129
}