{
  "score0": 0.2938521370493433,
  "score1": 0.14404220605169266,
  "score2": 0.2103288171899822,
  "score3": 0.17520376905341997,
  "score4": 0.03418615072334589,
  "score5": 0.2161839028628764,
  "score6": 0.46419588375223414
}