{
  "score0": 0.12537480566442094,
  "score1": 0.1338281387324608,
  "score2": 0.17305480128354409,
  "score3": 0.4407435066527783,
  "score4": 0.6667420572168856,
  "score5": 0.4211395116171577,
  "score6": 0.32119434505485916
}