{
  "score0": 0.20007893582364758,
  "score1": 0.5482732770055592,
  "score2": 0.48931981668075075,
  "score3": 0.4921111387489651,
  "score4": 0.7769034404043581,
  "score5": 0.6505734800908755,
  "score6": 0.8561023309823387
}