{
  "score0": 0.23847235648826004,
  "score1": 0.25356157586509076,
  "score2": 0.6167804126211287,
  "score3": 0.5078405551873822,
  "score4": 0.32249523561788307,
  "score5": 0.07019683954189081,
  "score6": 0.08333813152628063
}