{
  "score0": 0.5196965763633765,
  "score1": 0.6769507357087705,
  "score2": 0.5120018764515024,
  "score3": 0.7115055848842973,
  "score4": 0.6887990944547978,
  "score5": 0.4887430242207222,
  "score6": 0.47531745635467454
}