{
  "score0": 0.3937922506774376,
  "score1": 0.5143589640314488,
  "score2": 0.7120594508682945,
  "score3": 0.6332850807615451,
  "score4": 0.5468625549518632,
  "score5": 0.5455594269700875,
  "score6": 0.41580561634078556
}