{
  "score0": 0.6868000611869041,
  "score1": 0.23521159497736974,
  "score2": 0.05456970169046518,
  "score3": 0.10437169001961073,
  "score4": 0.18838492355558092,
  "score5": 0.43850191565762553,
  "score6": 0.21842572088592518
}