{
  "score0": 0.13587660248485992,
  "score1": 0.2853605330192465,
  "score2": 0.4473335517014953,
  "score3": 0.2688640949234002,
  "score4": 0.606984469411395,
  "score5": 0.6593903569463199,
  "score6": 0.8021221039621841
}