{
  "score0": 0.5435849187701179,
  "score1": 0.29785860827954747,
  "score2": 0.39056281766148404,
  "score3": 0.18556446241500724,
  "score4": 0.053998156710381336,
  "score5": 0.3406630670533497,
  "score6": 0.6169434269972047
}