{
  "score0": 0.6681769443077803,
  "score1": 0.3060008175775741,
  "score2": 0.09826527480874611,
  "score3": 0.35643740792490375,
  "score4": 0.7808436633957022,
  "score5": 0.47564307221000224,
  "score6": 0.691065939652512
}