{
  "score0": 0.6965707073597983,
  "score1": 0.29456844333804494,
  "score2": 0.0644975797275502,
  "score3": 0.509180683523687,
  "score4": 0.550199905335237,
  "score5": 0.7182922285278556,
  "score6": 0.13816344485607765
}