{
  "score0": 0.5133517279244009,
  "score1": 0.6769507357087705,
  "score2": 0.6578439051170757,
  "score3": 0.7101297262717269,
  "score4": 0.5388259821693234,
  "score5": 0.6857099198462957,
  "score6": 0.5308329179425454
}