{
  "score0": 0.5787463773625694,
  "score1": 0.5385565775022125,
  "score2": 0.10241157521591053,
  "score3": 0.19901861382924646,
  "score4": 0.13149745749553388,
  "score5": 0.025336346172038293,
  "score6": 0.15611833737558223
}