{
  "score0": 0.3531529765300645,
  "score1": 0.365672580812302,
  "score2": 0.7832082592078511,
  "score3": 0.561287271665142,
  "score4": 0.38822435446967,
  "score5": 0.09869930772096995,
  "score6": 0.10426909103439409
}