{
  "score0": 0.12013498227306231,
  "score1": 0.04074021122415761,
  "score2": 0.16158785193724404,
  "score3": 0.46141089507621186,
  "score4": 0.472574937001018,
  "score5": 0.5669779301024488,
  "score6": 0.21405751910471657
}