{
  "score0": 0.6562013224319482,
  "score1": 0.3060008175775741,
  "score2": 0.09826527480874611,
  "score3": 0.35643740792490375,
  "score4": 0.5995102114239427,
  "score5": 0.27068978914876374,
  "score6": 0.37712902302608026
}