{
  "score0": 0.4858263197612108,
  "score1": 0.33812061593703746,
  "score2": 0.3865115961383458,
  "score3": 0.07986212268880803,
  "score4": 0.14433776153057415,
  "score5": 0.5381725371949169,
  "score6": 0.3597955964725752
}