{
  "score0": 0.5802922766489776,
  "score1": 0.3222371434120989,
  "score2": 0.4466010922044874,
  "score3": 0.2519175991795806,
  "score4": 0.057595434678311075,
  "score5": 0.3683348470285697,
  "score6": 0.6554336843241023
}