{
  "score0": 0.6424830925148357,
  "score1": 0.5015616601985092,
  "score2": 0.6684274317740214,
  "score3": 0.5105947276044889,
  "score4": 0.6907144109692395,
  "score5": 0.6888269296024087,
  "score6": 0.5847660471057153
}