{
  "score0": 0.6500055502223091,
  "score1": 0.33435730695517374,
  "score2": 0.1021164630399742,
  "score3": 0.38070469177390565,
  "score4": 0.4770905741406417,
  "score5": 0.6948370162396745,
  "score6": 0.8115242243781386
}