{
  "score0": 0.7109256683785676,
  "score1": 0.6917260187825449,
  "score2": 0.20725502860953587,
  "score3": 0.18093080520170732,
  "score4": 0.08360987105142492,
  "score5": 0.14081966080857375,
  "score6": 0.5846881765651774
}