{
  "score0": 0.2826933564934253,
  "score1": 0.5821527857421155,
  "score2": 0.5726562612548363,
  "score3": 0.2338959842738398,
  "score4": 0.1199589241934137,
  "score5": 0.38002286394540863,
  "score6": 0.11355188438154462
}