{
  "score0": 0.29656134104358267,
  "score1": 0.15108162598365343,
  "score2": 0.23493588766075113,
  "score3": 0.1960275192295802,
  "score4": 0.03618162585067011,
  "score5": 0.23297308834582475,
  "score6": 0.48145995158871413
}