{
  "score0": 0.027220784780106436,
  "score1": 0.23136925217781773,
  "score2": 0.4107321135284346,
  "score3": 0.6020254347305402,
  "score4": 0.34843633177360944,
  "score5": 0.7305337937355493,
  "score6": 0.5461149699533253
}