{
  "score0": 0.8000543050031532,
  "score1": 0.5494133159614465,
  "score2": 0.34780416571804823,
  "score3": 0.39942956445934213,
  "score4": 0.5119552700424297,
  "score5": 0.10405223764373091,
  "score6": 0.11867614525719965
}