{
  "score0": 0.552347520041911,
  "score1": 0.45953161605635856,
  "score2": 0.286864948542961,
  "score3": 0.2507084913466948,
  "score4": 0.3496261006513161,
  "score5": 0.7409477233608414,
  "score6": 0.7368446153828835
}