{
  "score0": 0.14649845461703376,
  "score1": 0.05272211592903743,
  "score2": 0.13913791964319588,
  "score3": 0.46141089507621186,
  "score4": 0.472574937001018,
  "score5": 0.5669779301024488,
  "score6": 0.21405751910471657
}