{
  "score0": 0.2427750823254288,
  "score1": 0.3133088902654495,
  "score2": 0.6184912125018281,
  "score3": 0.5151531286838137,
  "score4": 0.15274161581406667,
  "score5": 0.2281803790105248,
  "score6": 0.5819073474035453
}