{
  "score0": 0.38767394330258154,
  "score1": 0.5143589640314488,
  "score2": 0.5758019035922719,
  "score3": 0.615609785373776,
  "score4": 0.7401683673103415,
  "score5": 0.35433585468462797,
  "score6": 0.39354313037039007
}