{
  "score0": 0.2826933564934253,
  "score1": 0.5706368514119537,
  "score2": 0.4628080570446611,
  "score3": 0.1199589241934137,
  "score4": 0.38002286394540863,
  "score5": 0.11355188438154462,
  "score6": 0.16205879776845947
}