{
  "score0": 0.6965707073597983,
  "score1": 0.347048648438655,
  "score2": 0.18880461136319185,
  "score3": 0.550199905335237,
  "score4": 0.7182922285278556,
  "score5": 0.13816344485607765,
  "score6": 0.45455396173400636
}