{
  "score0": 0.3782722408787598,
  "score1": 0.025016480600127008,
  "score2": 0.43776997171991394,
  "score3": 0.2344488049050484,
  "score4": 0.42374112626986066,
  "score5": 0.6737287794494975,
  "score6": 0.6494854197421178
}