{
  "score0": 0.48929025759412986,
  "score1": 0.6017544512210546,
  "score2": 0.19615838155436455,
  "score3": 0.17988336570365746,
  "score4": 0.2856991290277205,
  "score5": 0.1952690341119516,
  "score6": 0.4015422787165372
}