{
  "score0": 0.24824536024138272,
  "score1": 0.25356157586509076,
  "score2": 0.6167804126211287,
  "score3": 0.5078405551873822,
  "score4": 0.12678173177352806,
  "score5": 0.14566381362235636,
  "score6": 0.1601414453504091
}