{
  "score0": 0.8017322848843217,
  "score1": 0.5494133159614465,
  "score2": 0.35297078447637137,
  "score3": 0.49733119454367297,
  "score4": 0.4664156674822248,
  "score5": 0.13892359449431643,
  "score6": 0.08937509468595163
}