{
  "score0": 0.25555546597812934,
  "score1": 0.2630846931947951,
  "score2": 0.6463871992884183,
  "score3": 0.6293389416101585,
  "score4": 0.1757748325735126,
  "score5": 0.1629147219797627,
  "score6": 0.5350294898664957
}