{
  "score0": 0.25555546597812934,
  "score1": 0.2630846931947951,
  "score2": 0.6184912125018281,
  "score3": 0.5151531286838137,
  "score4": 0.15274161581406667,
  "score5": 0.2281803790105248,
  "score6": 0.5819073474035453
}