{
  "score0": 0.35313533547458353,
  "score1": 0.397386439364615,
  "score2": 0.4490836504941097,
  "score3": 0.6486129705817342,
  "score4": 0.6846003061253595,
  "score5": 0.4927805816916666,
  "score6": 0.2206183083271996
}