{
  "score0": 0.2833071820361237,
  "score1": 0.21686055384127245,
  "score2": 0.13337140258154045,
  "score3": 0.17886485332974353,
  "score4": 0.1477610841571573,
  "score5": 0.0935522266837699,
  "score6": 0.35939900144441345
}