{
  "score0": 0.26366335261107765,
  "score1": 0.22020869790322006,
  "score2": 0.28555126387219004,
  "score3": 0.5209904472175649,
  "score4": 0.48060751295486376,
  "score5": 0.6260232747898967,
  "score6": 0.6063373716353774
}