{
  "score0": 0.338507334596305,
  "score1": 0.3735629771246177,
  "score2": 0.7527854695541747,
  "score3": 0.6429168960888952,
  "score4": 0.2003947024514836,
  "score5": 0.3038471182266464,
  "score6": 0.692833231152474
}