{
  "score0": 0.566390131434293,
  "score1": 0.5558394373067634,
  "score2": 0.15157768323098486,
  "score3": 0.16401372243798878,
  "score4": 0.20900779869681738,
  "score5": 0.46477663223559995,
  "score6": 0.3757196107179439
}