{
  "score0": 0.29785860827954747,
  "score1": 0.39056281766148404,
  "score2": 0.20655120983806266,
  "score3": 0.05358243270406315,
  "score4": 0.3417335262937318,
  "score5": 0.4049089673253685,
  "score6": 0.2820534871636869
}