{
  "score0": 0.5089989834183021,
  "score1": 0.14298693037141602,
  "score2": 0.021987818354020017,
  "score3": 0.02670214949623327,
  "score4": 0.16183322132725717,
  "score5": 0.3006021318205041,
  "score6": 0.1659032287740789
}