{
  "score0": 0.5402134497761575,
  "score1": 0.2388208663511944,
  "score2": 0.041594851483826537,
  "score3": 0.39183219354851895,
  "score4": 0.7444704175343952,
  "score5": 0.3484641524995578,
  "score6": 0.45123822862314755
}