{
  "score0": 0.40579873025228214,
  "score1": 0.7407472337026535,
  "score2": 0.7568241862046822,
  "score3": 0.32934925785277136,
  "score4": 0.16605136343046303,
  "score5": 0.5490392604093831,
  "score6": 0.18849208901822742
}