{
  "score0": 0.6098068627209179,
  "score1": 0.4704639562677654,
  "score2": 0.3388014755584111,
  "score3": 0.34998754350256717,
  "score4": 0.06598165227194448,
  "score5": 0.08876726541715128,
  "score6": 0.22214811740019158
}