{
  "score0": 0.22865767915115073,
  "score1": 0.22020869790322006,
  "score2": 0.18498299255639827,
  "score3": 0.5534077189979097,
  "score4": 0.821365744753319,
  "score5": 0.5335136760826081,
  "score6": 0.4026390440726237
}