{
  "score0": 0.38706010029916293,
  "score1": 0.5030941789036196,
  "score2": 0.721078223149418,
  "score3": 0.5778184483730345,
  "score4": 0.6987338376238846,
  "score5": 0.5219014089901289,
  "score6": 0.461821281772781
}