{
  "score0": 0.707600414338217,
  "score1": 0.6997287569648736,
  "score2": 0.19600550665055427,
  "score3": 0.2442017683798372,
  "score4": 0.35176250494112143,
  "score5": 0.5593100673864487,
  "score6": 0.6296438716477935
}