{
  "score0": 0.08612688004853479,
  "score1": 0.5247954033311437,
  "score2": 0.646451724061252,
  "score3": 0.5116047650006434,
  "score4": 0.7231098770575172,
  "score5": 0.6774026372984885,
  "score6": 0.5310303529135526
}