{
  "score0": 0.45713571184639773,
  "score1": 0.3223318818766357,
  "score2": 0.12615127415433536,
  "score3": 0.24889623004432537,
  "score4": 0.20726477718271755,
  "score5": 0.15310459908602034,
  "score6": 0.1580422621583815
}