{
  "score0": 0.21832399353641968,
  "score1": 0.539427438535248,
  "score2": 0.49467534613969755,
  "score3": 0.3523358859354218,
  "score4": 0.18258536287488472,
  "score5": 0.23727617919546118,
  "score6": 0.019293387967751374
}