{
  "score0": 0.43566502940977014,
  "score1": 0.8433814596319237,
  "score2": 0.6922814538652309,
  "score3": 0.16892601415106082,
  "score4": 0.4156698708803896,
  "score5": 0.22604981563371296,
  "score6": 0.18682813336643933
}