{
  "score0": 0.19444167307939753,
  "score1": 0.10519625497072402,
  "score2": 0.25819417907922765,
  "score3": 0.4386342074311295,
  "score4": 0.6462302793702525,
  "score5": 0.5692861535944087,
  "score6": 0.6868967417096449
}