{
  "score0": 0.11417797915613542,
  "score1": 0.20786827524163595,
  "score2": 0.17305480128354409,
  "score3": 0.463565342308139,
  "score4": 0.5736459855154877,
  "score5": 0.4122041994413191,
  "score6": 0.0882348446725496
}