{
  "score0": 0.4858263197612108,
  "score1": 0.3558723520104524,
  "score2": 0.0793416629037506,
  "score3": 0.14433776153057415,
  "score4": 0.5381725371949169,
  "score5": 0.3597955964725752,
  "score6": 0.21165706794311492
}