{
  "score0": 0.694467694652348,
  "score1": 0.587384790219664,
  "score2": 0.6258137563849849,
  "score3": 0.08750607293629546,
  "score4": 0.05037247089114604,
  "score5": 0.11885593448801342,
  "score6": 0.4759237943751781
}