{
  "score0": 0.4668598375115872,
  "score1": 0.6836493707909116,
  "score2": 0.7596549533799517,
  "score3": 0.386879357816535,
  "score4": 0.24308917276932615,
  "score5": 0.2798796210017118,
  "score6": 0.5267558886108882
}