{
  "score0": 0.16611018634856275,
  "score1": 0.13267275543530704,
  "score2": 0.520255526806153,
  "score3": 0.6189941992605985,
  "score4": 0.691560690616832,
  "score5": 0.607774173384258,
  "score6": 0.24836372384732097
}