{
  "score0": 0.02830486564247094,
  "score1": 0.48889541810405346,
  "score2": 0.6744248339296204,
  "score3": 0.7288499316220163,
  "score4": 0.5836611336031686,
  "score5": 0.02867638108277243,
  "score6": 0.4848411457059399
}