{
  "score0": 0.6630850290105047,
  "score1": 0.7763350251024044,
  "score2": 0.04455153302071793,
  "score3": 0.10828743882181745,
  "score4": 0.10953068707426727,
  "score5": 0.018975526606491145,
  "score6": 0.24007603966935553
}