{
  "score0": 0.1381835363632227,
  "score1": 0.13544142174283114,
  "score2": 0.22166943335842043,
  "score3": 0.15307306813428598,
  "score4": 0.42734102897205495,
  "score5": 0.6727978744437667,
  "score6": 0.6881917754068345
}