{
  "score0": 0.6739615704648271,
  "score1": 0.6428619790763361,
  "score2": 0.7651561781924078,
  "score3": 0.08972761589134266,
  "score4": 0.1680735193639721,
  "score5": 0.063753794095604,
  "score6": 0.11768035173539647
}