{
  "score0": 0.4330845235856683,
  "score1": 0.6524928434233269,
  "score2": 0.7634543075519286,
  "score3": 0.547955951705929,
  "score4": 0.1032431705126015,
  "score5": 0.12178716169064611,
  "score6": 0.10193116496086625
}