{
  "score0": 0.2215166404719267,
  "score1": 0.03507301945027577,
  "score2": 0.3298452861005052,
  "score3": 0.502612196468977,
  "score4": 0.548961360228548,
  "score5": 0.42440075176486447,
  "score6": 0.6437616391174624
}