{
  "score0": 0.12911821509868368,
  "score1": 0.19304277806871367,
  "score2": 0.09467476706915234,
  "score3": 0.10092775497686528,
  "score4": 0.45075481312665144,
  "score5": 0.3005846304407238,
  "score6": 0.0782789303991767
}