{
  "score0": 0.37180828868980986,
  "score1": 0.22717980169887794,
  "score2": 0.14070256157395353,
  "score3": 0.033616193611312774,
  "score4": 0.3206390507423816,
  "score5": 0.41576288147776963,
  "score6": 0.2827497603407263
}