{
  "score0": 0.6758420271562151,
  "score1": 0.5990477057852085,
  "score2": 0.6258137563849849,
  "score3": 0.08750607293629546,
  "score4": 0.05037247089114604,
  "score5": 0.11885593448801342,
  "score6": 0.4759237943751781
}