{
  "score0": 0.26693237339648906,
  "score1": 0.03507301945027577,
  "score2": 0.3298452861005052,
  "score3": 0.5628266354136534,
  "score4": 0.7402519732382881,
  "score5": 0.585701686904167,
  "score6": 0.11296894764454653
}