{
  "score0": 0.03004226826495181,
  "score1": 0.43080806113158976,
  "score2": 0.6679775792173517,
  "score3": 0.4926097911813416,
  "score4": 0.6361191981568015,
  "score5": 0.08122508249842643,
  "score6": 0.09183822058473896
}