{
  "score0": 0.6221240655947211,
  "score1": 0.7874780110018424,
  "score2": 0.0539497098638622,
  "score3": 0.0879948263273133,
  "score4": 0.2630723205682241,
  "score5": 0.15384261204983204,
  "score6": 0.4738708733970866
}