{
  "score0": 0.800264264047612,
  "score1": 0.15224809234125655,
  "score2": 0.08878457369823659,
  "score3": 0.28583690741368073,
  "score4": 0.3578490602229916,
  "score5": 0.6982911865849547,
  "score6": 0.656297786100864
}