{
  "score0": 0.6491166465271034,
  "score1": 0.488806985232014,
  "score2": 0.25939762063775706,
  "score3": 0.10204472667506508,
  "score4": 0.1432570412958727,
  "score5": 0.5737566960915718,
  "score6": 0.6925245347134279
}