{
  "score0": 0.16611018634856275,
  "score1": 0.13267275543530704,
  "score2": 0.5204523550781814,
  "score3": 0.5602542147220214,
  "score4": 0.6812411400710006,
  "score5": 0.7539478132141798,
  "score6": 0.32657917087318367
}