{
  "score0": 0.2141715851218293,
  "score1": 0.13314338958744823,
  "score2": 0.5038683336126986,
  "score3": 0.6812411400710006,
  "score4": 0.7539478132141798,
  "score5": 0.32657917087318367,
  "score6": 0.45685777001478045
}