{
  "score0": 0.6739615704648271,
  "score1": 0.6428619790763361,
  "score2": 0.7651561781924078,
  "score3": 0.10947348411821668,
  "score4": 0.322595239501368,
  "score5": 0.03913356560053149,
  "score6": 0.18353483315092023
}