{
  "score0": 0.2215166404719267,
  "score1": 0.03507301945027577,
  "score2": 0.4010826104762725,
  "score3": 0.5075559580213002,
  "score4": 0.479072219799479,
  "score5": 0.50632071171115,
  "score6": 0.5236233909517267
}