{
  "score0": 0.8136978922976879,
  "score1": 0.12002089801202695,
  "score2": 0.14170007741450064,
  "score3": 0.6280127565076128,
  "score4": 0.688293274059609,
  "score5": 0.2891486636909648,
  "score6": 0.6647507171173451
}