{
  "score0": 0.42632508263165414,
  "score1": 0.6447444085580205,
  "score2": 0.7024308010132295,
  "score3": 0.7700594383737108,
  "score4": 0.07277512385569443,
  "score5": 0.1290479260866161,
  "score6": 0.07215826563365114
}