{
  "score0": 0.46034806600289774,
  "score1": 0.6756155461344706,
  "score2": 0.6763639992992739,
  "score3": 0.24308917276932615,
  "score4": 0.2798796210017118,
  "score5": 0.5267558886108882,
  "score6": 0.32641463987448466
}