{
  "score0": 0.16133400118973923,
  "score1": 0.1652030353743344,
  "score2": 0.13078404254107376,
  "score3": 0.36930353667240157,
  "score4": 0.7081273620632702,
  "score5": 0.6952927386363791,
  "score6": 0.7839635315836139
}