{
  "score0": 0.3425758854725065,
  "score1": 0.14384234156905218,
  "score2": 0.032442128649896956,
  "score3": 0.12317755454248447,
  "score4": 0.033616193611312774,
  "score5": 0.3206390507423816,
  "score6": 0.41576288147776963
}