{
  "score0": 0.6768514471630942,
  "score1": 0.7289973758167937,
  "score2": 0.6216740563060106,
  "score3": 0.20080866089733904,
  "score4": 0.012614488929456382,
  "score5": 0.1700592169710189,
  "score6": 0.263507779138829
}