{
  "score0": 0.6989373446667423,
  "score1": 0.7181767871146251,
  "score2": 0.7816988398107181,
  "score3": 0.29784189684425233,
  "score4": 0.30520556681617056,
  "score5": 0.055113694973334494,
  "score6": 0.19051209758172882
}