{
  "score0": 0.26527406269717185,
  "score1": 0.17419623373772836,
  "score2": 0.6069562121840165,
  "score3": 0.3030285294721314,
  "score4": 0.6378552010220381,
  "score5": 0.7219640196650724,
  "score6": 0.7241092855302531
}