{
  "score0": 0.14733245812708795,
  "score1": 0.15408263434645866,
  "score2": 0.16190077918672444,
  "score3": 0.1347255017373992,
  "score4": 0.4334989340735291,
  "score5": 0.5603936234193614,
  "score6": 0.6285733893356377
}