{
  "score0": 0.030046415546590738,
  "score1": 0.48889541810405346,
  "score2": 0.6744248339296204,
  "score3": 0.4926097911813416,
  "score4": 0.6361191981568015,
  "score5": 0.08122508249842643,
  "score6": 0.09183822058473896
}