{
  "score0": 0.04188720806097442,
  "score1": 0.43080806113158976,
  "score2": 0.6679775792173517,
  "score3": 0.8041730667230919,
  "score4": 0.44020797075555257,
  "score5": 0.1617220026590982,
  "score6": 0.0394838544027955
}