{
  "score0": 0.21436881640679603,
  "score1": 0.15304618651012972,
  "score2": 0.175337885411374,
  "score3": 0.15423001581327753,
  "score4": 0.32918420205065363,
  "score5": 0.7219333901823884,
  "score6": 0.4363628708036282
}