{
  "score0": 0.20569952928060128,
  "score1": 0.15073371314787776,
  "score2": 0.6115563459997181,
  "score3": 0.5549590226353959,
  "score4": 0.6993032225361985,
  "score5": 0.7148027785304615,
  "score6": 0.2806068664832258
}