{
  "score0": 0.7241455827254472,
  "score1": 0.7582223199711118,
  "score2": 0.864089212698731,
  "score3": 0.3325619866759792,
  "score4": 0.20080866089733904,
  "score5": 0.012614488929456382,
  "score6": 0.1700592169710189
}