{
  "score0": 0.25037695734909066,
  "score1": 0.2141715851218293,
  "score2": 0.16465988237150722,
  "score3": 0.5087551641936804,
  "score4": 0.5729755138636915,
  "score5": 0.6849845222114029,
  "score6": 0.7450364970985938
}