{
  "score0": 0.6310364263236492,
  "score1": 0.7874780110018424,
  "score2": 0.07025855128839079,
  "score3": 0.10902762066372397,
  "score4": 0.20005309615925623,
  "score5": 0.39834939384168,
  "score6": 0.08900843840027038
}