{
  "score0": 0.14733245812708795,
  "score1": 0.1579600841962496,
  "score2": 0.21663321045504336,
  "score3": 0.14516192069671593,
  "score4": 0.1347255017373992,
  "score5": 0.4334989340735291,
  "score6": 0.5603936234193614
}