{
  "score0": 0.2103680034212034,
  "score1": 0.044896334404042795,
  "score2": 0.322209522473781,
  "score3": 0.3082552855783915,
  "score4": 0.596157866481069,
  "score5": 0.5103041365614325,
  "score6": 0.23018735150691538
}