{
  "score0": 0.20064682348418472,
  "score1": 0.13945057734782632,
  "score2": 0.16899757416393854,
  "score3": 0.25046030202370456,
  "score4": 0.2593139602009069,
  "score5": 0.7681400162800718,
  "score6": 0.6768135988683591
}