{
  "score0": 0.6116790512650611,
  "score1": 0.7592855633222381,
  "score2": 0.0539497098638622,
  "score3": 0.06985742760135713,
  "score4": 0.27874302343892815,
  "score5": 0.10767012815185888,
  "score6": 0.4100268568665916
}