{
  "score0": 0.22571902246247466,
  "score1": 0.20386479920298778,
  "score2": 0.13078404254107376,
  "score3": 0.3646127860196516,
  "score4": 0.6957863004581012,
  "score5": 0.7087582791339667,
  "score6": 0.7910026649649634
}