{
  "score0": 0.25171205487347453,
  "score1": 0.05963783308457883,
  "score2": 0.440392494284811,
  "score3": 0.6142011005586356,
  "score4": 0.7949521843006021,
  "score5": 0.41113134651126587,
  "score6": 0.09917548974721428
}