{
  "score0": 0.29940440240940713,
  "score1": 0.15159357178900693,
  "score2": 0.18512666381163978,
  "score3": 0.34010552167743446,
  "score4": 0.047983868395181616,
  "score5": 0.0589534838730246,
  "score6": 0.15073871537134279
}