{
  "score0": 0.15707658347786665,
  "score1": 0.18402298085206778,
  "score2": 0.20546606326849493,
  "score3": 0.7321553063068885,
  "score4": 0.590057483651025,
  "score5": 0.7400127551270281,
  "score6": 0.5989453925195471
}