{
  "score0": 0.14713160270959785,
  "score1": 0.20324204843952337,
  "score2": 0.22428684209816574,
  "score3": 0.2658705277282231,
  "score4": 0.5063480982318179,
  "score5": 0.37662919078032986,
  "score6": 0.40956369561702816
}