{
  "score0": 0.03476206435693508,
  "score1": 0.3722752183836634,
  "score2": 0.660498669631097,
  "score3": 0.6926233736027608,
  "score4": 0.4081907302874148,
  "score5": 0.1489750668278276,
  "score6": 0.48504566543502897
}