{
  "score0": 0.6116790512650611,
  "score1": 0.7592855633222381,
  "score2": 0.04939147645445743,
  "score3": 0.1173501928026306,
  "score4": 0.25221177295367997,
  "score5": 0.1895399148764735,
  "score6": 0.5047321978099987
}