{
  "score0": 0.6608998429826951,
  "score1": 0.47751127483607303,
  "score2": 0.30680521234268565,
  "score3": 0.16728081942766357,
  "score4": 0.15675316036294598,
  "score5": 0.29298354077919786,
  "score6": 0.4151199547138115
}