{
  "score0": 0.6758420271562151,
  "score1": 0.5990477057852085,
  "score2": 0.6640170968449693,
  "score3": 0.47783231922768205,
  "score4": 0.27268969859361264,
  "score5": 0.40265713379309237,
  "score6": 0.237497616036369
}