{
  "score0": 0.2445828928107856,
  "score1": 0.17419623373772836,
  "score2": 0.6069562121840165,
  "score3": 0.3030285294721314,
  "score4": 0.6113629393434454,
  "score5": 0.689996419114304,
  "score6": 0.43835695292477167
}