{
  "score0": 0.7939912724275389,
  "score1": 0.12833591240056222,
  "score2": 0.09143086058520851,
  "score3": 0.05515876628828978,
  "score4": 0.4253801245104845,
  "score5": 0.44482911482840576,
  "score6": 0.6953718080939292
}