{
  "score0": 0.33659049554491666,
  "score1": 0.14384234156905218,
  "score2": 0.08389225770749291,
  "score3": 0.31457776008855,
  "score4": 0.06537327032677426,
  "score5": 0.09955296753159386,
  "score6": 0.22450903100216688
}