{
  "score0": 0.4217960270863428,
  "score1": 0.6768514471630942,
  "score2": 0.7289973758167937,
  "score3": 0.7700594383737108,
  "score4": 0.2316870004610411,
  "score5": 0.19843596741768146,
  "score6": 0.169142595275064
}