{
  "score0": 0.6378964072944496,
  "score1": 0.47751127483607303,
  "score2": 0.30680521234268565,
  "score3": 0.08776425532331343,
  "score4": 0.15640629676339057,
  "score5": 0.39000962683325935,
  "score6": 0.5987638130549979
}