{
  "score0": 0.1295964489566569,
  "score1": 0.2103680034212034,
  "score2": 0.044896334404042795,
  "score3": 0.24364899943242757,
  "score4": 0.48851091180454054,
  "score5": 0.24487184682979768,
  "score6": 0.5091477669952479
}