{
  "score0": 0.4239368483932359,
  "score1": 0.6524928434233269,
  "score2": 0.748013517847492,
  "score3": 0.7286091993573246,
  "score4": 0.07277512385569443,
  "score5": 0.1290479260866161,
  "score6": 0.07215826563365114
}