{
  "score0": 0.1295964489566569,
  "score1": 0.21167785044670492,
  "score2": 0.07214879630441001,
  "score3": 0.2180613674973472,
  "score4": 0.48851091180454054,
  "score5": 0.24487184682979768,
  "score6": 0.5091477669952479
}