{
  "score0": 0.11245931424017423,
  "score1": 0.19304277806871367,
  "score2": 0.09467476706915234,
  "score3": 0.1370847972855577,
  "score4": 0.5059112433912025,
  "score5": 0.43683833729671995,
  "score6": 0.408869448074949
}