{
  "score0": 0.674393198732091,
  "score1": 0.7181767871146251,
  "score2": 0.7549174002635644,
  "score3": 0.10947348411821668,
  "score4": 0.322595239501368,
  "score5": 0.03913356560053149,
  "score6": 0.18353483315092023
}