{
  "score0": 0.49969883008611615,
  "score1": 0.6313881812601814,
  "score2": 0.5387230902225338,
  "score3": 0.3041818368732736,
  "score4": 0.1675297878326207,
  "score5": 0.1935670491805207,
  "score6": 0.09021058642395553
}