{
  "score0": 0.11245931424017423,
  "score1": 0.19304277806871367,
  "score2": 0.22428684209816574,
  "score3": 0.2658705277282231,
  "score4": 0.5063480982318179,
  "score5": 0.37662919078032986,
  "score6": 0.40956369561702816
}