{
  "score0": 0.1947408405967045,
  "score1": 0.6163285871703672,
  "score2": 0.16628334370709885,
  "score3": 0.6561160465641477,
  "score4": 0.669647898800874,
  "score5": 0.4601709976195705,
  "score6": 0.289176485959151
}