{
  "score0": 0.19156211960648145,
  "score1": 0.5748852130907978,
  "score2": 0.380768218317217,
  "score3": 0.7219700599143625,
  "score4": 0.7317602405592255,
  "score5": 0.424144931533822,
  "score6": 0.20947674976887107
}