{
  "score0": 0.15505864551726803,
  "score1": 0.1936847676417833,
  "score2": 0.142577959881086,
  "score3": 0.3375956768356869,
  "score4": 0.2427639753936255,
  "score5": 0.16965199011588764,
  "score6": 0.2522258086990465
}