{
  "score0": 0.2374343889678916,
  "score1": 0.045894137488789795,
  "score2": 0.3772648461717797,
  "score3": 0.5119062880748243,
  "score4": 0.3082552855783915,
  "score5": 0.596157866481069,
  "score6": 0.5103041365614325
}