{
  "score0": 0.21941666080357827,
  "score1": 0.15073371314787776,
  "score2": 0.6115563459997181,
  "score3": 0.5482399065356245,
  "score4": 0.6113629393434454,
  "score5": 0.689996419114304,
  "score6": 0.43835695292477167
}