{
  "score0": 0.2520416964938247,
  "score1": 0.0289946989523642,
  "score2": 0.3298452861005052,
  "score3": 0.5628266354136534,
  "score4": 0.7402519732382881,
  "score5": 0.585701686904167,
  "score6": 0.11296894764454653
}