{
  "score0": 0.3220646599432154,
  "score1": 0.11045697187811448,
  "score2": 0.18512666381163978,
  "score3": 0.41734898924618075,
  "score4": 0.11435646011923957,
  "score5": 0.048634260553442395,
  "score6": 0.18978993294910917
}