{
  "score0": 0.2173595198276523,
  "score1": 0.1652030353743344,
  "score2": 0.13078404254107376,
  "score3": 0.3646127860196516,
  "score4": 0.6957863004581012,
  "score5": 0.7087582791339667,
  "score6": 0.7910026649649634
}