{
  "score0": 0.15707658347786665,
  "score1": 0.17410715637146884,
  "score2": 0.17816066286381094,
  "score3": 0.5048531917904258,
  "score4": 0.7023632965075214,
  "score5": 0.7302109893026177,
  "score6": 0.618762082026704
}