{
  "score0": 0.7246513164191861,
  "score1": 0.6150295396526078,
  "score2": 0.6360567630238112,
  "score3": 0.1817347325054923,
  "score4": 0.0690642548886783,
  "score5": 0.07796279580349863,
  "score6": 0.571871328901432
}