{
  "score0": 0.6608998429826951,
  "score1": 0.47751127483607303,
  "score2": 0.29967530066958786,
  "score3": 0.19226239157020986,
  "score4": 0.14404771216694331,
  "score5": 0.38572757773377125,
  "score6": 0.46386980523215904
}