{
  "score0": 0.4330845235856683,
  "score1": 0.6524928434233269,
  "score2": 0.748013517847492,
  "score3": 0.7296833818803781,
  "score4": 0.1347263265312806,
  "score5": 0.11166023825274825,
  "score6": 0.09314917400626999
}