{
  "score0": 0.6150295396526078,
  "score1": 0.6360567630238112,
  "score2": 0.20368782329041155,
  "score3": 0.15515188428017954,
  "score4": 0.32615223440816105,
  "score5": 0.678987349214457,
  "score6": 0.4908790483699046
}