{
  "score0": 0.80157632081133,
  "score1": 0.13263424469800822,
  "score2": 0.07321940907350354,
  "score3": 0.2503695085094301,
  "score4": 0.26666724828397476,
  "score5": 0.6497477547755136,
  "score6": 0.6986072829391783
}