{
  "score0": 0.03476206435693508,
  "score1": 0.514630450336387,
  "score2": 0.6839983744717396,
  "score3": 0.7227996322105193,
  "score4": 0.025507962251875658,
  "score5": 0.32270564816728564,
  "score6": 0.06372313949387733
}