{
  "score0": 0.8136978922976879,
  "score1": 0.15224809234125655,
  "score2": 0.07185169711760316,
  "score3": 0.353669586970496,
  "score4": 0.6280127565076128,
  "score5": 0.688293274059609,
  "score6": 0.2891486636909648
}