{
  "score0": 0.7095453353525959,
  "score1": 0.5633646057940689,
  "score2": 0.4542037744634155,
  "score3": 0.14629684057442327,
  "score4": 0.06207757330596206,
  "score5": 0.18276643130506606,
  "score6": 0.021009078793623043
}