{
  "score0": 0.1381835363632227,
  "score1": 0.13945057734782632,
  "score2": 0.16899757416393854,
  "score3": 0.16686410737308813,
  "score4": 0.3105888596103174,
  "score5": 0.625215542782417,
  "score6": 0.6662546229948769
}