{
  "score0": 0.15707658347786665,
  "score1": 0.17410715637146884,
  "score2": 0.16116594565622344,
  "score3": 0.34476003385703974,
  "score4": 0.7321553063068885,
  "score5": 0.590057483651025,
  "score6": 0.7400127551270281
}