{
  "score0": 0.7964520214386275,
  "score1": 0.1253013484993881,
  "score2": 0.09143086058520851,
  "score3": 0.05515876628828978,
  "score4": 0.4400090064565552,
  "score5": 0.2975152477546315,
  "score6": 0.3352796226476504
}