{
  "score0": 0.2520416964938247,
  "score1": 0.0289946989523642,
  "score2": 0.440392494284811,
  "score3": 0.5797570599173897,
  "score4": 0.7402519732382881,
  "score5": 0.585701686904167,
  "score6": 0.11296894764454653
}