{
  "score0": 0.03476206435693508,
  "score1": 0.3722752183836634,
  "score2": 0.6555229534637365,
  "score3": 0.7298749041917664,
  "score4": 0.7227996322105193,
  "score5": 0.025507962251875658,
  "score6": 0.32270564816728564
}