{
  "score0": 0.1631645221184192,
  "score1": 0.5894220654748001,
  "score2": 0.380768218317217,
  "score3": 0.7219700599143625,
  "score4": 0.7317602405592255,
  "score5": 0.424144931533822,
  "score6": 0.20947674976887107
}