{
  "score0": 0.19156211960648145,
  "score1": 0.5944950471979683,
  "score2": 0.20374234397479976,
  "score3": 0.6711825345735595,
  "score4": 0.7219700599143625,
  "score5": 0.7317602405592255,
  "score6": 0.424144931533822
}