{
  "score0": 0.3127002698513843,
  "score1": 0.15933151834746004,
  "score2": 0.2184601889400904,
  "score3": 0.22523936937765687,
  "score4": 0.12044708889187038,
  "score5": 0.06388383560248045,
  "score6": 0.30838900582638806
}