{
  "score0": 0.6313881812601814,
  "score1": 0.5463805392391045,
  "score2": 0.3523623185122804,
  "score3": 0.2626805984807141,
  "score4": 0.4510752611880702,
  "score5": 0.20610697557874327,
  "score6": 0.2900175893799401
}