{
  "score0": 0.199316859730383,
  "score1": 0.4089683991236428,
  "score2": 0.28048550493967017,
  "score3": 0.1716684607517571,
  "score4": 0.27570070153501186,
  "score5": 0.24636999668837975,
  "score6": 0.05333398838320306
}