{
  "score0": 0.02327859823752411,
  "score1": 0.2835138808913398,
  "score2": 0.503224600014272,
  "score3": 0.7345516826129498,
  "score4": 0.42038169625578165,
  "score5": 0.8101475452059135,
  "score6": 0.6069284578750435
}