{
  "score0": 0.14138487152611373,
  "score1": 0.45006517469279195,
  "score2": 0.20935446879350506,
  "score3": 0.16580382329456497,
  "score4": 0.3301006098382569,
  "score5": 0.2559965459307797,
  "score6": 0.013658922106599808
}