{
  "score0": 0.48710336672264076,
  "score1": 0.2971023863569533,
  "score2": 0.10847570506188804,
  "score3": 0.11729346442451082,
  "score4": 0.18101629337746572,
  "score5": 0.24316424075130508,
  "score6": 0.26513882127097405
}