{
  "score0": 0.16149951878981525,
  "score1": 0.22543846787437538,
  "score2": 0.6171374425105032,
  "score3": 0.7079090788879583,
  "score4": 0.18089111153458323,
  "score5": 0.5085880844408054,
  "score6": 0.3292187830752283
}