{
  "score0": 0.08288047755893661,
  "score1": 0.2873649003548631,
  "score2": 0.23584774901808295,
  "score3": 0.3972357680836243,
  "score4": 0.5931119763531858,
  "score5": 0.5360813214692549,
  "score6": 0.27380269085125497
}