{
  "score0": 0.4419010438394867,
  "score1": 0.23737904442339292,
  "score2": 0.07494859274950702,
  "score3": 0.29706320711363343,
  "score4": 0.09513668629170231,
  "score5": 0.4519531995008574,
  "score6": 0.20092252685683634
}