{
  "score0": 0.14626159614348722,
  "score1": 0.28484431843933017,
  "score2": 0.1509712274527419,
  "score3": 0.10409811963145581,
  "score4": 0.07509283194202326,
  "score5": 0.26194298555646384,
  "score6": 0.16850176502811418
}