{
  "score0": 0.4029076546576594,
  "score1": 0.5630071911540097,
  "score2": 0.7015470695589779,
  "score3": 0.7321829276240702,
  "score4": 0.5501144912061632,
  "score5": 0.5937682588592944,
  "score6": 0.4495969321471773
}