{
  "score0": 0.3869430890693628,
  "score1": 0.27773272187438014,
  "score2": 0.18478953707151966,
  "score3": 0.34082291992892566,
  "score4": 0.5290854862990356,
  "score5": 0.02950190391329104,
  "score6": 0.4753415631974039
}