{
  "score0": 0.070869182565639,
  "score1": 0.05371642061119018,
  "score2": 0.10217360486747355,
  "score3": 0.39283108117524307,
  "score4": 0.32358072487913114,
  "score5": 0.28406016828386343,
  "score6": 0.051947678337049746
}