{
  "score0": 0.35471433960477783,
  "score1": 0.320108823196976,
  "score2": 0.37679255926520816,
  "score3": 0.6952112683680243,
  "score4": 0.7005532766499084,
  "score5": 0.6884489901840252,
  "score6": 0.26586112923080946
}