{
  "score0": 0.44659815752441584,
  "score1": 0.4449219439833125,
  "score2": 0.5359883371954491,
  "score3": 0.6218883274727468,
  "score4": 0.7128838391357216,
  "score5": 0.7208008414038534,
  "score6": 0.45702516667301163
}