{
  "score0": 0.42980755410694776,
  "score1": 0.6083211210925034,
  "score2": 0.2512637969550197,
  "score3": 0.06595582888923074,
  "score4": 0.2156871254608087,
  "score5": 0.6323646252124075,
  "score6": 0.6787333481332967
}