{
  "score0": 0.24256380675666786,
  "score1": 0.345195326433405,
  "score2": 0.20884325754792984,
  "score3": 0.09252195576697148,
  "score4": 0.16889091744885673,
  "score5": 0.416855601817713,
  "score6": 0.696513295380499
}