{
  "score0": 0.3085749237008926,
  "score1": 0.05577451193670502,
  "score2": 0.22016415440318476,
  "score3": 0.3062001549373458,
  "score4": 0.48239632559646334,
  "score5": 0.5792102167588103,
  "score6": 0.6581301566340887
}