{
  "score0": 0.19473510369255898,
  "score1": 0.24337216673733128,
  "score2": 0.6369179139219489,
  "score3": 0.6386425159060015,
  "score4": 0.2052964160347596,
  "score5": 0.20793609481503875,
  "score6": 0.20705554785648564
}