{
  "score0": 0.31594994458422154,
  "score1": 0.41756422430658396,
  "score2": 0.6664159471728267,
  "score3": 0.7046987175830276,
  "score4": 0.31640341267130345,
  "score5": 0.28978700301839905,
  "score6": 0.10519098819878152
}