{
  "score0": 0.4660658746793097,
  "score1": 0.5446522714734784,
  "score2": 0.6970751195381653,
  "score3": 0.6936503025908687,
  "score4": 0.6695650175419904,
  "score5": 0.5292383182099903,
  "score6": 0.5301185731569368
}