{
  "score0": 0.2800255258878349,
  "score1": 0.5907851988339446,
  "score2": 0.35968351923223396,
  "score3": 0.12318278028724443,
  "score4": 0.3108326454902906,
  "score5": 0.16852111500120004,
  "score6": 0.3622022069313471
}