{
  "score0": 0.14282772983657996,
  "score1": 0.42876697546320525,
  "score2": 0.22539138238984446,
  "score3": 0.23307092964032683,
  "score4": 0.31587976956541164,
  "score5": 0.07404845692046334,
  "score6": 0.048569439588890186
}