{
  "score0": 0.4029076546576594,
  "score1": 0.5630071911540097,
  "score2": 0.707424576910879,
  "score3": 0.7311633078972751,
  "score4": 0.6566763875359424,
  "score5": 0.5108418988842196,
  "score6": 0.5721230943239207
}