{
  "score0": 0.268002406273953,
  "score1": 0.5388171081071746,
  "score2": 0.37061554666254753,
  "score3": 0.09397212033093365,
  "score4": 0.13462511961025359,
  "score5": 0.16366762885067776,
  "score6": 0.09872666819680638
}