{
  "score0": 0.13062037178026492,
  "score1": 0.3491342902899171,
  "score2": 0.5611139319325967,
  "score3": 0.3188142591608433,
  "score4": 0.748145135301761,
  "score5": 0.6814007642187999,
  "score6": 0.7996284435781158
}