{
  "score0": 0.46190326006044075,
  "score1": 0.24256380675666786,
  "score2": 0.345195326433405,
  "score3": 0.2576685639264492,
  "score4": 0.3003319038982309,
  "score5": 0.10114234727292494,
  "score6": 0.033088350008486395
}