{
  "score0": 0.4769302626886496,
  "score1": 0.5059558052709883,
  "score2": 0.23141195069194906,
  "score3": 0.25896324336804116,
  "score4": 0.38074909761229225,
  "score5": 0.2909042316597778,
  "score6": 0.5108021754002449
}