{
  "score0": 0.3765136772808549,
  "score1": 0.41224229159130105,
  "score2": 0.23516062391943374,
  "score3": 0.23919479985026182,
  "score4": 0.23264946637204068,
  "score5": 0.3428123051956444,
  "score6": 0.11885639185892072
}