{
  "score0": 0.36637161930953005,
  "score1": 0.320108823196976,
  "score2": 0.4000848622657082,
  "score3": 0.6879218360841336,
  "score4": 0.6643501183759597,
  "score5": 0.7343258933696019,
  "score6": 0.2500190785440713
}