{
  "score0": 0.19504481416164934,
  "score1": 0.6312488876331172,
  "score2": 0.4636730885256266,
  "score3": 0.3417569197271259,
  "score4": 0.33650033125272666,
  "score5": 0.24647081678014104,
  "score6": 0.030075766147205103
}