{
  "score0": 0.6576652628202893,
  "score1": 0.42980755410694776,
  "score2": 0.6083211210925034,
  "score3": 0.40459798108474226,
  "score4": 0.2878934818339643,
  "score5": 0.17989956487280293,
  "score6": 0.04991196247985946
}