{
  "score0": 0.46190326006044075,
  "score1": 0.24256380675666786,
  "score2": 0.2751614229715685,
  "score3": 0.3109883487272936,
  "score4": 0.3651586819220225,
  "score5": 0.07343818289500162,
  "score6": 0.013524052750808232
}