{
  "score0": 0.10907294782016992,
  "score1": 0.33035712137572393,
  "score2": 0.3408621300722698,
  "score3": 0.375573617011791,
  "score4": 0.5545740010880674,
  "score5": 0.6752002107551421,
  "score6": 0.6362220799000783
}