{
  "score0": 0.24763376527332184,
  "score1": 0.2524664102306756,
  "score2": 0.07126795656587809,
  "score3": 0.16084494867469176,
  "score4": 0.06137775035317047,
  "score5": 0.19690414905706455,
  "score6": 0.207246065990227
}