{
  "score0": 0.2958142669764428,
  "score1": 0.23756249992457568,
  "score2": 0.03228604374892286,
  "score3": 0.21938928478778455,
  "score4": 0.34842377886187376,
  "score5": 0.43077074093754425,
  "score6": 0.6713770616950661
}