{
  "score0": 0.2903085764895079,
  "score1": 0.3843413474865588,
  "score2": 0.6982935770928373,
  "score3": 0.6013996164049522,
  "score4": 0.7641019999651838,
  "score5": 0.3414826091271517,
  "score6": 0.21695680589348232
}