{
  "score0": 0.17512624231559842,
  "score1": 0.23710235611514488,
  "score2": 0.6816495748766246,
  "score3": 0.6626267668908172,
  "score4": 0.24290369139191967,
  "score5": 0.22314749899977163,
  "score6": 0.6016055476845296
}