{
  "score0": 0.17087107527883885,
  "score1": 0.23026222536160576,
  "score2": 0.16655952776753896,
  "score3": 0.09418307376925124,
  "score4": 0.2968435646634671,
  "score5": 0.04226540118213642,
  "score6": 0.17613892856918403
}