{
  "score0": 0.48873470052409806,
  "score1": 0.3281333537558686,
  "score2": 0.02067673860747103,
  "score3": 0.25413296981056005,
  "score4": 0.5187370147842799,
  "score5": 0.32051049801698883,
  "score6": 0.4113928718563195
}