{
  "score0": 0.180651486321191,
  "score1": 0.08145029004214524,
  "score2": 0.029944190233844873,
  "score3": 0.08374472591845922,
  "score4": 0.16294710071989416,
  "score5": 0.30635977138822973,
  "score6": 0.2229240876885524
}