{
  "score0": 0.033837674513369914,
  "score1": 0.16559578512208628,
  "score2": 0.444187110364183,
  "score3": 0.3978122878229769,
  "score4": 0.18123705335317475,
  "score5": 0.10731452592941892,
  "score6": 0.054172403186513556
}