{
  "score0": 0.14759675574170122,
  "score1": 0.45183254147992047,
  "score2": 0.33914725644145116,
  "score3": 0.22633386389664953,
  "score4": 0.1716684607517571,
  "score5": 0.27570070153501186,
  "score6": 0.24636999668837975
}