{
  "score0": 0.10473030796473062,
  "score1": 0.29261616779334826,
  "score2": 0.23584774901808295,
  "score3": 0.3972357680836243,
  "score4": 0.5931119763531858,
  "score5": 0.5360813214692549,
  "score6": 0.27380269085125497
}