{
  "score0": 0.47045328782408413,
  "score1": 0.3556265042751691,
  "score2": 0.0642514098800661,
  "score3": 0.07988534476561833,
  "score4": 0.12780055716670954,
  "score5": 0.6751939498776474,
  "score6": 0.4066178445191853
}