{
  "score0": 0.16633100331389894,
  "score1": 0.13742948152338605,
  "score2": 0.10755783736921945,
  "score3": 0.4802233868463319,
  "score4": 0.7361120801981231,
  "score5": 0.45733822117623174,
  "score6": 0.4418862034714053
}