{
  "score0": 0.13062037178026492,
  "score1": 0.3491342902899171,
  "score2": 0.5611139319325967,
  "score3": 0.3385043882571866,
  "score4": 0.7489112935382183,
  "score5": 0.6524967965946211,
  "score6": 0.6312317045149961
}