{
  "score0": 0.6655894341430874,
  "score1": 0.3587274503258694,
  "score2": 0.42384282667122175,
  "score3": 0.40459798108474226,
  "score4": 0.46615032907392195,
  "score5": 0.06320409438829934,
  "score6": 0.09060820097472277
}