{
  "score0": 0.4009743569801998,
  "score1": 0.09766180977134245,
  "score2": 0.07189692837431017,
  "score3": 0.19443739027293616,
  "score4": 0.37028529832317,
  "score5": 0.2911558756125762,
  "score6": 0.34243804974548175
}