{
  "score0": 0.4905982873293953,
  "score1": 0.26385387579122416,
  "score2": 0.05903409617676969,
  "score3": 0.3682770745046922,
  "score4": 0.5719247024376147,
  "score5": 0.6336564091683268,
  "score6": 0.7876591285414923
}