{
  "score0": 0.14626159614348722,
  "score1": 0.23050149235744383,
  "score2": 0.22824468919336097,
  "score3": 0.13452101626625576,
  "score4": 0.10409811963145581,
  "score5": 0.07509283194202326,
  "score6": 0.26194298555646384
}