{
  "score0": 0.2078050038438676,
  "score1": 0.5905216894473599,
  "score2": 0.5887065102859736,
  "score3": 0.2708647294406898,
  "score4": 0.15221832528689255,
  "score5": 0.15507748772465793,
  "score6": 0.2509580416912451
}