{
  "score0": 0.21859475412696283,
  "score1": 0.09540822215851899,
  "score2": 0.06043914552507999,
  "score3": 0.1199211980953992,
  "score4": 0.22953088586328665,
  "score5": 0.036371846425862636,
  "score6": 0.2746918498952977
}