{
  "score0": 0.45006517469279195,
  "score1": 0.20935446879350506,
  "score2": 0.27952105132511684,
  "score3": 0.43362193493534623,
  "score4": 0.1311336512244541,
  "score5": 0.03162116676179096,
  "score6": 0.17298759268051303
}