{
  "score0": 0.13412132983399833,
  "score1": 0.031483398530924,
  "score2": 0.16017083576057253,
  "score3": 0.40541025010295834,
  "score4": 0.5512455293253117,
  "score5": 0.49712352697334294,
  "score6": 0.7123620991949369
}