{
  "score0": 0.33035712137572393,
  "score1": 0.3408621300722698,
  "score2": 0.4103799592930874,
  "score3": 0.7058947632134199,
  "score4": 0.6934768240225169,
  "score5": 0.17896369817634528,
  "score6": 0.4168488635353631
}