{
  "score0": 0.6488281480052837,
  "score1": 0.3587274503258694,
  "score2": 0.42384282667122175,
  "score3": 0.5119202522626074,
  "score4": 0.4310075995434198,
  "score5": 0.23961293775192546,
  "score6": 0.013102576124134973
}