{
  "score0": 0.3966697193710416,
  "score1": 0.4374668715428387,
  "score2": 0.44671051053886046,
  "score3": 0.6717099332560151,
  "score4": 0.725179572441693,
  "score5": 0.5643145871801581,
  "score6": 0.2641335937999813
}