{
  "score0": 0.5162282548302587,
  "score1": 0.2464045843228237,
  "score2": 0.12042448082371283,
  "score3": 0.18101629337746572,
  "score4": 0.24316424075130508,
  "score5": 0.26513882127097405,
  "score6": 0.1265750417360996
}