{
  "score0": 0.31747015645362175,
  "score1": 0.02327859823752411,
  "score2": 0.2835138808913398,
  "score3": 0.547983221034858,
  "score4": 0.4063013193978399,
  "score5": 0.7385511049083641,
  "score6": 0.27972326024457256
}