{
  "score0": 0.2975915747448824,
  "score1": 0.05577451193670502,
  "score2": 0.28662222449032626,
  "score3": 0.5414781773303735,
  "score4": 0.2755996581905676,
  "score5": 0.7362678334658045,
  "score6": 0.6712123248070613
}