{
  "score0": 0.30598739620888254,
  "score1": 0.3321719354984793,
  "score2": 0.18970775703252543,
  "score3": 0.1420094045715541,
  "score4": 0.11279563773420535,
  "score5": 0.11280630778415246,
  "score6": 0.37621528734545234
}