{
  "score0": 0.19177014047323188,
  "score1": 0.13742948152338605,
  "score2": 0.19258289809600895,
  "score3": 0.4818414478786912,
  "score4": 0.39433642775007405,
  "score5": 0.5404225307581164,
  "score6": 0.5290409473038721
}