{
  "score0": 0.08993140082636866,
  "score1": 0.0381698881780117,
  "score2": 0.087734043831201,
  "score3": 0.29263493278115965,
  "score4": 0.2335458957478771,
  "score5": 0.42260744640448755,
  "score6": 0.3699088613537582
}