{
  "score0": 0.27680075143593297,
  "score1": 0.053302722212014354,
  "score2": 0.13947644054287872,
  "score3": 0.10516150586328321,
  "score4": 0.3781622024095612,
  "score5": 0.4679170684357568,
  "score6": 0.6297369084936694
}