{
  "score0": 0.47072809600544074,
  "score1": 0.28404856112598487,
  "score2": 0.0401583679037983,
  "score3": 0.4022463709060926,
  "score4": 0.47175479218421246,
  "score5": 0.5569913697162835,
  "score6": 0.7762837813904246
}