{
  "score0": 0.11782842033961474,
  "score1": 0.3107468711960512,
  "score2": 0.23658647731164928,
  "score3": 0.3753002293142627,
  "score4": 0.5978175596610876,
  "score5": 0.6562823258922877,
  "score6": 0.6796448605049511
}