{
  "score0": 0.5240205203696883,
  "score1": 0.4868277639959979,
  "score2": 0.2258510968673716,
  "score3": 0.24549071617143114,
  "score4": 0.28970048332358367,
  "score5": 0.5768417877879067,
  "score6": 0.5275740204888305
}