{
  "score0": 0.32984375547061145,
  "score1": 0.25037028458390087,
  "score2": 0.37679255926520816,
  "score3": 0.6813556727091061,
  "score4": 0.731905700568332,
  "score5": 0.5994239714318025,
  "score6": 0.08006855983115004
}