{
  "score0": 0.10879202286097746,
  "score1": 0.03130524366861156,
  "score2": 0.10756231434304903,
  "score3": 0.18766807202772381,
  "score4": 0.29263493278115965,
  "score5": 0.2335458957478771,
  "score6": 0.42260744640448755
}