{
  "score0": 0.18176841310442893,
  "score1": 0.23710235611514488,
  "score2": 0.6816495748766246,
  "score3": 0.4287699012826837,
  "score4": 0.34238679760792073,
  "score5": 0.1291564541347643,
  "score6": 0.11027357641336498
}