{
  "score0": 0.27885805689701626,
  "score1": 0.5044139775387699,
  "score2": 0.30397241863608965,
  "score3": 0.18839641585156588,
  "score4": 0.13462511961025359,
  "score5": 0.16366762885067776,
  "score6": 0.09872666819680638
}