{
  "score0": 0.14282772983657996,
  "score1": 0.44931808677252616,
  "score2": 0.18083021051488685,
  "score3": 0.23307092964032683,
  "score4": 0.31587976956541164,
  "score5": 0.07404845692046334,
  "score6": 0.048569439588890186
}