{
  "score0": 0.4696818155503578,
  "score1": 0.189689789903241,
  "score2": 0.27102753913242084,
  "score3": 0.3957721645221533,
  "score4": 0.3760425975086592,
  "score5": 0.12956125178408665,
  "score6": 0.05017408922975599
}