{
  "score0": 0.09244606865611907,
  "score1": 0.04286834714406311,
  "score2": 0.05889777982701908,
  "score3": 0.2944206092107617,
  "score4": 0.430392393874671,
  "score5": 0.2438880928628093,
  "score6": 0.31342166026794654
}