{
  "score0": 0.3281333537558686,
  "score1": 0.02067673860747103,
  "score2": 0.21202690762633206,
  "score3": 0.16418367944283388,
  "score4": 0.577544951595494,
  "score5": 0.6661150099948601,
  "score6": 0.7403844399097039
}