{
  "score0": 0.4984465272153344,
  "score1": 0.26385387579122416,
  "score2": 0.15535308391160763,
  "score3": 0.5739581901561289,
  "score4": 0.679750318552748,
  "score5": 0.10231874024691671,
  "score6": 0.4742997658791088
}