{
  "score0": 0.4170104793242365,
  "score1": 0.44717833132497553,
  "score2": 0.4907584271165743,
  "score3": 0.5850843062203708,
  "score4": 0.7461497893454169,
  "score5": 0.7046605375247336,
  "score6": 0.5822677691970394
}