{
  "score0": 0.04006113218429881,
  "score1": 0.04286834714406311,
  "score2": 0.11882660371164662,
  "score3": 0.2962659075452954,
  "score4": 0.24516602650078723,
  "score5": 0.372461765383267,
  "score6": 0.37908672589796283
}