{
  "score0": 0.24184243380436268,
  "score1": 0.2375877763981431,
  "score2": 0.08156239307410491,
  "score3": 0.06137775035317047,
  "score4": 0.19690414905706455,
  "score5": 0.207246065990227,
  "score6": 0.08509634493423536
}