{
  "score0": 0.17561456949237197,
  "score1": 0.26297214596891655,
  "score2": 0.6508058250303725,
  "score3": 0.5311903155892269,
  "score4": 0.34238679760792073,
  "score5": 0.1291564541347643,
  "score6": 0.11027357641336498
}