{
  "score0": 0.32984375547061145,
  "score1": 0.25037028458390087,
  "score2": 0.3813024418425345,
  "score3": 0.6933556173317833,
  "score4": 0.7430664330209091,
  "score5": 0.37672301254477986,
  "score6": 0.188105672938318
}