{
  "score0": 0.16560818045417944,
  "score1": 0.08993140082636866,
  "score2": 0.027391361980751094,
  "score3": 0.04401600673695246,
  "score4": 0.19808859799845172,
  "score5": 0.37630616124396904,
  "score6": 0.2689403653327234
}