{
  "score0": 0.10879202286097746,
  "score1": 0.03607913929204384,
  "score2": 0.087734043831201,
  "score3": 0.29263493278115965,
  "score4": 0.2335458957478771,
  "score5": 0.42260744640448755,
  "score6": 0.3699088613537582
}