{
  "score0": 0.2766881366062735,
  "score1": 0.07761817682438582,
  "score2": 0.23674526114014383,
  "score3": 0.25833769171290305,
  "score4": 0.3030121769283152,
  "score5": 0.6054391005249898,
  "score6": 0.2197130661063594
}