{
  "score0": 0.5555848169606998,
  "score1": 0.31206201327112276,
  "score2": 0.3679620570524871,
  "score3": 0.30867416552625265,
  "score4": 0.23701195826434973,
  "score5": 0.1516635728732257,
  "score6": 0.23923127497185392
}