{
  "score0": 0.6576652628202893,
  "score1": 0.42980755410694776,
  "score2": 0.6083211210925034,
  "score3": 0.40459798108474226,
  "score4": 0.46615032907392195,
  "score5": 0.06320409438829934,
  "score6": 0.09060820097472277
}