{
  "score0": 0.40859910360435364,
  "score1": 0.4110313377524428,
  "score2": 0.48111931910118616,
  "score3": 0.679489598295849,
  "score4": 0.7501180887593389,
  "score5": 0.33415414084561795,
  "score6": 0.6317524809010536
}