{
  "score0": 0.12679113051379015,
  "score1": 0.41087951611850676,
  "score2": 0.1749818054013498,
  "score3": 0.25555906699415615,
  "score4": 0.11932084283542721,
  "score5": 0.0878443194919057,
  "score6": 0.15064175646645947
}