{
  "score0": 0.2615790936705276,
  "score1": 0.10926827719804098,
  "score2": 0.06043914552507999,
  "score3": 0.10144042262503405,
  "score4": 0.11677550279857711,
  "score5": 0.01406979512697401,
  "score6": 0.3509708952603939
}