{
  "score0": 0.311279519750358,
  "score1": 0.20047045948687658,
  "score2": 0.19256371409283132,
  "score3": 0.06892321965895636,
  "score4": 0.23531265594741965,
  "score5": 0.24075648291178772,
  "score6": 0.6769813524604141
}