{
  "score0": 0.10976318702826689,
  "score1": 0.05371642061119018,
  "score2": 0.10217360486747355,
  "score3": 0.2944206092107617,
  "score4": 0.430392393874671,
  "score5": 0.2438880928628093,
  "score6": 0.31342166026794654
}