{
  "score0": 0.3966697193710416,
  "score1": 0.4374668715428387,
  "score2": 0.5041201855164662,
  "score3": 0.6655972420979165,
  "score4": 0.6597410523688455,
  "score5": 0.8020489728900628,
  "score6": 0.13422186198066605
}