{
  "score0": 0.3081975078665764,
  "score1": 0.1357570368850711,
  "score2": 0.6164175133620715,
  "score3": 0.1807581224296502,
  "score4": 0.06449260701914927,
  "score5": 0.21460521707228866,
  "score6": 0.5246757705505553
}