{
  "score0": 0.07255016537394593,
  "score1": 0.3879495677607833,
  "score2": 0.43493021243241126,
  "score3": 0.46751226224562364,
  "score4": 0.7429492197953277,
  "score5": 0.6673190861541455,
  "score6": 0.7852321397607712
}