{
  "score0": 0.21859475412696283,
  "score1": 0.09540822215851899,
  "score2": 0.05195646849660006,
  "score3": 0.14210416178640162,
  "score4": 0.18640530766392838,
  "score5": 0.12557900714823883,
  "score6": 0.34008283716682053
}