{
  "score0": 0.2567303006016539,
  "score1": 0.07626826429621038,
  "score2": 0.21812482287653426,
  "score3": 0.3080209510617278,
  "score4": 0.2023922440505391,
  "score5": 0.5755633222422155,
  "score6": 0.6002711472629092
}