{
  "score0": 0.09073604557177423,
  "score1": 0.2873649003548631,
  "score2": 0.23576653607078032,
  "score3": 0.31388504351247704,
  "score4": 0.6749210048840091,
  "score5": 0.38381030188100973,
  "score6": 0.6942710061059603
}