{
  "score0": 0.48730467394908517,
  "score1": 0.17698205588898192,
  "score2": 0.1943952051863692,
  "score3": 0.3957721645221533,
  "score4": 0.3760425975086592,
  "score5": 0.12956125178408665,
  "score6": 0.05017408922975599
}