{
  "score0": 0.4679914734807352,
  "score1": 0.28404856112598487,
  "score2": 0.0401583679037983,
  "score3": 0.6074969646094645,
  "score4": 0.7899653771174039,
  "score5": 0.4032894708159332,
  "score6": 0.5688020341419492
}