{
  "score0": 0.4170104793242365,
  "score1": 0.4374668715428387,
  "score2": 0.5041201855164662,
  "score3": 0.6580059707794201,
  "score4": 0.7461497893454169,
  "score5": 0.7046605375247336,
  "score6": 0.5822677691970394
}