{
  "score0": 0.4984465272153344,
  "score1": 0.26385387579122416,
  "score2": 0.026234686884708945,
  "score3": 0.47540736354595187,
  "score4": 0.5739581901561289,
  "score5": 0.679750318552748,
  "score6": 0.10231874024691671
}