{
  "score0": 0.18632227067161916,
  "score1": 0.2940793667787238,
  "score2": 0.6201661361332573,
  "score3": 0.7712988321679929,
  "score4": 0.7079090788879583,
  "score5": 0.18089111153458323,
  "score6": 0.5085880844408054
}