{
  "score0": 0.6361091961900025,
  "score1": 0.41132502781161656,
  "score2": 0.3780895143344768,
  "score3": 0.44687447048062007,
  "score4": 0.11190221773929886,
  "score5": 0.06972338987642925,
  "score6": 0.27625322901093036
}