{
  "score0": 0.08125533869270629,
  "score1": 0.22355876309374306,
  "score2": 0.4499587070069926,
  "score3": 0.3715684098416124,
  "score4": 0.4216274856527121,
  "score5": 0.13336811207252766,
  "score6": 0.38212742595879123
}