{
  "score0": 0.2984008810113486,
  "score1": 0.2762513317069031,
  "score2": 0.03571783729152585,
  "score3": 0.14117085132275256,
  "score4": 0.2429840834118265,
  "score5": 0.2518910879694736,
  "score6": 0.27807562096586436
}