{
  "score0": 0.5267599763345279,
  "score1": 0.30311266241981216,
  "score2": 0.18292626188430167,
  "score3": 0.5739581901561289,
  "score4": 0.679750318552748,
  "score5": 0.10231874024691671,
  "score6": 0.4742997658791088
}