{
  "score0": 0.5216086682713036,
  "score1": 0.43000363113876156,
  "score2": 0.08409573555071248,
  "score3": 0.2943052371168203,
  "score4": 0.23701195826434973,
  "score5": 0.2358370461446421,
  "score6": 0.11579692003735853
}