{
  "score0": 0.1357570368850711,
  "score1": 0.6164175133620715,
  "score2": 0.2413325981518072,
  "score3": 0.06675182391043553,
  "score4": 0.20843272848636832,
  "score5": 0.3874067103574403,
  "score6": 0.21677556233494633
}