{
  "score0": 0.07255016537394593,
  "score1": 0.3571880587286319,
  "score2": 0.40824274533819666,
  "score3": 0.477041509085131,
  "score4": 0.7429492197953277,
  "score5": 0.6673190861541455,
  "score6": 0.7852321397607712
}