{
  "score0": 0.2832871892205342,
  "score1": 0.37986847349878605,
  "score2": 0.6946860274747586,
  "score3": 0.595620332632982,
  "score4": 0.7046987175830276,
  "score5": 0.31640341267130345,
  "score6": 0.28978700301839905
}