{
  "score0": 0.5588125542346081,
  "score1": 0.264385560421221,
  "score2": 0.08409573555071248,
  "score3": 0.5507637186817459,
  "score4": 0.07999622492613334,
  "score5": 0.4435547068221095,
  "score6": 0.19594713158659238
}