{
  "score0": 0.2149897107805373,
  "score1": 0.3843413474865588,
  "score2": 0.6982935770928373,
  "score3": 0.6493567966637217,
  "score4": 0.7390552975608332,
  "score5": 0.26895262790850943,
  "score6": 0.3325375734602108
}