{
  "score0": 0.5548928312839514,
  "score1": 0.2905825504670869,
  "score2": 0.2557684291901208,
  "score3": 0.5201915309240286,
  "score4": 0.13226397588066655,
  "score5": 0.1555331652424163,
  "score6": 0.36333583194175806
}