{
  "score0": 0.3072637532479204,
  "score1": 0.20047045948687658,
  "score2": 0.18571780333221674,
  "score3": 0.1848604419581479,
  "score4": 0.2237204248417479,
  "score5": 0.12769455417710276,
  "score6": 0.5039970749303775
}