{
  "score0": 0.4492474270147238,
  "score1": 0.3036553208342808,
  "score2": 0.10334191356756178,
  "score3": 0.22394865523061147,
  "score4": 0.03661954064006356,
  "score5": 0.12248454373466548,
  "score6": 0.1975658901541506
}