{
  "score0": 0.4924387323217999,
  "score1": 0.4868277639959979,
  "score2": 0.2258510968673716,
  "score3": 0.24856352683664498,
  "score4": 0.38074909761229225,
  "score5": 0.2909042316597778,
  "score6": 0.5108021754002449
}