{
  "score0": 0.3252200575155472,
  "score1": 0.08429936533577147,
  "score2": 0.14555554289692368,
  "score3": 0.1930824980598551,
  "score4": 0.13545570299106488,
  "score5": 0.429754754411854,
  "score6": 0.4544960105823428
}