{
  "score0": 0.30782426805674173,
  "score1": 0.17715903667706442,
  "score2": 0.18571780333221674,
  "score3": 0.1848604419581479,
  "score4": 0.2237204248417479,
  "score5": 0.12769455417710276,
  "score6": 0.5039970749303775
}