{
  "score0": 0.31926799811801015,
  "score1": 0.18881957137059763,
  "score2": 0.4689002821239263,
  "score3": 0.0718278834535,
  "score4": 0.16693395582810813,
  "score5": 0.11335267915203334,
  "score6": 0.532409204280272
}