{
  "score0": 0.051724272699289635,
  "score1": 0.34689891306650056,
  "score2": 0.5028577596436794,
  "score3": 0.513517629743809,
  "score4": 0.7082836385542537,
  "score5": 0.6614534143487771,
  "score6": 0.41786882923405394
}