{
  "score0": 0.30782426805674173,
  "score1": 0.17715903667706442,
  "score2": 0.32518837003968876,
  "score3": 0.13234046861457685,
  "score4": 0.30603786749321893,
  "score5": 0.027547231966333335,
  "score6": 0.40588730272463347
}