{
  "score0": 0.26576873128949685,
  "score1": 0.12413847863136981,
  "score2": 0.3721897193602522,
  "score3": 0.1199367060327478,
  "score4": 0.05865766036388246,
  "score5": 0.19281086410488887,
  "score6": 0.41555421232098827
}