{
  "score0": 0.32164694107492814,
  "score1": 0.26294484343617386,
  "score2": 0.18478953707151966,
  "score3": 0.34082291992892566,
  "score4": 0.5290854862990356,
  "score5": 0.02950190391329104,
  "score6": 0.4753415631974039
}