{
  "score0": 0.2805189857311465,
  "score1": 0.623834634918109,
  "score2": 0.6289144622076269,
  "score3": 0.28810507732059876,
  "score4": 0.1412562861686485,
  "score5": 0.4590042385363055,
  "score6": 0.40979277141095943
}