{
  "score0": 0.4942338268855072,
  "score1": 0.17698205588898192,
  "score2": 0.18895004728226045,
  "score3": 0.477436892237544,
  "score4": 0.43362193493534623,
  "score5": 0.1311336512244541,
  "score6": 0.03162116676179096
}