{
  "score0": 0.07761817682438582,
  "score1": 0.23674526114014383,
  "score2": 0.3081603851284408,
  "score3": 0.6749210048840091,
  "score4": 0.38381030188100973,
  "score5": 0.6942710061059603,
  "score6": 0.4339596232555876
}