{
  "score0": 0.17512624231559842,
  "score1": 0.23710235611514488,
  "score2": 0.6148884056534466,
  "score3": 0.5606343878473566,
  "score4": 0.2274372846085151,
  "score5": 0.26048609942053963,
  "score6": 0.6765118102190865
}