{
  "score0": 0.49666476242450575,
  "score1": 0.26468432950178195,
  "score2": 0.07013478948391191,
  "score3": 0.6074969646094645,
  "score4": 0.7899653771174039,
  "score5": 0.4032894708159332,
  "score6": 0.5688020341419492
}