{
  "score0": 0.35633768980944014,
  "score1": 0.33761083733306557,
  "score2": 0.22362910296197988,
  "score3": 0.21224315042419753,
  "score4": 0.21905152532102568,
  "score5": 0.25544649989660034,
  "score6": 0.39253568429081565
}