{
  "score0": 0.5555848169606998,
  "score1": 0.4017230169714585,
  "score2": 0.07001052395783779,
  "score3": 0.19914417015362787,
  "score4": 0.6532816247847376,
  "score5": 0.44799475591171256,
  "score6": 0.1685089505286381
}