{
  "score0": 0.30598739620888254,
  "score1": 0.3321719354984793,
  "score2": 0.18287126410412344,
  "score3": 0.19901964588034424,
  "score4": 0.2399509171893536,
  "score5": 0.2776093367799924,
  "score6": 0.40571112570089435
}