{
  "score0": 0.5133316821746047,
  "score1": 0.4730935221813503,
  "score2": 0.16943976741516745,
  "score3": 0.2544609550777718,
  "score4": 0.1792831016993475,
  "score5": 0.06595582888923074,
  "score6": 0.2156871254608087
}