{
  "score0": 0.22812047157398874,
  "score1": 0.08081578559017843,
  "score2": 0.04996313282159183,
  "score3": 0.11406341017113308,
  "score4": 0.1930824980598551,
  "score5": 0.13545570299106488,
  "score6": 0.429754754411854
}