{
  "score0": 0.2531897361602628,
  "score1": 0.11874030466497619,
  "score2": 0.35076143794559733,
  "score3": 0.10840942221240339,
  "score4": 0.05695244753302564,
  "score5": 0.18127066790435142,
  "score6": 0.41184773809076347
}