{
  "score0": 0.30351558928035643,
  "score1": 0.039126025352475176,
  "score2": 0.2886004623485601,
  "score3": 0.5414781773303735,
  "score4": 0.2755996581905676,
  "score5": 0.7362678334658045,
  "score6": 0.6712123248070613
}