{
  "score0": 0.18044290793661583,
  "score1": 0.19686895088635128,
  "score2": 0.21571121599351192,
  "score3": 0.1596988477197707,
  "score4": 0.32358596373942233,
  "score5": 0.12701305430245094,
  "score6": 0.014053815447253938
}