{
  "score0": 0.29578345962805436,
  "score1": 0.2411890959497568,
  "score2": 0.002671804161974606,
  "score3": 0.398584748004337,
  "score4": 0.6161142689821989,
  "score5": 0.30572807407823205,
  "score6": 0.4183030767511166
}