{
  "score0": 0.4661738356000916,
  "score1": 0.5630071911540097,
  "score2": 0.707424576910879,
  "score3": 0.7222975141978171,
  "score4": 0.7149643003255061,
  "score5": 0.4570894325223032,
  "score6": 0.36989721822814636
}