{
  "score0": 0.2805189857311465,
  "score1": 0.6480496882686088,
  "score2": 0.4977501310707125,
  "score3": 0.1412562861686485,
  "score4": 0.4590042385363055,
  "score5": 0.40979277141095943,
  "score6": 0.16813396833030472
}