{
  "score0": 0.45995998774952584,
  "score1": 0.23737904442339292,
  "score2": 0.07163803071802914,
  "score3": 0.18446154043262605,
  "score4": 0.13928857575480602,
  "score5": 0.15344557247904253,
  "score6": 0.09086735041403449
}