{
  "score0": 0.13121400074059214,
  "score1": 0.4719616498222193,
  "score2": 0.2283216404410153,
  "score3": 0.22832123407147983,
  "score4": 0.06675182391043553,
  "score5": 0.20843272848636832,
  "score6": 0.3874067103574403
}