{
  "score0": 0.30598739620888254,
  "score1": 0.3321719354984793,
  "score2": 0.16975663602280378,
  "score3": 0.2471214967721507,
  "score4": 0.12173971194518968,
  "score5": 0.09252195576697148,
  "score6": 0.16889091744885673
}