{
  "score0": 0.45995998774952584,
  "score1": 0.23737904442339292,
  "score2": 0.07494859274950702,
  "score3": 0.17482758034749568,
  "score4": 0.1110743827101644,
  "score5": 0.23453630765755898,
  "score6": 0.014606311169489683
}