{
  "score0": 0.6361091961900025,
  "score1": 0.37570865424295213,
  "score2": 0.23590813904003946,
  "score3": 0.5465421824917276,
  "score4": 0.3895324199013499,
  "score5": 0.145380577584123,
  "score6": 0.05315702220871347
}