{
  "score0": 0.29693813586798584,
  "score1": 0.5884688048424103,
  "score2": 0.44846552367406545,
  "score3": 0.17332627848631954,
  "score4": 0.3108326454902906,
  "score5": 0.19668815452778698,
  "score6": 0.1429861379902447
}