{
  "score0": 0.12679113051379015,
  "score1": 0.41087951611850676,
  "score2": 0.3179073891818874,
  "score3": 0.22288910479689825,
  "score4": 0.11951851014921684,
  "score5": 0.10825665473873329,
  "score6": 0.15071327169740456
}