{
  "score0": 0.17522246561379667,
  "score1": 0.08145029004214524,
  "score2": 0.08468012163707704,
  "score3": 0.11593754466448229,
  "score4": 0.2935636778553881,
  "score5": 0.35744647705391275,
  "score6": 0.250324995185353
}