{
  "score0": 0.5133316821746047,
  "score1": 0.4730935221813503,
  "score2": 0.1830476393089263,
  "score3": 0.22910959848424917,
  "score4": 0.3925056200560624,
  "score5": 0.5091662699876335,
  "score6": 0.6449803653345443
}