{
  "score0": 0.15870505553706354,
  "score1": 0.05997133853767505,
  "score2": 0.1632952009016234,
  "score3": 0.5512455293253117,
  "score4": 0.49712352697334294,
  "score5": 0.7123620991949369,
  "score6": 0.41356506746793825
}