{
  "score0": 0.04006113218429881,
  "score1": 0.04286834714406311,
  "score2": 0.05889777982701908,
  "score3": 0.24964142656468702,
  "score4": 0.2971796165999118,
  "score5": 0.32346735219004236,
  "score6": 0.4428130921230136
}