{
  "score0": 0.47303113050643264,
  "score1": 0.189689789903241,
  "score2": 0.2751614229715685,
  "score3": 0.3109883487272936,
  "score4": 0.3651586819220225,
  "score5": 0.07343818289500162,
  "score6": 0.013524052750808232
}