{
  "score0": 0.27694948868963487,
  "score1": 0.37986847349878605,
  "score2": 0.6898856495904933,
  "score3": 0.7021103774835504,
  "score4": 0.5520911870173958,
  "score5": 0.3072255289473463,
  "score6": 0.2813676055558935
}