{
  "score0": 0.6312488876331172,
  "score1": 0.388520020870429,
  "score2": 0.3780895143344768,
  "score3": 0.44687447048062007,
  "score4": 0.11190221773929886,
  "score5": 0.06972338987642925,
  "score6": 0.27625322901093036
}