{
  "score0": 0.2984008810113486,
  "score1": 0.2411890959497568,
  "score2": 0.009880186046073472,
  "score3": 0.2368379262565784,
  "score4": 0.2429840834118265,
  "score5": 0.2518910879694736,
  "score6": 0.27807562096586436
}