{
  "score0": 0.5555848169606998,
  "score1": 0.31206201327112276,
  "score2": 0.38258584619535396,
  "score3": 0.05551915216555472,
  "score4": 0.19914417015362787,
  "score5": 0.6532816247847376,
  "score6": 0.44799475591171256
}