{
  "score0": 0.08125533869270629,
  "score1": 0.17580069757483674,
  "score2": 0.40567448228636765,
  "score3": 0.4216274856527121,
  "score4": 0.13336811207252766,
  "score5": 0.38212742595879123,
  "score6": 0.3399955546235582
}