{
  "score0": 0.14486789254099233,
  "score1": 0.44931808677252616,
  "score2": 0.18083021051488685,
  "score3": 0.2594925516472317,
  "score4": 0.22206096880170198,
  "score5": 0.07740293288856295,
  "score6": 0.133162277077728
}