{
  "score0": 0.10473030796473062,
  "score1": 0.29261616779334826,
  "score2": 0.27147398189634414,
  "score3": 0.2506060581658934,
  "score4": 0.5776086545448299,
  "score5": 0.600026018307616,
  "score6": 0.4505498562174086
}