{
  "score0": 0.046919532192135134,
  "score1": 0.199316859730383,
  "score2": 0.4089683991236428,
  "score3": 0.2287933078106004,
  "score4": 0.1458143727521168,
  "score5": 0.14794066363523992,
  "score6": 0.12552454359639528
}