{
  "score0": 0.4009743569801998,
  "score1": 0.18222260052923803,
  "score2": 0.127102794564459,
  "score3": 0.19443739027293616,
  "score4": 0.37028529832317,
  "score5": 0.2911558756125762,
  "score6": 0.34243804974548175
}