{
  "score0": 0.4433827669373036,
  "score1": 0.09766180977134245,
  "score2": 0.046369105597970625,
  "score3": 0.035173243187077916,
  "score4": 0.21412626116078162,
  "score5": 0.46362688961087667,
  "score6": 0.22949969443961504
}