{
  "score0": 0.24893062339028096,
  "score1": 0.07626826429621038,
  "score2": 0.21812482287653426,
  "score3": 0.24247350993669467,
  "score4": 0.2048577633731227,
  "score5": 0.4059618811135133,
  "score6": 0.6551304513812352
}