{
  "score0": 0.4009743569801998,
  "score1": 0.09766180977134245,
  "score2": 0.046369105597970625,
  "score3": 0.211210532387937,
  "score4": 0.28033651890384453,
  "score5": 0.36077525202756816,
  "score6": 0.2302575302392881
}