{
  "score0": 0.2078050038438676,
  "score1": 0.5905216894473599,
  "score2": 0.35729944608261355,
  "score3": 0.316755960701087,
  "score4": 0.1194474334915634,
  "score5": 0.14258212487161678,
  "score6": 0.2507444601380826
}