{
  "score0": 0.3085749237008926,
  "score1": 0.05577451193670502,
  "score2": 0.28662222449032626,
  "score3": 0.21886202093085524,
  "score4": 0.3734685291987165,
  "score5": 0.5601567384240765,
  "score6": 0.6240596458689792
}