{
  "score0": 0.3258136479697798,
  "score1": 0.17715903667706442,
  "score2": 0.32518837003968876,
  "score3": 0.0718278834535,
  "score4": 0.16693395582810813,
  "score5": 0.11335267915203334,
  "score6": 0.532409204280272
}