{
  "score0": 0.2905825504670869,
  "score1": 0.23122841673541472,
  "score2": 0.19592052431650578,
  "score3": 0.23531265594741965,
  "score4": 0.24075648291178772,
  "score5": 0.6769813524604141,
  "score6": 0.7465277479142465
}