{
  "score0": 0.3409129152820235,
  "score1": 0.33761083733306557,
  "score2": 0.22362910296197988,
  "score3": 0.18135750869838632,
  "score4": 0.30156826120959074,
  "score5": 0.1528467678829388,
  "score6": 0.39929695478348476
}