{
  "score0": 0.4578159691604866,
  "score1": 0.15625603888380693,
  "score2": 0.03972330986583728,
  "score3": 0.035173243187077916,
  "score4": 0.21412626116078162,
  "score5": 0.46362688961087667,
  "score6": 0.22949969443961504
}