{
  "score0": 0.17522246561379667,
  "score1": 0.08145029004214524,
  "score2": 0.029944190233844873,
  "score3": 0.08469257395253639,
  "score4": 0.19679982362778772,
  "score5": 0.47581324310756434,
  "score6": 0.10367894666861903
}