{
  "score0": 0.311279519750358,
  "score1": 0.24593007894376367,
  "score2": 0.19592052431650578,
  "score3": 0.23531265594741965,
  "score4": 0.24075648291178772,
  "score5": 0.6769813524604141,
  "score6": 0.7465277479142465
}