{
  "score0": 0.2080189256179882,
  "score1": 0.5684741637638723,
  "score2": 0.4636730885256266,
  "score3": 0.3417569197271259,
  "score4": 0.2769537496842065,
  "score5": 0.35870413491771647,
  "score6": 0.03304080039331591
}