{
  "score0": 0.1354516849329663,
  "score1": 0.16149951878981525,
  "score2": 0.22543846787437538,
  "score3": 0.5480515333531343,
  "score4": 0.618038826512549,
  "score5": 0.49859148331124,
  "score6": 0.09587534362964105
}