{
  "score0": 0.13554139511296306,
  "score1": 0.19686895088635128,
  "score2": 0.20985502480233287,
  "score3": 0.18681289070660148,
  "score4": 0.18219858907019593,
  "score5": 0.08369433788071438,
  "score6": 0.10445268639302424
}