{
  "score0": 0.10907294782016992,
  "score1": 0.3107468711960512,
  "score2": 0.23658647731164928,
  "score3": 0.3753002293142627,
  "score4": 0.5545740010880674,
  "score5": 0.6752002107551421,
  "score6": 0.6362220799000783
}