{
  "score0": 0.5133316821746047,
  "score1": 0.4730935221813503,
  "score2": 0.24016428469338458,
  "score3": 0.10710486067339442,
  "score4": 0.13017664845346752,
  "score5": 0.5351407824224625,
  "score6": 0.6303048460635726
}