{
  "score0": 0.19177014047323188,
  "score1": 0.13742948152338605,
  "score2": 0.10755783736921945,
  "score3": 0.44568444320757905,
  "score4": 0.5008080348527885,
  "score5": 0.44833489635009305,
  "score6": 0.6112078889094247
}