{
  "score0": 0.44842994375394696,
  "score1": 0.15870505553706354,
  "score2": 0.05997133853767505,
  "score3": 0.05978757948238992,
  "score4": 0.23818357286714606,
  "score5": 0.43801411853739536,
  "score6": 0.5918105578325634
}