{
  "score0": 0.5555848169606998,
  "score1": 0.31206201327112276,
  "score2": 0.3509743165755551,
  "score3": 0.10582173829814388,
  "score4": 0.3364658416988835,
  "score5": 0.6113662476496299,
  "score6": 0.28344455193778745
}