{
  "score0": 0.2080189256179882,
  "score1": 0.5684741637638723,
  "score2": 0.35729944608261355,
  "score3": 0.2823032903918379,
  "score4": 0.2769537496842065,
  "score5": 0.35870413491771647,
  "score6": 0.03304080039331591
}