{
  "score0": 0.31131371759514515,
  "score1": 0.018332638193748925,
  "score2": 0.23820795599019137,
  "score3": 0.11167850665991245,
  "score4": 0.16418367944283388,
  "score5": 0.577544951595494,
  "score6": 0.6661150099948601
}