{
  "score0": 0.3290067343726372,
  "score1": 0.41224229159130105,
  "score2": 0.23516062391943374,
  "score3": 0.18135750869838632,
  "score4": 0.30156826120959074,
  "score5": 0.1528467678829388,
  "score6": 0.39929695478348476
}