{
  "score0": 0.26261799765569516,
  "score1": 0.06870202319928846,
  "score2": 0.213876511195183,
  "score3": 0.3080209510617278,
  "score4": 0.2023922440505391,
  "score5": 0.5755633222422155,
  "score6": 0.6002711472629092
}