{
  "score0": 0.030015385974213424,
  "score1": 0.17844348261828394,
  "score2": 0.435776764292593,
  "score3": 0.3978122878229769,
  "score4": 0.18123705335317475,
  "score5": 0.10731452592941892,
  "score6": 0.054172403186513556
}