{
  "score0": 0.14486789254099233,
  "score1": 0.44931808677252616,
  "score2": 0.22776948132811642,
  "score3": 0.2863990181767151,
  "score4": 0.17304530768258522,
  "score5": 0.06569224806235219,
  "score6": 0.19150152175103266
}