{
  "score0": 0.4856761526523663,
  "score1": 0.3036553208342808,
  "score2": 0.10334191356756178,
  "score3": 0.22394865523061147,
  "score4": 0.09513668629170231,
  "score5": 0.4519531995008574,
  "score6": 0.20092252685683634
}