{
  "score0": 0.31813271505489243,
  "score1": 0.14167916337771444,
  "score2": 0.699997348470722,
  "score3": 0.18343091433838388,
  "score4": 0.06840587159170865,
  "score5": 0.23306624772206042,
  "score6": 0.5545662493330478
}