{
  "score0": 0.1583208446640511,
  "score1": 0.13772562138715086,
  "score2": 0.1449470943374864,
  "score3": 0.4802233868463319,
  "score4": 0.7361120801981231,
  "score5": 0.45733822117623174,
  "score6": 0.4418862034714053
}