{
  "score0": 0.4660658746793097,
  "score1": 0.5434621953586909,
  "score2": 0.6545634048798565,
  "score3": 0.6695650175419904,
  "score4": 0.5292383182099903,
  "score5": 0.5301185731569368,
  "score6": 0.16687135368685355
}