{
  "score0": 0.4492474270147238,
  "score1": 0.3252200575155472,
  "score2": 0.08429936533577147,
  "score3": 0.272443418308997,
  "score4": 0.03661954064006356,
  "score5": 0.12248454373466548,
  "score6": 0.1975658901541506
}