{
  "score0": 0.4696818155503578,
  "score1": 0.189689789903241,
  "score2": 0.2751614229715685,
  "score3": 0.3423134145670417,
  "score4": 0.43196113826168964,
  "score5": 0.19395176891781626,
  "score6": 0.031145302103264685
}