{
  "score0": 0.3486639439886799,
  "score1": 0.3019516034803466,
  "score2": 0.34736413139235645,
  "score3": 0.6203488659452708,
  "score4": 0.7058947632134199,
  "score5": 0.6934768240225169,
  "score6": 0.17896369817634528
}