{
  "score0": 0.11325146239025392,
  "score1": 0.16728277578875528,
  "score2": 0.40567448228636765,
  "score3": 0.4216274856527121,
  "score4": 0.13336811207252766,
  "score5": 0.38212742595879123,
  "score6": 0.3399955546235582
}