{
  "score0": 0.3762528946198173,
  "score1": 0.23690945498793414,
  "score2": 0.032185319306526274,
  "score3": 0.6391989177064198,
  "score4": 0.7997723766821706,
  "score5": 0.4191831950250817,
  "score6": 0.6142035056410231
}