{
  "score0": 0.25316873293856074,
  "score1": 0.043617851870548105,
  "score2": 0.24902168464179772,
  "score3": 0.6442463813309803,
  "score4": 0.3064164493376758,
  "score5": 0.7719894603007758,
  "score6": 0.6809582647916782
}