{
  "score0": 0.40119580040805797,
  "score1": 0.21553409793322892,
  "score2": 0.10084658229907101,
  "score3": 0.2202671323558464,
  "score4": 0.42248358615459564,
  "score5": 0.30410002200703273,
  "score6": 0.37205669473873604
}