{
  "score0": 0.36454286265044483,
  "score1": 0.2180052109200676,
  "score2": 0.047004166319105395,
  "score3": 0.38739602477945895,
  "score4": 0.5825402662058057,
  "score5": 0.4032747918672391,
  "score6": 0.44728858854109266
}