{
  "score0": 0.2265830249171191,
  "score1": 0.5128337578742861,
  "score2": 0.311754016064646,
  "score3": 0.14968988962760232,
  "score4": 0.3448940130968901,
  "score5": 0.23676840335705984,
  "score6": 0.3109780389787386
}