{
  "score0": 0.14274600415994818,
  "score1": 0.10092253731795296,
  "score2": 0.07709034962199116,
  "score3": 0.5404774895461345,
  "score4": 0.7702352025470605,
  "score5": 0.5124286176093295,
  "score6": 0.4529727029010684
}