{
  "score0": 0.26334377721449964,
  "score1": 0.043617851870548105,
  "score2": 0.24357097563588256,
  "score3": 0.5476850767523335,
  "score4": 0.4074913633460337,
  "score5": 0.7433058579616557,
  "score6": 0.3151829830081907
}