{
  "score0": 0.43683059891754555,
  "score1": 0.3867209001585252,
  "score2": 0.3007910809021561,
  "score3": 0.1019950285745142,
  "score4": 0.242065696533265,
  "score5": 0.68524291573924,
  "score6": 0.6723139688405787
}