{
  "score0": 0.26841533368727954,
  "score1": 0.015647443386260333,
  "score2": 0.20170860114536862,
  "score3": 0.1886873639646173,
  "score4": 0.6288863854654828,
  "score5": 0.6955719788869033,
  "score6": 0.8125615083622928
}