{
  "score0": 0.49733489803573827,
  "score1": 0.2525730053183261,
  "score2": 0.27399461123917734,
  "score3": 0.3600826382724969,
  "score4": 0.23977838374066407,
  "score5": 0.16575475066219006,
  "score6": 0.26580960157363914
}