{
  "score0": 0.40263077497438915,
  "score1": 0.4795576537752963,
  "score2": 0.734439640742841,
  "score3": 0.7248230385320653,
  "score4": 0.7097674283432381,
  "score5": 0.4912597638316418,
  "score6": 0.3935248714895338
}