{
  "score0": 0.051255608387579185,
  "score1": 0.2912622841138565,
  "score2": 0.3991282077490888,
  "score3": 0.419999210324507,
  "score4": 0.721640433129107,
  "score5": 0.44694646998697657,
  "score6": 0.8153580952925187
}