{
  "score0": 0.4257777615429654,
  "score1": 0.4496477231770457,
  "score2": 0.6707021353311755,
  "score3": 0.6679359371211525,
  "score4": 0.5292383182099903,
  "score5": 0.5485765956344828,
  "score6": 0.18177079742821967
}