{
  "score0": 0.19290939865320397,
  "score1": 0.5249265489800811,
  "score2": 0.5496027697681118,
  "score3": 0.3297177330714886,
  "score4": 0.1519374244528265,
  "score5": 0.5308280662917576,
  "score6": 0.47840722963191556
}