{
  "score0": 0.34781161555277285,
  "score1": 0.07743692195595854,
  "score2": 0.03697088048533237,
  "score3": 0.05872464640060022,
  "score4": 0.25347273603859144,
  "score5": 0.48228837137030567,
  "score6": 0.2442504142573918
}