{
  "score0": 0.13106462997216234,
  "score1": 0.1694270623498926,
  "score2": 0.5512694469594241,
  "score3": 0.6035347060090323,
  "score4": 0.22666965612641485,
  "score5": 0.31257989250280477,
  "score6": 0.7013085364967123
}