{
  "score0": 0.4179056487416928,
  "score1": 0.2544875419793951,
  "score2": 0.19621879614495946,
  "score3": 0.6346019896987267,
  "score4": 0.6958119418634782,
  "score5": 0.10313093967275926,
  "score6": 0.45899530259809773
}