{
  "score0": 0.2535382784190577,
  "score1": 0.1432308117071795,
  "score2": 0.20245548681216174,
  "score3": 0.265460304433866,
  "score4": 0.23997621549869938,
  "score5": 0.6769813524604141,
  "score6": 0.8364346783054089
}