{
  "score0": 0.3910675482681229,
  "score1": 0.1735087595188768,
  "score2": 0.1298182050026937,
  "score3": 0.19336146557181322,
  "score4": 0.26974536980280467,
  "score5": 0.31289478786612734,
  "score6": 0.13849040090897013
}