{
  "score0": 0.24942621162490886,
  "score1": 0.050101371323906185,
  "score2": 0.19035588283117347,
  "score3": 0.3847002089430118,
  "score4": 0.5166459226242613,
  "score5": 0.612030339605863,
  "score6": 0.6726066248381005
}