{
  "score0": 0.13544402569524217,
  "score1": 0.2214036107256277,
  "score2": 0.5485948076024821,
  "score3": 0.7337341648561707,
  "score4": 0.7069070598894763,
  "score5": 0.2206245064239708,
  "score6": 0.5772982202852062
}