{
  "score0": 0.5417706985961022,
  "score1": 0.28116184951729223,
  "score2": 0.34824779007116824,
  "score3": 0.5686411719179411,
  "score4": 0.5095124327484263,
  "score5": 0.24921752492694224,
  "score6": 0.026768851639393215
}