{
  "score0": 0.49093253276178306,
  "score1": 0.2525730053183261,
  "score2": 0.27712020789220804,
  "score3": 0.05888855266399687,
  "score4": 0.23053372892403076,
  "score5": 0.7523937496068572,
  "score6": 0.5354887533344163
}