{
  "score0": 0.12486563580435911,
  "score1": 0.04143776992944865,
  "score2": 0.15945216422330602,
  "score3": 0.5380269617765089,
  "score4": 0.5483273995160575,
  "score5": 0.7677637337766735,
  "score6": 0.44689483962113535
}