{
  "score0": 0.1625171886973036,
  "score1": 0.09499908009152379,
  "score2": 0.1690883102527085,
  "score3": 0.553375840400403,
  "score4": 0.4497660093125994,
  "score5": 0.596862425500959,
  "score6": 0.5362456774817564
}