{
  "score0": 0.11112923838376254,
  "score1": 0.3732180371541977,
  "score2": 0.148907781496044,
  "score3": 0.2994988364167479,
  "score4": 0.26702537556886813,
  "score5": 0.10731056853803182,
  "score6": 0.14248407648778885
}