{
  "score0": 0.24872508990247943,
  "score1": 0.07976645648502528,
  "score2": 0.5609057441191095,
  "score3": 0.1456328318535192,
  "score4": 0.08552264687306478,
  "score5": 0.21873544337131853,
  "score6": 0.5602775023182075
}