{
  "score0": 0.4710974298482339,
  "score1": 0.3511657371843477,
  "score2": 0.04328694653433794,
  "score3": 0.34505307456485773,
  "score4": 0.22289711896471642,
  "score5": 0.2668094887095542,
  "score6": 0.11536415157703335
}