{
  "score0": 0.24872508990247943,
  "score1": 0.07976645648502528,
  "score2": 0.5609057441191095,
  "score3": 0.14457636377238006,
  "score4": 0.1336802193075842,
  "score5": 0.21873544337131853,
  "score6": 0.5602775023182075
}