{
  "score0": 0.35065969874212255,
  "score1": 0.07743692195595854,
  "score2": 0.03697088048533237,
  "score3": 0.25203861985914927,
  "score4": 0.31303179516096513,
  "score5": 0.3776445543554261,
  "score6": 0.24583538588019174
}