{
  "score0": 0.11454731770373695,
  "score1": 0.15302624868168296,
  "score2": 0.5946675741225657,
  "score3": 0.7069070598894763,
  "score4": 0.2206245064239708,
  "score5": 0.5772982202852062,
  "score6": 0.38112243876774077
}