{
  "score0": 0.106510392685116,
  "score1": 0.18744669401740702,
  "score2": 0.5112548578671503,
  "score3": 0.4778268871002039,
  "score4": 0.3600728891829679,
  "score5": 0.17545529444025543,
  "score6": 0.12271925413172152
}