{
  "score0": 0.4048036861620281,
  "score1": 0.42160014268919116,
  "score2": 0.1934599161662741,
  "score3": 0.26945250325040865,
  "score4": 0.46848686448026666,
  "score5": 0.31813580777825184,
  "score6": 0.5269002255891521
}