{
  "score0": 0.2837647072306758,
  "score1": 0.110661644316305,
  "score2": 0.18260270991947875,
  "score3": 0.18798202728249816,
  "score4": 0.24102802026930792,
  "score5": 0.14461284262411386,
  "score6": 0.5542135045360711
}