{
  "score0": 0.1311622291024836,
  "score1": 0.4923988331057216,
  "score2": 0.2839627542675569,
  "score3": 0.2680781009593796,
  "score4": 0.30889863568276515,
  "score5": 0.41143673452620994,
  "score6": 0.04817154223603052
}