{
  "score0": 0.17079756810505642,
  "score1": 0.5283666316930795,
  "score2": 0.4839212805233555,
  "score3": 0.1519374244528265,
  "score4": 0.5308280662917576,
  "score5": 0.47840722963191556,
  "score6": 0.15719000162460414
}