{
  "score0": 0.3463089676446137,
  "score1": 0.3592448538692939,
  "score2": 0.36780205264571586,
  "score3": 0.6768377004545604,
  "score4": 0.7428744988501542,
  "score5": 0.5887860561934676,
  "score6": 0.29152617208813797
}