{
  "score0": 0.5163576088456627,
  "score1": 0.33743945996135205,
  "score2": 0.361641618161355,
  "score3": 0.5181991486151353,
  "score4": 0.1311304444332848,
  "score5": 0.0901995923524203,
  "score6": 0.2960452637263105
}