{
  "score0": 0.13583711161681233,
  "score1": 0.5114815948118826,
  "score2": 0.36529667017302303,
  "score3": 0.35806425677503356,
  "score4": 0.4031433504831359,
  "score5": 0.2910441739087829,
  "score6": 0.03124413408423279
}