{
  "score0": 0.4580520920664553,
  "score1": 0.3689548396201634,
  "score2": 0.18613855928626397,
  "score3": 0.2659330639129238,
  "score4": 0.33510746649613016,
  "score5": 0.5971352530415923,
  "score6": 0.5783689612151907
}