{
  "score0": 0.13106462997216234,
  "score1": 0.1694270623498926,
  "score2": 0.579572881613,
  "score3": 0.6906303298491233,
  "score4": 0.24361913385730125,
  "score5": 0.2637910960594017,
  "score6": 0.6327114922791958
}