{
  "score0": 0.369864686554533,
  "score1": 0.3592448538692939,
  "score2": 0.4185934143998705,
  "score3": 0.6441241257301652,
  "score4": 0.7431528757104132,
  "score5": 0.7148582576734781,
  "score6": 0.5977531025862852
}