{
  "score0": 0.25355125039788384,
  "score1": 0.12435301834612877,
  "score2": 0.5146166436554294,
  "score3": 0.1563214837885667,
  "score4": 0.08984232432367094,
  "score5": 0.23773075845126498,
  "score6": 0.5921808989461764
}