{
  "score0": 0.24407093417877754,
  "score1": 0.5413719575827979,
  "score2": 0.41343531429686614,
  "score3": 0.14968988962760232,
  "score4": 0.3448940130968901,
  "score5": 0.23676840335705984,
  "score6": 0.18343091433838388
}