{
  "score0": 0.3338676033507814,
  "score1": 0.40198633693355723,
  "score2": 0.45043893683554664,
  "score3": 0.6603341549659781,
  "score4": 0.7738476034077161,
  "score5": 0.3838949645031147,
  "score6": 0.6776171312691156
}