{
  "score0": 0.43683059891754555,
  "score1": 0.35006013260282354,
  "score2": 0.16314613769612296,
  "score3": 0.24551256080465733,
  "score4": 0.18217016127060484,
  "score5": 0.10124735844672213,
  "score6": 0.44965194291365584
}