{
  "score0": 0.0646336362883035,
  "score1": 0.2912622841138565,
  "score2": 0.3863359839561607,
  "score3": 0.5369076834685828,
  "score4": 0.6997561458591025,
  "score5": 0.6509974207556444,
  "score6": 0.4391942585388442
}