{
  "score0": 0.34622106159495025,
  "score1": 0.12186338387802581,
  "score2": 0.021254525543386422,
  "score3": 0.06940777996079518,
  "score4": 0.2535356186887208,
  "score5": 0.4689630688643372,
  "score6": 0.643364369336089
}