{
  "score0": 0.43731953362063586,
  "score1": 0.4179056487416928,
  "score2": 0.2544875419793951,
  "score3": 0.04262946037008633,
  "score4": 0.40072602981650646,
  "score5": 0.6522615207161754,
  "score6": 0.20385938958910044
}