{
  "score0": 0.38873641177392076,
  "score1": 0.41188523145928907,
  "score2": 0.42450192603751247,
  "score3": 0.5532272795880008,
  "score4": 0.71704758673219,
  "score5": 0.7169370155533491,
  "score6": 0.4786274306894433
}