{
  "score0": 0.4216014882308112,
  "score1": 0.4487539156270943,
  "score2": 0.6707021353311755,
  "score3": 0.6679359371211525,
  "score4": 0.5292383182099903,
  "score5": 0.5485765956344828,
  "score6": 0.18177079742821967
}