{
  "score0": 0.5513200937454553,
  "score1": 0.3452650519805117,
  "score2": 0.34824779007116824,
  "score3": 0.47554666625869974,
  "score4": 0.5268042353057795,
  "score5": 0.07180788624492505,
  "score6": 0.092191593312632
}