{
  "score0": 0.36454286265044483,
  "score1": 0.26841533368727954,
  "score2": 0.015647443386260333,
  "score3": 0.26988271966736255,
  "score4": 0.5825402662058057,
  "score5": 0.4032747918672391,
  "score6": 0.44728858854109266
}