{
  "score0": 0.13583711161681233,
  "score1": 0.5114815948118826,
  "score2": 0.33705412401886486,
  "score3": 0.23256521327360224,
  "score4": 0.43612857194644206,
  "score5": 0.2910441739087829,
  "score6": 0.03124413408423279
}