{
  "score0": 0.1229413702407918,
  "score1": 0.11454731770373695,
  "score2": 0.10464306827705566,
  "score3": 0.5867120069084264,
  "score4": 0.688474489537103,
  "score5": 0.5349718325144077,
  "score6": 0.10450250154662045
}