{
  "score0": 0.35877205326766554,
  "score1": 0.4795576537752963,
  "score2": 0.7318460478326556,
  "score3": 0.7298646037844709,
  "score4": 0.5501144912061632,
  "score5": 0.6117814416925696,
  "score6": 0.4903746409792383
}