{
  "score0": 0.11214472071327661,
  "score1": 0.007326881344251765,
  "score2": 0.1690883102527085,
  "score3": 0.553375840400403,
  "score4": 0.4497660093125994,
  "score5": 0.596862425500959,
  "score6": 0.5362456774817564
}