{
  "score0": 0.3573613719061563,
  "score1": 0.36416781187813524,
  "score2": 0.3362398729864544,
  "score3": 0.6834606079531155,
  "score4": 0.6603341549659781,
  "score5": 0.7738476034077161,
  "score6": 0.3838949645031147
}