{
  "score0": 0.22579226277647055,
  "score1": 0.15750162065928985,
  "score2": 0.20245548681216174,
  "score3": 0.265460304433866,
  "score4": 0.23997621549869938,
  "score5": 0.6769813524604141,
  "score6": 0.8364346783054089
}