{
  "score0": 0.10455879636079855,
  "score1": 0.3982051262546876,
  "score2": 0.14875756978780816,
  "score3": 0.3174679751927448,
  "score4": 0.21514822345039267,
  "score5": 0.0925031363020487,
  "score6": 0.20148347345663328
}