{
  "score0": 0.13025752263353724,
  "score1": 0.4923988331057216,
  "score2": 0.5230712934914235,
  "score3": 0.3035056223580531,
  "score4": 0.1654169917300495,
  "score5": 0.19143066648549936,
  "score6": 0.2945406969390074
}