{
  "score0": 0.09535931217446601,
  "score1": 0.3982051262546876,
  "score2": 0.13433319021233453,
  "score3": 0.31154924535794587,
  "score4": 0.09569223549858456,
  "score5": 0.19225595039339252,
  "score6": 0.40572009847734697
}