{
  "score0": 0.04258388761111822,
  "score1": 0.3338676033507814,
  "score2": 0.34372700625522645,
  "score3": 0.49699026194161067,
  "score4": 0.7120849281589464,
  "score5": 0.6638735145188567,
  "score6": 0.7807427033556165
}