{
  "score0": 0.24418509711332614,
  "score1": 0.015175929939728081,
  "score2": 0.20170860114536862,
  "score3": 0.1886873639646173,
  "score4": 0.6288863854654828,
  "score5": 0.6955719788869033,
  "score6": 0.8125615083622928
}