{
  "score0": 0.4873639952048665,
  "score1": 0.22426423915160298,
  "score2": 0.04328694653433794,
  "score3": 0.5773210655015282,
  "score4": 0.09518737756976665,
  "score5": 0.5451967636193013,
  "score6": 0.23921011215115626
}