{
  "score0": 0.2535382784190577,
  "score1": 0.1177324806467195,
  "score2": 0.1932441825923636,
  "score3": 0.1109744977727553,
  "score4": 0.265460304433866,
  "score5": 0.23997621549869938,
  "score6": 0.6769813524604141
}