{
  "score0": 0.3463089676446137,
  "score1": 0.3592448538692939,
  "score2": 0.4185934143998705,
  "score3": 0.6771688621359585,
  "score4": 0.6845246625396403,
  "score5": 0.8345601971050902,
  "score6": 0.13409789567300948
}