{
  "score0": 0.5163576088456627,
  "score1": 0.2975109047182987,
  "score2": 0.1549348007416903,
  "score3": 0.6067533277748489,
  "score4": 0.5181991486151353,
  "score5": 0.1311304444332848,
  "score6": 0.0901995923524203
}