{
  "score0": 0.07976645648502528,
  "score1": 0.5609057441191095,
  "score2": 0.2127303362018133,
  "score3": 0.09569223549858456,
  "score4": 0.19225595039339252,
  "score5": 0.40572009847734697,
  "score6": 0.23059800898025207
}