{
  "score0": 0.4580520920664553,
  "score1": 0.3689548396201634,
  "score2": 0.16343398284959204,
  "score3": 0.25952139667475804,
  "score4": 0.4215314855414268,
  "score5": 0.5466674194670742,
  "score6": 0.6760142407559027
}