{
  "score0": 0.10594548227320216,
  "score1": 0.3442574992782812,
  "score2": 0.15051715829462223,
  "score3": 0.1852601489361858,
  "score4": 0.3835530176136539,
  "score5": 0.035760894640365797,
  "score6": 0.29525115991546264
}