{
  "score0": 0.04683869153021014,
  "score1": 0.32745982763320386,
  "score2": 0.34372700625522645,
  "score3": 0.49699026194161067,
  "score4": 0.748145135301761,
  "score5": 0.669593917566929,
  "score6": 0.7996284435781158
}