{
  "score0": 0.1229413702407918,
  "score1": 0.11454731770373695,
  "score2": 0.15302624868168296,
  "score3": 0.6883838186432664,
  "score4": 0.688474489537103,
  "score5": 0.5349718325144077,
  "score6": 0.10450250154662045
}