{
  "score0": 0.3762528946198173,
  "score1": 0.2180052109200676,
  "score2": 0.047004166319105395,
  "score3": 0.38739602477945895,
  "score4": 0.7997723766821706,
  "score5": 0.4191831950250817,
  "score6": 0.6142035056410231
}