{
  "score0": 0.49093253276178306,
  "score1": 0.30612534909688643,
  "score2": 0.08124985141972242,
  "score3": 0.23053372892403076,
  "score4": 0.7523937496068572,
  "score5": 0.5354887533344163,
  "score6": 0.1486882160313
}