{
  "score0": 0.09021343709917556,
  "score1": 0.31335229063315684,
  "score2": 0.4048791807102234,
  "score3": 0.3543319576074113,
  "score4": 0.7479462852176161,
  "score5": 0.655035528028892,
  "score6": 0.6395624087923825
}