{
  "score0": 0.1625171886973036,
  "score1": 0.09499908009152379,
  "score2": 0.07709034962199116,
  "score3": 0.522442715881012,
  "score4": 0.5739635052158749,
  "score5": 0.500326600636627,
  "score6": 0.621621139672103
}