{
  "score0": 0.3545879563902444,
  "score1": 0.23690945498793414,
  "score2": 0.032185319306526274,
  "score3": 0.4203098459585515,
  "score4": 0.4992700334958091,
  "score5": 0.5925930782989722,
  "score6": 0.8056993309923018
}