{
  "score0": 0.4762099661711854,
  "score1": 0.22579226277647055,
  "score2": 0.15750162065928985,
  "score3": 0.5839960767173565,
  "score4": 0.12213436067638865,
  "score5": 0.1691449883838434,
  "score6": 0.39936526504644076
}