{
  "score0": 0.11413548290389251,
  "score1": 0.3732180371541977,
  "score2": 0.148907781496044,
  "score3": 0.24796736575959513,
  "score4": 0.39840669833100434,
  "score5": 0.08475570267152777,
  "score6": 0.035000453387169
}