{
  "score0": 0.5513200937454553,
  "score1": 0.3452650519805117,
  "score2": 0.46766874421922333,
  "score3": 0.444860727485942,
  "score4": 0.35186524266731234,
  "score5": 0.19202277168230145,
  "score6": 0.049848514717896884
}