{
  "score0": 0.10594548227320216,
  "score1": 0.41431642230337795,
  "score2": 0.22363382936627502,
  "score3": 0.1558942627801628,
  "score4": 0.3835530176136539,
  "score5": 0.035760894640365797,
  "score6": 0.29525115991546264
}