{
  "score0": 0.2335666050366254,
  "score1": 0.01481928288002783,
  "score2": 0.19035588283117347,
  "score3": 0.3847002089430118,
  "score4": 0.5166459226242613,
  "score5": 0.612030339605863,
  "score6": 0.6726066248381005
}