{
  "score0": 0.4710974298482339,
  "score1": 0.3511657371843477,
  "score2": 0.27399461123917734,
  "score3": 0.3600826382724969,
  "score4": 0.23977838374066407,
  "score5": 0.16575475066219006,
  "score6": 0.26580960157363914
}