{
  "score0": 0.01918499239083353,
  "score1": 0.2603148428667772,
  "score2": 0.4914287063630373,
  "score3": 0.721640433129107,
  "score4": 0.44694646998697657,
  "score5": 0.8153580952925187,
  "score6": 0.6332711125123026
}