{
  "score0": 0.14668726929793016,
  "score1": 0.47070841306561273,
  "score2": 0.36529667017302303,
  "score3": 0.35806425677503356,
  "score4": 0.30889863568276515,
  "score5": 0.41143673452620994,
  "score6": 0.04817154223603052
}