{
  "score0": 0.12486563580435911,
  "score1": 0.007326881344251765,
  "score2": 0.12656783918877879,
  "score3": 0.44231727613394317,
  "score4": 0.5380269617765089,
  "score5": 0.5483273995160575,
  "score6": 0.7677637337766735
}