{
  "score0": 0.2573458110529415,
  "score1": 0.12435301834612877,
  "score2": 0.5146166436554294,
  "score3": 0.07999622492613336,
  "score4": 0.19390758629360713,
  "score5": 0.11118364560131018,
  "score6": 0.5743545401011289
}