{
  "score0": 0.38873641177392076,
  "score1": 0.4216014882308112,
  "score2": 0.4487539156270943,
  "score3": 0.6217777043759457,
  "score4": 0.71704758673219,
  "score5": 0.7169370155533491,
  "score6": 0.4786274306894433
}