{
  "score0": 0.24942621162490886,
  "score1": 0.050101371323906185,
  "score2": 0.24902168464179772,
  "score3": 0.5087131032263654,
  "score4": 0.4102036768473149,
  "score5": 0.5965224131668873,
  "score6": 0.6356299657999204
}