{
  "score0": 0.13025752263353724,
  "score1": 0.4923988331057216,
  "score2": 0.2839627542675569,
  "score3": 0.3777366532977479,
  "score4": 0.11963982992442986,
  "score5": 0.17794735881960558,
  "score6": 0.29441488089174994
}