{
  "score0": 0.43731953362063586,
  "score1": 0.42160014268919116,
  "score2": 0.1934599161662741,
  "score3": 0.3150575973575223,
  "score4": 0.3851032280187705,
  "score5": 0.6522615207161754,
  "score6": 0.20385938958910044
}