{
  "score0": 0.39566198932597874,
  "score1": 0.2313741649821923,
  "score2": 0.019688859051263403,
  "score3": 0.5166081220008372,
  "score4": 0.6346019896987267,
  "score5": 0.6958119418634782,
  "score6": 0.10313093967275926
}