{
  "score0": 0.1278957137355447,
  "score1": 0.17079756810505642,
  "score2": 0.5283666316930795,
  "score3": 0.5647718699510892,
  "score4": 0.21825786234011002,
  "score5": 0.20570834600089116,
  "score6": 0.23531973222814395
}