{
  "score0": 0.4257777615429654,
  "score1": 0.4816860508451679,
  "score2": 0.7293682893516099,
  "score3": 0.7134428685994857,
  "score4": 0.6679359371211525,
  "score5": 0.5292383182099903,
  "score6": 0.5485765956344828
}