{
  "score0": 0.24418509711332614,
  "score1": 0.01481928288002783,
  "score2": 0.2075534182349921,
  "score3": 0.09710029105933245,
  "score4": 0.1886873639646173,
  "score5": 0.6288863854654828,
  "score6": 0.6955719788869033
}