{
  "score0": 0.15817939113997578,
  "score1": 0.4132502574794574,
  "score2": 0.07337166410164815,
  "score3": 0.3622549784707277,
  "score4": 0.40206998607518996,
  "score5": 0.1892849768272842,
  "score6": 0.2212755673286941
}