{
  "score0": 0.337243529054578,
  "score1": 0.4534073018892768,
  "score2": 0.33411140694608643,
  "score3": 0.20448313733604637,
  "score4": 0.05345584648711704,
  "score5": 0.14907467305214261,
  "score6": 0.17313684300148094
}