{
  "score0": 0.2379220892368506,
  "score1": 0.4132502574794574,
  "score2": 0.07337166410164815,
  "score3": 0.3429346101035633,
  "score4": 0.23305724116882234,
  "score5": 0.717646550848467,
  "score6": 0.34439856728884743
}