{
  "score0": 0.4586538785717835,
  "score1": 0.061338946301427305,
  "score2": 0.17561255633768233,
  "score3": 0.37110733561036974,
  "score4": 0.5230313036208017,
  "score5": 0.85321518439615,
  "score6": 0.634613352916178
}