{
  "score0": 0.17291671203811582,
  "score1": 0.46880364119923496,
  "score2": 0.044048348075602005,
  "score3": 0.1604464522781596,
  "score4": 0.27509856741854044,
  "score5": 0.41470323136017934,
  "score6": 0.8110676912477791
}