{
  "score0": 0.28493828352618894,
  "score1": 0.49738654114334374,
  "score2": 0.5843579417958226,
  "score3": 0.10046058775658877,
  "score4": 0.1299551791890676,
  "score5": 0.14258933449627134,
  "score6": 0.10565343947095995
}