{
  "score0": 0.08202130409061374,
  "score1": 0.32029379369771216,
  "score2": 0.4287108919091036,
  "score3": 0.6082924414545311,
  "score4": 0.500946785156283,
  "score5": 0.35042464798794093,
  "score6": 0.3245753527473498
}