{
  "score0": 0.2839655283033294,
  "score1": 0.3704594672118288,
  "score2": 0.40418160935436576,
  "score3": 0.042177197726970046,
  "score4": 0.13078232042470692,
  "score5": 0.05535034905762487,
  "score6": 0.23725720367682734
}