{
  "score0": 0.5020207194015184,
  "score1": 0.04020544178396217,
  "score2": 0.5071099107315571,
  "score3": 0.19536962770679703,
  "score4": 0.06629120251767988,
  "score5": 0.13222728565200972,
  "score6": 0.06593108730980494
}