{
  "score0": 0.5191805213308428,
  "score1": 0.3462595003738069,
  "score2": 0.09650256602276704,
  "score3": 0.10274859921707724,
  "score4": 0.18582826870243893,
  "score5": 0.11889042155269092,
  "score6": 0.2188846468349789
}