{
  "score0": 0.4785816261460356,
  "score1": 0.058490173764383736,
  "score2": 0.18756301725025643,
  "score3": 0.32147272381142605,
  "score4": 0.41317686294779365,
  "score5": 0.8383563740405044,
  "score6": 0.4245942831200813
}