{
  "score0": 0.46651320562596826,
  "score1": 0.11963327900645776,
  "score2": 0.5071099107315571,
  "score3": 0.19536962770679703,
  "score4": 0.12864346557581255,
  "score5": 0.1535503119383874,
  "score6": 0.09290627012029011
}