{
  "score0": 0.357391863107554,
  "score1": 0.2288034723922867,
  "score2": 0.43587368979729796,
  "score3": 0.02803773954906667,
  "score4": 0.40153671359422183,
  "score5": 0.33885493216318996,
  "score6": 0.4002511347122572
}