{
  "score0": 0.5138532436606896,
  "score1": 0.019719624327492254,
  "score2": 0.41838088189101086,
  "score3": 0.21507292547769966,
  "score4": 0.1866143373301119,
  "score5": 0.10919226117706586,
  "score6": 0.1189511557323899
}