{
  "score0": 0.575355845171854,
  "score1": 0.3462595003738069,
  "score2": 0.09650256602276704,
  "score3": 0.20892718076912534,
  "score4": 0.16712528922817313,
  "score5": 0.12745873736275634,
  "score6": 0.25659619460227356
}