{
  "score0": 0.04020544178396217,
  "score1": 0.4660919780894212,
  "score2": 0.19110013379461044,
  "score3": 0.09591996739487295,
  "score4": 0.10528999097815249,
  "score5": 0.10057157031475798,
  "score6": 0.35161585876591667
}