{
  "score0": 0.568945682293438,
  "score1": 0.4959857747821337,
  "score2": 0.1557480828669468,
  "score3": 0.2510563450622158,
  "score4": 0.18762102297590677,
  "score5": 0.04083346171416264,
  "score6": 0.16152600438669903
}