{
  "score0": 0.5419763045410391,
  "score1": 0.019719624327492254,
  "score2": 0.38605700215970445,
  "score3": 0.14832129165479827,
  "score4": 0.09688401129903397,
  "score5": 0.0993287301659651,
  "score6": 0.035585394683495995
}