{
  "score0": 0.26977824186498656,
  "score1": 0.4606374613526794,
  "score2": 0.684727760924109,
  "score3": 0.20854627599239714,
  "score4": 0.22566839515625903,
  "score5": 0.10909923381183433,
  "score6": 0.41180378461678785
}