{
  "score0": 0.4586538785717835,
  "score1": 0.057196519194946206,
  "score2": 0.23412651590353242,
  "score3": 0.5230313036208017,
  "score4": 0.85321518439615,
  "score5": 0.634613352916178,
  "score6": 0.36504847099808346
}