{
  "score0": 0.45989395017378776,
  "score1": 0.061338946301427305,
  "score2": 0.18818564887058004,
  "score3": 0.35885660507355444,
  "score4": 0.5810238211255142,
  "score5": 0.6936828254267969,
  "score6": 0.34665046726573295
}