{
  "score0": 0.10950143592815055,
  "score1": 0.28493828352618894,
  "score2": 0.49738654114334374,
  "score3": 0.4409200737968307,
  "score4": 0.20047842858663087,
  "score5": 0.35702396885441784,
  "score6": 0.10031035962816497
}