{
  "score0": 0.3756755397970686,
  "score1": 0.2904481631131229,
  "score2": 0.38926964965257166,
  "score3": 0.07926001882472755,
  "score4": 0.0784005309979463,
  "score5": 0.15627344579500876,
  "score6": 0.2681151220928037
}