{
  "score0": 0.27637843217749203,
  "score1": 0.3385467806235803,
  "score2": 0.04379970886656533,
  "score3": 0.18540941423587384,
  "score4": 0.12099754803576429,
  "score5": 0.783704817644511,
  "score6": 0.651227443701011
}