{
  "score0": 0.10950143592815055,
  "score1": 0.29108757259834966,
  "score2": 0.42631748206885367,
  "score3": 0.38945088112113274,
  "score4": 0.20047842858663087,
  "score5": 0.35702396885441784,
  "score6": 0.10031035962816497
}