{
  "score0": 0.33276212678898776,
  "score1": 0.4717981817391795,
  "score2": 0.1364200082276859,
  "score3": 0.09961005590463036,
  "score4": 0.17816141982843084,
  "score5": 0.37812811857196565,
  "score6": 0.6829928930208128
}