{
  "score0": 0.575355845171854,
  "score1": 0.6332886403590046,
  "score2": 0.1557480828669468,
  "score3": 0.20892718076912534,
  "score4": 0.16712528922817313,
  "score5": 0.12745873736275634,
  "score6": 0.25659619460227356
}