{
  "score0": 0.21609116978700615,
  "score1": 0.3117391420230988,
  "score2": 0.40927949656736146,
  "score3": 0.06928903377371795,
  "score4": 0.17814644959621684,
  "score5": 0.1531491145839413,
  "score6": 0.2673763872845396
}