{
  "score0": 0.08202130409061374,
  "score1": 0.30408603529673195,
  "score2": 0.4655803615329756,
  "score3": 0.500946785156283,
  "score4": 0.35042464798794093,
  "score5": 0.3245753527473498,
  "score6": 0.4265663103285238
}