{
  "score0": 0.4976251257919496,
  "score1": 0.335365936694296,
  "score2": 0.38213155247732383,
  "score3": 0.04216395916313506,
  "score4": 0.1385120429666673,
  "score5": 0.12816298529774758,
  "score6": 0.24944230146210997
}