{
  "score0": 0.2288034723922867,
  "score1": 0.43587368979729796,
  "score2": 0.07881071072380195,
  "score3": 0.12099754803576429,
  "score4": 0.783704817644511,
  "score5": 0.651227443701011,
  "score6": 0.4605967008860248
}