{
  "score0": 0.2581878071458592,
  "score1": 0.14087075830182208,
  "score2": 0.3827478991342565,
  "score3": 0.40017815459950645,
  "score4": 0.4966907280080613,
  "score5": 0.2642178576962671,
  "score6": 0.14499473131346152
}