{
  "score0": 0.14087075830182208,
  "score1": 0.3827478991342565,
  "score2": 0.4655803615329756,
  "score3": 0.500946785156283,
  "score4": 0.35042464798794093,
  "score5": 0.3245753527473498,
  "score6": 0.4265663103285238
}