{
  "score0": 0.4060503256237858,
  "score1": 0.27171517616138857,
  "score2": 0.19398454366046886,
  "score3": 0.5849850457320257,
  "score4": 0.09834716882743617,
  "score5": 0.15702171031010734,
  "score6": 0.048405905386237395
}