{
  "score0": 0.33114094810281586,
  "score1": 0.4752716349854222,
  "score2": 0.3689901580632506,
  "score3": 0.09082538977285733,
  "score4": 0.10706651405126599,
  "score5": 0.1836862635224422,
  "score6": 0.0340320195742962
}