{
  "score0": 0.5191805213308428,
  "score1": 0.3462595003738069,
  "score2": 0.08616372592287608,
  "score3": 0.07647729952103331,
  "score4": 0.18509439985334739,
  "score5": 0.1518771368701445,
  "score6": 0.1713443162898345
}