{
  "score0": 0.35485504066739026,
  "score1": 0.5457697001876114,
  "score2": 0.36045661591774075,
  "score3": 0.08607048711535627,
  "score4": 0.10528999097815249,
  "score5": 0.10057157031475798,
  "score6": 0.35161585876591667
}