{
  "score0": 0.21609116978700615,
  "score1": 0.3117391420230988,
  "score2": 0.43507775898540885,
  "score3": 0.0571790087773549,
  "score4": 0.17814644959621684,
  "score5": 0.1531491145839413,
  "score6": 0.2673763872845396
}