{
  "score0": 0.259824449909595,
  "score1": 0.5619866623042635,
  "score2": 0.2510588137884713,
  "score3": 0.22865404841539536,
  "score4": 0.03583006331808176,
  "score5": 0.2391087007296376,
  "score6": 0.2882950045310917
}