{
  "score0": 0.25487613051478714,
  "score1": 0.32364236425629456,
  "score2": 0.273968249604488,
  "score3": 0.20509514785645966,
  "score4": 0.04071087550856981,
  "score5": 0.22231077584578038,
  "score6": 0.30888671985943167
}