{
  "score0": 0.25487613051478714,
  "score1": 0.32364236425629456,
  "score2": 0.26816134428505056,
  "score3": 0.2507420379416872,
  "score4": 0.055609551434827216,
  "score5": 0.1354227773234129,
  "score6": 0.35122172459022805
}