{
  "score0": 0.3587733566323996,
  "score1": 0.4091590054402467,
  "score2": 0.37083409681105445,
  "score3": 0.09928019356377037,
  "score4": 0.15038616196244547,
  "score5": 0.18297721308230364,
  "score6": 0.0875575452808063
}