{
  "score0": 0.5284694335549099,
  "score1": 0.335365936694296,
  "score2": 0.41740512369399707,
  "score3": 0.07451933883903787,
  "score4": 0.1626564738792813,
  "score5": 0.3618851614727059,
  "score6": 0.29342399041840134
}