{
  "score0": 0.2992128133566517,
  "score1": 0.3363102094124004,
  "score2": 0.40927949656736146,
  "score3": 0.06928903377371795,
  "score4": 0.13078232042470692,
  "score5": 0.05535034905762487,
  "score6": 0.23725720367682734
}