{
  "score0": 0.4659397118102967,
  "score1": 0.47991317191999566,
  "score2": 0.0422094975412268,
  "score3": 0.13221775193890375,
  "score4": 0.2398361705222056,
  "score5": 0.18816879538321585,
  "score6": 0.8400939731034125
}