{
  "score0": 0.30413832741995783,
  "score1": 0.2904481631131229,
  "score2": 0.35680962584004094,
  "score3": 0.04216395916313506,
  "score4": 0.1385120429666673,
  "score5": 0.12816298529774758,
  "score6": 0.24944230146210997
}