{
  "score0": 0.29167902847938537,
  "score1": 0.12387822229124451,
  "score2": 0.2801194754666802,
  "score3": 0.35236303695342225,
  "score4": 0.32303381567339035,
  "score5": 0.6529412992845246,
  "score6": 0.265738055054334
}