{
  "score0": 0.3160464663085058,
  "score1": 0.07635055929960319,
  "score2": 0.28863370463687255,
  "score3": 0.4951138108993522,
  "score4": 0.5040544087706382,
  "score5": 0.09886981476944041,
  "score6": 0.19547904669490124
}