{
  "score0": 0.3142063155566433,
  "score1": 0.4254443373256455,
  "score2": 0.25089870157253663,
  "score3": 0.13404172035286857,
  "score4": 0.2621280627052473,
  "score5": 0.33853148196950883,
  "score6": 0.3146458172097539
}