{
  "score0": 0.3160464663085058,
  "score1": 0.07269851067403255,
  "score2": 0.3503477848257662,
  "score3": 0.38286856020963905,
  "score4": 0.4951138108993522,
  "score5": 0.5040544087706382,
  "score6": 0.09886981476944041
}