{
  "score0": 0.37615737431930035,
  "score1": 0.3026095047730303,
  "score2": 0.42980614056862776,
  "score3": 0.07006767583797942,
  "score4": 0.2763489052233799,
  "score5": 0.2921430948895864,
  "score6": 0.04841882140809114
}