{
  "score0": 0.4871790179712352,
  "score1": 0.4247361970524943,
  "score2": 0.07964213777939559,
  "score3": 0.12038601666911262,
  "score4": 0.18143171556196305,
  "score5": 0.41616994855171524,
  "score6": 0.07742754490669605
}