{
  "score0": 0.39339220852097795,
  "score1": 0.3026095047730303,
  "score2": 0.42980614056862776,
  "score3": 0.08846627784382229,
  "score4": 0.2281745796905764,
  "score5": 0.15400643346384624,
  "score6": 0.019997203592762754
}