{
  "score0": 0.337243529054578,
  "score1": 0.4534073018892768,
  "score2": 0.3130173981863618,
  "score3": 0.19522045377463068,
  "score4": 0.04198777569182311,
  "score5": 0.16975508085324495,
  "score6": 0.15349544855561334
}