{
  "score0": 0.11210894239039756,
  "score1": 0.37873801191359485,
  "score2": 0.35418949048111903,
  "score3": 0.6478536209613334,
  "score4": 0.15674770167049523,
  "score5": 0.2568429693374214,
  "score6": 0.28156694499597124
}