{
  "score0": 0.4871790179712352,
  "score1": 0.4315464509901412,
  "score2": 0.14935035354814444,
  "score3": 0.18143171556196305,
  "score4": 0.41616994855171524,
  "score5": 0.07742754490669605,
  "score6": 0.14011954156646023
}