{
  "score0": 0.3446409636273119,
  "score1": 0.29959696677458847,
  "score2": 0.42123353853414747,
  "score3": 0.10321242622817535,
  "score4": 0.2369763730966167,
  "score5": 0.07175954928184482,
  "score6": 0.25508786536868006
}