{
  "score0": 0.30413832741995783,
  "score1": 0.2904481631131229,
  "score2": 0.38926964965257166,
  "score3": 0.03526431929382718,
  "score4": 0.12309233095630683,
  "score5": 0.126592257972759,
  "score6": 0.16626319017875182
}