{
  "score0": 0.6574868202417185,
  "score1": 0.058490173764383736,
  "score2": 0.18756301725025643,
  "score3": 0.30912150746797207,
  "score4": 0.5124219311493171,
  "score5": 0.7666295101828163,
  "score6": 0.7602595876308569
}