{
  "score0": 0.17996340347008585,
  "score1": 0.4672484014945102,
  "score2": 0.05124997997534725,
  "score3": 0.16494275762884555,
  "score4": 0.26098434096627593,
  "score5": 0.5827305704584201,
  "score6": 0.7135573421532913
}