{
  "score0": 0.357391863107554,
  "score1": 0.23187363021336838,
  "score2": 0.26626081464833457,
  "score3": 0.02058472622287401,
  "score4": 0.40153671359422183,
  "score5": 0.33885493216318996,
  "score6": 0.4002511347122572
}