{
  "score0": 0.26266583292649215,
  "score1": 0.14790487763381815,
  "score2": 0.4037268087049473,
  "score3": 0.4658593046301746,
  "score4": 0.5185167327821286,
  "score5": 0.27811256780837584,
  "score6": 0.15518298218413945
}