{
  "score0": 0.11210894239039756,
  "score1": 0.37873801191359485,
  "score2": 0.45051083497009425,
  "score3": 0.45008944338187207,
  "score4": 0.13194747995185205,
  "score5": 0.23792173051253715,
  "score6": 0.3897375348960089
}