{
  "score0": 0.14294514711864947,
  "score1": 0.3201902297236848,
  "score2": 0.42631748206885367,
  "score3": 0.6292437021241649,
  "score4": 0.5515991036538502,
  "score5": 0.42238660545163814,
  "score6": 0.2309605031495038
}