{
  "score0": 0.28932949335844727,
  "score1": 0.3704594672118288,
  "score2": 0.40418160935436576,
  "score3": 0.1373267527946418,
  "score4": 0.24190061863974702,
  "score5": 0.03600051873075769,
  "score6": 0.23977839360370756
}