{
  "score0": 0.27637843217749203,
  "score1": 0.41668653832905034,
  "score2": 0.07881071072380195,
  "score3": 0.12099754803576429,
  "score4": 0.783704817644511,
  "score5": 0.651227443701011,
  "score6": 0.4605967008860248
}