{
  "score0": 0.46302875908733376,
  "score1": 0.019707652735494862,
  "score2": 0.44548609212723544,
  "score3": 0.20126849556991333,
  "score4": 0.12864346557581255,
  "score5": 0.1535503119383874,
  "score6": 0.09290627012029011
}