{
  "score0": 0.4785816261460356,
  "score1": 0.058490173764383736,
  "score2": 0.18818564887058004,
  "score3": 0.35885660507355444,
  "score4": 0.5810238211255142,
  "score5": 0.6936828254267969,
  "score6": 0.34665046726573295
}