{
  "score0": 0.5138532436606896,
  "score1": 0.009355342647908977,
  "score2": 0.3357894144058416,
  "score3": 0.1866143373301119,
  "score4": 0.10919226117706586,
  "score5": 0.1189511557323899,
  "score6": 0.26646052251946023
}