{
  "score0": 0.37044071088594677,
  "score1": 0.12752155321961317,
  "score2": 0.2801194754666802,
  "score3": 0.46356053071566516,
  "score4": 0.15576152469766166,
  "score5": 0.47497380698113406,
  "score6": 0.3691970993412715
}