{
  "score0": 0.24921910906714373,
  "score1": 0.4731851746592482,
  "score2": 0.7320748394543759,
  "score3": 0.33633688575365844,
  "score4": 0.08314954839896659,
  "score5": 0.10099754211163586,
  "score6": 0.24303174345182466
}