{
  "score0": 0.27886008092871156,
  "score1": 0.2976764278523195,
  "score2": 0.06823477247321166,
  "score3": 0.26139034929186383,
  "score4": 0.40307500531835405,
  "score5": 0.31482986049661954,
  "score6": 0.1342917304217273
}