{
  "score0": 0.28932949335844727,
  "score1": 0.3704594672118288,
  "score2": 0.3948613004281534,
  "score3": 0.1771807277831879,
  "score4": 0.14985800323909654,
  "score5": 0.05601179207769686,
  "score6": 0.3215984891063381
}