{
  "score0": 0.24412421027717737,
  "score1": 0.42596429707247574,
  "score2": 0.05797760453656185,
  "score3": 0.3429346101035633,
  "score4": 0.23305724116882234,
  "score5": 0.717646550848467,
  "score6": 0.34439856728884743
}