{
  "score0": 0.17996340347008585,
  "score1": 0.46880364119923496,
  "score2": 0.044048348075602005,
  "score3": 0.1604464522781596,
  "score4": 0.26098434096627593,
  "score5": 0.5827305704584201,
  "score6": 0.7135573421532913
}