{
  "score0": 0.24852838491391444,
  "score1": 0.4731851746592482,
  "score2": 0.7320748394543759,
  "score3": 0.3625440430633593,
  "score4": 0.3016334333072002,
  "score5": 0.15668828298002677,
  "score6": 0.048766089995068686
}