{
  "score0": 0.4060503256237858,
  "score1": 0.26177401922825294,
  "score2": 0.4610192265566318,
  "score3": 0.06320641307350609,
  "score4": 0.5849850457320257,
  "score5": 0.09834716882743617,
  "score6": 0.15702171031010734
}