{
  "score0": 0.26977824186498656,
  "score1": 0.48540054601552096,
  "score2": 0.795605227702802,
  "score3": 0.2530476120257415,
  "score4": 0.22566839515625903,
  "score5": 0.10909923381183433,
  "score6": 0.41180378461678785
}