{
  "score0": 0.3142063155566433,
  "score1": 0.43338354177374366,
  "score2": 0.2820539200410086,
  "score3": 0.2983623451046751,
  "score4": 0.13404172035286857,
  "score5": 0.2621280627052473,
  "score6": 0.33853148196950883
}