{
  "score0": 0.22501847146234244,
  "score1": 0.4947269519995216,
  "score2": 0.6716975423491698,
  "score3": 0.24033942466035105,
  "score4": 0.07256194797068745,
  "score5": 0.14755938546987887,
  "score6": 0.20359251116568897
}