{
  "score0": 0.4959857747821337,
  "score1": 0.01591116215005942,
  "score2": 0.3357894144058416,
  "score3": 0.1866143373301119,
  "score4": 0.10919226117706586,
  "score5": 0.1189511557323899,
  "score6": 0.26646052251946023
}