{
  "score0": 0.3353620680610535,
  "score1": 0.267600827985277,
  "score2": 0.19398454366046886,
  "score3": 0.5849850457320257,
  "score4": 0.09834716882743617,
  "score5": 0.15702171031010734,
  "score6": 0.048405905386237395
}