{
  "score0": 0.18534744435694403,
  "score1": 0.3353620680610535,
  "score2": 0.267600827985277,
  "score3": 0.06650306336462286,
  "score4": 0.07185082826359222,
  "score5": 0.3800803398378667,
  "score6": 0.13302569771301337
}