{
  "score0": 0.297464862724202,
  "score1": 0.3385467806235803,
  "score2": 0.08243816490162968,
  "score3": 0.37177859459146134,
  "score4": 0.2766124597168646,
  "score5": 0.25134314728073043,
  "score6": 0.1850641589850693
}