{
  "score0": 0.5284694335549099,
  "score1": 0.3234445663134919,
  "score2": 0.30590937356221254,
  "score3": 0.1626564738792813,
  "score4": 0.3618851614727059,
  "score5": 0.29342399041840134,
  "score6": 0.4318401986349453
}