{
  "score0": 0.4659397118102967,
  "score1": 0.47991317191999566,
  "score2": 0.06489225414023206,
  "score3": 0.1574462908471992,
  "score4": 0.2541772879751562,
  "score5": 0.4280568296714404,
  "score6": 0.672153715357055
}