{
  "score0": 0.30965265273271164,
  "score1": 0.42106416860028256,
  "score2": 0.2510588137884713,
  "score3": 0.22865404841539536,
  "score4": 0.056224133017906464,
  "score5": 0.2658111467873582,
  "score6": 0.3475804036105852
}