{
  "score0": 0.26383994186465276,
  "score1": 0.4664195974010011,
  "score2": 0.12318203991627914,
  "score3": 0.14907467305214261,
  "score4": 0.17313684300148094,
  "score5": 0.11547963364152243,
  "score6": 0.14754346195159054
}