{
  "score0": 0.16726418435499554,
  "score1": 0.5020693058702621,
  "score2": 0.35522831276456723,
  "score3": 0.1068238136115325,
  "score4": 0.07850870007092922,
  "score5": 0.4095659333654144,
  "score6": 0.2271584905519101
}