{
  "score0": 0.3744491331666823,
  "score1": 0.33276212678898776,
  "score2": 0.40804487175796644,
  "score3": 0.1272447854117136,
  "score4": 0.09273811374171907,
  "score5": 0.1786546663570392,
  "score6": 0.30283800984031445
}