{
  "score0": 0.37044071088594677,
  "score1": 0.12386950459404253,
  "score2": 0.3616788711701089,
  "score3": 0.3316420325914895,
  "score4": 0.293190764383457,
  "score5": 0.3806701454946971,
  "score6": 0.34618904741651707
}