{
  "score0": 0.36405341485005893,
  "score1": 0.4534073018892768,
  "score2": 0.302650214397167,
  "score3": 0.1270408233173331,
  "score4": 0.08643577188455759,
  "score5": 0.16831891877418137,
  "score6": 0.05852701242251913
}