{
  "score0": 0.37615737431930035,
  "score1": 0.3026095047730303,
  "score2": 0.4189875174978594,
  "score3": 0.12045265313722664,
  "score4": 0.3230792620167438,
  "score5": 0.1879642737680506,
  "score6": 0.15641810600384162
}