{
  "score0": 0.1998130586434487,
  "score1": 0.5020693058702621,
  "score2": 0.3310323233879576,
  "score3": 0.07606500430367967,
  "score4": 0.16540147741870417,
  "score5": 0.06592516596116325,
  "score6": 0.10289816512278721
}