{
  "score0": 0.3446409636273119,
  "score1": 0.3209234348629793,
  "score2": 0.2660717015267505,
  "score3": 0.2369763730966167,
  "score4": 0.07175954928184482,
  "score5": 0.25508786536868006,
  "score6": 0.3954033345686645
}