{
  "score0": 0.48285223439209385,
  "score1": 0.019707652735494862,
  "score2": 0.44548609212723544,
  "score3": 0.20052778418004857,
  "score4": 0.08848227731074176,
  "score5": 0.10814934725461282,
  "score6": 0.035626555459006816
}