{
  "score0": 0.39339220852097795,
  "score1": 0.26383994186465276,
  "score2": 0.4664195974010011,
  "score3": 0.09808269739547011,
  "score4": 0.22305979053149105,
  "score5": 0.13734723554861972,
  "score6": 0.17628601398516616
}