{
  "score0": 0.3018949575041688,
  "score1": 0.1247600960410203,
  "score2": 0.2837579738531972,
  "score3": 0.17959318028864266,
  "score4": 0.4799336077350482,
  "score5": 0.4216228008094724,
  "score6": 0.5461144562108782
}