{
  "score0": 0.10118727945214283,
  "score1": 0.47901762239672907,
  "score2": 0.6884508899814734,
  "score3": 0.2722279994225774,
  "score4": 0.38952293076286354,
  "score5": 0.19158143782221568,
  "score6": 0.060962223957941986
}