{
  "score0": 0.03565796294274643,
  "score1": 0.20736341931844288,
  "score2": 0.2177194292741307,
  "score3": 0.04937004528417712,
  "score4": 0.32592256242905315,
  "score5": 0.26565233112394065,
  "score6": 0.1525348059550605
}