{
  "score0": 0.18323136765192374,
  "score1": 0.33232893651652384,
  "score2": 0.2210354286120476,
  "score3": 0.4279641572431469,
  "score4": 0.5188632244323226,
  "score5": 0.222458869265886,
  "score6": 0.2962755749031316
}