{
  "score0": 0.12880946983818864,
  "score1": 0.231849948614598,
  "score2": 0.3871750565849919,
  "score3": 0.30022542478249414,
  "score4": 0.49967001434983355,
  "score5": 0.5377354719425752,
  "score6": 0.19678836496344107
}