{
  "score0": 0.2494920835815491,
  "score1": 0.11157706200333338,
  "score2": 0.2549273232235093,
  "score3": 0.22791470241638212,
  "score4": 0.2359034710992831,
  "score5": 0.3774932141576128,
  "score6": 0.15775274328658037
}