{
  "score0": 0.02964431903873595,
  "score1": 0.2622250037853646,
  "score2": 0.14558624242035595,
  "score3": 0.04937004528417712,
  "score4": 0.32592256242905315,
  "score5": 0.26565233112394065,
  "score6": 0.1525348059550605
}