{
  "score0": 0.7004415944094396,
  "score1": 0.3519443423095151,
  "score2": 0.2644471927629961,
  "score3": 0.04807453224951188,
  "score4": 0.2047651515665149,
  "score5": 0.2710587313318695,
  "score6": 0.5603666628977305
}