{
  "score0": 0.6782981646584954,
  "score1": 0.5187923250322032,
  "score2": 0.5559150065684755,
  "score3": 0.056151273178993606,
  "score4": 0.2193396875562423,
  "score5": 0.07938846654125715,
  "score6": 0.12237015884679335
}