{
  "score0": 0.4819622206568461,
  "score1": 0.16515921792776916,
  "score2": 0.17873480955644322,
  "score3": 0.15407563920676526,
  "score4": 0.025632166998620018,
  "score5": 0.21587615838870403,
  "score6": 0.2953603083192902
}