{
  "score0": 0.6588643998533674,
  "score1": 0.5187923250322032,
  "score2": 0.5559150065684755,
  "score3": 0.08597996485995608,
  "score4": 0.22456311092726744,
  "score5": 0.07988757614694846,
  "score6": 0.09184418406180223
}