{
  "score0": 0.3241533846241778,
  "score1": 0.12984641970445326,
  "score2": 0.21793078823770795,
  "score3": 0.49142202211066216,
  "score4": 0.46763551501527806,
  "score5": 0.4865921797458474,
  "score6": 0.5251021311134384
}