{
  "score0": 0.19383379486143645,
  "score1": 0.33846948789881115,
  "score2": 0.24291250447848522,
  "score3": 0.473815201507978,
  "score4": 0.38711902386598585,
  "score5": 0.22511831708325425,
  "score6": 0.2528281671963765
}