{
  "score0": 0.34545932883551234,
  "score1": 0.2871966652637823,
  "score2": 0.108935176514525,
  "score3": 0.16161225934247103,
  "score4": 0.2565800568410966,
  "score5": 0.4174768992476306,
  "score6": 0.18946823016290915
}