{
  "score0": 0.3252565955497992,
  "score1": 0.3241533846241778,
  "score2": 0.12984641970445326,
  "score3": 0.14734052705627282,
  "score4": 0.12520080066353056,
  "score5": 0.5394438351149358,
  "score6": 0.4655764824900486
}