{
  "score0": 0.7842807049577957,
  "score1": 0.6949849378801286,
  "score2": 0.3522344485854891,
  "score3": 0.06768165061379632,
  "score4": 0.03476931885305338,
  "score5": 0.00755903154807401,
  "score6": 0.1754176552686033
}