{
  "score0": 0.044481533236575804,
  "score1": 0.20678524062112066,
  "score2": 0.3280891174512829,
  "score3": 0.013122363387096242,
  "score4": 0.2543630805606969,
  "score5": 0.223426500151108,
  "score6": 0.15105982837385465
}