{
  "score0": 0.5054267154255208,
  "score1": 0.22090352296455046,
  "score2": 0.2026522215483612,
  "score3": 0.025632166998620018,
  "score4": 0.21587615838870403,
  "score5": 0.2953603083192902,
  "score6": 0.11781566573215495
}