{
  "score0": 0.4263321934417889,
  "score1": 0.12600917070222092,
  "score2": 0.1589793437994588,
  "score3": 0.017181050937324572,
  "score4": 0.0009463640226005263,
  "score5": 0.051177913422613984,
  "score6": 0.1604920646355432
}