{
  "score0": 0.16135329574759522,
  "score1": 0.06612891688303463,
  "score2": 0.4160874204067239,
  "score3": 0.3553123575528215,
  "score4": 0.4454792235583793,
  "score5": 0.26352084424423117,
  "score6": 0.12470524547514343
}