{
  "score0": 0.36757011966909126,
  "score1": 0.6043058115946744,
  "score2": 0.13200285050974017,
  "score3": 0.06878734885018699,
  "score4": 0.06814698526211428,
  "score5": 0.08858998699595322,
  "score6": 0.28432584555292834
}