{
  "score0": 0.10118727945214283,
  "score1": 0.47901762239672907,
  "score2": 0.753630206386636,
  "score3": 0.2786681002201214,
  "score4": 0.34797778665304446,
  "score5": 0.24200411076650105,
  "score6": 0.10100528974737433
}