{
  "score0": 0.7842807049577957,
  "score1": 0.6949849378801286,
  "score2": 0.49866230728124045,
  "score3": 0.06779173032706295,
  "score4": 0.021164175200563694,
  "score5": 0.04744071518010659,
  "score6": 0.2688505667963446
}