{
  "score0": 0.34545932883551234,
  "score1": 0.338164509654937,
  "score2": 0.09769406129314712,
  "score3": 0.12789376343212439,
  "score4": 0.13933103839718955,
  "score5": 0.3739890291732704,
  "score6": 0.47982519561167164
}