{
  "score0": 0.1981927850473864,
  "score1": 0.33846948789881115,
  "score2": 0.2069380426860032,
  "score3": 0.4100072317954087,
  "score4": 0.4575225579971968,
  "score5": 0.4463987950694422,
  "score6": 0.45476498986135994
}