{
  "score0": 0.7603348693839684,
  "score1": 0.6138259496631812,
  "score2": 0.5189782694848285,
  "score3": 0.2125222903375855,
  "score4": 0.10639531668160794,
  "score5": 0.18860887125909861,
  "score6": 0.17484528508609387
}