{
  "score0": 0.36757011966909126,
  "score1": 0.6043058115946744,
  "score2": 0.1338068446062135,
  "score3": 0.09741479203193366,
  "score4": 0.039169179815161874,
  "score5": 0.09051075935599244,
  "score6": 0.27641154151178554
}