{
  "score0": 0.1186921006683989,
  "score1": 0.4596256347488265,
  "score2": 0.7340215673092477,
  "score3": 0.42883617790612494,
  "score4": 0.29461327026794976,
  "score5": 0.24215813554905538,
  "score6": 0.10296175647834514
}