{
  "score0": 0.33233009659375956,
  "score1": 0.2637940852447066,
  "score2": 0.11211379222091618,
  "score3": 0.0690028672352439,
  "score4": 0.16161225934247103,
  "score5": 0.2565800568410966,
  "score6": 0.4174768992476306
}