{
  "score0": 0.3591810151088929,
  "score1": 0.3392015280304605,
  "score2": 0.12857462820484647,
  "score3": 0.15659965557977792,
  "score4": 0.06882804356550555,
  "score5": 0.28549289579087206,
  "score6": 0.5177283468215444
}