{
  "score0": 0.3778877654925988,
  "score1": 0.6875266013524015,
  "score2": 0.4377561275695385,
  "score3": 0.4748492968515658,
  "score4": 0.1465407335871349,
  "score5": 0.1199439629096037,
  "score6": 0.09088858055561216
}