{
  "score0": 0.4215619729577833,
  "score1": 0.12600917070222092,
  "score2": 0.11606511667284654,
  "score3": 0.23084476785921218,
  "score4": 0.0542990647615223,
  "score5": 0.03488173957246913,
  "score6": 0.06523690056212107
}