{
  "score0": 0.04398368550697561,
  "score1": 0.20736341931844288,
  "score2": 0.2177194292741307,
  "score3": 0.09757715271444822,
  "score4": 0.35038099831321673,
  "score5": 0.26482451545617874,
  "score6": 0.29379820289075415
}