{
  "score0": 0.6710600891806701,
  "score1": 0.3444798262916937,
  "score2": 0.27889854701164546,
  "score3": 0.04770878215235993,
  "score4": 0.2164230621165456,
  "score5": 0.4107380721986131,
  "score6": 0.4128868146662563
}