{
  "score0": 0.25843500231960864,
  "score1": 0.7161078389770886,
  "score2": 0.20688277100405866,
  "score3": 0.11340610434492993,
  "score4": 0.03250082294985007,
  "score5": 0.2536686419233021,
  "score6": 0.038847978400171936
}