{
  "score0": 0.6138259496631812,
  "score1": 0.5765471395655575,
  "score2": 0.31404599729554705,
  "score3": 0.12922380251832274,
  "score4": 0.08723893165816195,
  "score5": 0.47483843067096426,
  "score6": 0.39146126028999556
}