{
  "score0": 0.7155111764759546,
  "score1": 0.450990898233529,
  "score2": 0.4982614212317184,
  "score3": 0.19776766458366282,
  "score4": 0.09760495881700028,
  "score5": 0.15027930292249733,
  "score6": 0.13719662024314364
}