{
  "score0": 0.7155111764759546,
  "score1": 0.5412522648622059,
  "score2": 0.6323877806191283,
  "score3": 0.09449972952619017,
  "score4": 0.18176199333441848,
  "score5": 0.07979850757747271,
  "score6": 0.13331314518314927
}