{
  "score0": 0.266238426306703,
  "score1": 0.6485387035336622,
  "score2": 0.21899180947133243,
  "score3": 0.12981479291361409,
  "score4": 0.0342980386782804,
  "score5": 0.14688498095782387,
  "score6": 0.23305146202614024
}