{
  "score0": 0.11963838247845598,
  "score1": 0.2205405477902443,
  "score2": 0.31819992641766137,
  "score3": 0.4443016389923793,
  "score4": 0.5132180650953806,
  "score5": 0.20506654300978422,
  "score6": 0.18780497552725203
}