{
  "score0": 0.4136860036715888,
  "score1": 0.5773795795838395,
  "score2": 0.08006587574756392,
  "score3": 0.09051075935599244,
  "score4": 0.27641154151178554,
  "score5": 0.23818020988778757,
  "score6": 0.5714323613271182
}