{
  "score0": 0.6885236947855319,
  "score1": 0.523700581953239,
  "score2": 0.46156323024138934,
  "score3": 0.14949919717523064,
  "score4": 0.23765097233379673,
  "score5": 0.21412491537133618,
  "score6": 0.4245936638668635
}