{
  "score0": 0.14975175512258093,
  "score1": 0.21625017202044505,
  "score2": 0.37947848422544417,
  "score3": 0.22107120298476893,
  "score4": 0.45848466885075534,
  "score5": 0.4775559646031737,
  "score6": 0.42074732697315453
}