{
  "score0": 0.13087073774110872,
  "score1": 0.4596256347488265,
  "score2": 0.7340215673092477,
  "score3": 0.18391233013343486,
  "score4": 0.20065627915051773,
  "score5": 0.28807421091034224,
  "score6": 0.06989909890663525
}