{
  "score0": 0.6415671913411308,
  "score1": 0.7972237098538557,
  "score2": 0.705479617573723,
  "score3": 0.38620166107925497,
  "score4": 0.12091187398260772,
  "score5": 0.09756571484312822,
  "score6": 0.020790163912227325
}