{
  "score0": 0.3252126301691229,
  "score1": 0.1247600960410203,
  "score2": 0.2837579738531972,
  "score3": 0.18111519125974854,
  "score4": 0.46032358002073587,
  "score5": 0.5160779865600239,
  "score6": 0.5413966253890937
}