{
  "score0": 0.7989679704493826,
  "score1": 0.7349507144706882,
  "score2": 0.5189782694848285,
  "score3": 0.20354154637873748,
  "score4": 0.06900978952858174,
  "score5": 0.05691372527121553,
  "score6": 0.00755903154807401
}