{
  "score0": 0.16135329574759522,
  "score1": 0.10590536549014821,
  "score2": 0.2549273232235093,
  "score3": 0.22791470241638212,
  "score4": 0.2359034710992831,
  "score5": 0.3774932141576128,
  "score6": 0.15775274328658037
}