{
  "score0": 0.43177393637904304,
  "score1": 0.07409305261627597,
  "score2": 0.2573252060445865,
  "score3": 0.23531081459297484,
  "score4": 0.10129434057804161,
  "score5": 0.012631583154018312,
  "score6": 0.1995339150542166
}