{
  "score0": 0.6692334799332018,
  "score1": 0.8062691589107116,
  "score2": 0.6904360520746634,
  "score3": 0.4252635054075596,
  "score4": 0.12091187398260772,
  "score5": 0.09756571484312822,
  "score6": 0.020790163912227325
}