{
  "score0": 0.6334853792938843,
  "score1": 0.5054267154255208,
  "score2": 0.22090352296455046,
  "score3": 0.06366650505640331,
  "score4": 0.19749202149711365,
  "score5": 0.33683219856811464,
  "score6": 0.5948827275381594
}