{
  "score0": 0.044481533236575804,
  "score1": 0.2620695205746867,
  "score2": 0.1889076109239431,
  "score3": 0.2543630805606969,
  "score4": 0.223426500151108,
  "score5": 0.15105982837385465,
  "score6": 0.23397523083305097
}