{
  "score0": 0.40801516257455267,
  "score1": 0.6303752713416995,
  "score2": 0.5374924031809695,
  "score3": 0.414798342764594,
  "score4": 0.07701389420002692,
  "score5": 0.1646106864861089,
  "score6": 0.07793937472023911
}