{
  "score0": 0.4214665988673299,
  "score1": 0.6303752713416995,
  "score2": 0.5374924031809695,
  "score3": 0.3542661650125718,
  "score4": 0.17039392644806226,
  "score5": 0.15934884835514776,
  "score6": 0.024806465704322097
}