{
  "score0": 0.3945361441681645,
  "score1": 0.6197957504902338,
  "score2": 0.5019243499099574,
  "score3": 0.414798342764594,
  "score4": 0.07701389420002692,
  "score5": 0.1646106864861089,
  "score6": 0.07793937472023911
}