{
  "score0": 0.34545932883551234,
  "score1": 0.338164509654937,
  "score2": 0.09159017695964482,
  "score3": 0.0690028672352439,
  "score4": 0.16161225934247103,
  "score5": 0.2565800568410966,
  "score6": 0.4174768992476306
}