{
  "score0": 0.7603348693839684,
  "score1": 0.6138259496631812,
  "score2": 0.5765471395655575,
  "score3": 0.19817881289677106,
  "score4": 0.10639531668160794,
  "score5": 0.18860887125909861,
  "score6": 0.17484528508609387
}