{
  "score0": 0.6710600891806701,
  "score1": 0.3444798262916937,
  "score2": 0.2018419364381883,
  "score3": 0.13133351492210257,
  "score4": 0.2413185280239681,
  "score5": 0.4518368672196815,
  "score6": 0.3910626207043586
}