{
  "score0": 0.6177318051591103,
  "score1": 0.31319235813528323,
  "score2": 0.19913338845096423,
  "score3": 0.1824740742097263,
  "score4": 0.23262588043983787,
  "score5": 0.2856806735389701,
  "score6": 0.25910824592838805
}