{
  "score0": 0.3136375577092709,
  "score1": 0.356656499236524,
  "score2": 0.12857462820484647,
  "score3": 0.1698684716634398,
  "score4": 0.11743036582886418,
  "score5": 0.368932708278427,
  "score6": 0.510562812496787
}