{
  "score0": 0.03869807689445394,
  "score1": 0.20678524062112066,
  "score2": 0.3017433332543101,
  "score3": 0.21269464363204904,
  "score4": 0.31494402504187985,
  "score5": 0.2517523441901332,
  "score6": 0.29145680928672074
}