{
  "score0": 0.27076495289177116,
  "score1": 0.6989991331213817,
  "score2": 0.20688277100405866,
  "score3": 0.12981479291361409,
  "score4": 0.0342980386782804,
  "score5": 0.14688498095782387,
  "score6": 0.23305146202614024
}