{
  "score0": 0.15973778850061446,
  "score1": 0.33232893651652384,
  "score2": 0.2210354286120476,
  "score3": 0.4674319353724515,
  "score4": 0.5488024962572556,
  "score5": 0.23696314901652515,
  "score6": 0.28196321054331247
}