{
  "score0": 0.12880946983818864,
  "score1": 0.231849948614598,
  "score2": 0.330965954585776,
  "score3": 0.36485724524620095,
  "score4": 0.47302405418457266,
  "score5": 0.4948691951485656,
  "score6": 0.16047375390707508
}