{
  "score0": 0.7921535026509207,
  "score1": 0.6949849378801286,
  "score2": 0.3522344485854891,
  "score3": 0.20354154637873748,
  "score4": 0.06900978952858174,
  "score5": 0.05691372527121553,
  "score6": 0.00755903154807401
}