{
  "score0": 0.6177318051591103,
  "score1": 0.2625391901776066,
  "score2": 0.16416795509407472,
  "score3": 0.22659192766568115,
  "score4": 0.3270367987299952,
  "score5": 0.22170990355233136,
  "score6": 0.3862554104826859
}