{
  "score0": 0.7413775785564245,
  "score1": 0.6840808049839948,
  "score2": 0.5048644283215672,
  "score3": 0.08609904829195596,
  "score4": 0.10810244589491876,
  "score5": 0.22820202095773445,
  "score6": 0.18272290346307452
}