{
  "score0": 0.4105427427577598,
  "score1": 0.6425092698167142,
  "score2": 0.46184765587429943,
  "score3": 0.2558200280250542,
  "score4": 0.12333614226126856,
  "score5": 0.06990317228332961,
  "score6": 0.26686705081991346
}