{
  "score0": 0.13412293601900235,
  "score1": 0.231849948614598,
  "score2": 0.3871750565849919,
  "score3": 0.32175392189531943,
  "score4": 0.43476389161130896,
  "score5": 0.5809301938660206,
  "score6": 0.20828033995860232
}