{
  "score0": 0.03850970895141214,
  "score1": 0.2494920835815491,
  "score2": 0.11157706200333338,
  "score3": 0.18430716321927196,
  "score4": 0.38554059615842734,
  "score5": 0.22210027159054982,
  "score6": 0.12456470185219744
}