{
  "score0": 0.7155111764759546,
  "score1": 0.5412522648622059,
  "score2": 0.6872086133892227,
  "score3": 0.22807314883582275,
  "score4": 0.19776766458366282,
  "score5": 0.09760495881700028,
  "score6": 0.15027930292249733
}