{
  "score0": 0.4263321934417889,
  "score1": 0.12600917070222092,
  "score2": 0.11606511667284654,
  "score3": 0.01718228479579913,
  "score4": 0.0009348265788799577,
  "score5": 0.020311456503070858,
  "score6": 0.08999036905890995
}