{
  "score0": 0.3079160340465352,
  "score1": 0.12890846194257727,
  "score2": 0.24662261606354527,
  "score3": 0.27327197191195096,
  "score4": 0.3635672595719493,
  "score5": 0.4842251533841549,
  "score6": 0.5620771625564785
}