{
  "score0": 0.21625017202044505,
  "score1": 0.37947848422544417,
  "score2": 0.18709264926520222,
  "score3": 0.4100072317954087,
  "score4": 0.4575225579971968,
  "score5": 0.4463987950694422,
  "score6": 0.45476498986135994
}