{
  "score0": 0.16270668039741634,
  "score1": 0.07728875580488902,
  "score2": 0.40078454698844573,
  "score3": 0.41406568277535766,
  "score4": 0.42721674233710694,
  "score5": 0.34236376167588656,
  "score6": 0.07819498545567834
}