{
  "score0": 0.1359117833173542,
  "score1": 0.08415500738600493,
  "score2": 0.41049252115778057,
  "score3": 0.4412544779741363,
  "score4": 0.3507723290489306,
  "score5": 0.3969159166862098,
  "score6": 0.11387388557258592
}