{
  "score0": 0.6958879793067329,
  "score1": 0.6216752717857109,
  "score2": 0.42764496647893874,
  "score3": 0.09764339757603642,
  "score4": 0.21077618296606007,
  "score5": 0.33215581340358286,
  "score6": 0.5714220366649663
}