{
  "score0": 0.6391242899117424,
  "score1": 0.5171303216275119,
  "score2": 0.47430242989195864,
  "score3": 0.14009583806170198,
  "score4": 0.09899409152439194,
  "score5": 0.2037511187025558,
  "score6": 0.34988182164826725
}