{
  "score0": 0.36757011966909126,
  "score1": 0.6043058115946744,
  "score2": 0.12460789186792694,
  "score3": 0.07163548492644828,
  "score4": 0.08444934412535453,
  "score5": 0.20833607153332456,
  "score6": 0.25282771378004465
}