{
  "score0": 0.10118727945214283,
  "score1": 0.47901762239672907,
  "score2": 0.6925097330957501,
  "score3": 0.47007313021025876,
  "score4": 0.2879186501940199,
  "score5": 0.15227186485990032,
  "score6": 0.1751475354101557
}