{
  "score0": 0.1314074254317039,
  "score1": 0.4415643096630512,
  "score2": 0.6877772468228424,
  "score3": 0.3357653919892569,
  "score4": 0.28757158119525544,
  "score5": 0.2766378572778656,
  "score6": 0.078649567848201
}