{
  "score0": 0.1981927850473864,
  "score1": 0.3573740352790588,
  "score2": 0.2908909647236038,
  "score3": 0.4575225579971968,
  "score4": 0.4463987950694422,
  "score5": 0.45476498986135994,
  "score6": 0.16063053391939733
}