{
  "score0": 0.6697881334841435,
  "score1": 0.4136860036715888,
  "score2": 0.5773795795838395,
  "score3": 0.056151273178993606,
  "score4": 0.2193396875562423,
  "score5": 0.07938846654125715,
  "score6": 0.12237015884679335
}