{
  "score0": 0.42694189760573925,
  "score1": 0.14650236243545617,
  "score2": 0.11606511667284654,
  "score3": 0.23084476785921218,
  "score4": 0.0542990647615223,
  "score5": 0.03488173957246913,
  "score6": 0.06523690056212107
}