{
  "score0": 0.3014056130551209,
  "score1": 0.12447272639625032,
  "score2": 0.24662261606354527,
  "score3": 0.17959318028864266,
  "score4": 0.4799336077350482,
  "score5": 0.4216228008094724,
  "score6": 0.5461144562108782
}