{
  "score0": 0.14382470636467454,
  "score1": 0.07728875580488902,
  "score2": 0.40078454698844573,
  "score3": 0.45745686837875693,
  "score4": 0.32586073989377234,
  "score5": 0.15956343388577457,
  "score6": 0.2075104637569447
}