{
  "score0": 0.4214665988673299,
  "score1": 0.6303752713416995,
  "score2": 0.4614706029767935,
  "score3": 0.29098077593890337,
  "score4": 0.14148652382692053,
  "score5": 0.104895656882272,
  "score6": 0.03195211587202071
}