{
  "score0": 0.25947474951770366,
  "score1": 0.1788981746317229,
  "score2": 0.05602662932582352,
  "score3": 0.2063119081732218,
  "score4": 0.16334929871394008,
  "score5": 0.49132094922413505,
  "score6": 0.1518516891670966
}