{
  "score0": 0.08732889251907468,
  "score1": 0.2783779969589313,
  "score2": 0.11629417979443045,
  "score3": 0.36670564930660854,
  "score4": 0.2531928420330312,
  "score5": 0.16750981539423582,
  "score6": 0.2663644863225641
}