{
  "score0": 0.17948743485131857,
  "score1": 0.18266674770293204,
  "score2": 0.16369884427795645,
  "score3": 0.12202735739627914,
  "score4": 0.03417730362980135,
  "score5": 0.02460512612581869,
  "score6": 0.11160641818549333
}