{
  "score0": 0.0739350003053674,
  "score1": 0.1267148896602138,
  "score2": 0.21266525182993024,
  "score3": 0.0970808725574203,
  "score4": 0.2010270292290314,
  "score5": 0.10291250978250173,
  "score6": 0.026936419795088536
}