{
  "score0": 0.38434283678097464,
  "score1": 0.05511358030609202,
  "score2": 0.08369823833729576,
  "score3": 0.07141921419114607,
  "score4": 0.10086483801424768,
  "score5": 0.3144057482653085,
  "score6": 0.27756859379246096
}