{
  "score0": 0.20876743994325175,
  "score1": 0.3110253023114421,
  "score2": 0.05953822650054361,
  "score3": 0.012536350970958674,
  "score4": 0.07351612648703133,
  "score5": 0.4063287283348754,
  "score6": 0.2516951857644119
}