{
  "score0": 0.08732889251907468,
  "score1": 0.29234027644148364,
  "score2": 0.05555104321411849,
  "score3": 0.348115485943485,
  "score4": 0.36670564930660854,
  "score5": 0.2531928420330312,
  "score6": 0.16750981539423582
}