{
  "score0": 0.23576023764522538,
  "score1": 0.3726391266206519,
  "score2": 0.061188495617501774,
  "score3": 0.03139820286555272,
  "score4": 0.14725007118925182,
  "score5": 0.4143210597872781,
  "score6": 0.1683453886789701
}