{
  "score0": 0.24038496107263882,
  "score1": 0.042290342702789446,
  "score2": 0.5702332497403736,
  "score3": 0.4259396176127142,
  "score4": 0.15858289859474886,
  "score5": 0.421005869083159,
  "score6": 0.2115719013238929
}