{
  "score0": 0.2632403424308951,
  "score1": 0.1684355330991306,
  "score2": 0.29071566119224973,
  "score3": 0.06274115494112277,
  "score4": 0.13287343239803853,
  "score5": 0.29544279216631136,
  "score6": 0.05333219548201975
}