{
  "score0": 0.08964839549937828,
  "score1": 0.06809177052666454,
  "score2": 0.02818577883856268,
  "score3": 0.3040849062271247,
  "score4": 0.2982541049129745,
  "score5": 0.1771083183392547,
  "score6": 0.09309244280460986
}