{
  "score0": 0.09120962414953211,
  "score1": 0.3191099531117077,
  "score2": 0.059202079605599825,
  "score3": 0.25291570927838275,
  "score4": 