{
  "score0": 0.17727518370944287,
  "score1": 0.27677366306002205,
  "score2": 0.1232870045066782,
  "score3": 0.10884413014104799,
  "score4": 0.22314464293490702,
  "score5": 0.13135263593589075,
  "score6": 0.2209737474577583
}