{
  "score0": 0.08841106168685925,
  "score1": 0.14608840225092265,
  "score2": 0.22714137424787845,
  "score3": 0.10706338773613285,
  "score4": 0.16828273706368255,
  "score5": 0.09215184985763929,
  "score6": 0.0205516949886564
}