{
  "score0": 0.09349117012213352,
  "score1": 0.1094090684793446,
  "score2": 0.07811206106185047,
  "score3": 0.09808207961716414,
  "score4": 0.1404014843896044,
  "score5": 0.26217213250762744,
  "score6": 0.1420850894625653
}