{
  "score0": 0.12022216701866066,
  "score1": 0.20215008755236835,
  "score2": 0.16288187252099273,
  "score3": 0.14738484108067687,
  "score4": 0.0847048609582966,
  "score5": 0.03196215731846539,
  "score6": 0.039365265384579774
}