{
  "score0": 0.16929969007795942,
  "score1": 0.2138181710220961,
  "score2": 0.2761664090182556,
  "score3": 0.04227024332119089,
  "score4": 0.10860182489619348,
  "score5": 0.056917166012733396,
  "score6": 0.3868276357222971
}