{
  "score0": 0.059835295448223,
  "score1": 0.04325677182638854,
  "score2": 0.14392895624202542,
  "score3": 0.24820657770422008,
  "score4": 0.2340102090068492,
  "score5": 0.06265600245731197,
  "score6": 0.1679219494870734
}