{
  "score0": 0.36227806401188556,
  "score1": 0.35774648343206106,
  "score2": 0.10882210902795653,
  "score3": 0.05197499846395529,
  "score4": 0.07796279580349863,
  "score5": 0.04170860251970241,
  "score6": 0.2828563443601384
}