{
  "score0": 0.12903403892934123,
  "score1": 0.07992621016142978,
  "score2": 0.02818577883856268,
  "score3": 0.3040849062271247,
  "score4": 0.2982541049129745,
  "score5": 0.1771083183392547,
  "score6": 0.09309244280460986
}