{
  "score0": 0.2913614206385324,
  "score1": 0.07345645546205963,
  "score2": 0.03731610931432338,
  "score3": 0.034933045580362275,
  "score4": 0.31926370481478267,
  "score5": 0.39120627326967883,
  "score6": 0.09849167873401332
}