{
  "score0": 0.054882462131006365,
  "score1": 0.028831475163954998,
  "score2": 0.1201843224526738,
  "score3": 0.14139076073225826,
  "score4": 0.15092775824637258,
  "score5": 0.145605601725633,
  "score6": 0.2762217989229722
}