{
  "score0": 0.038964348977396944,
  "score1": 0.09887184980083734,
  "score2": 0.08003160820127644,
  "score3": 0.22211435322256445,
  "score4": 0.3010771902055603,
  "score5": 0.2241757445105456,
  "score6": 0.17296497178525128
}