{
  "score0": 0.14920029456637,
  "score1": 0.18357307050912824,
  "score2": 0.16840052757284515,
  "score3": 0.12376540187082023,
  "score4": 0.04347793018566779,
  "score5": 0.37300195927885066,
  "score6": 0.37445922922276975
}