{
  "score0": 0.09349117012213352,
  "score1": 0.1059879488347599,
  "score2": 0.07017922597349972,
  "score3": 0.1404014843896044,
  "score4": 0.26217213250762744,
  "score5": 0.1420850894625653,
  "score6": 0.18510721011087194
}