{
  "score0": 0.20343733310934226,
  "score1": 0.18423356266135635,
  "score2": 0.16369884427795645,
  "score3": 0.10126681766157615,
  "score4": 0.09918204793366214,
  "score5": 0.07491359457247929,
  "score6": 0.07368224197785686
}