{
  "score0": 0.05511358030609202,
  "score1": 0.1334843339247579,
  "score2": 0.07017922597349972,
  "score3": 0.1404014843896044,
  "score4": 0.26217213250762744,
  "score5": 0.1420850894625653,
  "score6": 0.18510721011087194
}