{
  "score0": 0.1872273355878637,
  "score1": 0.20484192471552082,
  "score2": 0.30099400174508373,
  "score3": 0.028111346127833656,
  "score4": 0.061682522559266706,
  "score5": 0.05750172674055192,
  "score6": 0.4527248606893142
}