{
  "score0": 0.20811681325502496,
  "score1": 0.29113364571319444,
  "score2": 0.16524419122492168,
  "score3": 0.040354412969390595,
  "score4": 0.09234680631944725,
  "score5": 0.019372693854291387,
  "score6": 0.000903334581561718
}