{
  "score0": 0.2476832195473374,
  "score1": 0.17378582520606933,
  "score2": 0.2111730635696019,
  "score3": 0.02799585347745423,
  "score4": 0.06418270947820735,
  "score5": 0.04077956923870896,
  "score6": 0.05494879925582132
}