{
  "score0": 0.09503201007889525,
  "score1": 0.3246839617578004,
  "score2": 0.046446301887279384,
  "score3": 0.2518361384915084,
  "score4": 0.32662299772850495,
  "score5": 0.17732806952426702,
  "score6": 0.44607048841243824
}