{
  "score0": 0.08964839549937828,
  "score1": 0.06809177052666454,
  "score2": 0.02597553189190509,
  "score3": 0.24809008536029165,
  "score4": 0.3444752252674084,
  "score5": 0.21754912986284056,
  "score6": 0.08336881583934207
}