{
  "score0": 0.04956387176331161,
  "score1": 0.06793369061888332,
  "score2": 0.050945063299028925,
  "score3": 0.17323023439425086,
  "score4": 0.2358657205404561,
  "score5": 0.21536787956541661,
  "score6": 0.05461996813564619
}