{
  "score0": 0.25947474951770366,
  "score1": 0.15103867780393176,
  "score2": 0.129167281871228,
  "score3": 0.10128543950866115,
  "score4": 0.08173406880195204,
  "score5": 0.17251042199403321,
  "score6": 0.29358326822086406
}