{
  "score0": 0.20587655942040345,
  "score1": 0.3662056880152923,
  "score2": 0.03293141216781871,
  "score3": 0.06480479270727256,
  "score4": 0.0682327323941577,
  "score5": 0.41334776169301407,
  "score6": 0.34790653271778177
}