{
  "score0": 0.35774648343206106,
  "score1": 0.10882210902795653,
  "score2": 0.11885865800977952,
  "score3": 0.1613000164504292,
  "score4": 0.2433552608612677,
  "score5": 0.2201779443571553,
  "score6": 0.3048383971585448
}