{
  "score0": 0.26378465303470233,
  "score1": 0.14113300142333693,
  "score2": 0.3092268031520692,
  "score3": 0.07566883202261807,
  "score4": 0.02799585347745423,
  "score5": 0.06418270947820735,
  "score6": 0.04077956923870896
}