{
  "score0": 0.07816861686609707,
  "score1": 0.06279749210007922,
  "score2": 0.12652909313706195,
  "score3": 0.24907609127891384,
  "score4": 0.1608813777027476,
  "score5": 0.20260960990200702,
  "score6": 0.1912271158346249
}