{
  "score0": 0.17786388129792854,
  "score1": 0.27677366306002205,
  "score2": 0.13261649946421378,
  "score3": 0.09431142801146182,
  "score4": 0.43659911228626297,
  "score5": 0.16962108523892772,
  "score6": 0.06309245230807724
}