{
  "score0": 0.23534934102717697,
  "score1": 0.3726391266206519,
  "score2": 0.06371938634059815,
  "score3": 0.035984898593542695,
  "score4": 0.10102110024466986,
  "score5": 0.5190517839459206,
  "score6": 0.4636636294099834
}