{
  "score0": 0.26863306593429426,
  "score1": 0.18401817047832875,
  "score2": 0.2874901631447785,
  "score3": 0.06523739476892508,
  "score4": 0.09343439677984751,
  "score5": 0.04759135664128006,
  "score6": 0.025656732734516057
}