{
  "score0": 0.13991806242639565,
  "score1": 0.21694995900780137,
  "score2": 0.2585020952635248,
  "score3": 0.04514934774240154,
  "score4": 0.07059374986220197,
  "score5": 0.11329335092688786,
  "score6": 0.4053277972556104
}