{
  "score0": 0.42735983330747535,
  "score1": 0.05525631282401122,
  "score2": 0.18520279229627004,
  "score3": 0.0992522739114099,
  "score4": 0.142201352090519,
  "score5": 0.31110342775511407,
  "score6": 0.4764300759293207
}