{
  "score0": 0.4109067431867018,
  "score1": 0.2596955723485477,
  "score2": 0.03944651299475545,
  "score3": 0.029858999088462634,
  "score4": 0.07796279580349863,
  "score5": 0.04170860251970241,
  "score6": 0.16647870052448133
}