{
  "score0": 0.32359449495260056,
  "score1": 0.05525631282401122,
  "score2": 0.18520279229627004,
  "score3": 0.10931191581824266,
  "score4": 0.12088605010625313,
  "score5": 0.30777191778680046,
  "score6": 0.23239880351223896
}