{
  "score0": 0.3068802842101906,
  "score1": 0.042290342702789446,
  "score2": 0.6018845430433067,
  "score3": 0.26245696030930826,
  "score4": 0.34188488212455076,
  "score5": 0.415016916212241,
  "score6": 0.1229650413381987
}