{
  "score0": 0.18266674770293204,
  "score1": 0.2060755381892883,
  "score2": 0.20511987358428713,
  "score3": 0.061682522559266706,
  "score4": 0.05750172674055192,
  "score5": 0.4527248606893142,
  "score6": 0.1347127167060422
}