{
  "score0": 0.23728166640727405,
  "score1": 0.3662056880152923,
  "score2": 0.03293141216781871,
  "score3": 0.06480479270727256,
  "score4": 0.06494993415072797,
  "score5": 0.3509876052360328,
  "score6": 0.2839991786818321
}