{
  "score0": 0.3191099531117077,
  "score1": 0.059202079605599825,
  "score2": 0.43826340264999536,
  "score3": 0.1756477285839307,
  "score4": 0.28076823939337797,
  "score5": 0.1859348873807214,
  "score6": 0.08883467863757366
}