{
  "score0": 0.4383238791029301,
  "score1": 0.007500218706366698,
  "score2": 0.18520279229627004,
  "score3": 0.0992522739114099,
  "score4": 0.142201352090519,
  "score5": 0.31110342775511407,
  "score6": 0.4764300759293207
}