{
  "score0": 0.13747461037955144,
  "score1": 0.07992621016142978,
  "score2": 0.00684084267236236,
  "score3": 0.18764222872322,
  "score4": 0.1951820019586102,
  "score5": 0.17371533822022311,
  "score6": 0.06217408229954937
}