{
  "score0": 0.36227806401188556,
  "score1": 0.3412120003044082,
  "score2": 0.03944651299475545,
  "score3": 0.029858999088462634,
  "score4": 0.07796279580349863,
  "score5": 0.04170860251970241,
  "score6": 0.2828563443601384
}