{
  "score0": 0.3098906917163791,
  "score1": 0.04560506158452544,
  "score2": 0.6018845430433067,
  "score3": 0.26245696030930826,
  "score4": 0.34188488212455076,
  "score5": 0.415016916212241,
  "score6": 0.1229650413381987
}