{
  "score0": 0.21220116439153416,
  "score1": 0.1428347381392402,
  "score2": 0.17283434187143104,
  "score3": 0.10126681766157615,
  "score4": 0.09918204793366214,
  "score5": 0.07491359457247929,
  "score6": 0.07368224197785686
}