{
  "score0": 0.3021612655555693,
  "score1": 0.1791738828654506,
  "score2": 0.2590106988087592,
  "score3": 0.0722629505737928,
  "score4": 0.0485101660534328,
  "score5": 0.34019631480264984,
  "score6": 0.053601168377709944
}