{
  "score0": 0.336631790668826,
  "score1": 0.07658963234379133,
  "score2": 0.05854191883245632,
  "score3": 0.10931191581824266,
  "score4": 0.17865788079906517,
  "score5": 0.29390151689131183,
  "score6": 0.22340412444822952
}