{
  "score0": 0.29054341214903145,
  "score1": 0.10693219636509865,
  "score2": 0.11691381610644387,
  "score3": 0.05002818070013462,
  "score4": 0.37631525811847627,
  "score5": 0.40457553140039476,
  "score6": 0.10179171280907125
}