{
  "score0": 0.054882462131006365,
  "score1": 0.028831475163954998,
  "score2": 0.15269449029411597,
  "score3": 0.16212455655626393,
  "score4": 0.15362314062705443,
  "score5": 0.1888266087832883,
  "score6": 0.20142827522183623
}