{
  "score0": 0.1441480077400883,
  "score1": 0.2476832195473374,
  "score2": 0.17378582520606933,
  "score3": 0.15564194423903963,
  "score4": 0.08565024349330504,
  "score5": 0.08282760514594778,
  "score6": 0.06425762188058974
}