{
  "score0": 0.26765378826822067,
  "score1": 0.05400536381284384,
  "score2": 0.03731610931432338,
  "score3": 0.0631650485275837,
  "score4": 0.34333294432227124,
  "score5": 0.3729256028326254,
  "score6": 0.08713055659931405
}