{
  "score0": 0.08841106168685925,
  "score1": 0.14608840225092265,
  "score2": 0.2113900785183529,
  "score3": 0.11923773465511729,
  "score4": 0.1586427428298607,
  "score5": 0.06445838029094351,
  "score6": 0.02751514257938315
}