{
  "score0": 0.33824168931348325,
  "score1": 0.10545282893790708,
  "score2": 0.11885865800977952,
  "score3": 0.1613000164504292,
  "score4": 0.2433552608612677,
  "score5": 0.2201779443571553,
  "score6": 0.3048383971585448
}