{
  "score0": 0.17294247805311483,
  "score1": 0.20484192471552082,
  "score2": 0.2794172015860094,
  "score3": 0.05263868119422571,
  "score4": 0.0907056758640209,
  "score5": 0.15759842499076332,
  "score6": 0.27035562856265
}