{
  "score0": 0.25947474951770366,
  "score1": 0.15103867780393176,
  "score2": 0.13814727068243166,
  "score3": 0.10112444188890257,
  "score4": 0.03744079019359475,
  "score5": 0.2063119081732218,
  "score6": 0.16334929871394008
}