{
  "score0": 0.17296323853629791,
  "score1": 0.23480848217283518,
  "score2": 0.32924568553516875,
  "score3": 0.02807268812739971,
  "score4": 0.07061586306958219,
  "score5": 0.15828304667721652,
  "score6": 0.4583899473857194
}