{
  "score0": 0.20811681325502496,
  "score1": 0.29113364571319444,
  "score2": 0.1788981746317229,
  "score3": 0.04687702550101297,
  "score4": 0.1560825106214189,
  "score5": 0.02805207105276764,
  "score6": 0.20439381992724162
}