{
  "score0": 0.2515523397628985,
  "score1": 0.15103867780393176,
  "score2": 0.1339024735819661,
  "score3": 0.13172843146942148,
  "score4": 0.06347665579678512,
  "score5": 0.07111840781103147,
  "score6": 0.10068125985349419
}