{
  "score0": 0.33824168931348325,
  "score1": 0.07658963234379133,
  "score2": 0.05414856763415546,
  "score3": 0.08015094451712279,
  "score4": 0.1613000164504292,
  "score5": 0.2433552608612677,
  "score6": 0.2201779443571553
}