{
  "score0": 0.23144225367790733,
  "score1": 0.3110253023114421,
  "score2": 0.05953822650054361,
  "score3": 0.07972308828222349,
  "score4": 0.06494993415072797,
  "score5": 0.3509876052360328,
  "score6": 0.2839991786818321
}