{
  "score0": 0.3311861457607025,
  "score1": 0.03966700738173695,
  "score2": 0.08695105963080421,
  "score3": 0.44809271886818136,
  "score4": 0.3756906148021307,
  "score5": 0.07441084178032813,
  "score6": 0.051542889798563696
}