{
  "score0": 0.10693219636509865,
  "score1": 0.2176638955484776,
  "score2": 0.11629417979443045,
  "score3": 0.36670564930660854,
  "score4": 0.2531928420330312,
  "score5": 0.16750981539423582,
  "score6": 0.2663644863225641
}