{
  "score0": 0.18018409842728872,
  "score1": 0.27496247324956913,
  "score2": 0.16524419122492168,
  "score3": 0.03270780822656286,
  "score4": 0.2725568249665867,
  "score5": 0.12090480952429768,
  "score6": 0.16475246080811765
}