{
  "score0": 0.11848909669391176,
  "score1": 0.18864000102987738,
  "score2": 0.16515671702709622,
  "score3": 0.14916742374758787,
  "score4": 0.05650410625241947,
  "score5": 0.0393493842679366,
  "score6": 0.049659739893322986
}