{
  "score0": 0.3311861457607025,
  "score1": 0.049892293411561775,
  "score2": 0.0655302320140283,
  "score3": 0.07279265037140357,
  "score4": 0.44809271886818136,
  "score5": 0.3756906148021307,
  "score6": 0.07441084178032813
}