{
  "score0": 0.07015277984786614,
  "score1": 0.06991714699847469,
  "score2": 0.06003083445573762,
  "score3": 0.042718955772304466,
  "score4": 0.15558120852963855,
  "score5": 0.23984093394931516,
  "score6": 0.16261193964532408
}