{
  "score0": 0.0777425292703903,
  "score1": 0.33034085730879387,
  "score2": 0.08057090997069835,
  "score3": 0.30181671157035334,
  "score4": 0.3033657733426805,
  "score5": 0.2772866745997495,
  "score6": 0.41034618700177367
}