{
  "score0": 0.255995764173022,
  "score1": 0.1428347381392402,
  "score2": 0.17283434187143104,
  "score3": 0.11131534587771298,
  "score4": 0.1084579635461283,
  "score5": 0.024195818611789283,
  "score6": 0.12210810487516559
}