{
  "score0": 0.06282812068319236,
  "score1": 0.025418425707065644,
  "score2": 0.15985557120241642,
  "score3": 0.22242455659205906,
  "score4": 0.2724223943808734,
  "score5": 0.07093132473799604,
  "score6": 0.1444621642366373
}