{
  "score0": 0.10738554508880216,
  "score1": 0.05488438469129831,
  "score2": 0.076535471642373,
  "score3": 0.1951820019586102,
  "score4": 0.17371533822022311,
  "score5": 0.06217408229954937,
  "score6": 0.21787098905449218
}