{
  "score0": 0.0777425292703903,
  "score1": 0.33034085730879387,
  "score2": 0.046446301887279384,
  "score3": 0.2784121525725361,
  "score4": 0.3931484275703819,
  "score5": 0.16571040583162533,
  "score6": 0.46006898507650673
}