{
  "score0": 0.23534934102717697,
  "score1": 0.32969510727460016,
  "score2": 0.05121537146454314,
  "score3": 0.10102110024466986,
  "score4": 0.5190517839459206,
  "score5": 0.4636636294099834,
  "score6": 0.12550722097535397
}