{
  "score0": 0.0885026455345975,
  "score1": 0.06958497536218228,
  "score2": 0.015319255862781699,
  "score3": 0.18272993877594765,
  "score4": 0.23722192387308114,
  "score5": 0.1840308756389835,
  "score6": 0.17341228496000613
}