{
  "score0": 0.06279749210007922,
  "score1": 0.12652909313706195,
  "score2": 0.20168952727836215,
  "score3": 0.22524786261302446,
  "score4": 0.12887801350761355,
  "score5": 0.050914921012361204,
  "score6": 0.13954012073307986
}