{
  "score0": 0.09120962414953211,
  "score1": 0.3246839617578004,
  "score2": 0.04993517472613219,
  "score3": 0.25291570927838275,
  "score4": 