{
  "score0": 0.09863605866910401,
  "score1": 0.14920029456637,
  "score2": 0.18357307050912824,
  "score3": 0.11791878669224017,
  "score4": 0.3085075417637535,
  "score5": 0.16328487455530658,
  "score6": 0.029004639322906426
}