{
  "score0": 0.1253574209205021,
  "score1": 0.20215008755236835,
  "score2": 0.16288187252099273,
  "score3": 0.09328385198457441,
  "score4": 0.09131192551565322,
  "score5": 0.03941809832313107,
  "score6": 0.0713273335381116
}