{
  "score0": 0.05786615292871365,
  "score1": 0.10738554508880216,
  "score2": 0.05488438469129831,
  "score3": 0.05427414724450615,
  "score4": 0.19390429123586736,
  "score5": 0.10802288188049573,
  "score6": 0.038305775706235105
}