{
  "score0": 0.255995764173022,
  "score1": 0.1428347381392402,
  "score2": 0.1339024735819661,
  "score3": 0.13172843146942148,
  "score4": 0.06347665579678512,
  "score5": 0.07111840781103147,
  "score6": 0.10068125985349419
}