{
  "score0": 0.31795449968568484,
  "score1": 0.049892293411561775,
  "score2": 0.07088054580033655,
  "score3": 0.14035930358899182,
  "score4": 0.3253759312241306,
  "score5": 0.3026736450723181,
  "score6": 0.07778898432796322
}