{
  "score0": 0.038964348977396944,
  "score1": 0.09887184980083734,
  "score2": 0.06003083445573762,
  "score3": 0.1317690227077762,
  "score4": 0.36026729700825516,
  "score5": 0.20855892153519304,
  "score6": 0.229538477992512
}