{
  "score0": 0.06707742711628349,
  "score1": 0.11373925726022903,
  "score2": 0.05949888832477215,
  "score3": 0.007556390680240677,
  "score4": 0.20834562768212686,
  "score5": 0.1187647541994404,
  "score6": 0.04181868223296905
}