{
  "score0": 0.11452673213606238,
  "score1": 0.18864000102987738,
  "score2": 0.17033464989266203,
  "score3": 0.2233953944207349,
  "score4": 0.12376540187082023,
  "score5": 0.04347793018566779,
  "score6": 0.37300195927885066
}