{
  "score0": 0.07756501151860144,
  "score1": 0.1536865564157841,
  "score2": 0.22199217096795068,
  "score3": 0.16017771609346396,
  "score4": 0.22524786261302446,
  "score5": 0.12887801350761355,
  "score6": 0.050914921012361204
}