{
  "score0": 0.1872273355878637,
  "score1": 0.20965300509376594,
  "score2": 0.20511987358428713,
  "score3": 0.061682522559266706,
  "score4": 0.05750172674055192,
  "score5": 0.4527248606893142,
  "score6": 0.1347127167060422
}