{
  "score0": 0.24189934829710752,
  "score1": 0.6171064590713081,
  "score2": 0.5998236369287151,
  "score3": 0.36037248026360613,
  "score4": 0.17630542710096941,
  "score5": 0.5519282029653557,
  "score6": 0.533986017731892
}