{
  "score0": 0.32618993280998176,
  "score1": 0.031185158513427385,
  "score2": 0.24644948794937116,
  "score3": 0.20071591803704522,
  "score4": 0.6703960618414607,
  "score5": 0.6955719788869033,
  "score6": 0.8313338730426002
}