{
  "score0": 0.6167992173170777,
  "score1": 0.3190350259309913,
  "score2": 0.2399715274715098,
  "score3": 0.6364682558248379,
  "score4": 0.5068308815700385,
  "score5": 0.17744447249742534,
  "score6": 0.07130519252355548
}