{
  "score0": 0.32202143970961955,
  "score1": 0.1333387522774506,
  "score2": 0.34345790062009013,
  "score3": 0.07747700831713333,
  "score4": 0.3936786092905435,
  "score5": 0.036328913490688626,
  "score6": 0.44818968235215045
}