{
  "score0": 0.45417947258903235,
  "score1": 0.4626524785175809,
  "score2": 0.2541658916533649,
  "score3": 0.3142393940693427,
  "score4": 0.5045491289327667,
  "score5": 0.35999632917272617,
  "score6": 0.5453068214742921
}