{
  "score0": 0.13866010478455199,
  "score1": 0.45262245592863,
  "score2": 0.27345439041949277,
  "score3": 0.18531593233484114,
  "score4": 0.43031351872800006,
  "score5": 0.03581050932285416,
  "score6": 0.32603864997136084
}