{
  "score0": 0.44548180202287574,
  "score1": 0.24478741368912785,
  "score2": 0.08556507382575966,
  "score3": 0.14956838383238383,
  "score4": 0.19336146557181322,
  "score5": 0.2986755888439759,
  "score6": 0.3477324387023168
}