{
  "score0": 0.6232299718327262,
  "score1": 0.3190350259309913,
  "score2": 0.21433434167027846,
  "score3": 0.6381164566839836,
  "score4": 0.595647606974493,
  "score5": 0.15452595611208578,
  "score6": 0.0902421826777839
}