{
  "score0": 0.06726483600037032,
  "score1": 0.3909541906187121,
  "score2": 0.4991771112719889,
  "score3": 0.721640433129107,
  "score4": 0.4902577423234697,
  "score5": 0.8153580952925187,
  "score6": 0.6679791884608716
}