{
  "score0": 0.07902167771342584,
  "score1": 0.4130026893370368,
  "score2": 0.47542204556029066,
  "score3": 0.3729934393668404,
  "score4": 0.745486431754741,
  "score5": 0.669593917566929,
  "score6": 0.8291544741814133
}