{
  "score0": 0.5267373251522869,
  "score1": 0.41898324760573613,
  "score2": 0.25985121822452306,
  "score3": 0.2595213966747581,
  "score4": 0.33381903493427884,
  "score5": 0.5971352530415923,
  "score6": 0.5926033549273385
}