{
  "score0": 0.6232299718327262,
  "score1": 0.36092448370138197,
  "score2": 0.3788352408813911,
  "score3": 0.595647606974493,
  "score4": 0.15452595611208578,
  "score5": 0.0902421826777839,
  "score6": 0.296595128277606
}