{
  "score0": 0.4602087440037717,
  "score1": 0.4360321041328584,
  "score2": 0.5032183724735937,
  "score3": 0.6718695120282301,
  "score4": 0.7947499515185715,
  "score5": 0.3838949645031147,
  "score6": 0.6696085544911213
}