{
  "score0": 0.2868307515618701,
  "score1": 0.5897025144041271,
  "score2": 0.3809996359230767,
  "score3": 0.1651859490496785,
  "score4": 0.34385193130016095,
  "score5": 0.26446273569963336,
  "score6": 0.19469621992844388
}