{
  "score0": 0.19206741040998931,
  "score1": 0.12309528467729172,
  "score2": 0.09914395303644156,
  "score3": 0.5060226543986418,
  "score4": 0.614632151804308,
  "score5": 0.500326600636627,
  "score6": 0.6144058663471319
}