{
  "score0": 0.5542961611094049,
  "score1": 0.4204201964913068,
  "score2": 0.28911195064099,
  "score3": 0.3417861372745363,
  "score4": 0.22757875252803075,
  "score5": 0.1955361274570004,
  "score6": 0.26580960157363914
}