{
  "score0": 0.3215199930680841,
  "score1": 0.03250803116163421,
  "score2": 0.27535991196724346,
  "score3": 0.1213961923893183,
  "score4": 0.20071591803704522,
  "score5": 0.6703960618414607,
  "score6": 0.6955719788869033
}