{
  "score0": 0.4906328148473464,
  "score1": 0.4823811301039584,
  "score2": 0.4881654114648886,
  "score3": 0.6309011459274448,
  "score4": 0.7420823010114489,
  "score5": 0.7127695633065757,
  "score6": 0.63594632868266
}