{
  "score0": 0.39206897354915005,
  "score1": 0.26662855681219216,
  "score2": 0.040804016990667366,
  "score3": 0.4203098459585515,
  "score4": 0.5300777635795338,
  "score5": 0.6139058953271125,
  "score6": 0.8125849225759375
}