{
  "score0": 0.3044808359382912,
  "score1": 0.028425547804450668,
  "score2": 0.34309816439481655,
  "score3": 0.6183894380414874,
  "score4": 0.42574091933497843,
  "score5": 0.7375808982327197,
  "score6": 0.2984712617622398
}