{
  "score0": 0.2954755473086537,
  "score1": 0.058627232706542846,
  "score2": 0.24958493929401948,
  "score3": 0.5692229901704927,
  "score4": 0.5319919197993298,
  "score5": 0.612030339605863,
  "score6": 0.6570881256875222
}