{
  "score0": 0.42589091157073145,
  "score1": 0.2769291657845689,
  "score2": 0.026091555608520656,
  "score3": 0.5340816259992667,
  "score4": 0.6538452307553567,
  "score5": 0.7498870764518197,
  "score6": 0.09994554264105404
}