{
  "score0": 0.3044808359382912,
  "score1": 0.05541651463964878,
  "score2": 0.3314839129619386,
  "score3": 0.5725863565113745,
  "score4": 0.42574091933497843,
  "score5": 0.7375808982327197,
  "score6": 0.2984712617622398
}