{
  "score0": 0.10048194460681961,
  "score1": 0.4130026893370368,
  "score2": 0.47542204556029066,
  "score3": 0.3916549211262694,
  "score4": 0.7433920010900663,
  "score5": 0.6790050438966612,
  "score6": 0.6146838611680927
}