{
  "score0": 0.2949534727892771,
  "score1": 0.19931231645617917,
  "score2": 0.22942115589709508,
  "score3": 0.2973711329174528,
  "score4": 0.25658378995028047,
  "score5": 0.7313627217768031,
  "score6": 0.8364346783054089
}