{
  "score0": 0.6482223368815271,
  "score1": 0.3836292207557972,
  "score2": 0.38441424159317106,
  "score3": 0.5106841339024185,
  "score4": 0.5932674165229618,
  "score5": 0.0799365773835094,
  "score6": 0.10153503452988151
}