{
  "score0": 0.2949534727892771,
  "score1": 0.13920045429844938,
  "score2": 0.3122561593193263,
  "score3": 0.12400479787166668,
  "score4": 0.2973711329174528,
  "score5": 0.25658378995028047,
  "score6": 0.7313627217768031
}