{
  "score0": 0.4913617956746207,
  "score1": 0.4626524785175809,
  "score2": 0.2541658916533649,
  "score3": 0.33225012449104147,
  "score4": 0.3989287161500368,
  "score5": 0.6568646275613581,
  "score6": 0.18269509533950323
}