{
  "score0": 0.4913617956746207,
  "score1": 0.45444779552852754,
  "score2": 0.2956600532642199,
  "score3": 0.05263617350463756,
  "score4": 0.3989287161500368,
  "score5": 0.6568646275613581,
  "score6": 0.18269509533950323
}