{
  "score0": 0.4602087440037717,
  "score1": 0.4505985248532981,
  "score2": 0.4203887142050962,
  "score3": 0.6834606079531155,
  "score4": 0.6718695120282301,
  "score5": 0.7947499515185715,
  "score6": 0.3838949645031147
}