{
  "score0": 0.14266024273385564,
  "score1": 0.40275593995832926,
  "score2": 0.1536200893431144,
  "score3": 0.29725171232111297,
  "score4": 0.4324030699345008,
  "score5": 0.11546089152197504,
  "score6": 0.04181105821993406
}