{
  "score0": 0.41205265317427625,
  "score1": 0.10854251311979418,
  "score2": 0.1170888302060302,
  "score3": 0.23544559394183037,
  "score4": 0.42272520955748966,
  "score5": 0.31258668971482256,
  "score6": 0.37205669473873604
}