{
  "score0": 0.28996711650654716,
  "score1": 0.05541651463964878,
  "score2": 0.3314839129619386,
  "score3": 0.619188127206657,
  "score4": 0.3056465356582647,
  "score5": 0.7702049254338323,
  "score6": 0.6871336253433208
}