{
  "score0": 0.13918004171827714,
  "score1": 0.218117829230682,
  "score2": 0.659575161694594,
  "score3": 0.6909333151491482,
  "score4": 0.24334552102070803,
  "score5": 0.3091643800575348,
  "score6": 0.6799660359989206
}