{
  "score0": 0.16757632698086974,
  "score1": 0.6062282750350966,
  "score2": 0.35854526634404843,
  "score3": 0.24792068716326918,
  "score4": 0.453759672100906,
  "score5": 0.3390563601149275,
  "score6": 0.02173712791149814
}