{
  "score0": 0.08043621300023344,
  "score1": 0.43429823483161756,
  "score2": 0.4216287414125328,
  "score3": 0.3729934393668404,
  "score4": 0.745486431754741,
  "score5": 0.669593917566929,
  "score6": 0.8291544741814133
}