{
  "score0": 0.4789895160163695,
  "score1": 0.4396425444406597,
  "score2": 0.33197013323885344,
  "score3": 0.11197076143957978,
  "score4": 0.27162757990361813,
  "score5": 0.7089767585594792,
  "score6": 0.6774536577640217
}