{
  "score0": 0.10831728990861826,
  "score1": 0.06052061751719657,
  "score2": 0.17567311263275143,
  "score3": 0.5804648089439022,
  "score4": 0.539223958016493,
  "score5": 0.784323497490759,
  "score6": 0.47487196207533966
}