{
  "score0": 0.5267373251522869,
  "score1": 0.41898324760573613,
  "score2": 0.2692889743826024,
  "score3": 0.25952139667475804,
  "score4": 0.42024305397957545,
  "score5": 0.5466674194670742,
  "score6": 0.6902486344680505
}