{
  "score0": 0.466858243366856,
  "score1": 0.4505985248532981,
  "score2": 0.44525395067280077,
  "score3": 0.6607167319303019,
  "score4": 0.733334323858252,
  "score5": 0.5887860561934676,
  "score6": 0.3271059478434574
}