{
  "score0": 0.06726483600037032,
  "score1": 0.40579986092466025,
  "score2": 0.4589571468707823,
  "score3": 0.4251016933827154,
  "score4": 0.721640433129107,
  "score5": 0.4902577423234697,
  "score6": 0.8153580952925187
}