{
  "score0": 0.45444779552852754,
  "score1": 0.2956600532642199,
  "score2": 0.21379297734826605,
  "score3": 0.6538452307553567,
  "score4": 0.7498870764518197,
  "score5": 0.09994554264105404,
  "score6": 0.4516854173246561
}