{
  "score0": 0.14898572739380395,
  "score1": 0.20982283863898996,
  "score2": 0.6216910341643755,
  "score3": 0.5510134038769351,
  "score4": 0.2320330042287272,
  "score5": 0.21847991623579363,
  "score6": 0.24811100294836816
}