{
  "score0": 0.39702828053439565,
  "score1": 0.10831728990861826,
  "score2": 0.06052061751719657,
  "score3": 0.0632874009258352,
  "score4": 0.28154821387013423,
  "score5": 0.503164050912518,
  "score6": 0.6668988900806986
}