{
  "score0": 0.4146226012732448,
  "score1": 0.25755287358598355,
  "score2": 0.05320627400193565,
  "score3": 0.42154869535193357,
  "score4": 0.8098089616262906,
  "score5": 0.42187568466716163,
  "score6": 0.6142035056410231
}