{
  "score0": 0.17927518970890355,
  "score1": 0.5788775138058132,
  "score2": 0.3376326557914736,
  "score3": 0.27022671377391333,
  "score4": 0.34001663552999345,
  "score5": 0.46436395614168874,
  "score6": 0.04875978425260056
}