{
  "score0": 0.41205265317427625,
  "score1": 0.10854251311979418,
  "score2": 0.04385870406166198,
  "score3": 0.1916211521760318,
  "score4": 0.31313155365643985,
  "score5": 0.38637284546610995,
  "score6": 0.24583538588019174
}