{
  "score0": 0.24189934829710752,
  "score1": 0.6151931748478523,
  "score2": 0.5015290715132344,
  "score3": 0.17630542710096941,
  "score4": 0.5519282029653557,
  "score5": 0.533986017731892,
  "score6": 0.14362630035208332
}