{
  "score0": 0.12192134345864099,
  "score1": 0.4205941699892971,
  "score2": 0.16876826010319065,
  "score3": 0.36642617553284956,
  "score4": 0.22946982847342837,
  "score5": 0.10370798570216655,
  "score6": 0.20639256964395533
}