{
  "score0": 0.3144265740151838,
  "score1": 0.1333387522774506,
  "score2": 0.34345790062009013,
  "score3": 0.07999622492613334,
  "score4": 0.22268779067712421,
  "score5": 0.1351646607753,
  "score6": 0.5814445159597892
}