{
  "score0": 0.06097483000276963,
  "score1": 0.4587345681852807,
  "score2": 0.48819591978161636,
  "score3": 0.525776766006658,
  "score4": 0.7098860364170632,
  "score5": 0.6697119231199514,
  "score6": 0.8004630300397277
}