{
  "score0": 0.391225407469061,
  "score1": 0.13544648811785776,
  "score2": 0.04385870406166198,
  "score3": 0.05888912165295371,
  "score4": 0.2551308257883546,
  "score5": 0.5204157022939978,
  "score6": 0.2442504142573918
}