{
  "score0": 0.1712953937904573,
  "score1": 0.5896515457130791,
  "score2": 0.56287290019695,
  "score3": 0.31336728350021664,
  "score4": 0.20160293669539353,
  "score5": 0.1915002322176861,
  "score6": 0.3102904467958099
}