{
  "score0": 0.27860495802788743,
  "score1": 0.13920045429844938,
  "score2": 0.288391133676779,
  "score3": 0.18590197268028053,
  "score4": 0.2853946801571183,
  "score5": 0.14565492442084302,
  "score6": 0.5542135045360711
}