{
  "score0": 0.13866010478455199,
  "score1": 0.4394780771114984,
  "score2": 0.1586234886904356,
  "score3": 0.18531593233484114,
  "score4": 0.43031351872800006,
  "score5": 0.03581050932285416,
  "score6": 0.32603864997136084
}