{
  "score0": 0.16304189808011782,
  "score1": 0.13267655591691316,
  "score2": 0.13763275860984808,
  "score3": 0.5683824823317766,
  "score4": 0.7940480970108813,
  "score5": 0.49618588187051965,
  "score6": 0.46087609465044893
}