{
  "score0": 0.1357548594946037,
  "score1": 0.2277452145481037,
  "score2": 0.659575161694594,
  "score3": 0.4979808747468287,
  "score4": 0.35344350982120765,
  "score5": 0.18821694407323938,
  "score6": 0.12277247478525298
}