{
  "score0": 0.13926667308755253,
  "score1": 0.19068664257984244,
  "score2": 0.6272497685738836,
  "score3": 0.7066045025978717,
  "score4": 0.22032594778172676,
  "score5": 0.6311483303494627,
  "score6": 0.41803601735926194
}