{
  "score0": 0.2859001050824576,
  "score1": 0.058627232706542846,
  "score2": 0.3232483903059891,
  "score3": 0.619188127206657,
  "score4": 0.3056465356582647,
  "score5": 0.7702049254338323,
  "score6": 0.6871336253433208
}