{
  "score0": 0.474826639422086,
  "score1": 0.5317573163992271,
  "score2": 0.6496535806791162,
  "score3": 0.6589449985843082,
  "score4": 0.5292383182099903,
  "score5": 0.5574715684227245,
  "score6": 0.18102850206463636
}