{
  "score0": 0.2954755473086537,
  "score1": 0.058627232706542846,
  "score2": 0.3232483903059891,
  "score3": 0.452678965530992,
  "score4": 0.4216020330468618,
  "score5": 0.6177507004329871,
  "score6": 0.620111466649342
}