{
  "score0": 0.10701405874923117,
  "score1": 0.6089395568953829,
  "score2": 0.19849308750431438,
  "score3": 0.11722111409036214,
  "score4": 0.19225595039339252,
  "score5": 0.40511767241922664,
  "score6": 0.23024586484818219
}