{
  "score0": 0.4208494383499803,
  "score1": 0.5669359421180028,
  "score2": 0.7094436255090205,
  "score3": 0.732604944234807,
  "score4": 0.5359254287185444,
  "score5": 0.6117814416925696,
  "score6": 0.49586105701225347
}