{
  "score0": 0.4563109264394889,
  "score1": 0.5669359421180028,
  "score2": 0.7041552906874339,
  "score3": 0.7141196312886834,
  "score4": 0.7018129787797444,
  "score5": 0.5120540998360954,
  "score6": 0.37434218722541507
}