{
  "score0": 0.44548180202287574,
  "score1": 0.21240974863937886,
  "score2": 0.14749841075563686,
  "score3": 0.19336146557181322,
  "score4": 0.2986755888439759,
  "score5": 0.3477324387023168,
  "score6": 0.14920728860307222
}