{
  "score0": 0.4682827301797774,
  "score1": 0.4324687216761447,
  "score2": 0.44525395067280077,
  "score3": 0.6607167319303019,
  "score4": 0.733334323858252,
  "score5": 0.5887860561934676,
  "score6": 0.3271059478434574
}