{
  "score0": 0.1712953937904573,
  "score1": 0.5896515457130791,
  "score2": 0.3376326557914736,
  "score3": 0.34946750759893624,
  "score4": 0.1524597445653595,
  "score5": 0.19147292170508903,
  "score6": 0.31016463074855244
}