{
  "score0": 0.39206897354915005,
  "score1": 0.26662855681219216,
  "score2": 0.0638926932581722,
  "score3": 0.352747734046132,
  "score4": 0.6656236116404611,
  "score5": 0.6888811674934878,
  "score6": 0.8000887996916908
}