{
  "score0": 0.6482223368815271,
  "score1": 0.3836292207557972,
  "score2": 0.4802214790578121,
  "score3": 0.4767984577519404,
  "score4": 0.38530108471720254,
  "score5": 0.2051182904330809,
  "score6": 0.0498768845505248
}