{
  "score0": 0.13710105460280025,
  "score1": 0.4252372227889529,
  "score2": 0.1536200893431144,
  "score3": 0.32200668120064846,
  "score4": 0.2972490415852361,
  "score5": 0.10752170061005695,
  "score6": 0.15347779381588156
}