{
  "score0": 0.14598752780684934,
  "score1": 0.014406068314499223,
  "score2": 0.19922314979855635,
  "score3": 0.5729475022177404,
  "score4": 0.4708629940836951,
  "score5": 0.589647152175988,
  "score6": 0.53993817881191
}