{
  "score0": 0.5543450178756151,
  "score1": 0.2607424630100656,
  "score2": 0.27761205001870326,
  "score3": 0.6043950068868208,
  "score4": 0.12199332544666668,
  "score5": 0.1691449883838434,
  "score6": 0.4212613162954156
}