{
  "score0": 0.45262245592863,
  "score1": 0.27345439041949277,
  "score2": 0.14749841075563686,
  "score3": 0.19336146557181322,
  "score4": 0.2986755888439759,
  "score5": 0.3477324387023168,
  "score6": 0.14920728860307222
}