{
  "score0": 0.4208494383499803,
  "score1": 0.5669359421180028,
  "score2": 0.7041552906874339,
  "score3": 0.7327751579270392,
  "score4": 0.6454145764345546,
  "score5": 0.5108418988842196,
  "score6": 0.6201184698061489
}