{
  "score0": 0.30929749202680384,
  "score1": 0.10952074842950978,
  "score2": 0.7180871434852208,
  "score3": 0.14315014845993335,
  "score4": 0.10140736333360907,
  "score5": 0.2369085110164553,
  "score6": 0.6052216720743155
}