{
  "score0": 0.6314918684826212,
  "score1": 0.3185839701222512,
  "score2": 0.38441424159317106,
  "score3": 0.6062205668253164,
  "score4": 0.57091626576751,
  "score5": 0.2802042997253606,
  "score6": 0.026768600870077902
}