{
  "score0": 0.4789895160163695,
  "score1": 0.39199032542027257,
  "score2": 0.2327497885229547,
  "score3": 0.23163325660147857,
  "score4": 0.15647580225909039,
  "score5": 0.16164971253065663,
  "score6": 0.6137961031086069
}