{
  "score0": 0.07606822992772952,
  "score1": 0.40579986092466025,
  "score2": 0.4401820291656849,
  "score3": 0.569676362859891,
  "score4": 0.6997561458591025,
  "score5": 0.6749669366234134,
  "score6": 0.4143157109145544
}