{
  "score0": 0.32202143970961955,
  "score1": 0.14543928070804588,
  "score2": 0.288391133676779,
  "score3": 0.18590197268028053,
  "score4": 0.2853946801571183,
  "score5": 0.14565492442084302,
  "score6": 0.5542135045360711
}