{
  "score0": 0.11245480903219567,
  "score1": 0.5397633540239095,
  "score2": 0.19849308750431438,
  "score3": 0.11722111409036214,
  "score4": 0.19225595039339252,
  "score5": 0.40511767241922664,
  "score6": 0.23024586484818219
}