{
  "score0": 0.2868307515618701,
  "score1": 0.6082266382697163,
  "score2": 0.4864933674026973,
  "score3": 0.2559204651765748,
  "score4": 0.34385193130016095,
  "score5": 0.26446273569963336,
  "score6": 0.19469621992844388
}