{
  "score0": 0.1622799429988066,
  "score1": 0.12309528467729172,
  "score2": 0.09914395303644156,
  "score3": 0.5395399296222131,
  "score4": 0.7940480970108813,
  "score5": 0.49618588187051965,
  "score6": 0.46087609465044893
}