{
  "score0": 0.4963824935378208,
  "score1": 0.4806104217460334,
  "score2": 0.5026946305599047,
  "score3": 0.5460976824789869,
  "score4": 0.71704758673219,
  "score5": 0.705250371756076,
  "score6": 0.4786274306894433
}