{
  "score0": 0.6550636664956508,
  "score1": 0.7144356449070205,
  "score2": 0.6127685618494204,
  "score3": 0.2533348652193597,
  "score4": 0.09251683633058,
  "score5": 0.051894245804991135,
  "score6": 0.05486768017210153
}