{
  "score0": 0.37280495827967053,
  "score1": 0.33382095608309315,
  "score2": 0.3266765553679011,
  "score3": 0.5740294940340465,
  "score4": 0.5089822696449318,
  "score5": 0.3097919832315464,
  "score6": 0.09474801860286097
}