{
  "score0": 0.048831318173592035,
  "score1": 0.07550316514064691,
  "score2": 0.07093965713894093,
  "score3": 0.751268545830141,
  "score4": 0.5933074920985159,
  "score5": 0.6645187993454247,
  "score6": 0.3091440066754612
}