{
  "score0": 0.3533676043858201,
  "score1": 0.040279182822703694,
  "score2": 0.06180958982279772,
  "score3": 0.07059474928504172,
  "score4": 0.09217388287806672,
  "score5": 0.09946575872894003,
  "score6": 0.09977474660964529
}