{
  "score0": 0.05116010382798662,
  "score1": 0.051993515187845486,
  "score2": 0.10633772312445178,
  "score3": 0.02064286310773386,
  "score4": 0.101538767342283,
  "score5": 0.019501908938549233,
  "score6": 0.06225978962568227
}