{
  "score0": 0.031693500262911206,
  "score1": 0.06441894484607252,
  "score2": 0.09978177213341372,
  "score3": 0.030413916241798455,
  "score4": 0.08274217720499667,
  "score5": 0.11269290839211088,
  "score6": 0.32902090401673184
}