{
  "score0": 0.020450821396878063,
  "score1": 0.052823581947449315,
  "score2": 0.04550117016909669,
  "score3": 0.7498365411769713,
  "score4": 0.5543193169000667,
  "score5": 0.576843641707817,
  "score6": 0.22023099375354338
}