{
  "score0": 0.34527873286802424,
  "score1": 0.040279182822703694,
  "score2": 0.05941384555068772,
  "score3": 0.04972681732391715,
  "score4": 0.024518615896082677,
  "score5": 0.06027271254281979,
  "score6": 0.08628475243411275
}