{
  "score0": 0.06576629417742508,
  "score1": 0.16143802639983867,
  "score2": 0.47894300412828816,
  "score3": 0.3094181186322109,
  "score4": 0.5421246789568334,
  "score5": 0.2846192371902682,
  "score6": 0.41298844354836667
}