{
  "score0": 0.119111353600403,
  "score1": 0.0438280328962366,
  "score2": 0.08792239388033155,
  "score3": 0.3049794137884058,
  "score4": 0.5452120065619482,
  "score5": 0.15847160450404488,
  "score6": 0.4216540149701619
}