{
  "score0": 0.09191763532287461,
  "score1": 0.4204252442698614,
  "score2": 0.3261483470436411,
  "score3": 0.33384789714904334,
  "score4": 0.231135042337683,
  "score5": 0.4483000948868449,
  "score6": 0.07744769546611978
}