{
  "score0": 0.06653887873725108,
  "score1": 0.059394929276650875,
  "score2": 0.0715138041375105,
  "score3": 0.07204468901442103,
  "score4": 0.08210786280654822,
  "score5": 0.40404174133464704,
  "score6": 0.39765883482038
}