{
  "score0": 0.13125845956291643,
  "score1": 0.045850305366905625,
  "score2": 0.12547311628677976,
  "score3": 0.6683009674245871,
  "score4": 0.23398185581529676,
  "score5": 0.04006197012834248,
  "score6": 0.26965627814662513
}