{
  "score0": 0.04524100445606093,
  "score1": 0.04242545912227533,
  "score2": 0.10151453426677018,
  "score3": 0.06391475553576158,
  "score4": 0.08248917806208962,
  "score5": 0.2218729256925476,
  "score6": 0.5982326453963623
}