{
  "score0": 0.5905145372829641,
  "score1": 0.3215795455069891,
  "score2": 0.11874949399482745,
  "score3": 0.019626733571060918,
  "score4": 0.045334438232111675,
  "score5": 0.04862057580903653,
  "score6": 0.019469070836935165
}