{
  "score0": 0.07799938254459653,
  "score1": 0.10028846020986133,
  "score2": 0.7513499951581134,
  "score3": 0.602264650140927,
  "score4": 0.6698332510688135,
  "score5": 0.5867334765741404,
  "score6": 0.5812112253640933
}