{
  "score0": 0.04035568676125168,
  "score1": 0.06399114321814048,
  "score2": 0.059166613235627476,
  "score3": 0.029052882012805818,
  "score4": 0.06167099988557426,
  "score5": 0.2190963333773562,
  "score6": 0.17472206370364818
}