{
  "score0": 0.3912251391007421,
  "score1": 0.3663674456673966,
  "score2": 0.3593525192541134,
  "score3": 0.4812219694283162,
  "score4": 0.4664809139849044,
  "score5": 0.15625408008051342,
  "score6": 0.006866722165813904
}