{
  "score0": 0.6189738966740709,
  "score1": 0.717590442044618,
  "score2": 0.581242442188907,
  "score3": 0.2533348652193597,
  "score4": 0.05862159767518105,
  "score5": 0.03869501309701748,
  "score6": 0.040793422688139444
}