{
  "score0": 0.119111353600403,
  "score1": 0.0438280328962366,
  "score2": 0.05494374493044392,
  "score3": 0.0868973917526617,
  "score4": 0.6753842253837936,
  "score5": 0.2305571828845464,
  "score6": 0.3435705549384562
}