{
  "score0": 0.3005749550772282,
  "score1": 0.5432955601718555,
  "score2": 0.5260854435578783,
  "score3": 0.4104915356835644,
  "score4": 0.21612542289912617,
  "score5": 0.0282591406075544,
  "score6": 0.041620384548698014
}