{
  "score0": 0.08237992238618977,
  "score1": 0.1601253438714535,
  "score2": 0.7254635942058212,
  "score3": 0.6698332510688135,
  "score4": 0.5867334765741404,
  "score5": 0.5812112253640933,
  "score6": 0.2511326123780278
}