{
  "score0": 0.3342267071109558,
  "score1": 0.32261799675682407,
  "score2": 0.4739726477654052,
  "score3": 0.3632652116802985,
  "score4": 0.48667730190902186,
  "score5": 0.2632215448022896,
  "score6": 0.0340566625614988
}