{
  "score0": 0.3342267071109558,
  "score1": 0.3134055116903141,
  "score2": 0.3266765553679011,
  "score3": 0.5199623499152892,
  "score4": 0.48667730190902186,
  "score5": 0.2632215448022896,
  "score6": 0.0340566625614988
}