{
  "score0": 0.3005749550772282,
  "score1": 0.5432955601718555,
  "score2": 0.4638596311561265,
  "score3": 0.48997439208860366,
  "score4": 0.2944248623143328,
  "score5": 0.038573799482704764,
  "score6": 0.04091944128154731
}