{
  "score0": 0.13264037953902938,
  "score1": 0.44147510578823407,
  "score2": 0.4255984097527807,
  "score3": 0.48563016469971276,
  "score4": 0.481218033391471,
  "score5": 0.1639150770666591,
  "score6": 0.041621744883246055
}