{
  "score0": 0.3948457291619735,
  "score1": 0.03270488262199891,
  "score2": 0.03454611285228179,
  "score3": 0.03152248500104301,
  "score4": 0.043348249636645325,
  "score5": 0.05087253610650571,
  "score6": 0.06506796566798292
}