{
  "score0": 0.3471647098808971,
  "score1": 0.056918968512943854,
  "score2": 0.05940046395699386,
  "score3": 0.03723425273267509,
  "score4": 0.013265170952320706,
  "score5": 0.16572798912322997,
  "score6": 0.02798810225975666
}