{
  "score0": 0.06635144036447155,
  "score1": 0.16292114544329467,
  "score2": 0.47966766924744675,
  "score3": 0.3754500528608338,
  "score4": 0.44159369617316196,
  "score5": 0.49144165419748936,
  "score6": 0.3789523810703946
}