{
  "score0": 0.09974222883725391,
  "score1": 0.41106085395954434,
  "score2": 0.37772926609791774,
  "score3": 0.5628697684353406,
  "score4": 0.547448685488887,
  "score5": 0.4073892662128425,
  "score6": 0.1639150770666591
}