{
  "score0": 0.3383815522932317,
  "score1": 0.5077676429136663,
  "score2": 0.43298688846486444,
  "score3": 0.2876475782878209,
  "score4": 0.06276288682984181,
  "score5": 0.026930333255089256,
  "score6": 0.05052314232161063
}