{
  "score0": 0.031693500262911206,
  "score1": 0.06399114321814048,
  "score2": 0.059166613235627476,
  "score3": 0.02265738526001877,
  "score4": 0.09931112701801487,
  "score5": 0.06429173738252182,
  "score6": 0.26224733639873526
}