{
  "score0": 0.3912251391007421,
  "score1": 0.3663674456673966,
  "score2": 0.39232001366033087,
  "score3": 0.4588411275710849,
  "score4": 0.39879877405831365,
  "score5": 0.09913051664197993,
  "score6": 0.021890090800434244
}