{
  "score0": 0.3810255337416177,
  "score1": 0.2994319948679963,
  "score2": 0.39232001366033087,
  "score3": 0.4588411275710849,
  "score4": 0.39879877405831365,
  "score5": 0.09913051664197993,
  "score6": 0.021890090800434244
}