{
  "score0": 0.040277586911958874,
  "score1": 0.07550316514064691,
  "score2": 0.07093965713894093,
  "score3": 0.7632142469007978,
  "score4": 0.5148277169815342,
  "score5": 0.6257013046553869,
  "score6": 0.5051435479125417
}