{
  "score0": 0.06293295037699002,
  "score1": 0.05936883536036371,
  "score2": 0.08240155155754537,
  "score3": 0.013085580017090764,
  "score4": 0.07251748248717291,
  "score5": 0.6778006339633088,
  "score6": 0.32532013115656583
}