{
  "score0": 0.6813247295882956,
  "score1": 0.6028147989852459,
  "score2": 0.3679085948206391,
  "score3": 0.050646491781392744,
  "score4": 0.02260944981043751,
  "score5": 0.036277037542860775,
  "score6": 0.027812486021356057
}