{
  "score0": 0.37350431747029283,
  "score1": 0.3663674456673966,
  "score2": 0.3593525192541134,
  "score3": 0.5740294940340465,
  "score4": 0.5089822696449318,
  "score5": 0.3097919832315464,
  "score6": 0.09474801860286097
}