{
  "score0": 0.04524100445606093,
  "score1": 0.04242545912227533,
  "score2": 0.0715138041375105,
  "score3": 0.07204468901442103,
  "score4": 0.08210786280654822,
  "score5": 0.40404174133464704,
  "score6": 0.39765883482038
}