{
  "score0": 0.33126616005385523,
  "score1": 0.5646681068833002,
  "score2": 0.5260854435578783,
  "score3": 0.4104915356835644,
  "score4": 0.21612542289912617,
  "score5": 0.0282591406075544,
  "score6": 0.041620384548698014
}