{
  "score0": 0.4235769651805841,
  "score1": 0.33701549869431013,
  "score2": 0.33585939841446893,
  "score3": 0.40748865172999144,
  "score4": 0.2043975104320858,
  "score5": 0.047463309941225905,
  "score6": 0.5287097670424891
}