{
  "score0": 0.09732627128003772,
  "score1": 0.08242443867053122,
  "score2": 0.7500164520746819,
  "score3": 0.6511679388862088,
  "score4": 0.45772564878792016,
  "score5": 0.4132543630413548,
  "score6": 0.3794868636635245
}