{
  "score0": 0.021433191826003124,
  "score1": 0.025292372211499766,
  "score2": 0.10076334784005606,
  "score3": 0.07968249651241595,
  "score4": 0.1501431615672517,
  "score5": 0.691523255461722,
  "score6": 0.39478259875488214
}