{
  "score0": 0.08884945281020186,
  "score1": 0.4235769651805841,
  "score2": 0.33701549869431013,
  "score3": 0.33881618345348335,
  "score4": 0.23354090730168497,
  "score5": 0.5016095703770193,
  "score6": 0.0765609408854988
}