{
  "score0": 0.03581884000805893,
  "score1": 0.0678162270756899,
  "score2": 0.04928395539946741,
  "score3": 0.18433030870215814,
  "score4": 0.5910590133873671,
  "score5": 0.3092842044503142,
  "score6": 0.47875148105626053
}