{
  "score0": 0.21287718715618636,
  "score1": 0.04028719381811538,
  "score2": 0.2132402533538535,
  "score3": 0.20223688876842663,
  "score4": 0.2982132077875774,
  "score5": 0.33298091911969213,
  "score6": 0.5730724332543651
}