{
  "score0": 0.7144356449070205,
  "score1": 0.6127685618494204,
  "score2": 0.246855397557794,
  "score3": 0.029017257957087997,
  "score4": 0.21686882384925446,
  "score5": 0.06525066331069342,
  "score6": 0.14381091578386407
}