{
  "score0": 0.03574016432003544,
  "score1": 0.025292372211499766,
  "score2": 0.10076334784005606,
  "score3": 0.038607173167320215,
  "score4": 0.0659030934345223,
  "score5": 0.6562850538737243,
  "score6": 0.5395594413634864
}