{
  "score0": 0.0210625396640708,
  "score1": 0.05736413034507932,
  "score2": 0.06954293868822478,
  "score3": 0.7064834941583172,
  "score4": 0.5330704406064833,
  "score5": 0.6057203976934653,
  "score6": 0.37140474368022774
}