{
  "score0": 0.05116010382798662,
  "score1": 0.051993515187845486,
  "score2": 0.09978177213341372,
  "score3": 0.028415490817848537,
  "score4": 0.09282236882664868,
  "score5": 0.027430433845191293,
  "score6": 0.24513201697884657
}