{
  "score0": 0.24366250573161688,
  "score1": 0.5537891685578874,
  "score2": 0.5108944679216921,
  "score3": 0.5448748863139878,
  "score4": 0.29149871947420924,
  "score5": 0.10467046701025769,
  "score6": 0.026589153415380855
}