{
  "score0": 0.3885828940581062,
  "score1": 0.2994319948679963,
  "score2": 0.38476620667078565,
  "score3": 0.4246464317172103,
  "score4": 0.40748865172999144,
  "score5": 0.2043975104320858,
  "score6": 0.047463309941225905
}