{
  "score0": 0.6387895284775533,
  "score1": 0.37479603378093723,
  "score2": 0.037059641456753764,
  "score3": 0.020533418014558606,
  "score4": 0.08066383867842668,
  "score5": 0.13770286239619164,
  "score6": 0.04257431712168066
}