{
  "score0": 0.07799938254459653,
  "score1": 0.142513651894081,
  "score2": 0.7254635942058212,
  "score3": 0.6698332510688135,
  "score4": 0.5867334765741404,
  "score5": 0.5812112253640933,
  "score6": 0.2511326123780278
}