{
  "score0": 0.05116010382798662,
  "score1": 0.0535519428107182,
  "score2": 0.04774169671601685,
  "score3": 0.019501908938549233,
  "score4": 0.06225978962568227,
  "score5": 0.6474588825356457,
  "score6": 0.19211929101009728
}