{
  "score0": 0.15531565246769727,
  "score1": 0.4294223770602619,
  "score2": 0.4255984097527807,
  "score3": 0.48563016469971276,
  "score4": 0.481218033391471,
  "score5": 0.1639150770666591,
  "score6": 0.041621744883246055
}