{
  "score0": 0.6063277333978102,
  "score1": 0.7299810687627969,
  "score2": 0.4682120714146061,
  "score3": 0.04906859413399616,
  "score4": 0.054353094683889824,
  "score5": 0.11118967457031359,
  "score6": 0.32066808348435033
}