{
  "score0": 0.03273641013130028,
  "score1": 0.052823581947449315,
  "score2": 0.04550117016909669,
  "score3": 0.7632142469007978,
  "score4": 0.5148277169815342,
  "score5": 0.6257013046553869,
  "score6": 0.5051435479125417
}