{
  "score0": 0.10250377899768988,
  "score1": 0.05378882517685395,
  "score2": 0.12547311628677976,
  "score3": 0.6683009674245871,
  "score4": 0.23398185581529676,
  "score5": 0.04006197012834248,
  "score6": 0.26965627814662513
}