{
  "score0": 0.09418660186696616,
  "score1": 0.04866110295114783,
  "score2": 0.04385988762444562,
  "score3": 0.059024273363963035,
  "score4": 0.6726378654695727,
  "score5": 0.4436347753860938,
  "score6": 0.5103940678246746
}