{
  "score0": 0.056918968512943854,
  "score1": 0.05940046395699386,
  "score2": 0.04774169671601685,
  "score3": 0.019501908938549233,
  "score4": 0.06225978962568227,
  "score5": 0.6474588825356457,
  "score6": 0.19211929101009728
}