{
  "score0": 0.09418660186696616,
  "score1": 0.051934125042757344,
  "score2": 0.05049251592682464,
  "score3": 0.04936451920616566,
  "score4": 0.6726378654695727,
  "score5": 0.4436347753860938,
  "score6": 0.5103940678246746
}