{
  "score0": 0.3471647098808971,
  "score1": 0.056918968512943854,
  "score2": 0.05940046395699386,
  "score3": 0.03723425273267509,
  "score4": 0.04526654984041447,
  "score5": 0.028741343478882492,
  "score6": 0.021147756826485013
}