{
  "score0": 0.09813013474525827,
  "score1": 0.45176377311636035,
  "score2": 0.37915598155146096,
  "score3": 0.33384789714904334,
  "score4": 0.214453230861707,
  "score5": 0.3946035500177901,
  "score6": 0.15825608283746542
}