{
  "score0": 0.11352011202908925,
  "score1": 0.0438280328962366,
  "score2": 0.05494374493044392,
  "score3": 0.03354555335123613,
  "score4": 0.7483392823904825,
  "score5": 0.34415444900143205,
  "score6": 0.41089927505599705
}