{
  "score0": 0.32261799675682407,
  "score1": 0.4739726477654052,
  "score2": 0.43298688846486444,
  "score3": 0.2876475782878209,
  "score4": 0.06276288682984181,
  "score5": 0.026930333255089256,
  "score6": 0.05052314232161063
}