{
  "score0": 0.03595096975343817,
  "score1": 0.041655700366605763,
  "score2": 0.08570046824789482,
  "score3": 0.09570217723485515,
  "score4": 0.0659030934345223,
  "score5": 0.6562850538737243,
  "score6": 0.5395594413634864
}