{
  "score0": 0.2409141925923081,
  "score1": 0.5432955601718555,
  "score2": 0.4638596311561265,
  "score3": 0.5470976972392992,
  "score4": 0.29137271999372677,
  "score5": 0.05827385239370415,
  "score6": 0.04227079872415521
}