{
  "score0": 0.05427526162650261,
  "score1": 0.06721668507063698,
  "score2": 0.04108934056286127,
  "score3": 0.03779441958058284,
  "score4": 0.02819011870872262,
  "score5": 0.026131420354806572,
  "score6": 0.27357769583846275
}