{
  "score0": 0.030262416001897156,
  "score1": 0.10250377899768988,
  "score2": 0.05378882517685395,
  "score3": 0.09834018976727561,
  "score4": 0.24624746871586697,
  "score5": 0.5524903637744011,
  "score6": 0.20829381894238072
}