{
  "score0": 0.6063277333978102,
  "score1": 0.7128877987474219,
  "score2": 0.5767544217804725,
  "score3": 0.2403534212182219,
  "score4": 0.04906859413399616,
  "score5": 0.054353094683889824,
  "score6": 0.11118967457031359
}