{
  "score0": 0.6223857865339406,
  "score1": 0.7901552176478125,
  "score2": 0.6530604342056753,
  "score3": 0.25496756060694564,
  "score4": 0.05862159767518105,
  "score5": 0.03869501309701748,
  "score6": 0.040793422688139444
}