{
  "score0": 0.021433191826003124,
  "score1": 0.025292372211499766,
  "score2": 0.08418622718340045,
  "score3": 0.10253419892706073,
  "score4": 0.33132775958644084,
  "score5": 0.5801972478816324,
  "score6": 0.27919622070121003
}