{
  "score0": 0.09320447832685988,
  "score1": 0.16143080843401217,
  "score2": 0.35132313645211155,
  "score3": 0.6112862199445618,
  "score4": 0.2389319219494247,
  "score5": 0.2800489568368833,
  "score6": 0.21169448912255817
}