{
  "score0": 0.7149824133435242,
  "score1": 0.5974995216039072,
  "score2": 0.39009240360005076,
  "score3": 0.040624209438146854,
  "score4": 0.03493220087380614,
  "score5": 0.0706703613348204,
  "score6": 0.09803041436896785
}