{
  "score0": 0.6020020858086421,
  "score1": 0.3690925361529807,
  "score2": 0.06737257287504164,
  "score3": 0.02252911176186356,
  "score4": 0.019461108696558774,
  "score5": 0.04934223231130968,
  "score6": 0.054928854123762104
}