{
  "score0": 0.6827402261967003,
  "score1": 0.5886127007782075,
  "score2": 0.356860931355743,
  "score3": 0.046939345760205496,
  "score4": 0.029017257957087997,
  "score5": 0.21686882384925446,
  "score6": 0.06525066331069342
}