{
  "score0": 0.09732627128003772,
  "score1": 0.08242443867053122,
  "score2": 0.8036348215252982,
  "score3": 0.6475446258615103,
  "score4": 0.5917259000160199,
  "score5": 0.2934007355656348,
  "score6": 0.5486639632087936
}