{
  "score0": 0.6063952772041531,
  "score1": 0.30321924200234723,
  "score2": 0.06737257287504164,
  "score3": 0.022527821628910455,
  "score4": 0.02605517415454327,
  "score5": 0.05916299378867418,
  "score6": 0.02818985385251725
}