{
  "score0": 0.3383815522932317,
  "score1": 0.5646681068833002,
  "score2": 0.5214349301663699,
  "score3": 0.492977510438862,
  "score4": 0.2876475782878209,
  "score5": 0.06276288682984181,
  "score6": 0.026930333255089256
}