{
  "score0": 0.07250119856653466,
  "score1": 0.04799715568872128,
  "score2": 0.08786196966359267,
  "score3": 0.028798613895283678,
  "score4": 0.03457690925054132,
  "score5": 0.07932971792609773,
  "score6": 0.6554676066342063
}