{
  "score0": 0.10237224403403967,
  "score1": 0.08242443867053122,
  "score2": 0.8036348215252982,
  "score3": 0.6548321591826901,
  "score4": 0.5762257386839263,
  "score5": 0.5121102032726291,
  "score6": 0.4353699714073061
}