{
  "score0": 0.09974222883725391,
  "score1": 0.4289857524365344,
  "score2": 0.45687223933465876,
  "score3": 0.5348456603079947,
  "score4": 0.5002272875148089,
  "score5": 0.34346684814113987,
  "score6": 0.11804715538374311
}