{
  "score0": 0.5842716363746855,
  "score1": 0.3215795455069891,
  "score2": 0.12140508274368085,
  "score3": 0.014114620238268876,
  "score4": 0.041490009817542854,
  "score5": 0.11676967309216357,
  "score6": 0.028122362572914606
}