{
  "score0": 0.24366250573161688,
  "score1": 0.5537891685578874,
  "score2": 0.7350551033073536,
  "score3": 0.5478535675321194,
  "score4": 0.29149871947420924,
  "score5": 0.10467046701025769,
  "score6": 0.026589153415380855
}