{
  "score0": 0.21287718715618636,
  "score1": 0.05518730232897759,
  "score2": 0.14729573289276857,
  "score3": 0.2125222903375855,
  "score4": 0.2982132077875774,
  "score5": 0.33298091911969213,
  "score6": 0.5730724332543651
}