{
  "score0": 0.13125845956291643,
  "score1": 0.041757776294757444,
  "score2": 0.09055193259813281,
  "score3": 0.18231435193817433,
  "score4": 0.6683009674245871,
  "score5": 0.23398185581529676,
  "score6": 0.04006197012834248
}