{
  "score0": 0.03916025114000607,
  "score1": 0.12501309832702048,
  "score2": 0.4636468350591179,
  "score3": 0.30659385073846285,
  "score4": 0.5021526892275788,
  "score5": 0.4057094274318902,
  "score6": 0.40322780309560513
}