{
  "score0": 0.7149824133435242,
  "score1": 0.5974995216039072,
  "score2": 0.3275426767625095,
  "score3": 0.041354927060143924,
  "score4": 0.03346285010017935,
  "score5": 0.08952930974350666,
  "score6": 0.08942287911938707
}