{
  "score0": 0.048635781951461406,
  "score1": 0.04242545912227533,
  "score2": 0.10151453426677018,
  "score3": 0.038049575167198105,
  "score4": 0.07383360717859963,
  "score5": 0.05792235086040565,
  "score6": 0.6810564515002705
}