{
  "score0": 0.020669122613067956,
  "score1": 0.05736413034507932,
  "score2": 0.14168952442952848,
  "score3": 0.6674957159418268,
  "score4": 0.5243264097953452,
  "score5": 0.49737021753893357,
  "score6": 0.37222938137456046
}