{
  "score0": 0.5842716363746855,
  "score1": 0.37646930469557627,
  "score2": 0.0736748686606358,
  "score3": 0.041490009817542854,
  "score4": 0.11676967309216357,
  "score5": 0.028122362572914606,
  "score6": 0.13904384012629267
}