{
  "score0": 0.06293295037699002,
  "score1": 0.059394929276650875,
  "score2": 0.07213499949640152,
  "score3": 0.028790033507181473,
  "score4": 0.013085580017090764,
  "score5": 0.07251748248717291,
  "score6": 0.6778006339633088
}