{
  "score0": 0.05518730232897759,
  "score1": 0.14729573289276857,
  "score2": 0.35132313645211155,
  "score3": 0.6112862199445618,
  "score4": 0.2389319219494247,
  "score5": 0.2800489568368833,
  "score6": 0.21169448912255817
}