{
  "score0": 0.6006511207074382,
  "score1": 0.7128877987474219,
  "score2": 0.5478077121880567,
  "score3": 0.17474539467541347,
  "score4": 0.048701171552121454,
  "score5": 0.02823988232454495,
  "score6": 0.0728846143247834
}