{
  "score0": 0.37479603378093723,
  "score1": 0.037059641456753764,
  "score2": 0.04388930271997398,
  "score3": 0.09217388287806672,
  "score4": 0.09946575872894003,
  "score5": 0.09977474660964529,
  "score6": 0.14613350886242818
}