{
  "score0": 0.13264037953902938,
  "score1": 0.4595562139904747,
  "score2": 0.4384124113201993,
  "score3": 0.5943517643757538,
  "score4": 0.48563016469971276,
  "score5": 0.481218033391471,
  "score6": 0.1639150770666591
}