{
  "score0": 0.37786531494077996,
  "score1": 0.03270488262199891,
  "score2": 0.03454611285228179,
  "score3": 0.03723425273267509,
  "score4": 0.013265170952320706,
  "score5": 0.16572798912322997,
  "score6": 0.02798810225975666
}