{
  "score0": 0.2787913947621287,
  "score1": 0.04896951579594382,
  "score2": 0.2524774559390022,
  "score3": 0.2247240858568169,
  "score4": 0.3733274354561831,
  "score5": 0.5210036427142127,
  "score6": 0.607404016873797
}