{
  "score0": 0.1529603010299965,
  "score1": 0.11205576716796065,
  "score2": 0.09168641536351599,
  "score3": 0.4802233868463319,
  "score4": 0.7262209122935058,
  "score5": 0.4375982810794549,
  "score6": 0.43640870173529733
}