{
  "score0": 0.47222633122152397,
  "score1": 0.4953670666671829,
  "score2": 0.2924309339078494,
  "score3": 0.2552821609740747,
  "score4": 0.3524966544112971,
  "score5": 0.5646821550880691,
  "score6": 0.20303362333276712
}