{
  "score0": 0.6122448431317833,
  "score1": 0.3495150108513156,
  "score2": 0.20485883546520645,
  "score3": 0.4712860721675856,
  "score4": 0.44667138786141397,
  "score5": 0.11190221773929886,
  "score6": 0.07088465980635533
}