{
  "score0": 0.3798055070372847,
  "score1": 0.41041007224339676,
  "score2": 0.4654292477919379,
  "score3": 0.6722255454714331,
  "score4": 0.6959460359191594,
  "score5": 0.8016998286602209,
  "score6": 0.13422186198066605
}