{
  "score0": 0.1634293818468032,
  "score1": 0.2682427155045859,
  "score2": 0.5938689995397805,
  "score3": 0.7511595908255891,
  "score4": 0.6678677664736705,
  "score5": 0.18081737938892797,
  "score6": 0.5085880844408054
}