{
  "score0": 0.450303563220789,
  "score1": 0.2654083293870903,
  "score2": 0.056984309666480625,
  "score3": 0.32072873028427373,
  "score4": 0.552968218371814,
  "score5": 0.6336564091683268,
  "score6": 0.7750805597313617
}