{
  "score0": 0.453394003565681,
  "score1": 0.21966123484764707,
  "score2": 0.11752033488359218,
  "score3": 0.1694273047440794,
  "score4": 0.24316424075130508,
  "score5": 0.26504770050885407,
  "score6": 0.1267835515319855
}