{
  "score0": 0.04816602506865193,
  "score1": 0.31876628213213504,
  "score2": 0.4932924676826091,
  "score3": 0.3645250790696,
  "score4": 0.7341918130912196,
  "score5": 0.41837076092242126,
  "score6": 0.7922966802804804
}