{
  "score0": 0.4174857009568682,
  "score1": 0.4872467553292938,
  "score2": 0.6630041589895949,
  "score3": 0.6764985616362861,
  "score4": 0.5292383182099903,
  "score5": 0.5104396053850205,
  "score6": 0.15760495926136966
}