{
  "score0": 0.4095041197232744,
  "score1": 0.08814574119117712,
  "score2": 0.042680625464172936,
  "score3": 0.035143229129510456,
  "score4": 0.22631015945833277,
  "score5": 0.42414700941732303,
  "score6": 0.22949969443961504
}