{
  "score0": 0.13996994715382866,
  "score1": 0.23574864525097836,
  "score2": 0.6091895407807693,
  "score3": 0.41161426786628647,
  "score4": 0.3407725032306919,
  "score5": 0.1405772318398829,
  "score6": 0.11043033328906969
}