{
  "score0": 0.4780263491195108,
  "score1": 0.25935979893067396,
  "score2": 0.023957146317721095,
  "score3": 0.47540736354595187,
  "score4": 0.5540114976693891,
  "score5": 0.6473471918242916,
  "score6": 0.09471179559365105
}