{
  "score0": 0.2784625273726565,
  "score1": 0.1376287742423901,
  "score2": 0.2821627155258426,
  "score3": 0.07883332213213334,
  "score4": 0.16693395582810813,
  "score5": 0.09026687536013323,
  "score6": 0.5077434740535453
}