{
  "score0": 0.3810594987566926,
  "score1": 0.5408556239027202,
  "score2": 0.7129759203974827,
  "score3": 0.7352803927025332,
  "score4": 0.6703093224768552,
  "score5": 0.4489052277558922,
  "score6": 0.5721230943239207
}