{
  "score0": 0.11606214456487239,
  "score1": 0.4166355755931557,
  "score2": 0.17993134602980432,
  "score3": 0.23105883703611982,
  "score4": 0.2076610495429756,
  "score5": 0.07740293288856295,
  "score6": 0.12171726756328376
}