{
  "score0": 0.27982257278193906,
  "score1": 0.1376287742423901,
  "score2": 0.2821627155258426,
  "score3": 0.10910819879132128,
  "score4": 0.27114666630998463,
  "score5": 0.027547231966333335,
  "score6": 0.3862246864686066
}