{
  "score0": 0.4469914030329245,
  "score1": 0.4838354493825636,
  "score2": 0.22318561156552746,
  "score3": 0.2552821609740747,
  "score4": 0.38074909761229225,
  "score5": 0.2831459307581317,
  "score6": 0.46905240579477564
}