{
  "score0": 0.49495278452423264,
  "score1": 0.38072662190989714,
  "score2": 0.3045634273908544,
  "score3": 0.30867416552625265,
  "score4": 0.22332988742504156,
  "score5": 0.1522120454079047,
  "score6": 0.23021598460256984
}