{
  "score0": 0.4586792016737594,
  "score1": 0.28556068685105596,
  "score2": 0.11903478378126743,
  "score3": 0.19443739027293616,
  "score4": 0.37006946840576965,
  "score5": 0.27572898259948847,
  "score6": 0.35878096281878186
}