{
  "score0": 0.122538685394628,
  "score1": 0.12456875315954608,
  "score2": 0.13233340751431144,
  "score3": 0.5280521485847284,
  "score4": 0.6218378407189706,
  "score5": 0.47899253829379235,
  "score6": 0.09384204353810427
}