{
  "score0": 0.5253494462460145,
  "score1": 0.2787748048154485,
  "score2": 0.3167943177337064,
  "score3": 0.06207757330596206,
  "score4": 0.21417373386126706,
  "score5": 0.6532816247847376,
  "score6": 0.44799475591171256
}