{
  "score0": 0.3798055070372847,
  "score1": 0.41041007224339676,
  "score2": 0.41060785127472466,
  "score3": 0.665583008210728,
  "score4": 0.7459069727981135,
  "score5": 0.5643145871801581,
  "score6": 0.2641335937999813
}