{
  "score0": 0.2553278267004031,
  "score1": 0.5534648037875873,
  "score2": 0.3294719470689833,
  "score3": 0.12318278028724443,
  "score4": 0.29593023020615766,
  "score5": 0.20876266953920705,
  "score6": 0.13106019710197794
}