{
  "score0": 0.27400576628070067,
  "score1": 0.04896951579594382,
  "score2": 0.2524774559390022,
  "score3": 0.5333024861653411,
  "score4": 0.2755996581905676,
  "score5": 0.7232871313915177,
  "score6": 0.6713761064858935
}