{
  "score0": 0.6121615989065613,
  "score1": 0.4052397342977844,
  "score2": 0.5949768958742326,
  "score3": 0.40459798108474226,
  "score4": 0.428630515024282,
  "score5": 0.06316039150034562,
  "score6": 0.09044034320010275
}