{
  "score0": 0.04816602506865193,
  "score1": 0.31876628213213504,
  "score2": 0.4706384609874117,
  "score3": 0.618269009346936,
  "score4": 0.521056705996552,
  "score5": 0.6627512173137964,
  "score6": 0.6489872077300142
}