{
  "score0": 0.12519294307420156,
  "score1": 0.026424765029395808,
  "score2": 0.14220225373996984,
  "score3": 0.38704906397037825,
  "score4": 0.4809235636337381,
  "score5": 0.49712352697334294,
  "score6": 0.7123620991949369
}