{
  "score0": 0.2787913947621287,
  "score1": 0.04896951579594382,
  "score2": 0.2052311233093933,
  "score3": 0.3119211261207741,
  "score4": 0.46106556209519695,
  "score5": 0.5480644656416968,
  "score6": 0.6547979465474226
}