{
  "score0": 0.05980266279539865,
  "score1": 0.3590979696786438,
  "score2": 0.3873488497828181,
  "score3": 0.4568878205619534,
  "score4": 0.7221948416809475,
  "score5": 0.6737484158686778,
  "score6": 0.7852262749669716
}