{
  "score0": 0.4634261980459228,
  "score1": 0.2505657408304114,
  "score2": 0.061425863457175586,
  "score3": 0.5664372029653114,
  "score4": 0.7757821653999036,
  "score5": 0.38358448467636314,
  "score6": 0.5688020341419492
}