{
  "score0": 0.2764858996088601,
  "score1": 0.111509037885261,
  "score2": 0.6637743520506906,
  "score3": 0.15730163289762497,
  "score4": 0.06840587159170865,
  "score5": 0.20590957525316847,
  "score6": 0.5545662493330478
}