{
  "score0": 0.45829434359191706,
  "score1": 0.30133463011940187,
  "score2": 0.020324609669382054,
  "score3": 0.25404591660541215,
  "score4": 0.49765269350184926,
  "score5": 0.3176773679170535,
  "score6": 0.37478552111808355
}