{
  "score0": 0.4953670666671829,
  "score1": 0.2924309339078494,
  "score2": 0.1831048912042843,
  "score3": 0.5540114976693891,
  "score4": 0.6473471918242916,
  "score5": 0.09471179559365105,
  "score6": 0.474488644103815
}