{
  "score0": 0.3928359114190355,
  "score1": 0.1353157393087614,
  "score2": 0.04672079198558193,
  "score3": 0.047205146586928294,
  "score4": 0.23808476330009812,
  "score5": 0.41836250018390936,
  "score6": 0.5701019466558114
}