{
  "score0": 0.122538685394628,
  "score1": 0.14415942589259753,
  "score2": 0.18938695814872591,
  "score3": 0.6273661656185873,
  "score4": 0.6218378407189706,
  "score5": 0.47899253829379235,
  "score6": 0.09384204353810427
}