{
  "score0": 0.11103085273918137,
  "score1": 0.453816784467748,
  "score2": 0.19993539073217137,
  "score3": 0.22832123407147983,
  "score4": 0.06675182391043553,
  "score5": 0.19483995573309867,
  "score6": 0.35456176538478595
}