{
  "score0": 0.30133463011940187,
  "score1": 0.020324609669382054,
  "score2": 0.20515147258314667,
  "score3": 0.16414164389395156,
  "score4": 0.557471849061946,
  "score5": 0.6495027345261488,
  "score6": 0.7388621750361596
}