{
  "score0": 0.1216830634273846,
  "score1": 0.32994546369364697,
  "score2": 0.5370854745416105,
  "score3": 0.3207455390339026,
  "score4": 0.7378444202741147,
  "score5": 0.644518450655944,
  "score6": 0.6096590986306413
}