{
  "score0": 0.49495278452423264,
  "score1": 0.38072662190989714,
  "score2": 0.061376361642615826,
  "score3": 0.2795534240296491,
  "score4": 0.22332988742504156,
  "score5": 0.23638551867932112,
  "score6": 0.10209919203516164
}