{
  "score0": 0.14940251110402636,
  "score1": 0.12456875315954608,
  "score2": 0.09168641536351599,
  "score3": 0.4802233868463319,
  "score4": 0.7262209122935058,
  "score5": 0.4375982810794549,
  "score6": 0.43640870173529733
}