{
  "score0": 0.2938670375197706,
  "score1": 0.01740031154616147,
  "score2": 0.26656851737169895,
  "score3": 0.4624062954489847,
  "score4": 0.3700260520825653,
  "score5": 0.7412054665731934,
  "score6": 0.2968477109968561
}