{
  "score0": 0.3928359114190355,
  "score1": 0.14369777514411558,
  "score2": 0.0332653934396624,
  "score3": 0.0597104784100335,
  "score4": 0.23808476330009812,
  "score5": 0.41836250018390936,
  "score6": 0.5701019466558114
}