{
  "score0": 0.3590979696786438,
  "score1": 0.3999945401394839,
  "score2": 0.45893965344097565,
  "score3": 0.6623276869557746,
  "score4": 0.7383594264439428,
  "score5": 0.33415414084561795,
  "score6": 0.590097509430597
}