{
  "score0": 0.11967978747646359,
  "score1": 0.3932051516839453,
  "score2": 0.17993134602980432,
  "score3": 0.220808572281653,
  "score4": 0.3142106063640233,
  "score5": 0.07411669143629517,
  "score6": 0.035000453387169
}