{
  "score0": 0.5006638729437312,
  "score1": 0.4368052761331457,
  "score2": 0.21209949887798188,
  "score3": 0.21761059987542988,
  "score4": 0.28970048332358367,
  "score5": 0.5361621847575411,
  "score6": 0.5071224305581583
}