{
  "score0": 0.4544114392215897,
  "score1": 0.5408556239027202,
  "score2": 0.7129759203974827,
  "score3": 0.7065919699413076,
  "score4": 0.7214642681896414,
  "score5": 0.45414412466947046,
  "score6": 0.37150979310376725
}