{
  "score0": 0.2755399922530317,
  "score1": 0.15803330830657852,
  "score2": 0.18347000262724214,
  "score3": 0.23661731355773044,
  "score4": 0.24075648291178772,
  "score5": 0.650938937510331,
  "score6": 0.7322780624334689
}