{
  "score0": 0.3990458209050075,
  "score1": 0.4322763710581549,
  "score2": 0.4654292477919379,
  "score3": 0.6563769782896335,
  "score4": 0.749943925666052,
  "score5": 0.7095584054406509,
  "score6": 0.5465276649039197
}