{
  "score0": 0.450303563220789,
  "score1": 0.2654083293870903,
  "score2": 0.035844770587002306,
  "score3": 0.36827085192242864,
  "score4": 0.4392254828816573,
  "score5": 0.5569913697162835,
  "score6": 0.763705212580294
}