{
  "score0": 0.2764858996088601,
  "score1": 0.1472351707289569,
  "score2": 0.42375416205808875,
  "score3": 0.15730163289762497,
  "score4": 0.06840587159170865,
  "score5": 0.20590957525316847,
  "score6": 0.5545662493330478
}