{
  "score0": 0.11606214456487239,
  "score1": 0.4166355755931557,
  "score2": 0.20253725936469957,
  "score3": 0.25519199068818677,
  "score4": 0.17368105865994918,
  "score5": 0.06569224806235219,
  "score6": 0.18005651223658847
}