{
  "score0": 0.057962865217146144,
  "score1": 0.3347873278980582,
  "score2": 0.3873488497828181,
  "score3": 0.4568878205619534,
  "score4": 0.7192096798085149,
  "score5": 0.6676659845871925,
  "score6": 0.7761829822266684
}