{
  "score0": 0.5717529089167297,
  "score1": 0.4377796555649726,
  "score2": 0.07167151824422188,
  "score3": 0.21417373386126706,
  "score4": 0.6532816247847376,
  "score5": 0.44799475591171256,
  "score6": 0.14143381381785056
}