{
  "score0": 0.1621836053689873,
  "score1": 0.22970261361698932,
  "score2": 0.6091895407807693,
  "score3": 0.5132370592368116,
  "score4": 0.1808870233139643,
  "score5": 0.19504530925412922,
  "score6": 0.19493234104698712
}