{
  "score0": 0.04816602506865193,
  "score1": 0.3136304403060015,
  "score2": 0.496975592244226,
  "score3": 0.7341918130912196,
  "score4": 0.41837076092242126,
  "score5": 0.7922966802804804,
  "score6": 0.6069284578750435
}