{
  "score0": 0.08978775208877135,
  "score1": 0.32994546369364697,
  "score2": 0.5370854745416105,
  "score3": 0.3036808235888769,
  "score4": 0.7192096798085149,
  "score5": 0.6676659845871925,
  "score6": 0.7761829822266684
}