{
  "score0": 0.5159244800932159,
  "score1": 0.2581537932433341,
  "score2": 0.1758802690882415,
  "score3": 0.5024070497505416,
  "score4": 0.11020841978812186,
  "score5": 0.15588002884197172,
  "score6": 0.36333583194175806
}