{
  "score0": 0.6166060393809516,
  "score1": 0.3391346448298523,
  "score2": 0.376630623818434,
  "score3": 0.4747343110687152,
  "score4": 0.4310075995434198,
  "score5": 0.22108205471175202,
  "score6": 0.013085532458232138
}