{
  "score0": 0.22970261361698932,
  "score1": 0.60726605944961,
  "score2": 0.4737123982628319,
  "score3": 0.14073986972965177,
  "score4": 0.4643125048276635,
  "score5": 0.40979277141095943,
  "score6": 0.15735445596597689
}