{
  "score0": 0.2755399922530317,
  "score1": 0.14743026233688808,
  "score2": 0.13936389281003547,
  "score3": 0.07768072534405472,
  "score4": 0.23661731355773044,
  "score5": 0.24075648291178772,
  "score6": 0.650938937510331
}