{
  "score0": 0.5152389302648497,
  "score1": 0.23888704478981881,
  "score2": 0.061376361642615826,
  "score3": 0.5271909947696406,
  "score4": 0.08999318503576668,
  "score5": 0.4390807580742863,
  "score6": 0.19594713158659238
}