{
  "score0": 0.4935275502546111,
  "score1": 0.4405736891977377,
  "score2": 0.17609160171731705,
  "score3": 0.1817433994480798,
  "score4": 0.10710486067339442,
  "score5": 0.13017664845346752,
  "score6": 0.5347311634657186
}