{
  "score0": 0.3631778827015857,
  "score1": 0.40913282287852926,
  "score2": 0.3816980796033619,
  "score3": 0.7028914824899873,
  "score4": 0.6623276869557746,
  "score5": 0.7383594264439428,
  "score6": 0.33415414084561795
}