{
  "score0": 0.26032383972535383,
  "score1": 0.5979884385398261,
  "score2": 0.6002522936283389,
  "score3": 0.3011421097155427,
  "score4": 0.14073986972965177,
  "score5": 0.4643125048276635,
  "score6": 0.40979277141095943
}