{
  "score0": 0.1684521099819788,
  "score1": 0.11205576716796065,
  "score2": 0.17661082518880655,
  "score3": 0.4781278160029112,
  "score4": 0.39433642775007405,
  "score5": 0.5211689339903876,
  "score6": 0.5337234318515879
}