{
  "score0": 0.15086320345615625,
  "score1": 0.21713029797185562,
  "score2": 0.6166942876894023,
  "score3": 0.41161426786628647,
  "score4": 0.3407725032306919,
  "score5": 0.1405772318398829,
  "score6": 0.11043033328906969
}