{
  "score0": 0.26950423870435347,
  "score1": 0.10788387808428065,
  "score2": 0.5845695476067483,
  "score3": 0.14354932028827228,
  "score4": 0.06449260701914927,
  "score5": 0.18974488693851418,
  "score6": 0.5246757705505553
}