{
  "score0": 0.1671206710186033,
  "score1": 0.21713029797185562,
  "score2": 0.5915131731259116,
  "score3": 0.5672972373615817,
  "score4": 0.20202535102557329,
  "score5": 0.2585971362694452,
  "score6": 0.645426390717981
}