{
  "score0": 0.1807715998164726,
  "score1": 0.5463900890700881,
  "score2": 0.42378838744884606,
  "score3": 0.34146253801400855,
  "score4": 0.3177848797007988,
  "score5": 0.24647081678014104,
  "score6": 0.030075766147205103
}