{
  "score0": 0.27982257278193906,
  "score1": 0.1376287742423901,
  "score2": 0.13477702467749422,
  "score3": 0.17258431801160432,
  "score4": 0.1888292236585136,
  "score5": 0.1255360742130648,
  "score6": 0.48649293863838866
}