{
  "score0": 0.3828059571595932,
  "score1": 0.08814574119117712,
  "score2": 0.042680625464172936,
  "score3": 0.14097657641162942,
  "score4": 0.28033651890384453,
  "score5": 0.3605594221101677,
  "score6": 0.2148306372262004
}