{
  "score0": 0.4935275502546111,
  "score1": 0.5277210170305257,
  "score2": 0.25071856397972586,
  "score3": 0.06595582888923074,
  "score4": 0.21554603171827527,
  "score5": 0.632096099998197,
  "score6": 0.6831144679823966
}