{
  "score0": 0.5006638729437312,
  "score1": 0.4368052761331457,
  "score2": 0.16739311381497712,
  "score3": 0.21746624667243464,
  "score4": 0.3925056200560624,
  "score5": 0.4684866669572678,
  "score6": 0.6245287754038721
}