{
  "score0": 0.46508868662888536,
  "score1": 0.2654083293870903,
  "score2": 0.035844770587002306,
  "score3": 0.5664372029653114,
  "score4": 0.7757821653999036,
  "score5": 0.38358448467636314,
  "score6": 0.5688020341419492
}