{
  "score0": 0.4552097944376839,
  "score1": 0.5313037391912404,
  "score2": 0.6978186070392594,
  "score3": 0.6989400703875258,
  "score4": 0.6764985616362861,
  "score5": 0.5292383182099903,
  "score6": 0.5104396053850205
}