{
  "score0": 0.11103085273918137,
  "score1": 0.5845695476067483,
  "score2": 0.22956417855927572,
  "score3": 0.06675182391043553,
  "score4": 0.19483995573309867,
  "score5": 0.35456176538478595,
  "score6": 0.2166528744449361
}