{
  "score0": 0.1997612725172114,
  "score1": 0.5485499334957143,
  "score2": 0.5632290271043843,
  "score3": 0.2708647294406898,
  "score4": 0.15228725366874918,
  "score5": 0.15507748772465793,
  "score6": 0.2508519374512029
}