{
  "score0": 0.11477460589876033,
  "score1": 0.47491621010938573,
  "score2": 0.23497096799601347,
  "score3": 0.12289837796145353,
  "score4": 0.3322712031160624,
  "score5": 0.02675211792654868,
  "score6": 0.28041509228435757
}