{
  "score0": 0.4108395414526128,
  "score1": 0.4174857009568682,
  "score2": 0.47392498043387415,
  "score3": 0.5847101592221117,
  "score4": 0.721033170375788,
  "score5": 0.7268404767692206,
  "score6": 0.4411073915060381
}