{
  "score0": 0.1928522219341239,
  "score1": 0.5463900890700881,
  "score2": 0.42378838744884606,
  "score3": 0.26742651771897014,
  "score4": 0.27681298552671035,
  "score5": 0.35855980339375565,
  "score6": 0.03304080039331591
}