{
  "score0": 0.11477460589876033,
  "score1": 0.3932051516839453,
  "score2": 0.21032722052447486,
  "score3": 0.14724977781407342,
  "score4": 0.3322712031160624,
  "score5": 0.02675211792654868,
  "score6": 0.28041509228435757
}