{
  "score0": 0.23471920819088665,
  "score1": 0.5376456494876561,
  "score2": 0.3294719470689833,
  "score3": 0.12318278028724443,
  "score4": 0.29593023020615766,
  "score5": 0.20876266953920705,
  "score6": 0.13106019710197794
}