{
  "score0": 0.2784625273726565,
  "score1": 0.1472351707289569,
  "score2": 0.42375416205808875,
  "score3": 0.15730163289762497,
  "score4": 0.16693395582810813,
  "score5": 0.09026687536013323,
  "score6": 0.5077434740535453
}