{
  "score0": 0.28629066674003284,
  "score1": 0.012974397591005165,
  "score2": 0.22161569921931198,
  "score3": 0.1118847397785319,
  "score4": 0.16414164389395156,
  "score5": 0.557471849061946,
  "score6": 0.6495027345261488
}