{
  "score0": 0.46942060440678346,
  "score1": 0.25935979893067396,
  "score2": 0.056984309666480625,
  "score3": 0.32072873028427373,
  "score4": 0.552968218371814,
  "score5": 0.6336564091683268,
  "score6": 0.7750805597313617
}