{
  "score0": 0.28629066674003284,
  "score1": 0.017477615957933172,
  "score2": 0.20515147258314667,
  "score3": 0.16414164389395156,
  "score4": 0.557471849061946,
  "score5": 0.6495027345261488,
  "score6": 0.7388621750361596
}