{
  "score0": 0.4935275502546111,
  "score1": 0.4405736891977377,
  "score2": 0.15204585019966835,
  "score3": 0.25431842024207546,
  "score4": 0.17918997039384987,
  "score5": 0.06595582888923074,
  "score6": 0.21554603171827527
}