{
  "score0": 0.453394003565681,
  "score1": 0.28556068685105596,
  "score2": 0.09939919293079753,
  "score3": 0.11717751622441101,
  "score4": 0.1694273047440794,
  "score5": 0.24316424075130508,
  "score6": 0.26504770050885407
}