{
  "score0": 0.09827542226439659,
  "score1": 0.057657687599646984,
  "score2": 0.1759053162128091,
  "score3": 0.3090394328367126,
  "score4": 0.3121830391297306,
  "score5": 0.33731290838077177,
  "score6": 0.213396165607305
}