{
  "score0": 0.4213180371589934,
  "score1": 0.5419421221967489,
  "score2": 0.6991109937602642,
  "score3": 0.6138744847963348,
  "score4": 0.6921911910640627,
  "score5": 0.4814067215522682,
  "score6": 0.41941176590630175
}