{
  "score0": 0.3155010731572453,
  "score1": 0.273903447061151,
  "score2": 0.18446900105626451,
  "score3": 0.17681688431819564,
  "score4": 0.2057815026517044,
  "score5": 0.5366003093454013,
  "score6": 0.5624944366399909
}