{
  "score0": 0.17263531121325204,
  "score1": 0.15019484551993764,
  "score2": 0.09923517324997233,
  "score3": 0.2499348504193348,
  "score4": 0.13382367142440008,
  "score5": 0.09877773218783914,
  "score6": 0.1912537076524998
}