{
  "score0": 0.5793639618118241,
  "score1": 0.2528247427980634,
  "score2": 0.05555881507914995,
  "score3": 0.31579878187410176,
  "score4": 0.2688802331856311,
  "score5": 0.3532713277142201,
  "score6": 0.5579660101363523
}