{
  "score0": 0.2699575737488159,
  "score1": 0.5206533188510395,
  "score2": 0.4969696363148771,
  "score3": 0.19093900979359266,
  "score4": 0.14412801546798418,
  "score5": 0.498880600338115,
  "score6": 0.16290409697884553
}