{
  "score0": 0.4901255999896858,
  "score1": 0.25925886039702406,
  "score2": 0.4467040823012789,
  "score3": 0.5347951183712869,
  "score4": 0.5573485407371924,
  "score5": 0.7216870254480879,
  "score6": 0.34567510011021335
}