{
  "score0": 0.5423002091665674,
  "score1": 0.27013114024812773,
  "score2": 0.1731670562115774,
  "score3": 0.02821353858047937,
  "score4": 0.09669339119146457,
  "score5": 0.19425444989316254,
  "score6": 0.30755595789092266
}