{
  "score0": 0.266244091858386,
  "score1": 0.5206533188510395,
  "score2": 0.46451334495219193,
  "score3": 0.22773701675853206,
  "score4": 0.16981126148387318,
  "score5": 0.15905051276070994,
  "score6": 0.20746158049125976
}