{
  "score0": 0.5344008979862825,
  "score1": 0.4214916999594222,
  "score2": 0.6397253002559016,
  "score3": 0.23815439555366455,
  "score4": 0.421810802013814,
  "score5": 0.04653803061432546,
  "score6": 0.09229095108899997
}