{
  "score0": 0.5344008979862825,
  "score1": 0.4214916999594222,
  "score2": 0.6397253002559016,
  "score3": 0.23815439555366455,
  "score4": 0.3326324780029582,
  "score5": 0.16705954075359672,
  "score6": 0.06590640712453266
}