{
  "score0": 0.5197639483894074,
  "score1": 0.29079331061248326,
  "score2": 0.0211916875697505,
  "score3": 0.18617532202796017,
  "score4": 0.4000210373677698,
  "score5": 0.18032782527982352,
  "score6": 0.26651526322966884
}