{
  "score0": 0.26174665362267635,
  "score1": 0.5066169773109245,
  "score2": 0.40712141040726363,
  "score3": 0.19093900979359266,
  "score4": 0.14412801546798418,
  "score5": 0.498880600338115,
  "score6": 0.16290409697884553
}