{
  "score0": 0.11894023046774455,
  "score1": 0.4125651929154458,
  "score2": 0.32049697057884324,
  "score3": 0.21286540624649963,
  "score4": 0.6051908065443914,
  "score5": 0.3525592200012621,
  "score6": 0.5708369058901427
}