{
  "score0": 0.14382165274452607,
  "score1": 0.1547922246977338,
  "score2": 0.1611654122557053,
  "score3": 0.42442299697238156,
  "score4": 0.6099433678753742,
  "score5": 0.35222687592484836,
  "score6": 0.3299399926531326
}