{
  "score0": 0.5482260238720368,
  "score1": 0.5449876431885533,
  "score2": 0.12093166546649187,
  "score3": 0.19901861382924646,
  "score4": 0.11858884485981218,
  "score5": 0.025331144709068682,
  "score6": 0.17670484164954478
}