{
  "score0": 0.15732218816778337,
  "score1": 0.05798401937878149,
  "score2": 0.11717337977951049,
  "score3": 0.2244455342798044,
  "score4": 0.1371953990441087,
  "score5": 0.17618182689364995,
  "score6": 0.15008393343319223
}