{
  "score0": 0.2325588305746986,
  "score1": 0.6443356035965728,
  "score2": 0.5159261863459149,
  "score3": 0.21252239064238088,
  "score4": 0.09947194573541324,
  "score5": 0.3499269422400462,
  "score6": 0.18450093513474686
}