{
  "score0": 0.15180344415806146,
  "score1": 0.33173486446541367,
  "score2": 0.475642613470239,
  "score3": 0.25833772617356154,
  "score4": 0.6686193380669933,
  "score5": 0.615837281087951,
  "score6": 0.5502947196558948
}