{
  "score0": 0.5482260238720368,
  "score1": 0.5449876431885533,
  "score2": 0.14089494480882372,
  "score3": 0.13151349951658156,
  "score4": 0.05127479767274268,
  "score5": 0.09928778313297788,
  "score6": 0.4298201440402906
}