{
  "score0": 0.41958718255430055,
  "score1": 0.5419421221967489,
  "score2": 0.6960260275455213,
  "score3": 0.6639357884615041,
  "score4": 0.529014196820429,
  "score5": 0.49141526533631624,
  "score6": 0.37685888841181775
}