{
  "score0": 0.5415120386570058,
  "score1": 0.24282433408691118,
  "score2": 0.0557417353923358,
  "score3": 0.2572512579375953,
  "score4": 0.3596088692199004,
  "score5": 0.5156216459400873,
  "score6": 0.6667073995986011
}