{
  "score0": 0.2305562321171909,
  "score1": 0.319239768741502,
  "score2": 0.5987562898011664,
  "score3": 0.4401560009678403,
  "score4": 0.17929436212679004,
  "score5": 0.20494906358658427,
  "score6": 0.43513519939578793
}