{
  "score0": 0.24974021553534356,
  "score1": 0.4303755765924689,
  "score2": 