{
  "score0": 0.12776634596354766,
  "score1": 0.43393259070591284,
  "score2": 0.2775069381851527,
  "score3": 0.30051974929748315,
  "score4": 0.5920804554421571,
  "score5": 0.6270457511502765,
  "score6": 0.6581900337989351
}