{
  "score0": 0.29079331061248326,
  "score1": 0.0211916875697505,
  "score2": 0.18332794847491207,
  "score3": 0.11515981728448244,
  "score4": 0.39250403155191876,
  "score5": 0.5090779253430324,
  "score6": 0.6519415950466914
}