{
  "score0": 0.8148412726918965,
  "score1": 0.6415114129982531,
  "score2": 0.4002380719631848,
  "score3": 0.22054351235613046,
  "score4": 0.06900978952858174,
  "score5": 0.12158803976478627,
  "score6": 0.2779421144215117
}