{
  "score0": 0.41251688628206395,
  "score1": 0.44556755953352956,
  "score2": 0.5124734002535085,
  "score3": 0.6009170719412011,
  "score4": 0.6538469344102844,
  "score5": 0.7359799568482991,
  "score6": 0.3814102020399899
}