{
  "score0": 0.3315006141536498,
  "score1": 0.02049172661025924,
  "score2": 0.22388424576924432,
  "score3": 0.09266705634980847,
  "score4": 0.48326198777536405,
  "score5": 0.49428384685954313,
  "score6": 0.4864342960386126
}