{
  "score0": 0.21877118299576662,
  "score1": 0.4268417202517434,
  "score2": 0.5720529163557646,
  "score3": 0.5870257990938201,
  "score4": 0.5478938682125968,
  "score5": 0.40462440248744125,
  "score6": 0.29162742830779126
}