{
  "score0": 0.09682560030353438,
  "score1": 0.43393259070591284,
  "score2": 0.2775069381851527,
  "score3": 0.30051974929748315,
  "score4": 0.6632140329931371,
  "score5": 0.6598838886478676,
  "score6": 0.5876666041158694
}