{
  "score0": 0.23467532742484506,
  "score1": 0.31305636731744474,
  "score2": 0.6390090606584429,
  "score3": 0.46638385266695637,
  "score4": 0.1645173253065361,
  "score5": 0.1800682431606173,
  "score6": 0.5964008405933381
}