{
  "score0": 0.1898759207833892,
  "score1": 0.05856275612673308,
  "score2": 0.1304126257729246,
  "score3": 0.4460374628380623,
  "score4": 0.4032717551434113,
  "score5": 0.5633456568988245,
  "score6": 0.2610266004579017
}