{
  "score0": 0.15823938102184526,
  "score1": 0.5369375093982017,
  "score2": 0.1910449210736787,
  "score3": 0.20045863594739988,
  "score4": 0.12558941986573255,
  "score5": 0.0588657546833784,
  "score6": 0.15396475269036314
}