{
  "score0": 0.22463010926404436,
  "score1": 0.0851452946007858,
  "score2": 0.05301620908186107,
  "score3": 0.02670214949623327,
  "score4": 0.24499126876682162,
  "score5": 0.26373254935506163,
  "score6": 0.10999308892768772
}