{
  "score0": 0.8148412726918965,
  "score1": 0.6476452732839361,
  "score2": 0.1227802409453226,
  "score3": 0.1702467139173958,
  "score4": 0.6931894141095539,
  "score5": 0.3417479980517371,
  "score6": 0.20009728001917834
}