{
  "score0": 0.37743284410582906,
  "score1": 0.4335194508410884,
  "score2": 0.48512335260741285,
  "score3": 0.6617554989778185,
  "score4": 0.7025802361374077,
  "score5": 0.24138533922710334,
  "score6": 0.43641821731732144
}