{
  "score0": 0.17212112997757326,
  "score1": 0.14214984924122243,
  "score2": 0.1756046769516012,
  "score3": 0.3594800202060666,
  "score4": 0.3254752463194956,
  "score5": 0.48145103912356796,
  "score6": 0.4711803445191447
}