{
  "score0": 0.2699575737488159,
  "score1": 0.4519088903208175,
  "score2": 0.37147082303507517,
  "score3": 0.14412801546798418,
  "score4": 0.498880600338115,
  "score5": 0.16290409697884553,
  "score6": 0.1992003118888577
}