{
  "score0": 0.5550917576108834,
  "score1": 0.3629492467561473,
  "score2": 0.4624111480278591,
  "score3": 0.2901757028527882,
  "score4": 0.5178868310108776,
  "score5": 0.1885356732058425,
  "score6": 0.006763748355681915
}