{
  "score0": 0.33104992673329625,
  "score1": 0.18332380668454193,
  "score2": 0.3646531645807454,
  "score3": 0.16693395582810813,
  "score4": 0.03599778547486252,
  "score5": 0.19489264731501335,
  "score6": 0.44883830451035345
}