{
  "score0": 0.03773717596380393,
  "score1": 0.3253864535302688,
  "score2": 0.5323159684640242,
  "score3": 0.29931141056295146,
  "score4": 0.6554282874997409,
  "score5": 0.37677309765633654,
  "score6": 0.72673033498796
}