{
  "score0": 0.527163566786756,
  "score1": 0.34763249558372106,
  "score2": 0.06336549065191019,
  "score3": 0.14304671471824923,
  "score4": 0.5127903675673097,
  "score5": 0.35133564453728994,
  "score6": 0.15967468108801142
}