{
  "score0": 0.5009449582825581,
  "score1": 0.3849391855399547,
  "score2": 0.1246637924883151,
  "score3": 0.2878138529941768,
  "score4": 0.1911640569413212,
  "score5": 0.1500996214781206,
  "score6": 0.12546420075682493
}