{
  "score0": 0.25358042896613564,
  "score1": 0.43016395048647743,
  "score2": 0.3840535114873334,
  "score3": 0.5687936095339586,
  "score4": 0.7007409459925534,
  "score5": 0.28225258992530156,
  "score6": 0.27785679279910536
}