{
  "score0": 0.15180344415806146,
  "score1": 0.33173486446541367,
  "score2": 0.49746353306586677,
  "score3": 0.42256311977841127,
  "score4": 0.6743199430588197,
  "score5": 0.576392662623414,
  "score6": 0.3711238604148486
}