{
  "score0": 0.22486778433345964,
  "score1": 0.43016395048647743,
  "score2": 0.3840535114873334,
  "score3": 0.5584517989922919,
  "score4": 0.7033935563987965,
  "score5": 0.35716058639139553,
  "score6": 0.3595415928694279
}