{
  "score0": 0.2402486226273565,
  "score1": 0.31305636731744474,
  "score2": 0.6553113713867701,
  "score3": 0.6460032696757759,
  "score4": 0.604208163967847,
  "score5": 0.16693141520793456,
  "score6": 0.4171402237860305
}