{
  "score0": 0.5583229098028467,
  "score1": 0.15562059916409035,
  "score2": 0.12450116151978485,
  "score3": 0.11023160740171851,
  "score4": 0.3058557061571274,
  "score5": 0.20327646784379363,
  "score6": 0.2834979463568262
}