{
  "score0": 0.2648968204517211,
  "score1": 0.4552926016242212,
  "score2": 0.35193134857717867,
  "score3": 0.2244803680761971,
  "score4": 0.16920532289057358,
  "score5": 0.16998981459077744,
  "score6": 0.22105581568187058
}