{
  "score0": 0.4596994442336748,
  "score1": 0.8112991604448867,
  "score2": 0.6614400436198676,
  "score3": 0.12988824526867054,
  "score4": 0.40875335589527934,
  "score5": 0.043409731345633897,
  "score6": 0.14552332416186747
}