{
  "score0": 0.49047372834140784,
  "score1": 0.24455804323458158,
  "score2": 0.11867893914716329,
  "score3": 0.16171020622641474,
  "score4": 0.03389198313756605,
  "score5": 0.2644580499665009,
  "score6": 0.33293977804967967
}