{
  "score0": 0.2750275935409874,
  "score1": 0.015329654334875023,
  "score2": 0.21228633185450935,
  "score3": 0.21703152021319772,
  "score4": 0.3742873267759241,
  "score5": 0.487972361405035,
  "score6": 0.621169060816395
}