{
  "score0": 0.2995377657110887,
  "score1": 0.5447518627735096,
  "score2": 0.38164384304496185,
  "score3": 0.10748830463027308,
  "score4": 0.24362965578147633,
  "score5": 0.12940336860636234,
  "score6": 0.10905373343122471
}