{
  "score0": 0.5003282094024238,
  "score1": 0.5134864463757983,
  "score2": 0.18592353331520892,
  "score3": 0.17964430901731088,
  "score4": 0.2561123040006512,
  "score5": 0.1499388386518097,
  "score6": 0.4009178728131715
}