{
  "score0": 0.55265470515402,
  "score1": 0.3075585714595079,
  "score2": 0.15842740030958194,
  "score3": 0.076585937523892,
  "score4": 0.09850619269511457,
  "score5": 0.14541927461228246,
  "score6": 0.2612331589316526
}