{
  "score0": 0.5657911012334571,
  "score1": 0.22507671763259918,
  "score2": 0.07902195646136502,
  "score3": 0.14389874165208524,
  "score4": 0.14876503864118287,
  "score5": 0.1665025238281224,
  "score6": 0.10525056636642587
}