{
  "score0": 0.5245067007547579,
  "score1": 0.23121450237030372,
  "score2": 0.04308742456726833,
  "score3": 0.3690851427955868,
  "score4": 0.7570876541297394,
  "score5": 0.3340945358388616,
  "score6": 0.4911937346614363
}