{
  "score0": 0.44103334510722964,
  "score1": 0.2642080405331873,
  "score2": 0.3878665902338744,
  "score3": 0.6733199508970672,
  "score4": 0.6470412376818602,
  "score5": 0.5724364389348159,
  "score6": 0.18404881025021347
}