{
  "score0": 0.12881536395663185,
  "score1": 0.18591867857117125,
  "score2": 0.1611654122557053,
  "score3": 0.4305614189205493,
  "score4": 0.5138868907294422,
  "score5": 0.3693808536451557,
  "score6": 0.07910948955162493
}