{
  "score0": 0.24455804323458158,
  "score1": 0.11867893914716329,
  "score2": 0.13839568476786862,
  "score3": 0.019956458487352016,
  "score4": 0.2349996269802341,
  "score5": 0.2968986694934728,
  "score6": 0.18255597865218035
}