{
  "score0": 0.5114825868938833,
  "score1": 0.26696687962722737,
  "score2": 0.285576196309442,
  "score3": 0.3859957977859192,
  "score4": 0.0992522739114099,
  "score5": 0.12990590918798145,
  "score6": 0.288238347795616
}