{
  "score0": 0.47852287928439097,
  "score1": 0.5129797678902839,
  "score2": 0.1428501779454684,
  "score3": 0.1930565085325027,
  "score4": 0.16145340965019592,
  "score5": 0.20442133720402275,
  "score6": 0.3830473553726988
}