{
  "score0": 0.47852287928439097,
  "score1": 0.5129797678902839,
  "score2": 0.16859074405372904,
  "score3": 0.17991816928911972,
  "score4": 0.2504623436549615,
  "score5": 0.12142602444019356,
  "score6": 0.29055339679411324
}