{
  "score0": 0.4754877656451318,
  "score1": 0.26419755133595085,
  "score2": 0.43346249014701477,
  "score3": 0.5404345518403338,
  "score4": 0.6308824143953339,
  "score5": 0.7250155697124994,
  "score6": 0.29138729482979
}