{
  "score0": 0.5793639618118241,
  "score1": 0.2528247427980634,
  "score2": 0.08918647847091814,
  "score3": 0.28118689518132944,
  "score4": 0.2904391725679099,
  "score5": 0.43483897136942246,
  "score6": 0.5164223518247314
}