{
  "score0": 0.29133518020493393,
  "score1": 0.2278101672214681,
  "score2": 0.22407396251936737,
  "score3": 0.13211588630733162,
  "score4": 0.18387480553620694,
  "score5": 0.027547231966333335,
  "score6": 0.3129459247460547
}