{
  "score0": 0.13413292011261096,
  "score1": 0.47250682831313534,
  "score2": 0.1910449210736787,
  "score3": 0.20045863594739988,
  "score4": 0.12558941986573255,
  "score5": 0.0588657546833784,
  "score6": 0.15396475269036314
}