{
  "score0": 0.2542546498949655,
  "score1": 0.2325588305746986,
  "score2": 0.6429345006137998,
  "score3": 0.45762992335759956,
  "score4": 0.13825522017652866,
  "score5": 0.15907316811753403,
  "score6": 0.15931663049386166
}