{
  "score0": 0.3933633138069745,
  "score1": 0.45017954668674015,
  "score2": 0.5323215539334556,
  "score3": 0.6866395645736875,
  "score4": 0.7196499793858985,
  "score5": 0.7246517690100519,
  "score6": 0.4728832803331611
}