{
  "score0": 0.6417000847181292,
  "score1": 0.4228731395245965,
  "score2": 0.4554670277449732,
  "score3": 0.3168944211232721,
  "score4": 0.34769213013521094,
  "score5": 0.16934734243215266,
  "score6": 0.006750683219928778
}