{
  "score0": 0.15838818241692,
  "score1": 0.4595808019365119,
  "score2": 0.20075940579592463,
  "score3": 0.07327534989631775,
  "score4": 0.22595920514530277,
  "score5": 0.006801416051703258,
  "score6": 0.23428643823722087
}