{
  "score0": 0.5415120386570058,
  "score1": 0.24282433408691118,
  "score2": 0.03314556852566243,
  "score3": 0.36895557668082923,
  "score4": 0.44547006747282386,
  "score5": 0.57646091997618,
  "score6": 0.09937283700987325
}