{
  "score0": 0.49768283441542155,
  "score1": 0.3315006141536498,
  "score2": 0.02049172661025924,
  "score3": 0.19687357138441666,
  "score4": 0.25008895859189306,
  "score5": 0.1956332561130175,
  "score6": 0.28170501273825804
}