{
  "score0": 0.170176866004304,
  "score1": 0.14233077197844596,
  "score2": 0.07693389345238189,
  "score3": 0.18359813065894567,
  "score4": 0.18683768323225033,
  "score5": 0.027218392396884505,
  "score6": 0.06541140909524515
}