{
  "score0": 0.6581459165889294,
  "score1": 0.48633804187443014,
  "score2": 0.6330105831178598,
  "score3": 0.2664646278983683,
  "score4": 0.2209293034774913,
  "score5": 0.13260521771651146,
  "score6": 0.03307736404657818
}