{
  "score0": 0.21856094745205484,
  "score1": 0.319239768741502,
  "score2": 0.5987562898011664,
  "score3": 0.34359611952037444,
  "score4": 0.28656628816841717,
  "score5": 0.1208136356688746,
  "score6": 0.08913579664805384
}