{
  "score0": 0.41251688628206395,
  "score1": 0.4092254770760876,
  "score2": 0.5479015926647941,
  "score3": 0.6773766111570924,
  "score4": 0.6538469344102844,
  "score5": 0.7359799568482991,
  "score6": 0.3814102020399899
}