{
  "score0": 0.37743284410582906,
  "score1": 0.4771831019741967,
  "score2": 0.43581680148710206,
  "score3": 0.7255086539694986,
  "score4": 0.6617554989778185,
  "score5": 0.7025802361374077,
  "score6": 0.24138533922710334
}