{
  "score0": 0.6660700879117275,
  "score1": 0.4228731395245965,
  "score2": 0.4554670277449732,
  "score3": 0.2664646278983683,
  "score4": 0.3122968045564077,
  "score5": 0.038911551663266285,
  "score6": 0.07046983110010353
}