{
  "score0": 0.4214916999594222,
  "score1": 0.6397253002559016,
  "score2": 0.17806191842510877,
  "score3": 0.019009468585303807,
  "score4": 0.1212058614966639,
  "score5": 0.4990392148901252,
  "score6": 0.6933602906761093
}