{
  "score0": 0.6012990527977822,
  "score1": 0.2577613427618817,
  "score2": 0.16189418001790526,
  "score3": 0.35907559487896096,
  "score4": 0.44393187856213207,
  "score5": 0.12761120913564783,
  "score6": 0.4925878405680216
}