{
  "score0": 0.15213703226375186,
  "score1": 0.12634450615514417,
  "score2": 0.2869336922511577,
  "score3": 0.30509589899937567,
  "score4": 0.29143485190781326,
  "score5": 0.32241913819982904,
  "score6": 0.47961214410631575
}