{
  "score0": 0.3201724374806228,
  "score1": 0.17560449201805284,
  "score2": 0.335765795281155,
  "score3": 0.15070362406763618,
  "score4": 0.033886217823475805,
  "score5": 0.18230292693161454,
  "score6": 0.4318881321338983
}