{
  "score0": 0.44103334510722964,
  "score1": 0.2689669005796314,
  "score2": 0.41911850914188337,
  "score3": 0.6470412376818602,
  "score4": 0.5724364389348159,
  "score5": 0.18404881025021347,
  "score6": 0.411294942663881
}