{
  "score0": 0.6208045020000942,
  "score1": 0.3954052894830813,
  "score2": 0.2572802535462531,
  "score3": 0.31195805976251506,
  "score4": 0.3459262416911398,
  "score5": 0.07225844427436134,
  "score6": 0.07088465980635533
}