{
  "score0": 0.16770656829407232,
  "score1": 0.03546946723832928,
  "score2": 0.11717337977951049,
  "score3": 0.2244455342798044,
  "score4": 0.1371953990441087,
  "score5": 0.17618182689364995,
  "score6": 0.15008393343319223
}