{
  "score0": 0.29737918615232256,
  "score1": 0.07474525360481513,
  "score2": 0.3459808541770445,
  "score3": 0.24772669933557526,
  "score4": 0.2224664637455406,
  "score5": 0.5971896236036471,
  "score6": 0.23685913711687187
}