{
  "score0": 0.47005707413717346,
  "score1": 0.25925886039702406,
  "score2": 0.4467040823012789,
  "score3": 0.5347951183712869,
  "score4": 0.6308824143953339,
  "score5": 0.7250155697124994,
  "score6": 0.29138729482979
}