{
  "score0": 0.24760769114203932,
  "score1": 0.46338280609446264,
  "score2": 0.35193134857717867,
  "score3": 0.26404733858932866,
  "score4": 0.20112231004670725,
  "score5": 0.19393587802232734,
  "score6": 0.0009236334577857357
}