{
  "score0": 0.11291686109167169,
  "score1": 0.45075312319356065,
  "score2": 0.3089887028218864,
  "score3": 0.36312382174566776,
  "score4": 0.5996897761130118,
  "score5": 0.4867949686993844,
  "score6": 0.3857080520359421
}