{
  "score0": 0.18764554356588267,
  "score1": 0.07011521747371745,
  "score2": 0.13224989447439311,
  "score3": 0.1603514374393988,
  "score4": 0.22811166961431795,
  "score5": 0.24542121079729284,
  "score6": 0.2637771601623469
}