{
  "score0": 0.07933233279513902,
  "score1": 0.11258289553183914,
  "score2": 0.28757945058865564,
  "score3": 0.2610666220632421,
  "score4": 0.3090394328367126,
  "score5": 0.3121830391297306,
  "score6": 0.33731290838077177
}