{
  "score0": 0.7888091310070673,
  "score1": 0.5820435846211083,
  "score2": 0.24998466135211977,
  "score3": 0.18660525241194129,
  "score4": 0.1023339082081252,
  "score5": 0.09782389723014617,
  "score6": 0.22966245659018747
}