{
  "score0": 0.5245012191075928,
  "score1": 0.2871347277141854,
  "score2": 0.3460190025291354,
  "score3": 0.3859957977859192,
  "score4": 0.029715322990907345,
  "score5": 0.3173324958661945,
  "score6": 0.10530812505375604
}