{
  "score0": 0.12680535100106682,
  "score1": 0.051119868376504334,
  "score2": 0.1304126257729246,
  "score3": 0.4460374628380623,
  "score4": 0.4032717551434113,
  "score5": 0.5633456568988245,
  "score6": 0.2610266004579017
}