{
  "score0": 0.3338235890953526,
  "score1": 0.01404340012177047,
  "score2": 0.3521265498634723,
  "score3": 0.06427784972900692,
  "score4": 0.2075668635925446,
  "score5": 0.496436052333844,
  "score6": 0.4945233876627781
}