{
  "score0": 0.17347758007290331,
  "score1": 0.15732218816778337,
  "score2": 0.05798401937878149,
  "score3": 0.07382801916569418,
  "score4": 0.2458783140914561,
  "score5": 0.019209467680387605,
  "score6": 0.24952757734827924
}