{
  "score0": 0.13243651102026854,
  "score1": 0.12634450615514417,
  "score2": 0.19619409353631104,
  "score3": 0.2925723398438547,
  "score4": 0.5338611571048606,
  "score5": 0.3373950504109609,
  "score6": 0.18255046944290987
}