{
  "score0": 0.6024862125984045,
  "score1": 0.38432528815983047,
  "score2": 0.3916146584218501,
  "score3": 0.4075329207640082,
  "score4": 0.08164058264750033,
  "score5": 0.06185500521811233,
  "score6": 0.25159565290534563
}