{
  "score0": 0.2800554791527868,
  "score1": 0.023260801727682537,
  "score2": 0.2793717044404442,
  "score3": 0.40810229556847116,
  "score4": 0.30850416259302277,
  "score5": 0.6212448259524934,
  "score6": 0.24070351817540703
}