{
  "score0": 0.4537192766901418,
  "score1": 0.5411042454276335,
  "score2": 0.1275994763858712,
  "score3": 0.21480771373512744,
  "score4": 0.16722991967131662,
  "score5": 0.019009468585303807,
  "score6": 0.1212058614966639
}