{
  "score0": 0.5593422046197459,
  "score1": 0.3075585714595079,
  "score2": 0.17300349006915855,
  "score3": 0.03471490745773495,
  "score4": 0.19411552171519966,
  "score5": 0.2782322084462624,
  "score6": 0.31083110731922253
}