{
  "score0": 0.3338235890953526,
  "score1": 0.01404340012177047,
  "score2": 0.2696088007620871,
  "score3": 0.09308905895021628,
  "score4": 0.27985989759792523,
  "score5": 0.544238944696692,
  "score6": 0.498758509551741
}