{
  "score0": 0.527163566786756,
  "score1": 0.33040478231817066,
  "score2": 0.4293609445298529,
  "score3": 0.18861883675186772,
  "score4": 0.1777161289334187,
  "score5": 0.09827921939086336,
  "score6": 0.2129142750181785
}