{
  "score0": 0.5009449582825581,
  "score1": 0.3849391855399547,
  "score2": 0.4293609445298529,
  "score3": 0.18861883675186772,
  "score4": 0.1777161289334187,
  "score5": 0.09827921939086336,
  "score6": 0.2129142750181785
}