{
  "score0": 0.07961654428583631,
  "score1": 0.11258289553183914,
  "score2": 0.2869336922511577,
  "score3": 0.30509589899937567,
  "score4": 0.29143485190781326,
  "score5": 0.32241913819982904,
  "score6": 0.47961214410631575
}