{
  "score0": 0.2651892123257643,
  "score1": 0.028431239281783087,
  "score2": 0.26794911283400086,
  "score3": 0.20142963025225882,
  "score4": 0.2019912971394252,
  "score5": 0.5898723166007644,
  "score6": 0.6121717767950489
}