{
  "score0": 0.07933233279513902,
  "score1": 0.08789528684967893,
  "score2": 0.1759053162128091,
  "score3": 0.3090394328367126,
  "score4": 0.3121830391297306,
  "score5": 0.33731290838077177,
  "score6": 0.213396165607305
}