{
  "score0": 0.179723976555543,
  "score1": 0.15019484551993764,
  "score2": 0.07904461006970684,
  "score3": 0.1994267383495346,
  "score4": 0.019956458487352016,
  "score5": 0.2349996269802341,
  "score6": 0.2968986694934728
}