{
  "score0": 0.2758703055271433,
  "score1": 0.026107195542647413,
  "score2": 0.26794911283400086,
  "score3": 0.1664007541145066,
  "score4": 0.2927981833409108,
  "score5": 0.41754681798613874,
  "score6": 0.5867422263258192
}