{
  "score0": 0.49768283441542155,
  "score1": 0.29766004287329006,
  "score2": 0.0269207764263148,
  "score3": 0.20424297243512712,
  "score4": 0.25008895859189306,
  "score5": 0.1956332561130175,
  "score6": 0.28170501273825804
}