{
  "score0": 0.2758703055271433,
  "score1": 0.026107195542647413,
  "score2": 0.21228633185450935,
  "score3": 0.21703152021319772,
  "score4": 0.3742873267759241,
  "score5": 0.487972361405035,
  "score6": 0.621169060816395
}