{
  "score0": 0.2510158485335284,
  "score1": 0.42540421351598723,
  "score2": 