{
  "score0": 0.1587503508683322,
  "score1": 0.14214984924122243,
  "score2": 0.1113471700458945,
  "score3": 0.42442299697238156,
  "score4": 0.6099433678753742,
  "score5": 0.35222687592484836,
  "score6": 0.3299399926531326
}