{
  "score0": 0.3798915715125715,
  "score1": 0.45017954668674015,
  "score2": 0.5323215539334556,
  "score3": 0.6924195747273901,
  "score4": 0.6643788048647731,
  "score5": 0.7110771489255442,
  "score6": 0.10433480816861684
}