{
  "score0": 0.5598035876842002,
  "score1": 0.3899584950074064,
  "score2": 0.3916146584218501,
  "score3": 0.4075329207640082,
  "score4": 0.08164058264750033,
  "score5": 0.06185500521811233,
  "score6": 0.25159565290534563
}