{
  "score0": 0.44050867977331476,
  "score1": 0.5738246630804351,
  "score2": 0.2577613427618817,
  "score3": 0.025580993408617286,
  "score4": 0.3073612267624379,
  "score5": 0.4846791922439985,
  "score6": 0.07353384171114648
}