{
  "score0": 0.11894023046774455,
  "score1": 0.39289657274399176,
  "score2": 0.26671064465400957,
  "score3": 0.6051908065443914,
  "score4": 0.3525592200012621,
  "score5": 0.5708369058901427,
  "score6": 0.34301216564804066
}