{
  "score0": 0.2770953652207955,
  "score1": 0.5475428538165252,
  "score2": 0.3684674677558873,
  "score3": 0.10748830463027308,
  "score4": 0.24362965578147633,
  "score5": 0.12940336860636234,
  "score6": 0.10905373343122471
}