{
  "score0": 0.22051176057127048,
  "score1": 0.5511242295869111,
  "score2": 0.44280192948109626,
  "score3": 0.30933261116879546,
  "score4": 0.19301751221947328,
  "score5": 0.2509258621658778,
  "score6": 0.019293387967751374
}