{
  "score0": 0.5546123033435162,
  "score1": 0.2528247427980634,
  "score2": 0.05555881507914995,
  "score3": 0.4502435385301052,
  "score4": 0.344904275774637,
  "score5": 0.27440231593970416,
  "score6": 0.4630055817664703
}