{
  "score0": 0.20639321836213964,
  "score1": 0.26897310517719075,
  "score2": 0.4600481524404675,
  "score3": 0.5480979703942229,
  "score4": 0.18711274509512962,
  "score5": 0.5315836229147776,
  "score6": 0.22707006283957124
}