{
  "score0": 0.5619918982888075,
  "score1": 0.5484443612426868,
  "score2": 0.13183586374201395,
  "score3": 0.1520724509794106,
  "score4": 0.23728691921198797,
  "score5": 0.3902653903709086,
  "score6": 0.4760132298242931
}