{
  "score0": 0.11920410404661304,
  "score1": 0.0635798234508344,
  "score2": 0.22477509333647183,
  "score3": 0.3062784602839073,
  "score4": 0.5338611571048606,
  "score5": 0.3373950504109609,
  "score6": 0.18255046944290987
}