{
  "score0": 0.5024738467869923,
  "score1": 0.27325941583495555,
  "score2": 0.04308742456726833,
  "score3": 0.2858642968176906,
  "score4": 0.28978236525274775,
  "score5": 0.44597543434926656,
  "score6": 0.6200874150793871
}