{
  "score0": 0.28450099522093003,
  "score1": 0.6560597875764417,
  "score2": 0.4337441776959713,
  "score3": 0.09947194573541324,
  "score4": 0.3499269422400462,
  "score5": 0.18450093513474686,
  "score6": 0.16276187227915465
}