{
  "score0": 0.5250795512534915,
  "score1": 0.23391607606883943,
  "score2": 0.15505362083827312,
  "score3": 0.13036709195268995,
  "score4": 0.036616899772230226,
  "score5": 0.2737767280384558,
  "score6": 0.32767774562545865
}