{
  "score0": 0.29281102901319817,
  "score1": 0.0851452946007858,
  "score2": 0.05301620908186107,
  "score3": 0.10229876586908311,
  "score4": 0.24056926068457796,
  "score5": 0.26631620199131084,
  "score6": 0.2078256461644021
}