{
  "score0": 0.12776634596354766,
  "score1": 0.45075312319356065,
  "score2": 0.2747795957527928,
  "score3": 0.22338176425361586,
  "score4": 0.5920804554421571,
  "score5": 0.6270457511502765,
  "score6": 0.6581900337989351
}