{
  "score0": 0.15165055246023718,
  "score1": 0.5369375093982017,
  "score2": 0.19115918634823664,
  "score3": 0.17593689654576436,
  "score4": 0.035539452869390316,
  "score5": 0.19050397428343427,
  "score6": 0.30298611047532736
}