{
  "score0": 0.09975181892275332,
  "score1": 0.3423831466782425,
  "score2": 0.44002122157951973,
  "score3": 0.3625692438071735,
  "score4": 0.7392508769418846,
  "score5": 0.6507919009321119,
  "score6": 0.7181064905779785
}