{
  "score0": 0.23946391032480485,
  "score1": 0.2609164269548083,
  "score2": 0.6429345006137998,
  "score3": 0.3472014644616197,
  "score4": 0.26959615395515657,
  "score5": 0.06992261130245515,
  "score6": 0.06537115585039746
}