{
  "score0": 0.814895739869826,
  "score1": 0.6485812411131916,
  "score2": 0.12206708811975431,
  "score3": 0.19390758629360713,
  "score4": 0.1702467139173958,
  "score5": 0.6931894141095539,
  "score6": 0.3417479980517371
}