{
  "score0": 0.5013841586881356,
  "score1": 0.16264095625077835,
  "score2": 0.019074369069347702,
  "score3": 0.056649857852572934,
  "score4": 0.19571612574299121,
  "score5": 0.3081824565027837,
  "score6": 0.47419008188390716
}