{
  "score0": 0.5114825868938833,
  "score1": 0.2871347277141854,
  "score2": 0.3460190025291354,
  "score3": 0.3859957977859192,
  "score4": 0.0992522739114099,
  "score5": 0.12990590918798145,
  "score6": 0.288238347795616
}