{
  "score0": 0.8148412726918965,
  "score1": 0.6415114129982531,
  "score2": 0.4303137212489423,
  "score3": 0.19390758629360713,
  "score4": 0.1702467139173958,
  "score5": 0.6931894141095539,
  "score6": 0.3417479980517371
}