{
  "score0": 0.6012990527977822,
  "score1": 0.2239951131150566,
  "score2": 0.06749618918009154,
  "score3": 0.4192876034235913,
  "score4": 0.35907559487896096,
  "score5": 0.44393187856213207,
  "score6": 0.12761120913564783
}