{
  "score0": 0.24760769114203932,
  "score1": 0.46338280609446264,
  "score2": 0.4447362114204325,
  "score3": 0.3662862043763933,
  "score4": 0.20112231004670725,
  "score5": 0.19393587802232734,
  "score6": 0.0009236334577857357
}