{
  "score0": 0.3798915715125715,
  "score1": 0.45017954668674015,
  "score2": 0.46076820688797826,
  "score3": 0.6903150900506679,
  "score4": 0.7074642781697597,
  "score5": 0.4765008683566729,
  "score6": 0.20135748200536185
}