{
  "score0": 0.47589778645895836,
  "score1": 0.26419755133595085,
  "score2": 0.43346249014701477,
  "score3": 0.6334718083440468,
  "score4": 0.6274892641173384,
  "score5": 0.4780791579988262,
  "score6": 0.10026068655184374
}