{
  "score0": 0.2648968204517211,
  "score1": 0.4552926016242212,
  "score2": 0.46451334495219193,
  "score3": 0.22773701675853206,
  "score4": 0.16981126148387318,
  "score5": 0.15905051276070994,
  "score6": 0.20746158049125976
}