{
  "score0": 0.4569615440439522,
  "score1": 0.2642080405331873,
  "score2": 0.4041020465372541,
  "score3": 0.6475338511674111,
  "score4": 0.588622838257253,
  "score5": 0.3658605888785557,
  "score6": 0.17079853304747697
}