{
  "score0": 0.5911974602579623,
  "score1": 0.2655033194177491,
  "score2": 0.13835854584711488,
  "score3": 0.44547006747282386,
  "score4": 0.57646091997618,
  "score5": 0.09937283700987325,
  "score6": 0.5137702326265842
}