{
  "score0": 0.7308285158617178,
  "score1": 0.5820435846211083,
  "score2": 0.24998466135211977,
  "score3": 0.08567387247013099,
  "score4": 0.029816066153288624,
  "score5": 0.28943684338428566,
  "score6": 0.13546368225503472
}