{
  "score0": 0.13413292011261096,
  "score1": 0.47250682831313534,
  "score2": 0.1462079295343714,
  "score3": 0.2136139521579169,
  "score4": 0.1444383470840959,
  "score5": 0.05982598302724368,
  "score6": 0.11094714576523397
}