{
  "score0": 0.5593422046197459,
  "score1": 0.3525777387134125,
  "score2": 0.14476612609593129,
  "score3": 0.19411552171519966,
  "score4": 0.2782322084462624,
  "score5": 0.31083110731922253,
  "score6": 0.3429151479471438
}