{
  "score0": 0.4282968051738008,
  "score1": 0.5644257995737438,
  "score2": 0.6374685135923778,
  "score3": 0.6328379120132869,
  "score4": 0.6780209394300041,
  "score5": 0.4128847399301094,
  "score6": 0.4881235230524872
}