{
  "score0": 0.29133518020493393,
  "score1": 0.2278101672214681,
  "score2": 0.16981189342497593,
  "score3": 0.151135997626311,
  "score4": 0.1392661144944242,
  "score5": 0.09990785837658268,
  "score6": 0.4045779968423397
}