{
  "score0": 0.3944846018406132,
  "score1": 0.44556755953352956,
  "score2": 0.5124734002535085,
  "score3": 0.6866395645736875,
  "score4": 0.7196499793858985,
  "score5": 0.7246517690100519,
  "score6": 0.4728832803331611
}