{
  "score0": 0.5274852211461497,
  "score1": 0.29766004287329006,
  "score2": 0.0269207764263148,
  "score3": 0.4502435385301052,
  "score4": 0.344904275774637,
  "score5": 0.27440231593970416,
  "score6": 0.4630055817664703
}