{
  "score0": 0.17212112997757326,
  "score1": 0.14214984924122243,
  "score2": 0.1113471700458945,
  "score3": 0.34261840383136116,
  "score4": 0.37904042307032787,
  "score5": 0.386491263020007,
  "score6": 0.5554751234169714
}