{
  "score0": 0.22051176057127048,
  "score1": 0.5880595181737188,
  "score2": 0.43572907673140543,
  "score3": 0.2672404436109765,
  "score4": 0.19301751221947328,
  "score5": 0.2509258621658778,
  "score6": 0.019293387967751374
}