{
  "score0": 0.525415838833609,
  "score1": 0.16264095625077835,
  "score2": 0.019074369069347702,
  "score3": 0.02014849374260313,
  "score4": 0.16129660433810844,
  "score5": 0.3321973472078157,
  "score6": 0.16604144024740977
}