{
  "score0": 0.5447518627735096,
  "score1": 0.38164384304496185,
  "score2": 0.0952397578193176,
  "score3": 0.05902958789371882,
  "score4": 0.14304671471824923,
  "score5": 0.5127903675673097,
  "score6": 0.35133564453728994
}