{
  "score0": 0.49057277545189515,
  "score1": 0.591679636421541,
  "score2": 0.22406735047889442,
  "score3": 0.17964430901731088,
  "score4": 0.2561123040006512,
  "score5": 0.1499388386518097,
  "score6": 0.4009178728131715
}