{
  "score0": 0.12036735863487816,
  "score1": 0.3423831466782425,
  "score2": 0.44002122157951973,
  "score3": 0.25833772617356154,
  "score4": 0.6597945145578953,
  "score5": 0.6889145662371047,
  "score6": 0.7986664649413825
}