{
  "score0": 0.15261102892793635,
  "score1": 0.14233077197844596,
  "score2": 0.09923517324997233,
  "score3": 0.2499348504193348,
  "score4": 0.13382367142440008,
  "score5": 0.09877773218783914,
  "score6": 0.1912537076524998
}