{
  "score0": 0.2305562321171909,
  "score1": 0.319239768741502,
  "score2": 0.4869284349570299,
  "score3": 0.40209544228923444,
  "score4": 0.18580412588799114,
  "score5": 0.28625306162165726,
  "score6": 0.42411399683562595
}