{
  "score0": 0.09975181892275332,
  "score1": 0.3341417423402719,
  "score2": 0.3834145900193946,
  "score3": 0.37502720554407953,
  "score4": 0.7392508769418846,
  "score5": 0.6507919009321119,
  "score6": 0.7181064905779785
}