{
  "score0": 0.7183809700732408,
  "score1": 0.5734661691092532,
  "score2": 0.30604971266198894,
  "score3": 0.3034160229616567,
  "score4": 0.029816066153288624,
  "score5": 0.28943684338428566,
  "score6": 0.13546368225503472
}