{
  "score0": 0.7711476086085673,
  "score1": 0.5643248797342686,
  "score2": 0.37820340741530484,
  "score3": 0.3034160229616567,
  "score4": 0.0992522739114099,
  "score5": 0.08776425532331343,
  "score6": 0.3460536626066539
}