{
  "score0": 0.527163566786756,
  "score1": 0.33040478231817066,
  "score2": 0.46699909600602485,
  "score3": 0.05902958789371882,
  "score4": 0.14304671471824923,
  "score5": 0.5127903675673097,
  "score6": 0.35133564453728994
}