{
  "score0": 0.4537192766901418,
  "score1": 0.5411042454276335,
  "score2": 0.15083848059929755,
  "score3": 0.16922103039030031,
  "score4": 0.056756419637632005,
  "score5": 0.08239428139292188,
  "score6": 0.3855923978745921
}