{
  "score0": 0.21762766757801033,
  "score1": 0.5880595181737188,
  "score2": 0.43572907673140543,
  "score3": 0.2517326083621978,
  "score4": 0.11042882387301152,
  "score5": 0.10874105802057255,
  "score6": 0.1827161624812245
}