{
  "score0": 0.20436714527502725,
  "score1": 0.2889627895514187,
  "score2": 0.5640769473260201,
  "score3": 0.413321738883794,
  "score4": 0.12245383549686277,
  "score5": 0.16273311285871292,
  "score6": 0.13866444349788073
}