{
  "score0": 0.48633804187443014,
  "score1": 0.6330105831178598,
  "score2": 0.17896769216698216,
  "score3": 0.025331144709068682,
  "score4": 0.17670484164954478,
  "score5": 0.47293426143743983,
  "score6": 0.6966434953756541
}