{
  "score0": 0.20436714527502725,
  "score1": 0.26174665362267635,
  "score2": 0.5066169773109245,
  "score3": 0.40712141040726363,
  "score4": 0.12245383549686277,
  "score5": 0.16273311285871292,
  "score6": 0.13866444349788073
}