{
  "score0": 0.09682560030353438,
  "score1": 0.44760843669703004,
  "score2": 0.28873290770091103,
  "score3": 0.31333062076618745,
  "score4": 0.6632140329931371,
  "score5": 0.6598838886478676,
  "score6": 0.5876666041158694
}