{
  "score0": 0.17347758007290331,
  "score1": 0.15104711047172562,
  "score2": 0.10022089624855537,
  "score3": 0.08142500327256298,
  "score4": 0.2458783140914561,
  "score5": 0.019209467680387605,
  "score6": 0.24952757734827924
}