{
  "score0": 0.525415838833609,
  "score1": 0.10266020974323412,
  "score2": 0.02659313264504868,
  "score3": 0.02014849374260313,
  "score4": 0.16129660433810844,
  "score5": 0.3321973472078157,
  "score6": 0.16604144024740977
}