{
  "score0": 0.17560449201805284,
  "score1": 0.335765795281155,
  "score2": 0.16775851580967374,
  "score3": 0.035539452869390316,
  "score4": 0.19050397428343427,
  "score5": 0.30298611047532736,
  "score6": 0.1755413788482503
}