{
  "score0": 0.31672113724799444,
  "score1": 0.20644151532518346,
  "score2": 0.3646531645807454,
  "score3": 0.16693395582810813,
  "score4": 0.10523115351449663,
  "score5": 0.08995240403693759,
  "score6": 0.38058176927886866
}