{
  "score0": 0.10439641407906541,
  "score1": 0.0635798234508344,
  "score2": 0.22477509333647183,
  "score3": 0.30461950808207033,
  "score4": 0.4626028314548316,
  "score5": 0.32016795570840695,
  "score6": 0.045563806573951565
}