{
  "score0": 0.07474525360481513,
  "score1": 0.3459808541770445,
  "score2": 0.26671064465400957,
  "score3": 0.6051908065443914,
  "score4": 0.3525592200012621,
  "score5": 0.5708369058901427,
  "score6": 0.34301216564804066
}