{
  "score0": 0.16770656829407232,
  "score1": 0.07011521747371745,
  "score2": 0.13345914919536536,
  "score3": 0.05893657410582229,
  "score4": 0.2244455342798044,
  "score5": 0.1371953990441087,
  "score6": 0.17618182689364995
}