{
  "score0": 0.20452191139175113,
  "score1": 0.5983456104165826,
  "score2": 0.434760712546159,
  "score3": 0.30933261116879546,
  "score4": 0.2327485308755116,
  "score5": 0.18115641953850894,
  "score6": 0.01880075714880418
}