{
  "score0": 0.4161427556823522,
  "score1": 0.5644257995737438,
  "score2": 0.6374685135923778,
  "score3": 0.6458139993573342,
  "score4": 0.7386415632082173,
  "score5": 0.36342388636019596,
  "score6": 0.3500378312928869
}