{
  "score0": 0.4596994442336748,
  "score1": 0.814895739869826,
  "score2": 0.6485812411131916,
  "score3": 0.12206708811975431,
  "score4": 0.40875335589527934,
  "score5": 0.043409731345633897,
  "score6": 0.14552332416186747
}