{
  "score0": 0.15327238772702842,
  "score1": 0.5657911012334571,
  "score2": 0.22507671763259918,
  "score3": 0.08289335186579325,
  "score4": 0.22595920514530277,
  "score5": 0.006801416051703258,
  "score6": 0.23428643823722087
}