{
  "score0": 0.5550917576108834,
  "score1": 0.3629492467561473,
  "score2": 0.277739123186445,
  "score3": 0.41635351806488957,
  "score4": 0.42134331976493183,
  "score5": 0.11517587877369645,
  "score6": 0.10141443191434908
}