{
  "score0": 0.11291686109167169,
  "score1": 0.45075312319356065,
  "score2": 0.2747795957527928,
  "score3": 0.2145770679847483,
  "score4": 0.5873232935377332,
  "score5": 0.5649753988505601,
  "score6": 0.5281910827387033
}