{
  "score0": 0.238927322072709,
  "score1": 0.09827542226439659,
  "score2": 0.057657687599646984,
  "score3": 0.12016041283384775,
  "score4": 0.2504246812452571,
  "score5": 0.26498515020271174,
  "score6": 0.3822433174933206
}