{
  "score0": 0.12393697113458585,
  "score1": 0.33173486446541367,
  "score2": 0.475642613470239,
  "score3": 0.25833772617356154,
  "score4": 0.6597945145578953,
  "score5": 0.6889145662371047,
  "score6": 0.7986664649413825
}