{
  "score0": 0.26131860457646716,
  "score1": 0.46338280609446264,
  "score2": 0.4447362114204325,
  "score3": 0.3662862043763933,
  "score4": 0.2505252230799995,
  "score5": 0.15938722382908407,
  "score6": 0.05776840842617184
}