{
  "score0": 0.5066682707503606,
  "score1": 0.5911974602579623,
  "score2": 0.22406735047889442,
  "score3": 0.16008833903471453,
  "score4": 0.24420262924534744,
  "score5": 0.46905877841846344,
  "score6": 0.13228627091971526
}