{
  "score0": 0.5040439322876609,
  "score1": 0.27013114024812773,
  "score2": 0.1731670562115774,
  "score3": 0.03476931885305338,
  "score4": 0.1317690227077762,
  "score5": 0.08870473317529977,
  "score6": 0.2165090754372886
}