{
  "score0": 0.2178843021916836,
  "score1": 0.2889627895514187,
  "score2": 0.5640769473260201,
  "score3": 0.34359611952037444,
  "score4": 0.28656628816841717,
  "score5": 0.1208136356688746,
  "score6": 0.08913579664805384
}