{
  "score0": 0.5245012191075928,
  "score1": 0.2871347277141854,
  "score2": 0.1246637924883151,
  "score3": 0.4578977985761123,
  "score4": 0.029715322990907345,
  "score5": 0.3173324958661945,
  "score6": 0.10530812505375604
}