{
  "score0": 0.2510158485335284,
  "score1": 0.4268417202517434,
  "score2": 0.5662235740825502,
  "score3": 0.6175047051127739,
  "score4": 0.6419193580030252,
  "score5": 0.413715947564356,
  "score6": 0.2891051358425901
}