{
  "score0": 0.07276170684004793,
  "score1": 0.3090806305301086,
  "score2": 0.5154773797312836,
  "score3": 0.6870193377219979,
  "score4": 0.7774911379209,
  "score5": 0.4911724715025157,
  "score6": 0.5063733884537619
}