{
  "score0": 0.5172240394863008,
  "score1": 0.6653241323741652,
  "score2": 0.6651174419535837,
  "score3": 0.6287327006284421,
  "score4": 0.11698044098969762,
  "score5": 0.21505056693643945,
  "score6": 0.05373678639519588
}