{
  "score0": 0.4524153296836545,
  "score1": 0.40502968793980876,
  "score2": 0.3610116469819618,
  "score3": 0.09741646317630342,
  "score4": 0.37832351988685553,
  "score5": 0.1950464029867207,
  "score6": 0.07476205760429094
}