{
  "score0": 0.23429120941622736,
  "score1": 0.05708151472511627,
  "score2": 0.5014467060976042,
  "score3": 0.6868751405499619,
  "score4": 0.31953178747702077,
  "score5": 0.592036051556225,
  "score6": 0.4590806126221614
}