{
  "score0": 0.7638262123726635,
  "score1": 0.6129099269611484,
  "score2": 0.6402387635457899,
  "score3": 0.20231841127901273,
  "score4": 0.04798751755151315,
  "score5": 0.284164374104462,
  "score6": 0.25134085982178306
}