{
  "score0": 0.03757646706628618,
  "score1": 0.4994227935365935,
  "score2": 0.7768947289901983,
  "score3": 0.7500187888982707,
  "score4": 0.546859032605446,
  "score5": 0.13718810330063969,
  "score6": 0.49542041665331366
}