{
  "score0": 0.20451210506722295,
  "score1": 0.13656034526664493,
  "score2": 0.10929270458438145,
  "score3": 0.27282048637896983,
  "score4": 0.4069474932439548,
  "score5": 0.7924755021690029,
  "score6": 0.7565669175857238
}