{
  "score0": 0.20935222032663328,
  "score1": 0.11871782113440346,
  "score2": 0.10155724483247637,
  "score3": 0.3237755879301718,
  "score4": 0.5886727742010817,
  "score5": 0.7027904590588206,
  "score6": 0.6104556879176434
}