{
  "score0": 0.1881819850261269,
  "score1": 0.0821381098346197,
  "score2": 0.3099619150375399,
  "score3": 0.3206539770064887,
  "score4": 0.7729627443921437,
  "score5": 0.7147601981101456,
  "score6": 0.774544544270325
}