{
  "score0": 0.45450103985556717,
  "score1": 0.5074315051394729,
  "score2": 0.23870945085826858,
  "score3": 0.29671049761924606,
  "score4": 0.2112064171657251,
  "score5": 0.503187972172708,
  "score6": 0.7593030366563657
}