{
  "score0": 0.3883559138825864,
  "score1": 0.5711177753459536,
  "score2": 0.2468116895592664,
  "score3": 0.15834792064309008,
  "score4": 0.18130540825603322,
  "score5": 0.4694470090240907,
  "score6": 0.7351343647953676
}