{
  "score0": 0.7677754447074009,
  "score1": 0.23853688523368416,
  "score2": 0.085285760240399,
  "score3": 0.26768776913098663,
  "score4": 0.2494908702322294,
  "score5": 0.5110821690504056,
  "score6": 0.7276803429311892
}