{
  "score0": 0.4276099114299867,
  "score1": 0.4006252272105666,
  "score2": 0.1964946594617003,
  "score3": 0.35378560220289107,
  "score4": 0.16855270655807067,
  "score5": 0.6772071398422402,
  "score6": 0.731356500507581
}