{
  "score0": 0.7737256243632809,
  "score1": 0.6290703999063995,
  "score2": 0.6017640049982298,
  "score3": 0.08599132120399121,
  "score4": 0.1310105256863449,
  "score5": 0.0567105284697075,
  "score6": 0.18604823209771248
}