{
  "score0": 0.47116718791335566,
  "score1": 0.3890165872924466,
  "score2": 0.49849663097444785,
  "score3": 0.23387567235935217,
  "score4": 0.12006434466803324,
  "score5": 0.19450897150196714,
  "score6": 0.04319331693960001
}