{
  "score0": 0.3530728521232175,
  "score1": 0.152049516921609,
  "score2": 0.2393730822332068,
  "score3": 0.4003577809070498,
  "score4": 0.11125586205932969,
  "score5": 0.06666783796455968,
  "score6": 0.32452808755204915
}