{
  "score0": 0.060775032931271615,
  "score1": 0.3191600982503029,
  "score2": 0.7541422219811416,
  "score3": 0.7535493669987338,
  "score4": 0.6484303410462008,
  "score5": 0.0932264285288822,
  "score6": 0.18695201846116713
}