{
  "score0": 0.04070161435013465,
  "score1": 0.5079713544248725,
  "score2": 0.7655005402346032,
  "score3": 0.6484303410462008,
  "score4": 0.0932264285288822,
  "score5": 0.18695201846116713,
  "score6": 0.03833460292290633
}