{
  "score0": 0.5031808078382989,
  "score1": 0.6408146157679292,
  "score2": 0.11569907637564553,
  "score3": 0.11378994273977446,
  "score4": 0.22546772629132814,
  "score5": 0.16492711377585564,
  "score6": 0.48228482680436824
}