{
  "score0": 0.7535494866158233,
  "score1": 0.21916340435837742,
  "score2": 0.06091256539081689,
  "score3": 0.24843734987129765,
  "score4": 0.4040158279738641,
  "score5": 0.7282709196514303,
  "score6": 0.42622679696251514
}