{
  "score0": 0.5376507736033096,
  "score1": 0.745164171909757,
  "score2": 0.6129099269611484,
  "score3": 0.7680719391575209,
  "score4": 0.20276604017546795,
  "score5": 0.17569593708903508,
  "score6": 0.1553639397232402
}