{
  "score0": 0.3275586865962131,
  "score1": 0.18342303502979523,
  "score2": 0.20349404182903216,
  "score3": 0.3086125233474159,
  "score4": 0.02033571269620644,
  "score5": 0.11992045893591623,
  "score6": 0.49883874831772435
}