{
  "score0": 0.20451210506722295,
  "score1": 0.13656034526664493,
  "score2": 0.0442465952683076,
  "score3": 0.3716559688481997,
  "score4": 0.1936035428270045,
  "score5": 0.81612911870944,
  "score6": 0.7051379578197107
}