{
  "score0": 0.555767885815778,
  "score1": 0.7300273106236617,
  "score2": 0.6588908884214077,
  "score3": 0.5627311517316863,
  "score4": 0.15594928873872504,
  "score5": 0.10712628798603281,
  "score6": 0.08624286613154857
}