{
  "score0": 0.4082546634464689,
  "score1": 0.6256010913311663,
  "score2": 0.20685941057641044,
  "score3": 0.18130540825603322,
  "score4": 0.4694470090240907,
  "score5": 0.7351343647953676,
  "score6": 0.5535467671492729
}