{
  "score0": 0.20132351076176877,
  "score1": 0.27404024779002784,
  "score2": 0.5450682213528203,
  "score3": 0.27493216488250377,
  "score4": 0.6575691865628159,
  "score5": 0.7439266331201221,
  "score6": 0.8316457886613474
}