{
  "score0": 0.47429068492525966,
  "score1": 0.7206256099971288,
  "score2": 0.1309353989080096,
  "score3": 0.09761349923133111,
  "score4": 0.220044415177701,
  "score5": 0.17650709098002157,
  "score6": 0.4761964006888559
}