{
  "score0": 0.4632170617348395,
  "score1": 0.43135608596107633,
  "score2": 0.5466011834015897,
  "score3": 0.26468003702077764,
  "score4": 0.1945593289867149,
  "score5": 0.10129001383607265,
  "score6": 0.7858180068566378
}