{
  "score0": 0.42014819588090035,
  "score1": 0.7206256099971288,
  "score2": 0.1309353989080096,
  "score3": 0.09959277629605041,
  "score4": 0.2278293890630855,
  "score5": 0.1516814611776879,
  "score6": 0.3518131986247128
}