{
  "score0": 0.20589365585885372,
  "score1": 0.12697717565519173,
  "score2": 0.08129349317589203,
  "score3": 0.280303370015534,
  "score4": 0.24355785385666837,
  "score5": 0.7649448800667042,
  "score6": 0.6098178850366293
}