{
  "score0": 0.7427054758922718,
  "score1": 0.23853688523368416,
  "score2": 0.060931777389753784,
  "score3": 0.3587379439852951,
  "score4": 0.44332030480918877,
  "score5": 0.781374936395967,
  "score6": 0.7748862743505952
}