{
  "score0": 0.5433208949049617,
  "score1": 0.6653241323741652,
  "score2": 0.6651174419535837,
  "score3": 0.6941962356733479,
  "score4": 0.1930521336775547,
  "score5": 0.15087079135170836,
  "score6": 0.0405813955145739
}