{
  "score0": 0.059824083687206306,
  "score1": 0.4994227935365935,
  "score2": 0.7768947289901983,
  "score3": 0.5212114243567445,
  "score4": 0.5243348652563835,
  "score5": 0.1213609899156529,
  "score6": 0.07620127319397
}