{
  "score0": 0.21717611767096323,
  "score1": 0.3076428028624538,
  "score2": 0.5778662558647358,
  "score3": 0.342696758600092,
  "score4": 0.720545613586767,
  "score5": 0.7222398549309309,
  "score6": 0.5210969462535613
}