{
  "score0": 0.12712814134489828,
  "score1": 0.305623209561138,
  "score2": 0.46743001918889626,
  "score3": 0.6155863304528064,
  "score4": 0.699198969390285,
  "score5": 0.6795947736122696,
  "score6": 0.35960578574162044
}