{
  "score0": 0.5103581602082101,
  "score1": 0.7640904347582762,
  "score2": 0.1312149476124353,
  "score3": 0.1395942660237963,
  "score4": 0.09763359976960177,
  "score5": 0.526726445334193,
  "score6": 0.0318618071371691
}