{
  "score0": 0.7515438317918813,
  "score1": 0.7294131475199964,
  "score2": 0.6772405782068965,
  "score3": 0.12263540258781813,
  "score4": 0.35516623283402726,
  "score5": 0.019623803150125754,
  "score6": 0.08886884437327154
}