{
  "score0": 0.44450714957303794,
  "score1": 0.551890014338606,
  "score2": 0.2520635606235534,
  "score3": 0.2973711329174528,
  "score4": 0.15647947003857943,
  "score5": 0.40444022223595977,
  "score6": 0.6133142669657486
}