{
  "score0": 0.3748009003778811,
  "score1": 0.457494889006098,
  "score2": 0.3563995620428597,
  "score3": 0.49363872007622595,
  "score4": 0.2631017570213003,
  "score5": 0.07768072534405472,
  "score6": 0.23624713364387587
}