{
  "score0": 0.03757646706628618,
  "score1": 0.42029360934278187,
  "score2": 0.7398931707296322,
  "score3": 0.6988255864743295,
  "score4": 0.4432697580028033,
  "score5": 0.19995638420545447,
  "score6": 0.5075086972951685
}