{
  "score0": 0.22820752025445554,
  "score1": 0.05494069919247165,
  "score2": 0.5391983268229831,
  "score3": 0.570205185679023,
  "score4": 0.5332719848094133,
  "score5": 0.5022497336214583,
  "score6": 0.20620264017000092
}