{
  "score0": 0.3231889152310928,
  "score1": 0.152049516921609,
  "score2": 0.2393730822332068,
  "score3": 0.32602872477014205,
  "score4": 0.01306516808509201,
  "score5": 0.17962743874587894,
  "score6": 0.2717390243952375
}