{
  "score0": 0.3558803846987181,
  "score1": 0.17048701145558,
  "score2": 0.18627544801641926,
  "score3": 0.29194332627024605,
  "score4": 0.08529731452801322,
  "score5": 0.15650633600456565,
  "score6": 0.3023193522614395
}