{
  "score0": 0.18846895345688244,
  "score1": 0.1076280836134937,
  "score2": 0.31238292243048243,
  "score3": 0.5406746627997648,
  "score4": 0.6018463397867676,
  "score5": 0.6757746891186693,
  "score6": 0.7755420829330465
}