{
  "score0": 0.14294787004313264,
  "score1": 0.24298217764808652,
  "score2": 0.07682105499922476,
  "score3": 0.38930738736728304,
  "score4": 0.6927011172692299,
  "score5": 0.20513264018752186,
  "score6": 0.3429898268793086
}