{
  "score0": 0.23429120941622736,
  "score1": 0.07925553752417724,
  "score2": 0.4656640633063058,
  "score3": 0.31953178747702077,
  "score4": 0.592036051556225,
  "score5": 0.4590806126221614,
  "score6": 0.2742832361737722
}