{
  "score0": 0.7638262123726635,
  "score1": 0.7220769473207118,
  "score2": 0.6189673820528756,
  "score3": 0.21290466438574643,
  "score4": 0.23701802611760234,
  "score5": 0.02691412728002715,
  "score6": 0.1210802384440981
}