{
  "score0": 0.7535494866158233,
  "score1": 0.21916340435837742,
  "score2": 0.06721889892652025,
  "score3": 0.3772874837012868,
  "score4": 0.4274339538867409,
  "score5": 0.7104741521794243,
  "score6": 0.4433167242510499
}