{
  "score0": 0.27404024779002784,
  "score1": 0.5450682213528203,
  "score2": 0.43051329894685464,
  "score3": 0.7138487048996724,
  "score4": 0.7938307151051346,
  "score5": 0.5468099025823561,
  "score6": 0.3839217182719115
}