{
  "score0": 0.4572569548114894,
  "score1": 0.4091313111907474,
  "score2": 0.6235285041633479,
  "score3": 0.1571519238099745,
  "score4": 0.1933656560751799,
  "score5": 0.3328806301474896,
  "score6": 0.11237528467791019
}