{
  "score0": 0.30602888907651093,
  "score1": 0.5039069968146509,
  "score2": 0.3391416176277383,
  "score3": 0.6543732028600799,
  "score4": 0.7391716834203669,
  "score5": 0.4629767201371679,
  "score6": 0.20970313808791252
}