{
  "score0": 0.22227299559055141,
  "score1": 0.05777541947800806,
  "score2": 0.5446723732262042,
  "score3": 0.7514351287265918,
  "score4": 0.7863135897363195,
  "score5": 0.530045265873388,
  "score6": 0.08297995532004127
}