{
  "score0": 0.185166746382265,
  "score1": 0.1076280836134937,
  "score2": 0.31238292243048243,
  "score3": 0.29800322644371874,
  "score4": 0.677272611072572,
  "score5": 0.6943079390197059,
  "score6": 0.760980804897556
}