{
  "score0": 0.21480860725542353,
  "score1": 0.1258780521366207,
  "score2": 0.0442465952683076,
  "score3": 0.4148486409735239,
  "score4": 0.16428453730547818,
  "score5": 0.8252458526163075,
  "score6": 0.7300071410723227
}