{
  "score0": 0.7784317915003551,
  "score1": 0.7294131475199964,
  "score2": 0.6772405782068965,
  "score3": 0.062346610079539615,
  "score4": 0.3013748293170285,
  "score5": 0.020873290243184017,
  "score6": 0.4366709447384491
}