{
  "score0": 0.30602888907651093,
  "score1": 0.5039069968146509,
  "score2": 0.2731844235437248,
  "score3": 0.6822004200082007,
  "score4": 0.71764515402364,
  "score5": 0.6102134474256943,
  "score6": 0.25604930641977947
}