{
  "score0": 0.5186395194597904,
  "score1": 0.6528882633185168,
  "score2": 0.6576679032914927,
  "score3": 0.6287327006284421,
  "score4": 0.11698044098969762,
  "score5": 0.21505056693643945,
  "score6": 0.05373678639519588
}