{
  "score0": 0.19039201995665447,
  "score1": 0.2653199729552403,
  "score2": 0.345168385948323,
  "score3": 0.034349653191154385,
  "score4": 0.5919365261515439,
  "score5": 0.2993330237799925,
  "score6": 0.2288179320652098
}