{
  "score0": 0.4572569548114894,
  "score1": 0.4091313111907474,
  "score2": 0.6378405409873208,
  "score3": 0.14517646056231207,
  "score4": 0.11013524651293301,
  "score5": 0.19824495261036498,
  "score6": 0.6277434743234576
}