{
  "score0": 0.4951882415891453,
  "score1": 0.7313076629380882,
  "score2": 0.1309353989080096,
  "score3": 0.09761349923133111,
  "score4": 0.220044415177701,
  "score5": 0.17650709098002157,
  "score6": 0.4761964006888559
}