{
  "score0": 0.7640904347582762,
  "score1": 0.16666138844867445,
  "score2": 0.1349805339789329,
  "score3": 0.4040158279738641,
  "score4": 0.7282709196514303,
  "score5": 0.42622679696251514,
  "score6": 0.6432220179770322
}