{
  "score0": 0.1585391889905289,
  "score1": 0.22399492820842853,
  "score2": 0.17588586884434168,
  "score3": 0.28182966875847043,
  "score4": 0.732924340204613,
  "score5": 0.45614486082458044,
  "score6": 0.5449971414280449
}