{
  "score0": 0.4572569548114894,
  "score1": 0.4091313111907474,
  "score2": 0.6756300291027616,
  "score3": 0.19356704918052067,
  "score4": 0.09741646317630342,
  "score5": 0.37832351988685553,
  "score6": 0.1950464029867207
}