{
  "score0": 0.7515438317918813,
  "score1": 0.7294131475199964,
  "score2": 0.6189673820528756,
  "score3": 0.21290466438574643,
  "score4": 0.23701802611760234,
  "score5": 0.02691412728002715,
  "score6": 0.1210802384440981
}