{
  "score0": 0.4006252272105666,
  "score1": 0.1964946594617003,
  "score2": 0.19140105457639764,
  "score3": 0.026671108568698712,
  "score4": 0.5917370633580746,
  "score5": 0.6176040244409174,
  "score6": 0.07135803783871991
}