{
  "score0": 0.19039201995665447,
  "score1": 0.2967230680861376,
  "score2": 0.22621959800259803,
  "score3": 0.5919365261515439,
  "score4": 0.2993330237799925,
  "score5": 0.2288179320652098,
  "score6": 0.3634225625011207
}