{
  "score0": 0.12697717565519173,
  "score1": 0.06848970115607447,
  "score2": 0.2683712626695002,
  "score3": 0.7685719102331001,
  "score4": 0.6790720533599596,
  "score5": 0.7768199080500781,
  "score6": 0.7881029328768294
}