{
  "score0": 0.5031808078382989,
  "score1": 0.615627700856131,
  "score2": 0.08348694496317527,
  "score3": 0.0858332727148436,
  "score4": 0.2880244172691875,
  "score5": 0.6788840800986403,
  "score6": 0.6631591628802164
}