{
  "score0": 0.24298217764808652,
  "score1": 0.07682105499922476,
  "score2": 0.4656640633063058,
  "score3": 0.31953178747702077,
  "score4": 0.592036051556225,
  "score5": 0.4590806126221614,
  "score6": 0.2742832361737722
}