{
  "score0": 0.1585391889905289,
  "score1": 0.259944766793693,
  "score2": 0.3318585195325733,
  "score3": 0.4349330119782278,
  "score4": 0.7177155942041672,
  "score5": 0.4032353767030042,
  "score6": 0.4564772109512752
}