{
  "score0": 0.4698349214154026,
  "score1": 0.43135608596107633,
  "score2": 0.49849663097444785,
  "score3": 0.23387567235935217,
  "score4": 0.12006434466803324,
  "score5": 0.19450897150196714,
  "score6": 0.04319331693960001
}