{
  "score0": 0.7638262123726635,
  "score1": 0.7220769473207118,
  "score2": 0.6810380409865608,
  "score3": 0.3395365832657807,
  "score4": 0.20231841127901273,
  "score5": 0.04798751755151315,
  "score6": 0.284164374104462
}