{
  "score0": 0.22677824889855513,
  "score1": 0.05777541947800806,
  "score2": 0.5391983268229831,
  "score3": 0.6924629677490924,
  "score4": 0.7157793558923432,
  "score5": 0.42670968852785274,
  "score6": 0.1436639663946726
}