{
  "score0": 0.551775931488094,
  "score1": 0.7347468096578158,
  "score2": 0.6115554655106724,
  "score3": 0.3293387531294771,
  "score4": 0.17684759347540438,
  "score5": 0.5961795124741075,
  "score6": 0.3856335639356861
}