{
  "score0": 0.1881819850261269,
  "score1": 0.0821381098346197,
  "score2": 0.2814449063475463,
  "score3": 0.5164580404709289,
  "score4": 0.7443996794282559,
  "score5": 0.7391967469350171,
  "score6": 0.6702039181783713
}