{
  "score0": 0.7737256243632809,
  "score1": 0.6290703999063995,
  "score2": 0.6017640049982298,
  "score3": 0.062346610079539615,
  "score4": 0.1310105256863449,
  "score5": 0.0567105284697075,
  "score6": 0.4366709447384491
}