{
  "score0": 0.5031808078382989,
  "score1": 0.6408146157679292,
  "score2": 0.1113418839938986,
  "score3": 0.08875804667686689,
  "score4": 0.03297733676183781,
  "score5": 0.0858332727148436,
  "score6": 0.2880244172691875
}