{
  "score0": 0.17779574122735436,
  "score1": 0.08897284911896719,
  "score2": 0.04264718098468745,
  "score3": 0.268304502106584,
  "score4": 0.3237755879301718,
  "score5": 0.5886727742010817,
  "score6": 0.7027904590588206
}