{
  "score0": 0.3254993006269622,
  "score1": 0.18342303502979523,
  "score2": 0.20349404182903216,
  "score3": 0.32602872477014205,
  "score4": 0.01306516808509201,
  "score5": 0.17962743874587894,
  "score6": 0.2717390243952375
}