{
  "score0": 0.7479504661358966,
  "score1": 0.20595730898174947,
  "score2": 0.09412235796275173,
  "score3": 0.26768776913098663,
  "score4": 0.2494908702322294,
  "score5": 0.5110821690504056,
  "score6": 0.7276803429311892
}