{
  "score0": 0.45833693914677803,
  "score1": 0.5074315051394729,
  "score2": 0.28662882664314016,
  "score3": 0.39086197778728193,
  "score4": 0.18378109739666074,
  "score5": 0.7212862311426234,
  "score6": 0.7387886875626642
}