{
  "score0": 0.3262313537472389,
  "score1": 0.18923629286028562,
  "score2": 0.20349404182903216,
  "score3": 0.3086125233474159,
  "score4": 0.02033571269620644,
  "score5": 0.11992045893591623,
  "score6": 0.49883874831772435
}