{
  "score0": 0.6087373796147006,
  "score1": 0.557860783620675,
  "score2": 0.5004502239919034,
  "score3": 0.4372005992221647,
  "score4": 0.49973551276168887,
  "score5": 0.5865518139830144,
  "score6": 0.41564992902513487
}