{
  "score0": 0.4889160791127031,
  "score1": 0.4251463437568212,
  "score2": 0.45965307544963435,
  "score3": 0.1336891745857153,
  "score4": 0.10466446003813644,
  "score5": 0.1145439610388959,
  "score6": 0.0683218749949302
}