{
  "score0": 0.43585621214659587,
  "score1": 0.5313248423921377,
  "score2": 0.4950117049352123,
  "score3": 0.3996119346659175,
  "score4": 0.2849835211684047,
  "score5": 0.32487116911274866,
  "score6": 0.34185898765470946
}