{
  "score0": 0.3317947410798881,
  "score1": 0.3840665611193696,
  "score2": 0.4463667945448017,
  "score3": 0.3435108150950219,
  "score4": 0.3264618935890086,
  "score5": 0.3086450860746575,
  "score6": 0.3632111826284451
}