{
  "score0": 0.7822733348800235,
  "score1": 0.7530127068323558,
  "score2": 0.7116091914935229,
  "score3": 0.6591179952984687,
  "score4": 0.7212022866470733,
  "score5": 0.6844573830226549,
  "score6": 0.6119344107256879
}