{
  "score0": 0.7768402274315277,
  "score1": 0.7619417599694301,
  "score2": 0.7345042463977166,
  "score3": 0.6439520003072104,
  "score4": 0.6001877256658545,
  "score5": 0.6605157752072044,
  "score6": 0.5131371555638174
}