{
  "score0": 0.4442588842152099,
  "score1": 0.43363752585091037,
  "score2": 0.4179768300201325,
  "score3": 0.15901412782855798,
  "score4": 0.1318625929230215,
  "score5": 0.06448841084475265,
  "score6": 0.043438525137277126
}