{
  "score0": 0.47112753061337587,
  "score1": 0.393701113106209,
  "score2": 0.1852609056218792,
  "score3": 0.14108314609457406,
  "score4": 0.04617486529484513,
  "score5": 0.3420289635734201,
  "score6": 0.368967124501068
}