{
  "score0": 0.46510456853955345,
  "score1": 0.38111438885570587,
  "score2": 0.19464349017426272,
  "score3": 0.08657963177416818,
  "score4": 0.1163752857425413,
  "score5": 0.026055683902998006,
  "score6": 0.06713227606706984
}