{
  "score0": 0.4449407978781885,
  "score1": 0.5392923121680121,
  "score2": 0.4680836434492103,
  "score3": 0.31165600464254706,
  "score4": 0.2264162221082002,
  "score5": 0.16471181373977314,
  "score6": 0.1763849950759456
}