{
  "score0": 0.38111438885570587,
  "score1": 0.19464349017426272,
  "score2": 0.08657963177416818,
  "score3": 0.1254821930758253,
  "score4": 0.038427051451965656,
  "score5": 0.0949502522532271,
  "score6": 0.0819903638892211
}