{
  "score0": 0.5689458379510155,
  "score1": 0.5784988451030365,
  "score2": 0.45933783929749156,
  "score3": 0.2982700260618519,
  "score4": 0.27487096455879445,
  "score5": 0.6007134900979525,
  "score6": 0.4034706454528604
}