{
  "score0": 0.7632854899050243,
  "score1": 0.7893759831642349,
  "score2": 0.803279426860426,
  "score3": 0.6153554099667091,
  "score4": 0.7293792214771111,
  "score5": 0.6628875029054532,
  "score6": 0.5976835902728234
}