{
  "score0": 0.3738198236020171,
  "score1": 0.22357183843247902,
  "score2": 0.1445095349610028,
  "score3": 0.14003717164083085,
  "score4": 0.04768081801473964,
  "score5": 0.0436012218430505,
  "score6": 0.21458988872942336
}