{
  "score0": 0.38361782363144015,
  "score1": 0.5272838198060321,
  "score2": 0.494704919409556,
  "score3": 0.3733434791562601,
  "score4": 0.2196673751332694,
  "score5": 0.19229896550411354,
  "score6": 0.24528069685749138
}