{
  "score0": 0.16956593846125928,
  "score1": 0.2620273848931651,
  "score2": 0.7370180446284481,
  "score3": 0.8193770130621051,
  "score4": 0.8191921477785649,
  "score5": 0.5639111721225452,
  "score6": 0.5211311423025525
}