{
  "score0": 0.6233290683525697,
  "score1": 0.5864642939001005,
  "score2": 0.4131792521329491,
  "score3": 0.4138521457268534,
  "score4": 0.44946973229081383,
  "score5": 0.45847664616413275,
  "score6": 0.5121349337108672
}