{
  "score0": 0.44066764014055815,
  "score1": 0.3861700523903338,
  "score2": 0.164702945110149,
  "score3": 0.09083525093124531,
  "score4": 0.14108314609457406,
  "score5": 0.04617486529484513,
  "score6": 0.3420289635734201
}