{
  "score0": 0.7659555327284493,
  "score1": 0.7510789888524637,
  "score2": 0.7395737238986893,
  "score3": 0.7080349464124579,
  "score4": 0.6973692512099074,
  "score5": 0.6078296425103928,
  "score6": 0.6193603763110475
}