{
  "score0": 0.18468059574290602,
  "score1": 0.2616496092116349,
  "score2": 0.7287957446632689,
  "score3": 0.8974992001703826,
  "score4": 0.6362475524064919,
  "score5": 0.49371811518915254,
  "score6": 0.5061067386670444
}