{
  "score0": 0.4442588842152099,
  "score1": 0.43363752585091037,
  "score2": 0.4295787783332167,
  "score3": 0.17389052758421564,
  "score4": 0.15767594779724423,
  "score5": 0.10436871650115977,
  "score6": 0.06258432774439512
}