{
  "score0": 0.6224816323124785,
  "score1": 0.5039595509404868,
  "score2": 0.38517948314642614,
  "score3": 0.515976732484603,
  "score4": 0.4481214314110693,
  "score5": 0.3819950259905184,
  "score6": 0.37908915986606784
}