{
  "score0": 0.5781507284572039,
  "score1": 0.2735363363110133,
  "score2": 0.4284023369851426,
  "score3": 0.5420390442656642,
  "score4": 0.5253697320480673,
  "score5": 0.2681714097545266,
  "score6": 0.29084015249116457
}