{
  "score0": 0.578260417550451,
  "score1": 0.5570912986762355,
  "score2": 0.5201023548859772,
  "score3": 0.39173324669656184,
  "score4": 0.28094005674328465,
  "score5": 0.4058881158078173,
  "score6": 0.34079550882206755
}