{
  "score0": 0.504253037044155,
  "score1": 0.30605408404039564,
  "score2": 0.38994986654293906,
  "score3": 0.49946600357030785,
  "score4": 0.5084147059951248,
  "score5": 0.22479750727260078,
  "score6": 0.30145148190458965
}