{
  "score0": 0.7768402274315277,
  "score1": 0.7619417599694301,
  "score2": 0.7345042463977166,
  "score3": 0.6572191364919802,
  "score4": 0.6841438407143847,
  "score5": 0.6584209782311281,
  "score6": 0.5392256064841338
}