{
  "score0": 0.7682924962309922,
  "score1": 0.7288629673725903,
  "score2": 0.6394299644789302,
  "score3": 0.6625867370549485,
  "score4": 0.6841438407143847,
  "score5": 0.6584209782311281,
  "score6": 0.5392256064841338
}