{
  "score0": 0.5091177946236054,
  "score1": 0.476463394564772,
  "score2": 0.36879504236516636,
  "score3": 0.11383070553158348,
  "score4": 0.1302156593440552,
  "score5": 0.06256692206280931,
  "score6": 0.1259379762482588
}