{
  "score0": 0.7542848267549005,
  "score1": 0.6989552249491096,
  "score2": 0.5162270426135954,
  "score3": 0.6642648779347577,
  "score4": 0.5010209796868761,
  "score5": 0.5126710428480179,
  "score6": 0.47003651498237986
}