{
  "score0": 0.24259558771500336,
  "score1": 0.19632852408461965,
  "score2": 0.3022551116889113,
  "score3": 0.7677872989043752,
  "score4": 0.7321148642385615,
  "score5": 0.7146265542728352,
  "score6": 0.8368735500776581
}