{
  "score0": 0.46493692696375405,
  "score1": 0.3948197898989372,
  "score2": 0.19261820860272783,
  "score3": 0.09574034897363749,
  "score4": 0.1163752857425413,
  "score5": 0.026055683902998006,
  "score6": 0.06713227606706984
}