{
  "score0": 0.6413451777840902,
  "score1": 0.7097250378167949,
  "score2": 0.692583582468696,
  "score3": 0.4821620440724662,
  "score4": 0.4549541706833635,
  "score5": 0.4235707482347759,
  "score6": 0.30488472389064636
}