{
  "score0": 0.36749076680708637,
  "score1": 0.21274293719520784,
  "score2": 0.16202534301149454,
  "score3": 0.09821678833632351,
  "score4": 0.05744359346957789,
  "score5": 0.08754149530866218,
  "score6": 0.11481138799092351
}