{
  "score0": 0.5781507284572039,
  "score1": 0.2735363363110133,
  "score2": 0.39815527787837396,
  "score3": 0.4992205665800229,
  "score4": 0.4633205146243121,
  "score5": 0.28884456996243935,
  "score6": 0.2233446880643693
}