{
  "score0": 0.47112753061337587,
  "score1": 0.393701113106209,
  "score2": 0.20572386994403946,
  "score3": 0.12445882566470776,
  "score4": 0.020675115737616497,
  "score5": 0.05770568975904126,
  "score6": 0.0992687173321968
}