{
  "score0": 0.5286644437892659,
  "score1": 0.48972354141942004,
  "score2": 0.3638689568189932,
  "score3": 0.515976732484603,
  "score4": 0.4481214314110693,
  "score5": 0.3819950259905184,
  "score6": 0.37908915986606784
}