{
  "score0": 0.5728559189258373,
  "score1": 0.5856167342050156,
  "score2": 0.4178167341040964,
  "score3": 0.4372005992221647,
  "score4": 0.49973551276168887,
  "score5": 0.5865518139830144,
  "score6": 0.41564992902513487
}