{
  "score0": 0.2150851510691421,
  "score1": 0.7002773357109237,
  "score2": 0.8100819008684451,
  "score3": 0.593685724423404,
  "score4": 0.5448232737836916,
  "score5": 0.5039757813728943,
  "score6": 0.2761352447885679
}