{
  "score0": 0.5788921699770603,
  "score1": 0.5760850361434549,
  "score2": 0.5908595500688567,
  "score3": 0.48653138393562606,
  "score4": 0.4311818040288302,
  "score5": 0.399002513427117,
  "score6": 0.32103072822396084
}