{
  "score0": 0.5418615428302388,
  "score1": 0.3317947410798881,
  "score2": 0.3840665611193696,
  "score3": 0.5280885712824707,
  "score4": 0.5133109167032138,
  "score5": 0.3227848254244615,
  "score6": 0.22826805778672682
}