{
  "score0": 0.6799064460999927,
  "score1": 0.5431234477446832,
  "score2": 0.562204133404751,
  "score3": 0.5572428482963958,
  "score4": 0.40898489166360097,
  "score5": 0.49760820242679227,
  "score6": 0.2622013960681343
}