{
  "score0": 0.1691792211096098,
  "score1": 0.7398701933073523,
  "score2": 0.7630540196324365,
  "score3": 0.762622852401319,
  "score4": 0.6400762632536359,
  "score5": 0.7127695783861977,
  "score6": 0.6681544504812071
}