{
  "score0": 0.34703124603425384,
  "score1": 0.17833035054387444,
  "score2": 0.16912010569068994,
  "score3": 0.16925076180094067,
  "score4": 0.04688765610288034,
  "score5": 0.05936076981864864,
  "score6": 0.2458525482155955
}