{
  "score0": 0.3317947410798881,
  "score1": 0.3840665611193696,
  "score2": 0.5282664630870557,
  "score3": 0.47984057233653843,
  "score4": 0.33099334821081094,
  "score5": 0.3435108150950219,
  "score6": 0.3264618935890086
}