{
  "score0": 0.7542848267549005,
  "score1": 0.6989552249491096,
  "score2": 0.5162270426135954,
  "score3": 0.5984862090385419,
  "score4": 0.7242001908932404,
  "score5": 0.38549750541327416,
  "score6": 0.38991211158278577
}