{
  "score0": 0.4889160791127031,
  "score1": 0.4251463437568212,
  "score2": 0.44330280158800295,
  "score3": 0.12140905037576696,
  "score4": 0.1401645042814616,
  "score5": 0.042277944991958416,
  "score6": 0.04992917918431203
}