{
  "score0": 0.6413451777840902,
  "score1": 0.7097250378167949,
  "score2": 0.5761209302510447,
  "score3": 0.4549541706833635,
  "score4": 0.4235707482347759,
  "score5": 0.30488472389064636,
  "score6": 0.3080876723667997
}