{
  "score0": 0.4492755557551908,
  "score1": 0.43819282420624256,
  "score2": 0.41356155148216517,
  "score3": 0.17152469887777833,
  "score4": 0.09909639217691855,
  "score5": 0.12049500547480649,
  "score6": 0.021718046650980122
}