{
  "score0": 0.4552553975760183,
  "score1": 0.44066764014055815,
  "score2": 0.3861700523903338,
  "score3": 0.164702945110149,
  "score4": 0.09909639217691855,
  "score5": 0.12049500547480649,
  "score6": 0.021718046650980122
}