{
  "score0": 0.18117095333145455,
  "score1": 0.35074590414387247,
  "score2": 0.7200077011109755,
  "score3": 0.7744532260284783,
  "score4": 0.8993330460243648,
  "score5": 0.6528891992229033,
  "score6": 0.6983361114490131
}