{
  "score0": 0.5788921699770603,
  "score1": 0.5760850361434549,
  "score2": 0.5908595500688567,
  "score3": 0.54188698944327,
  "score4": 0.40898489166360097,
  "score5": 0.49760820242679227,
  "score6": 0.2622013960681343
}