{
  "score0": 0.2150851510691421,
  "score1": 0.7002773357109237,
  "score2": 0.7691487746589044,
  "score3": 0.8284516351183198,
  "score4": 0.5754620867966107,
  "score5": 0.5181235582399379,
  "score6": 0.47734431560704116
}