{
  "score0": 0.5689458379510155,
  "score1": 0.5784988451030365,
  "score2": 0.40495476821695536,
  "score3": 0.4138521457268534,
  "score4": 0.44946973229081383,
  "score5": 0.45847664616413275,
  "score6": 0.5121349337108672
}