{
  "score0": 0.17833035054387444,
  "score1": 0.16912010569068994,
  "score2": 0.13029326727379364,
  "score3": 0.02522498168931373,
  "score4": 0.07567275154599892,
  "score5": 0.23118444200335386,
  "score6": 0.25513170178601385
}