{
  "score0": 0.2663729472943759,
  "score1": 0.39775747505335474,
  "score2": 0.5163955559853809,
  "score3": 0.469340398899051,
  "score4": 0.3253374968715165,
  "score5": 0.37614681160869035,
  "score6": 0.3092106805772696
}