{
  "score0": 0.16849939048902732,
  "score1": 0.31290451558420745,
  "score2": 0.7009329058951582,
  "score3": 0.7457503432680064,
  "score4": 0.873200987480748,
  "score5": 0.6680518427770554,
  "score6": 0.6032311749065249
}