{
  "score0": 0.7542848267549005,
  "score1": 0.6989552249491096,
  "score2": 0.5655468445675333,
  "score3": 0.7157665792241393,
  "score4": 0.4856124847144499,
  "score5": 0.42522130122865753,
  "score6": 0.45933433780500194
}