{
  "score0": 0.7822733348800235,
  "score1": 0.7530127068323558,
  "score2": 0.723882787454018,
  "score3": 0.7080349464124579,
  "score4": 0.6973692512099074,
  "score5": 0.6078296425103928,
  "score6": 0.6193603763110475
}