{
  "score0": 0.3738198236020171,
  "score1": 0.22357183843247902,
  "score2": 0.1445095349610028,
  "score3": 0.1203474102200991,
  "score4": 0.04736169239709594,
  "score5": 0.10570546234122488,
  "score6": 0.17254962008375352
}