{
  "score0": 0.16956593846125928,
  "score1": 0.2620273848931651,
  "score2": 0.7287957446632689,
  "score3": 0.8974992001703826,
  "score4": 0.6362475524064919,
  "score5": 0.49371811518915254,
  "score6": 0.5061067386670444
}