{
  "score0": 0.36831813249693857,
  "score1": 0.1987594813820545,
  "score2": 0.18499243293000409,
  "score3": 0.14003717164083085,
  "score4": 0.04768081801473964,
  "score5": 0.0436012218430505,
  "score6": 0.21458988872942336
}