{
  "score0": 0.7659555327284493,
  "score1": 0.7510789888524637,
  "score2": 0.7450377514169718,
  "score3": 0.6195579749570236,
  "score4": 0.7037725568747115,
  "score5": 0.6484958117268584,
  "score6": 0.6023822998526825
}