{
  "score0": 0.2894469201619572,
  "score1": 0.40609401911254966,
  "score2": 0.5428086034409171,
  "score3": 0.4794493368317875,
  "score4": 0.3574966806770157,
  "score5": 0.3279463294349364,
  "score6": 0.4130277800418798
}