{
  "score0": 0.2850051937337066,
  "score1": 0.7093763470914171,
  "score2": 0.7718237365156494,
  "score3": 0.8916015283577213,
  "score4": 0.593685724423404,
  "score5": 0.5448232737836916,
  "score6": 0.5039757813728943
}