{
  "score0": 0.5286644437892659,
  "score1": 0.48972354141942004,
  "score2": 0.3407268739806116,
  "score3": 0.40196713903600795,
  "score4": 0.5865518139830144,
  "score5": 0.40556907206558895,
  "score6": 0.2712976294922773
}