{
  "score0": 0.6233290683525697,
  "score1": 0.581493500218215,
  "score2": 0.5201023548859772,
  "score3": 0.39173324669656184,
  "score4": 0.28094005674328465,
  "score5": 0.4058881158078173,
  "score6": 0.34079550882206755
}