{
  "score0": 0.7822733348800235,
  "score1": 0.7530127068323558,
  "score2": 0.7116091914935229,
  "score3": 0.6439520003072104,
  "score4": 0.6001877256658545,
  "score5": 0.6605157752072044,
  "score6": 0.5131371555638174
}