{
  "score0": 0.6233290683525697,
  "score1": 0.5864642939001005,
  "score2": 0.4404993668479941,
  "score3": 0.479598006750483,
  "score4": 0.35327439877609795,
  "score5": 0.29337047969348246,
  "score6": 0.4031604302080609
}