{
  "score0": 0.7248455311553873,
  "score1": 0.6190953820986091,
  "score2": 0.5631543603419497,
  "score3": 0.4169112734015871,
  "score4": 0.41357710382972546,
  "score5": 0.41535672774421345,
  "score6": 0.27117095464980545
}