{
  "score0": 0.7996518021209532,
  "score1": 0.6413451777840902,
  "score2": 0.7097250378167949,
  "score3": 0.6221396070236989,
  "score4": 0.48407639996833585,
  "score5": 0.38923527831138177,
  "score6": 0.5250738852244282
}