{
  "score0": 0.6224816323124785,
  "score1": 0.5039595509404868,
  "score2": 0.39434830109603103,
  "score3": 0.540335625388834,
  "score4": 0.4185079618642915,
  "score5": 0.3252455746196261,
  "score6": 0.2810134739411021
}