{
  "score0": 0.1793351501274202,
  "score1": 0.1664943144070884,
  "score2": 0.1991305527594146,
  "score3": 0.015346427660225488,
  "score4": 0.07204038564919829,
  "score5": 0.1533169411165266,
  "score6": 0.24476984860247505
}