{
  "score0": 0.2850051937337066,
  "score1": 0.7093763470914171,
  "score2": 0.8061772043363704,
  "score3": 0.593685724423404,
  "score4": 0.5448232737836916,
  "score5": 0.5039757813728943,
  "score6": 0.2761352447885679
}