{
  "score0": 0.19384874248188508,
  "score1": 0.7217918526206261,
  "score2": 0.735139828891347,
  "score3": 0.7370461549930872,
  "score4": 0.5907029787650608,
  "score5": 0.5785211244991759,
  "score6": 0.5191233214243893
}