{
  "score0": 0.19384874248188508,
  "score1": 0.7217918526206261,
  "score2": 0.735139828891347,
  "score3": 0.6681398169261068,
  "score4": 0.6045058166862816,
  "score5": 0.7660831294656084,
  "score6": 0.5210275678367755
}