{
  "score0": 0.4889160791127031,
  "score1": 0.4251463437568212,
  "score2": 0.38149167288068037,
  "score3": 0.11383070553158348,
  "score4": 0.1302156593440552,
  "score5": 0.06256692206280931,
  "score6": 0.1259379762482588
}