{
  "score0": 0.7248455311553873,
  "score1": 0.6190953820986091,
  "score2": 0.5551421543515459,
  "score3": 0.4624947732891517,
  "score4": 0.4549541706833635,
  "score5": 0.4395104874028798,
  "score6": 0.27653934824481874
}