{
  "score0": 0.24755301922510017,
  "score1": 0.4073160272109721,
  "score2": 0.5358583604355637,
  "score3": 0.5183696826732705,
  "score4": 0.3428995572164664,
  "score5": 0.39308887980669277,
  "score6": 0.4737927215236308
}