{
  "score0": 0.5286644437892659,
  "score1": 0.48972354141942004,
  "score2": 0.3407268739806116,
  "score3": 0.3905423510119797,
  "score4": 0.5270216848634846,
  "score5": 0.4270861057881246,
  "score6": 0.25278088852024144
}