{
  "score0": 0.729708594592343,
  "score1": 0.6394299644789302,
  "score2": 0.6312211810526865,
  "score3": 0.6990840632181704,
  "score4": 0.49770428792257865,
  "score5": 0.29620724030514123,
  "score6": 0.4395384803445119
}