{
  "score0": 0.557860783620675,
  "score1": 0.5004502239919034,
  "score2": 0.40949657315855803,
  "score3": 0.540335625388834,
  "score4": 0.4185079618642915,
  "score5": 0.3252455746196261,
  "score6": 0.2810134739411021
}