{
  "score0": 0.17516972442975337,
  "score1": 0.16486517519119895,
  "score2": 0.18237849749408483,
  "score3": 0.036808857668621665,
  "score4": 0.08884097010248254,
  "score5": 0.27251076646830713,
  "score6": 0.22496454263810903
}