{
  "score0": 0.5359537564666416,
  "score1": 0.31304787648711935,
  "score2": 0.38964310766419286,
  "score3": 0.5568952557335541,
  "score4": 0.5113781300853953,
  "score5": 0.24913332512151717,
  "score6": 0.28646442154038715
}