{
  "score0": 0.17833035054387444,
  "score1": 0.16912010569068994,
  "score2": 0.17049677993022966,
  "score3": 0.07567275154599892,
  "score4": 0.23118444200335386,
  "score5": 0.25513170178601385,
  "score6": 0.2067163064401829
}