{
  "score0": 0.5728559189258373,
  "score1": 0.5856167342050156,
  "score2": 0.4178167341040964,
  "score3": 0.2982700260618519,
  "score4": 0.27487096455879445,
  "score5": 0.6007134900979525,
  "score6": 0.4034706454528604
}