{
  "score0": 0.36749076680708637,
  "score1": 0.21274293719520784,
  "score2": 0.16233380929645558,
  "score3": 0.05181960829240974,
  "score4": 0.06907551739506837,
  "score5": 0.12689708063001012,
  "score6": 0.20311728000360596
}