{
  "score0": 0.504253037044155,
  "score1": 0.30605408404039564,
  "score2": 0.4361582171392141,
  "score3": 0.5113781300853953,
  "score4": 0.24913332512151717,
  "score5": 0.28646442154038715,
  "score6": 0.35252487145242395
}