{
  "score0": 0.2894469201619572,
  "score1": 0.40609401911254966,
  "score2": 0.5372746597993965,
  "score3": 0.5183696826732705,
  "score4": 0.3428995572164664,
  "score5": 0.39308887980669277,
  "score6": 0.4737927215236308
}