{
  "score0": 0.7659555327284493,
  "score1": 0.7510789888524637,
  "score2": 0.7004951745801885,
  "score3": 0.7293792214771111,
  "score4": 0.6628875029054532,
  "score5": 0.5976835902728234,
  "score6": 0.40771815510131104
}