{
  "score0": 0.2629789991686659,
  "score1": 0.43585621214659587,
  "score2": 0.5313248423921377,
  "score3": 0.4794493368317875,
  "score4": 0.3574966806770157,
  "score5": 0.3279463294349364,
  "score6": 0.4130277800418798
}