{
  "score0": 0.21727046685508816,
  "score1": 0.2850051937337066,
  "score2": 0.7054070778229754,
  "score3": 0.7744532260284783,
  "score4": 0.8993330460243648,
  "score5": 0.6528891992229033,
  "score6": 0.6983361114490131
}