{
  "score0": 0.3738198236020171,
  "score1": 0.22357183843247902,
  "score2": 0.14327861470872097,
  "score3": 0.09299062769219618,
  "score4": 0.059016834640976144,
  "score5": 0.1130738763758422,
  "score6": 0.186981761532218
}