{
  "score0": 0.4570644320266181,
  "score1": 0.39329081532985266,
  "score2": 0.21456536612192775,
  "score3": 0.12445882566470776,
  "score4": 0.020675115737616497,
  "score5": 0.05770568975904126,
  "score6": 0.0992687173321968
}