{
  "score0": 0.24755301922510017,
  "score1": 0.4073160272109721,
  "score2": 0.5358583604355637,
  "score3": 0.49418919124923133,
  "score4": 0.3059955595299686,
  "score5": 0.3987013636357637,
  "score6": 0.5106222724101638
}