{
  "score0": 0.729708594592343,
  "score1": 0.7385626326307574,
  "score2": 0.5754162798804219,
  "score3": 0.7157665792241393,
  "score4": 0.4856124847144499,
  "score5": 0.42522130122865753,
  "score6": 0.45933433780500194
}