{
  "score0": 0.8005966920399691,
  "score1": 0.6709500777160392,
  "score2": 0.7921841560127004,
  "score3": 0.6221396070236989,
  "score4": 0.48407639996833585,
  "score5": 0.38923527831138177,
  "score6": 0.5250738852244282
}