{
  "score0": 0.16849939048902732,
  "score1": 0.31290451558420745,
  "score2": 0.7009329058951582,
  "score3": 0.7453710468823631,
  "score4": 0.8729022323864233,
  "score5": 0.5483315765063069,
  "score6": 0.6532806100787718
}