{
  "score0": 0.602685589438424,
  "score1": 0.5359537564666416,
  "score2": 0.31304787648711935,
  "score3": 0.4186020916064361,
  "score4": 0.5270216848634846,
  "score5": 0.49878469940283054,
  "score6": 0.39486563814900033
}