{
  "score0": 0.5689458379510155,
  "score1": 0.5784988451030365,
  "score2": 0.45933783929749156,
  "score3": 0.3262996867700563,
  "score4": 0.39066223616352985,
  "score5": 0.5562863243814994,
  "score6": 0.43964454914360007
}