{
  "score0": 0.18117095333145455,
  "score1": 0.35074590414387247,
  "score2": 0.7009329058951582,
  "score3": 0.7453710468823631,
  "score4": 0.8729022323864233,
  "score5": 0.5483315765063069,
  "score6": 0.6532806100787718
}