{
  "score0": 0.557860783620675,
  "score1": 0.5004502239919034,
  "score2": 0.38744864207948104,
  "score3": 0.44262026456012465,
  "score4": 0.540335625388834,
  "score5": 0.4185079618642915,
  "score6": 0.3252455746196261
}