{
  "score0": 0.46493692696375405,
  "score1": 0.3948197898989372,
  "score2": 0.19261820860272783,
  "score3": 0.09090896250894467,
  "score4": 0.12193699848340357,
  "score5": 0.038093494656962476,
  "score6": 0.05679515335844311
}