{
  "score0": 0.1793351501274202,
  "score1": 0.1664943144070884,
  "score2": 0.1991305527594146,
  "score3": 0.015147302444588024,
  "score4": 0.06551664436969315,
  "score5": 0.1521297707257434,
  "score6": 0.3321083813473621
}