{
  "score0": 0.19384874248188508,
  "score1": 0.7217918526206261,
  "score2": 0.7657505977264866,
  "score3": 0.7264879913636446,
  "score4": 0.5634826028915495,
  "score5": 0.5639205962783345,
  "score6": 0.47534805906369837
}