{
  "score0": 0.36831813249693857,
  "score1": 0.1987594813820545,
  "score2": 0.18499243293000409,
  "score3": 0.16925076180094067,
  "score4": 0.04688765610288034,
  "score5": 0.05936076981864864,
  "score6": 0.2458525482155955
}