{
  "score0": 0.18492676571985853,
  "score1": 0.7148222822933674,
  "score2": 0.7346230900235645,
  "score3": 0.762622852401319,
  "score4": 0.6400762632536359,
  "score5": 0.7127695783861977,
  "score6": 0.6681544504812071
}