{
  "score0": 0.3738582415060893,
  "score1": 0.5091177946236054,
  "score2": 0.476463394564772,
  "score3": 0.4318905905650504,
  "score4": 0.1557049049808654,
  "score5": 0.07346732980079365,
  "score6": 0.10087999782055258
}