{
  "score0": 0.729708594592343,
  "score1": 0.7385626326307574,
  "score2": 0.5926851214690935,
  "score3": 0.6994186670175047,
  "score4": 0.664718062448689,
  "score5": 0.47268637534753866,
  "score6": 0.35039512678745083
}