{
  "score0": 0.2663729472943759,
  "score1": 0.39775747505335474,
  "score2": 0.5109080272033764,
  "score3": 0.43275726045108165,
  "score4": 0.3906871092692225,
  "score5": 0.4915255877910548,
  "score6": 0.5026766882104388
}