{
  "score0": 0.16849939048902732,
  "score1": 0.31290451558420745,
  "score2": 0.7364345760077666,
  "score3": 0.8103001913149915,
  "score4": 0.7790929774012714,
  "score5": 0.6335539998562303,
  "score6": 0.5336585586970033
}