{
  "score0": 0.4449407978781885,
  "score1": 0.5392923121680121,
  "score2": 0.4715045935955504,
  "score3": 0.3523360231504402,
  "score4": 0.305273142687521,
  "score5": 0.34802426329275743,
  "score6": 0.2833826497962486
}