{
  "score0": 0.578260417550451,
  "score1": 0.5570912986762355,
  "score2": 0.5630852583616213,
  "score3": 0.48112812565884966,
  "score4": 0.39173324669656184,
  "score5": 0.28094005674328465,
  "score6": 0.4058881158078173
}