{
  "score0": 0.16249062563307787,
  "score1": 0.7632854899050243,
  "score2": 0.7893759831642349,
  "score3": 0.803279426860426,
  "score4": 0.63007882258191,
  "score5": 0.6725674584497936,
  "score6": 0.6488337169262025
}