{
  "score0": 0.7219471583555505,
  "score1": 0.578260417550451,
  "score2": 0.5570912986762355,
  "score3": 0.5630852583616213,
  "score4": 0.4101236634011056,
  "score5": 0.38698727500226254,
  "score6": 0.3160129411225429
}