{
  "score0": 0.2317714145381469,
  "score1": 0.18468059574290602,
  "score2": 0.2616496092116349,
  "score3": 0.7677872989043752,
  "score4": 0.7321148642385615,
  "score5": 0.7146265542728352,
  "score6": 0.8368735500776581
}