{
  "score0": 0.24217240355572875,
  "score1": 0.054916078435392146,
  "score2": 0.5466899576302107,
  "score3": 0.6924629677490924,
  "score4": 0.7157793558923432,
  "score5": 0.42670968852785274,
  "score6": 0.1436639663946726
}