{
  "score0": 0.5016734146286506,
  "score1": 0.5616401946011266,
  "score2": 0.26251781011990977,
  "score3": 0.29671049761924606,
  "score4": 0.2112064171657251,
  "score5": 0.503187972172708,
  "score6": 0.7593030366563657
}