{
  "score0": 0.1926402233356145,
  "score1": 0.09362492419751514,
  "score2": 0.32120026037379135,
  "score3": 0.34744907125011265,
  "score4": 0.7729627443921437,
  "score5": 0.7046893489584697,
  "score6": 0.7748912888674498
}