{
  "score0": 0.5049150488872108,
  "score1": 0.41543692624623163,
  "score2": 0.5287178303334727,
  "score3": 0.23387567235935217,
  "score4": 0.12006434466803324,
  "score5": 0.19450897150196714,
  "score6": 0.04319331693960001
}