{
  "score0": 0.7607006326380366,
  "score1": 0.7558271470749902,
  "score2": 0.6357401681874341,
  "score3": 0.21290466438574643,
  "score4": 0.23701802611760234,
  "score5": 0.02691412728002715,
  "score6": 0.1210802384440981
}