{
  "score0": 0.40106052728585917,
  "score1": 0.4883621439652557,
  "score2": 0.4368630790121722,
  "score3": 0.4850313209525566,
  "score4": 0.32696642775392565,
  "score5": 0.3217062000359578,
  "score6": 0.058108899181333225
}