{
  "score0": 0.4334203244977103,
  "score1": 0.7478635595394719,
  "score2": 0.13652732916144153,
  "score3": 0.08863042689022582,
  "score4": 0.2278293890630855,
  "score5": 0.1516814611776879,
  "score6": 0.3518131986247128
}