{
  "score0": 0.7607006326380366,
  "score1": 0.6413832883119577,
  "score2": 0.6389478806960046,
  "score3": 0.20231841127901273,
  "score4": 0.04798751755151315,
  "score5": 0.284164374104462,
  "score6": 0.2653546438646319
}