{
  "score0": 0.4383835715512047,
  "score1": 0.21000193564863937,
  "score2": 0.20326709603107987,
  "score3": 0.033430114760465764,
  "score4": 0.5917370633580746,
  "score5": 0.6176040244409174,
  "score6": 0.07138546294815384
}