{
  "score0": 0.50793433497749,
  "score1": 0.5546530925774171,
  "score2": 0.29854955695834245,
  "score3": 0.39086197778728193,
  "score4": 0.18378109739666074,
  "score5": 0.7212862311426234,
  "score6": 0.7479048523672055
}