{
  "score0": 0.29431006019633554,
  "score1": 0.5285225507032953,
  "score2": 0.31254706757109546,
  "score3": 0.7028436281505219,
  "score4": 0.7138487048996724,
  "score5": 0.7938307151051346,
  "score6": 0.5668037830652165
}