{
  "score0": 0.4334203244977103,
  "score1": 0.7478635595394719,
  "score2": 0.11549842392855789,
  "score3": 0.11378994273977446,
  "score4": 0.22546772629132814,
  "score5": 0.16492711377585564,
  "score6": 0.48228482680436824
}