{
  "score0": 0.05991509426419633,
  "score1": 0.43723110013625605,
  "score2": 0.7561813736283941,
  "score3": 0.7695301195962113,
  "score4": 0.4611660097852381,
  "score5": 0.2812752660759858,
  "score6": 0.007250104284825619
}