{
  "score0": 0.13583101352839788,
  "score1": 0.32870376981443267,
  "score2": 0.46205787729177944,
  "score3": 0.5790604395088881,
  "score4": 0.6873205801141951,
  "score5": 0.7745984908639287,
  "score6": 0.4911724715025157
}