{
  "score0": 0.042907423056609745,
  "score1": 0.5342186273924205,
  "score2": 0.7626442665920442,
  "score3": 0.6704727559993243,
  "score4": 0.0932264285288822,
  "score5": 0.18695201846116713,
  "score6": 0.038390000167051484
}