{
  "score0": 0.3552212397177267,
  "score1": 0.1887517898708962,
  "score2": 0.2032706401630932,
  "score3": 0.3086125233474159,
  "score4": 0.02033571269620644,
  "score5": 0.11992045893591623,
  "score6": 0.49902243348837194
}