{
  "score0": 0.24318826710703234,
  "score1": 0.042907423056609745,
  "score2": 0.5342186273924205,
  "score3": 0.7514351287265918,
  "score4": 0.7863135897363195,
  "score5": 0.5511533603661545,
  "score6": 0.08303791929898979
}