{
  "score0": 0.18863753505297368,
  "score1": 0.11369636702007842,
  "score2": 0.31787100192701484,
  "score3": 0.5406746627997648,
  "score4": 0.6018463397867676,
  "score5": 0.6760525585974758,
  "score6": 0.7726935081223075
}