{
  "score0": 0.14069225604483745,
  "score1": 0.21862883528053711,
  "score2": 0.12004030996454503,
  "score3": 0.19448748738667854,
  "score4": 0.7424587666878798,
  "score5": 0.3130133822366092,
  "score6": 0.1754076611111314
}