{
  "score0": 0.22237230726938648,
  "score1": 0.3083112701286282,
  "score2": 0.5673427999691558,
  "score3": 0.342696758600092,
  "score4": 0.720545613586767,
  "score5": 0.7157612661894124,
  "score6": 0.5184035099944041
}