{
  "score0": 0.7685564354716098,
  "score1": 0.25026255153262666,
  "score2": 0.10045717417851831,
  "score3": 0.26768776913098663,
  "score4": 0.2494908702322294,
  "score5": 0.5110821690504056,
  "score6": 0.7276803429311892
}