{
  "score0": 0.49596323885298,
  "score1": 0.45181518367454415,
  "score2": 0.5777056364093741,
  "score3": 0.23387567235935217,
  "score4": 0.12006434466803324,
  "score5": 0.19450897150196714,
  "score6": 0.04319331693960001
}