{
  "score0": 0.2791262998617757,
  "score1": 0.5392748958607694,
  "score2": 0.43184735688652026,
  "score3": 0.7138487048996724,
  "score4": 0.7938307151051346,
  "score5": 0.5668037830652165,
  "score6": 0.40138460081787747
}