{
  "score0": 0.06414112916505293,
  "score1": 0.3342098704561013,
  "score2": 0.7669542252255377,
  "score3": 0.7487628989979429,
  "score4": 0.6704727559993243,
  "score5": 0.0932264285288822,
  "score6": 0.18695201846116713
}