{
  "score0": 0.17764551598077744,
  "score1": 0.18287044799809102,
  "score2": 0.3012058748592883,
  "score3": 0.3087158297806946,
  "score4": 0.7560065779675332,
  "score5": 0.6860293031216886,
  "score6": 0.7768199080500781
}