{
  "score0": 0.18846313766146947,
  "score1": 0.08883076011991588,
  "score2": 0.10156599605074437,
  "score3": 0.3246200597305035,
  "score4": 0.6309189442090638,
  "score5": 0.7184895525163304,
  "score6": 0.6104556879176434
}