{
  "score0": 0.06212241702757268,
  "score1": 0.43723110013625605,
  "score2": 0.7957077123027677,
  "score3": 0.5212114243567445,
  "score4": 0.5243348652563835,
  "score5": 0.1213609899156529,
  "score6": 0.07624641992937516
}