{
  "score0": 0.2588197996250818,
  "score1": 0.0801754173549691,
  "score2": 0.521436050521719,
  "score3": 0.6868751405499619,
  "score4": 0.31953178747702077,
  "score5": 0.592036051556225,
  "score6": 0.4944738349359161
}