{
  "score0": 0.24361506313748327,
  "score1": 0.054916078435392146,
  "score2": 0.5563809842734133,
  "score3": 0.5599086331773276,
  "score4": 0.4895131194580069,
  "score5": 0.40393056668584726,
  "score6": 0.2720982436615629
}