{
  "score0": 0.22590951315733704,
  "score1": 0.12559084273981946,
  "score2": 0.08946948563965497,
  "score3": 0.292663398848444,
  "score4": 0.27036456051849905,
  "score5": 0.7607725439364273,
  "score6": 0.6098178850366293
}