{
  "score0": 0.49942677391581125,
  "score1": 0.7478635595394719,
  "score2": 0.13652732916144153,
  "score3": 0.09761349923133111,
  "score4": 0.22028750929025623,
  "score5": 0.17650709098002157,
  "score6": 0.4761964006888559
}