{
  "score0": 0.5582426925648167,
  "score1": 0.7487706472303688,
  "score2": 0.6285159093470167,
  "score3": 0.6622788932031427,
  "score4": 0.21626812748564184,
  "score5": 0.17569593708903508,
  "score6": 0.1553639397232402
}