{
  "score0": 0.5216834609378475,
  "score1": 0.7410042622093981,
  "score2": 0.1441304579847667,
  "score3": 0.1295662320333883,
  "score4": 0.22028750929025623,
  "score5": 0.17650709098002157,
  "score6": 0.4761964006888559
}