{
  "score0": 0.30119486410099455,
  "score1": 0.5285225507032953,
  "score2": 0.35466743808235207,
  "score3": 0.6543732028600799,
  "score4": 0.7391716834203669,
  "score5": 0.4629767201371679,
  "score6": 0.20970313808791252
}