{
  "score0": 0.380836801524515,
  "score1": 0.16408665618746804,
  "score2": 0.24881066759604464,
  "score3": 0.406208352912792,
  "score4": 0.11130057153442442,
  "score5": 0.06666783796455968,
  "score6": 0.32452808755204915
}