{
  "score0": 0.29431006019633554,
  "score1": 0.5363410023048766,
  "score2": 0.43184735688652026,
  "score3": 0.7138487048996724,
  "score4": 0.7938307151051346,
  "score5": 0.5668037830652165,
  "score6": 0.40138460081787747
}