{
  "score0": 0.469998556607803,
  "score1": 0.5616401946011266,
  "score2": 0.26251781011990977,
  "score3": 0.31174006132688525,
  "score4": 0.17123128312575056,
  "score5": 0.33380715318178744,
  "score6": 0.5141593806180972
}