{
  "score0": 0.5451498241966412,
  "score1": 0.6576789137403664,
  "score2": 0.6922196239400283,
  "score3": 0.6287327006284421,
  "score4": 0.11706407089500696,
  "score5": 0.21505056693643945,
  "score6": 0.05373678639519588
}