{
  "score0": 0.040490312320824486,
  "score1": 0.5061798497485978,
  "score2": 0.7957077123027677,
  "score3": 0.7500187888982707,
  "score4": 0.546859032605446,
  "score5": 0.13718810330063969,
  "score6": 0.49542041665331366
}