{
  "score0": 0.5181006740068026,
  "score1": 0.6475960741609914,
  "score2": 0.11549842392855789,
  "score3": 0.11378994273977446,
  "score4": 0.22546772629132814,
  "score5": 0.16492711377585564,
  "score6": 0.48228482680436824
}