{
  "score0": 0.18928429896648177,
  "score1": 0.11369636702007842,
  "score2": 0.32120026037379135,
  "score3": 0.3123028064882239,
  "score4": 0.6873060822303395,
  "score5": 0.6943079390197059,
  "score6": 0.760980804897556
}