{
  "score0": 0.5069646313846005,
  "score1": 0.45181518367454415,
  "score2": 0.5777056364093741,
  "score3": 0.26468003702077764,
  "score4": 0.1945593289867149,
  "score5": 0.10129001383607265,
  "score6": 0.7858180068566378
}