{
  "score0": 0.5607564500593094,
  "score1": 0.7448370593526416,
  "score2": 0.6673593530550594,
  "score3": 0.5779574629653189,
  "score4": 0.15594928873872504,
  "score5": 0.12555524576408986,
  "score6": 0.08624286613154857
}