{
  "score0": 0.0818234904631523,
  "score1": 0.33677816965509255,
  "score2": 0.5170377405097736,
  "score3": 0.6873205801141951,
  "score4": 0.7745984908639287,
  "score5": 0.4911724715025157,
  "score6": 0.5032118056661129
}