{
  "score0": 0.20587395156684907,
  "score1": 0.2791262998617757,
  "score2": 0.5392748958607694,
  "score3": 0.27493216488250377,
  "score4": 0.6575691865628159,
  "score5": 0.740433065958757,
  "score6": 0.8395077095155266
}