{
  "score0": 0.5030475887723128,
  "score1": 0.41543692624623163,
  "score2": 0.5287178303334727,
  "score3": 0.19390758629360713,
  "score4": 0.0992522739114099,
  "score5": 0.10986155618856645,
  "score6": 0.5790596644450597
}