{
  "score0": 0.5181006740068026,
  "score1": 0.6475960741609914,
  "score2": 0.10674917595805596,
  "score3": 0.049748839164838556,
  "score4": 0.09211799977494828,
  "score5": 0.19971159661855312,
  "score6": 0.5884928046494248
}