{
  "score0": 0.21991441353037422,
  "score1": 0.14950457664621028,
  "score2": 0.04728066282468815,
  "score3": 0.3864994446806656,
  "score4": 0.19234734566668887,
  "score5": 0.81612911870944,
  "score6": 0.7051379578197107
}