{
  "score0": 0.13855329692509571,
  "score1": 0.32870376981443267,
  "score2": 0.48363798447870276,
  "score3": 0.6098712450766012,
  "score4": 0.699198969390285,
  "score5": 0.6795947736122696,
  "score6": 0.3724045051480917
}