{
  "score0": 0.17764551598077744,
  "score1": 0.10321867381425598,
  "score2": 0.27876411186195843,
  "score3": 0.7560065779675332,
  "score4": 0.6860293031216886,
  "score5": 0.7768199080500781,
  "score6": 0.789131966474771
}