{
  "score0": 0.7626237805640763,
  "score1": 0.7397924546033563,
  "score2": 0.6858493544630482,
  "score3": 0.062346610079539615,
  "score4": 0.3013748293170285,
  "score5": 0.020874475401249055,
  "score6": 0.43685694049250895
}