{
  "score0": 0.24912901920097244,
  "score1": 0.0826098998799216,
  "score2": 0.4791937518207218,
  "score3": 0.31953178747702077,
  "score4": 0.592036051556225,
  "score5": 0.4944738349359161,
  "score6": 0.2742832361737722
}