{
  "score0": 0.24361506313748327,
  "score1": 0.054916078435392146,
  "score2": 0.5466899576302107,
  "score3": 0.570205185679023,
  "score4": 0.578187282786097,
  "score5": 0.5022497336214583,
  "score6": 0.20579678731800244
}