{
  "score0": 0.7497307091120846,
  "score1": 0.19262646342431886,
  "score2": 0.14025096666610157,
  "score3": 0.4210655784899464,
  "score4": 0.7282709196514303,
  "score5": 0.42622679696251514,
  "score6": 0.640585948694555
}