{
  "score0": 0.1722341050559324,
  "score1": 0.23959063933107894,
  "score2": 0.17588586884434168,
  "score3": 0.28182966875847043,
  "score4": 0.7538578081595279,
  "score5": 0.45614486082458044,
  "score6": 0.5449971414280449
}