{
  "score0": 0.05762631079529016,
  "score1": 0.5193477639202225,
  "score2": 0.7488634651214741,
  "score3": 0.7296806043601719,
  "score4": 0.4611660097852381,
  "score5": 0.2812752660759858,
  "score6": 0.007250104284825619
}