{
  "score0": 0.040490312320824486,
  "score1": 0.5061798497485978,
  "score2": 0.7512816180579844,
  "score3": 0.6988255864743295,
  "score4": 0.4432697580028033,
  "score5": 0.19995638420545447,
  "score6": 0.5051516580109731
}