{
  "score0": 0.17764551598077744,
  "score1": 0.18287044799809102,
  "score2": 0.29468254999266047,
  "score3": 0.5164580404709289,
  "score4": 0.7443996794282559,
  "score5": 0.729472642380466,
  "score6": 0.6702039181783713
}