{
  "score0": 0.7820959926322022,
  "score1": 0.18846313766146947,
  "score2": 0.08883076011991588,
  "score3": 0.04264718098468745,
  "score4": 0.5514066305162735,
  "score5": 0.09918701557785807,
  "score6": 0.414365331671743
}