{
  "score0": 0.31112744919179125,
  "score1": 0.5270098104105861,
  "score2": 0.28409823981425936,
  "score3": 0.6527180136408886,
  "score4": 0.6992218041037708,
  "score5": 0.5929032230534902,
  "score6": 0.2892540785365582
}