{
  "score0": 0.19190424021423652,
  "score1": 0.0818234904631523,
  "score2": 0.33677816965509255,
  "score3": 0.5728726615429401,
  "score4": 0.6018463397867676,
  "score5": 0.6760525585974758,
  "score6": 0.7726935081223075
}