{
  "score0": 0.4858556758055418,
  "score1": 0.4586412503206046,
  "score2": 0.6397772593776531,
  "score3": 0.14517646056231207,
  "score4": 0.11013524651293301,
  "score5": 0.2152946213291886,
  "score6": 0.6277434743234576
}