{
  "score0": 0.5069646313846005,
  "score1": 0.4414278742495974,
  "score2": 0.6488513482152762,
  "score3": 0.23332719982467318,
  "score4": 0.1945593289867149,
  "score5": 0.10129001383607265,
  "score6": 0.7858180068566378
}