{
  "score0": 0.23548620631502412,
  "score1": 0.14950457664621028,
  "score2": 0.04728066282468815,
  "score3": 0.4329727213791257,
  "score4": 0.1540517454568864,
  "score5": 0.8252458526163075,
  "score6": 0.7313269671540276
}