{
  "score0": 0.7508505534138039,
  "score1": 0.22007516656950038,
  "score2": 0.09757421009100053,
  "score3": 0.26768776913098663,
  "score4": 0.2494908702322294,
  "score5": 0.5110821690504056,
  "score6": 0.7276803429311892
}