{
  "score0": 0.6474450824767374,
  "score1": 0.6563267020215536,
  "score2": 0.08352385948647167,
  "score3": 0.0858332727148436,
  "score4": 0.31836346823086864,
  "score5": 0.6749479881344757,
  "score6": 0.6707216472547656
}