{
  "score0": 0.24912901920097244,
  "score1": 0.05926051516356726,
  "score2": 0.5297744446907037,
  "score3": 0.6868751405499619,
  "score4": 0.31953178747702077,
  "score5": 0.592036051556225,
  "score6": 0.4944738349359161
}