{
  "score0": 0.50793433497749,
  "score1": 0.5411120164445458,
  "score2": 0.2497117194304809,
  "score3": 0.39086197778728193,
  "score4": 0.18378109739666074,
  "score5": 0.7212862311426234,
  "score6": 0.7479048523672055
}