{
  "score0": 0.4375623779436951,
  "score1": 0.5836710265369714,
  "score2": 0.27274463901715007,
  "score3": 0.16930406651980204,
  "score4": 0.18130540825603322,
  "score5": 0.4694470090240907,
  "score6": 0.7535134644630235
}