{
  "score0": 0.5625472823401694,
  "score1": 0.7448370593526416,
  "score2": 0.6686878139426636,
  "score3": 0.3747046083676211,
  "score4": 0.3293387531294771,
  "score5": 0.1764825217638215,
  "score6": 0.5961795124741075
}