{
  "score0": 0.5625472823401694,
  "score1": 0.7472114076190484,
  "score2": 0.6379736064219489,
  "score3": 0.3293387531294771,
  "score4": 0.1764825217638215,
  "score5": 0.5961795124741075,
  "score6": 0.3856335639356861
}