{
  "score0": 0.4858556758055418,
  "score1": 0.4586412503206046,
  "score2": 0.6254652225536801,
  "score3": 0.1571519238099745,
  "score4": 0.2048536746632764,
  "score5": 0.35388226011256535,
  "score6": 0.11237528467791019
}