{
  "score0": 0.40106052728585917,
  "score1": 0.4976736142882633,
  "score2": 0.3844475992791433,
  "score3": 0.49363872007622595,
  "score4": 0.32696642775392565,
  "score5": 0.3217062000359578,
  "score6": 0.058108899181333225
}