{
  "score0": 0.469998556607803,
  "score1": 0.5616401946011266,
  "score2": 0.27511507125278334,
  "score3": 0.2973711329174528,
  "score4": 0.17123128312575056,
  "score5": 0.40444022223595977,
  "score6": 0.6133142669657486
}