{
  "score0": 0.4858556758055418,
  "score1": 0.44785308770111965,
  "score2": 0.3610116469819618,
  "score3": 0.10890448176439989,
  "score4": 0.3993251498519313,
  "score5": 0.1950464029867207,
  "score6": 0.07476205760429094
}