{
  "score0": 0.3173880804214269,
  "score1": 0.5270098104105861,
  "score2": 0.28409823981425936,
  "score3": 0.6822004200082007,
  "score4": 0.71764515402364,
  "score5": 0.6102134474256943,
  "score6": 0.25604930641977947
}