{
  "score0": 0.5181006740068026,
  "score1": 0.6475960741609914,
  "score2": 0.111116149990925,
  "score3": 0.08875804667686689,
  "score4": 0.03297733676183781,
  "score5": 0.0858332727148436,
  "score6": 0.31836346823086864
}