{
  "score0": 0.14443511794119418,
  "score1": 0.23959063933107894,
  "score2": 0.17588586884434168,
  "score3": 0.19448748738667854,
  "score4": 0.7424587666878798,
  "score5": 0.3130133822366092,
  "score6": 0.1754076611111314
}