{
  "score0": 0.19785745540970462,
  "score1": 0.2761953709086032,
  "score2": 0.3433729154811215,
  "score3": 0.4555076691687246,
  "score4": 0.7180744049685853,
  "score5": 0.4032353767030042,
  "score6": 0.4564772109512752
}