{
  "score0": 0.19785745540970462,
  "score1": 0.2761953709086032,
  "score2": 0.3581220813904397,
  "score3": 0.034349653191154385,
  "score4": 0.5919365261515439,
  "score5": 0.29944972642285483,
  "score6": 0.2288179320652098
}