{
  "score0": 0.3552212397177267,
  "score1": 0.19362859266066482,
  "score2": 0.33403301913891337,
  "score3": 0.2683336948993067,
  "score4": 0.02033571269620644,
  "score5": 0.11992045893591623,
  "score6": 0.49902243348837194
}