{
  "score0": 0.19190424021423652,
  "score1": 0.0818234904631523,
  "score2": 0.31787100192701484,
  "score3": 0.5406746627997648,
  "score4": 0.6018463397867676,
  "score5": 0.6760525585974758,
  "score6": 0.7726935081223075
}