{
  "score0": 0.538089569441436,
  "score1": 0.7609651033854825,
  "score2": 0.17134236902404265,
  "score3": 0.12863191661797166,
  "score4": 0.0977060885916727,
  "score5": 0.526726445334193,
  "score6": 0.03188879631976533
}