{
  "score0": 0.4375623779436951,
  "score1": 0.6298152195321075,
  "score2": 0.21299043890960176,
  "score3": 0.18130540825603322,
  "score4": 0.4694470090240907,
  "score5": 0.7535134644630235,
  "score6": 0.5476626828115251
}