{
  "score0": 0.1236243255124582,
  "score1": 0.3083112701286282,
  "score2": 0.48363798447870276,
  "score3": 0.6098712450766012,
  "score4": 0.699198969390285,
  "score5": 0.6795947736122696,
  "score6": 0.3724045051480917
}