{
  "score0": 0.5030475887723128,
  "score1": 0.41543692624623163,
  "score2": 0.6397772593776531,
  "score3": 0.14517646056231207,
  "score4": 0.11013524651293301,
  "score5": 0.2152946213291886,
  "score6": 0.6277434743234576
}