{
  "score0": 0.22590951315733704,
  "score1": 0.13220297686552174,
  "score2": 0.07338536404834539,
  "score3": 0.292663398848444,
  "score4": 0.27036456051849905,
  "score5": 0.7607725439364273,
  "score6": 0.6098178850366293
}