{
  "score0": 0.5436331045999647,
  "score1": 0.697103655409357,
  "score2": 0.6830138617264948,
  "score3": 0.6287327006284421,
  "score4": 0.11706407089500696,
  "score5": 0.21505056693643945,
  "score6": 0.05373678639519588
}