{
  "score0": 0.22018829283282476,
  "score1": 0.1515399474067629,
  "score2": 0.06992367763557401,
  "score3": 0.268304502106584,
  "score4": 0.3246200597305035,
  "score5": 0.6309189442090638,
  "score6": 0.7184895525163304
}