{
  "score0": 0.19785745540970462,
  "score1": 0.28593550651165106,
  "score2": 0.2297459095358113,
  "score3": 0.5919365261515439,
  "score4": 0.29944972642285483,
  "score5": 0.2288179320652098,
  "score6": 0.3634225625011207
}