{
  "score0": 0.380836801524515,
  "score1": 0.16408665618746804,
  "score2": 0.19369475042650425,
  "score3": 0.29194332627024605,
  "score4": 0.08534202400310796,
  "score5": 0.15650633600456565,
  "score6": 0.3023193522614395
}