{
  "score0": 0.34205751464838663,
  "score1": 0.1926507678827697,
  "score2": 0.2032706401630932,
  "score3": 0.3086125233474159,
  "score4": 0.01306516808509201,
  "score5": 0.17962743874587894,
  "score6": 0.2717390243952375
}