{
  "score0": 0.5382054121097412,
  "score1": 0.7410042622093981,
  "score2": 0.1441304579847667,
  "score3": 0.1395942660237963,
  "score4": 0.0977060885916727,
  "score5": 0.526726445334193,
  "score6": 0.03188879631976533
}