{
  "score0": 0.34205751464838663,
  "score1": 0.16408665618746804,
  "score2": 0.24881066759604464,
  "score3": 0.34545839594269373,
  "score4": 0.01306516808509201,
  "score5": 0.17962743874587894,
  "score6": 0.2717390243952375
}