{
  "score0": 0.7440933391753956,
  "score1": 0.25026255153262666,
  "score2": 0.10045717417851831,
  "score3": 0.2123408359846942,
  "score4": 0.4158365484286506,
  "score5": 0.710247919982574,
  "score6": 0.8407663701503497
}