{
  "score0": 0.7497307091120846,
  "score1": 0.22403018945447004,
  "score2": 0.06339939323942029,
  "score3": 0.248493827710751,
  "score4": 0.4210655784899464,
  "score5": 0.7282709196514303,
  "score6": 0.42622679696251514
}