{
  "score0": 0.1236243255124582,
  "score1": 0.3083112701286282,
  "score2": 0.5673427999691558,
  "score3": 0.5495317445779682,
  "score4": 0.6829285780693498,
  "score5": 0.7228624313378523,
  "score6": 0.45465082016716946
}