{
  "score0": 0.5193477639202225,
  "score1": 0.7488634651214741,
  "score2": 0.6379736064219489,
  "score3": 0.3293387531294771,
  "score4": 0.1764825217638215,
  "score5": 0.5961795124741075,
  "score6": 0.3856335639356861
}