{
  "score0": 0.5574115602190581,
  "score1": 0.697103655409357,
  "score2": 0.6830138617264948,
  "score3": 0.6941962356733479,
  "score4": 0.2082784449111873,
  "score5": 0.16254920706263123,
  "score6": 0.047331937581708027
}