{
  "score0": 0.25719080684527684,
  "score1": 0.051405400713990454,
  "score2": 0.28524988896883385,
  "score3": 0.1602276504231632,
  "score4": 0.45389871027933326,
  "score5": 0.6684355571308673,
  "score6": 0.6257969827446076
}