{
  "score0": 0.30149153177935656,
  "score1": 0.5369875621764317,
  "score2": 0.485933007358457,
  "score3": 0.6788710741355787,
  "score4": 0.6050084569623908,
  "score5": 0.5301845494652206,
  "score6": 0.37235164591982023
}