{
  "score0": 0.6797478197415552,
  "score1": 0.8329208208001944,
  "score2": 0.13844546589828519,
  "score3": 0.19527496390027213,
  "score4": 0.06299174183213184,
  "score5": 0.12724006350405478,
  "score6": 0.4798466871623863
}