{
  "score0": 0.5436835626437972,
  "score1": 0.38049508870762666,
  "score2": 0.49476152993821326,
  "score3": 0.5107448492086307,
  "score4": 0.6320477130872645,
  "score5": 0.7545004694358188,
  "score6": 0.5592480331832707
}