{
  "score0": 0.8174425970849197,
  "score1": 0.18994022919078443,
  "score2": 0.0008535819511189949,
  "score3": 0.40032547921995815,
  "score4": 0.2960936317857736,
  "score5": 0.5175972312079566,
  "score6": 0.7069511156657106
}