{
  "score0": 0.36016768281061323,
  "score1": 0.6232435034401294,
  "score2": 0.6162591885703506,
  "score3": 0.189999750510677,
  "score4": 0.5251055000521939,
  "score5": 0.21238518338447995,
  "score6": 0.21289930935412293
}