{
  "score0": 0.17345613620893907,
  "score1": 0.2023749519000935,
  "score2": 0.05786045375395347,
  "score3": 0.09011677954559943,
  "score4": 0.19268775255256676,
  "score5": 0.04665400210896814,
  "score6": 0.32348894691357377
}