{
  "score0": 0.2866538158245011,
  "score1": 0.5369875621764317,
  "score2": 0.25953007721497695,
  "score3": 0.6642521709775567,
  "score4": 0.714216567362192,
  "score5": 0.41049289862235366,
  "score6": 0.3941347851584782
}