{
  "score0": 0.8491092068909765,
  "score1": 0.21208268069773817,
  "score2": 0.08220198920352859,
  "score3": 0.5483476399668809,
  "score4": 0.5254919027231671,
  "score5": 0.5821852388477008,
  "score6": 0.1865799118104806
}