{
  "score0": 0.3498074184846533,
  "score1": 0.576919437920268,
  "score2": 0.7725835575256844,
  "score3": 0.27695519051918116,
  "score4": 0.189999750510677,
  "score5": 0.5251055000521939,
  "score6": 0.21238518338447995
}