{
  "score0": 0.6144748916016345,
  "score1": 0.5641162679880364,
  "score2": 0.37936613719530876,
  "score3": 0.11939958518994376,
  "score4": 0.0366804696022,
  "score5": 0.24920157986337346,
  "score6": 0.11082640819942036
}