{
  "score0": 0.3689908725819761,
  "score1": 0.5430413367797323,
  "score2": 0.46370489457682784,
  "score3": 0.6785603984545469,
  "score4": 0.6995976674714974,
  "score5": 0.5921499404216051,
  "score6": 0.3914643192259721
}