{
  "score0": 0.20018666576500685,
  "score1": 0.13467767056829527,
  "score2": 0.06682489141420675,
  "score3": 0.17913682824423036,
  "score4": 0.019935687024430212,
  "score5": 0.3243554261767234,
  "score6": 0.34704473953856496
}