{
  "score0": 0.263382165450848,
  "score1": 0.051405400713990454,
  "score2": 0.30143549883758575,
  "score3": 0.15437133362696034,
  "score4": 0.1464226868019983,
  "score5": 0.5982482769890246,
  "score6": 0.6058516526331547
}