{
  "score0": 0.20018666576500685,
  "score1": 0.12927337675684725,
  "score2": 0.1612377335562968,
  "score3": 0.019935687024430212,
  "score4": 0.3243554261767234,
  "score5": 0.34704473953856496,
  "score6": 0.2597555817612663
}