{
  "score0": 0.11785753730855567,
  "score1": 0.4914905599211609,
  "score2": 0.38765915147583124,
  "score3": 0.35713194206030413,
  "score4": 0.6719194108882475,
  "score5": 0.7080103768875435,
  "score6": 0.7934951945256096
}