{
  "score0": 0.20126290775731598,
  "score1": 0.07938382452759019,
  "score2": 0.11620196701031493,
  "score3": 0.313071979918343,
  "score4": 0.19478055606526187,
  "score5": 0.22363324814436483,
  "score6": 0.22833734352215088
}