{
  "score0": 0.6198076864614862,
  "score1": 0.6694168117878059,
  "score2": 0.7980470899678134,
  "score3": 0.24185306704037876,
  "score4": 0.38726273723020244,
  "score5": 0.0552108047644122,
  "score6": 0.1353339101677543
}