{
  "score0": 0.11344285529498725,
  "score1": 0.5149275151079342,
  "score2": 0.38765915147583124,
  "score3": 0.3867048624116669,
  "score4": 0.6817670877968457,
  "score5": 0.6805415412824184,
  "score6": 0.7198888667023459
}