{
  "score0": 0.12178032912857563,
  "score1": 0.49796172019485035,
  "score2": 0.4095290155803476,
  "score3": 0.34031521196247533,
  "score4": 0.6719194108882475,
  "score5": 0.7080103768875435,
  "score6": 0.7934951945256096
}