{
  "score0": 0.6797478197415552,
  "score1": 0.8329208208001944,
  "score2": 0.12907850841103555,
  "score3": 0.19652813385760518,
  "score4": 0.22668129801806883,
  "score5": 0.2410493807644517,
  "score6": 0.49438491584808375
}