{
  "score0": 0.5001487230773641,
  "score1": 0.35381735008516235,
  "score2": 0.44058276183957923,
  "score3": 0.6019991544047497,
  "score4": 0.6574269335216568,
  "score5": 0.5199194578014641,
  "score6": 0.22344786950540185
}