{
  "score0": 0.6390507870919178,
  "score1": 0.6653817710448108,
  "score2": 0.5358328068946937,
  "score3": 0.42756181116004904,
  "score4": 0.4083817911519308,
  "score5": 0.09668540442092916,
  "score6": 0.15575967576033864
}