{
  "score0": 0.39069612053424696,
  "score1": 0.40039443619754655,
  "score2": 0.6068666884583087,
  "score3": 0.5603662270176253,
  "score4": 0.22889690194301768,
  "score5": 0.266269738659572,
  "score6": 0.4690224824551768
}