{
  "score0": 0.4698731931392943,
  "score1": 0.3304352834186275,
  "score2": 0.20738212891989033,
  "score3": 0.07176188566848085,
  "score4": 0.08697137194361963,
  "score5": 0.2814801091152777,
  "score6": 0.5109004356504012
}