{
  "score0": 0.2023749519000935,
  "score1": 0.05786045375395347,
  "score2": 0.11620196701031493,
  "score3": 0.313071979918343,
  "score4": 0.19478055606526187,
  "score5": 0.22363324814436483,
  "score6": 0.22833734352215088
}