{
  "score0": 0.19116711582306678,
  "score1": 0.12072866795531915,
  "score2": 0.26954479535794496,
  "score3": 0.42754726490950806,
  "score4": 0.4628349744108821,
  "score5": 0.35970671287823636,
  "score6": 0.6255853566402673
}