{
  "score0": 0.4494231587548412,
  "score1": 0.23325567555563959,
  "score2": 0.17473463750087087,
  "score3": 0.1661732108835521,
  "score4": 0.055512293993856536,
  "score5": 0.3877596258366463,
  "score6": 0.498901963573279
}