{
  "score0": 0.2105369700428271,
  "score1": 0.05220307811750605,
  "score2": 0.34294319251315036,
  "score3": 0.3109026126653787,
  "score4": 0.3068179744628332,
  "score5": 0.7295012493732219,
  "score6": 0.3121887609303445
}