{
  "score0": 0.2725745880019549,
  "score1": 0.020746668559473845,
  "score2": 0.2623447744235807,
  "score3": 0.1464226868019983,
  "score4": 0.5982482769890246,
  "score5": 0.6058516526331547,
  "score6": 0.5903820093019029
}