{
  "score0": 0.63969550084299,
  "score1": 0.8475557951216259,
  "score2": 0.11354357478245666,
  "score3": 0.04186221422352373,
  "score4": 0.35506184325510626,
  "score5": 0.6378588128636277,
  "score6": 0.10072035958787103
}