{
  "score0": 0.6241338966233696,
  "score1": 0.6711691963332176,
  "score2": 0.7980470899678134,
  "score3": 0.24185306704037876,
  "score4": 0.38726273723020244,
  "score5": 0.0552108047644122,
  "score6": 0.1353339101677543
}