{
  "score0": 0.13134241598221977,
  "score1": 0.05005807375883072,
  "score2": 0.24636261971112186,
  "score3": 0.28566451218435135,
  "score4": 0.49852865390440665,
  "score5": 0.5001021120902283,
  "score6": 0.25738046658413594
}