{
  "score0": 0.17732906407185148,
  "score1": 0.1190389629816709,
  "score2": 0.09314041782191168,
  "score3": 0.24772456891627911,
  "score4": 0.11211519628714661,
  "score5": 0.11183825506443794,
  "score6": 0.2251024593488591
}