{
  "score0": 0.6464645004525633,
  "score1": 0.726206457538648,
  "score2": 0.6055825896238072,
  "score3": 0.37388444120615144,
  "score4": 0.0645577522811882,
  "score5": 0.08872894310851849,
  "score6": 0.28240194450219197
}