{
  "score0": 0.3665382774503859,
  "score1": 0.523401519669221,
  "score2": 0.648968269552307,
  "score3": 0.3136607053134346,
  "score4": 0.16937398015520533,
  "score5": 0.17028671874832138,
  "score6": 0.23673572358902836
}