{
  "score0": 0.2105369700428271,
  "score1": 0.09106943883310632,
  "score2": 0.40458139772832835,
  "score3": 0.3929708828368697,
  "score4": 0.3068179744628332,
  "score5": 0.7295012493732219,
  "score6": 0.3121887609303445
}