{
  "score0": 0.12172254333204477,
  "score1": 0.23882817553816796,
  "score2": 0.32773485193843627,
  "score3": 0.5424648226797527,
  "score4": 0.7196551014005027,
  "score5": 0.43191355035092505,
  "score6": 0.08176191494095253
}