{
  "score0": 0.6592596705156646,
  "score1": 0.8534142893558267,
  "score2": 0.11869232987458175,
  "score3": 0.1535792436637443,
  "score4": 0.4004055923365906,
  "score5": 0.17524601792286232,
  "score6": 0.3666847877549742
}