{
  "score0": 0.1913642098120426,
  "score1": 0.05220307811750605,
  "score2": 0.34294319251315036,
  "score3": 0.2254284485795374,
  "score4": 0.24038999398170946,
  "score5": 0.7368063269601648,
  "score6": 0.6354928504409711
}