{
  "score0": 0.179995352720159,
  "score1": 0.28286643358905217,
  "score2": 0.11027535349403311,
  "score3": 0.2049687580653361,
  "score4": 0.13104219842978906,
  "score5": 0.04395762248195114,
  "score6": 0.11596997399289076
}