{
  "score0": 0.6429361776182931,
  "score1": 0.5146825501921737,
  "score2": 0.46169588295656877,
  "score3": 0.2604829795422597,
  "score4": 0.060259351287512725,
  "score5": 0.0788657144084931,
  "score6": 0.5242748307470975
}