{
  "score0": 0.6429361776182931,
  "score1": 0.5146825501921737,
  "score2": 0.37936613719530876,
  "score3": 0.30603786749321893,
  "score4": 0.060259351287512725,
  "score5": 0.0788657144084931,
  "score6": 0.5242748307470975
}