{
  "score0": 0.23882817553816796,
  "score1": 0.32773485193843627,
  "score2": 0.5779992121649571,
  "score3": 0.7136472496272135,
  "score4": 0.21477214963628796,
  "score5": 0.5145286759918734,
  "score6": 0.20155600149695654
}