{
  "score0": 0.17732906407185148,
  "score1": 0.1190389629816709,
  "score2": 0.11027535349403311,
  "score3": 0.31841285231825806,
  "score4": 0.10052506800858936,
  "score5": 0.08705001021299895,
  "score6": 0.2097373890348295
}