{
  "score0": 0.09774861552505716,
  "score1": 0.14588514162567232,
  "score2": 0.3323512210847314,
  "score3": 0.41390475748530137,
  "score4": 0.28566451218435135,
  "score5": 0.49852865390440665,
  "score6": 0.5001021120902283
}