{
  "score0": 0.13199757911369633,
  "score1": 0.49796172019485035,
  "score2": 0.40104909802020106,
  "score3": 0.45549095819079105,
  "score4": 0.6577518070923825,
  "score5": 0.6324465418782408,
  "score6": 0.48039910946359843
}