{
  "score0": 0.4648938814904531,
  "score1": 0.37514187996442455,
  "score2": 0.4909409784613748,
  "score3": 0.6687821797987182,
  "score4": 0.6821627810711037,
  "score5": 0.25399691788176587,
  "score6": 0.5262904401395789
}