{
  "score0": 0.38049508870762666,
  "score1": 0.5255608462971672,
  "score2": 