{
  "score0": 0.39069612053424696,
  "score1": 0.40039443619754655,
  "score2": 0.6083436137333521,
  "score3": 0.6915066637142572,
  "score4": 0.7136472496272135,
  "score5": 0.21477214963628796,
  "score6": 0.5145286759918734
}