{
  "score0": 0.22631123389260419,
  "score1": 0.1095332817032319,
  "score2": 0.04878064896951682,
  "score3": 0.054675361108872174,
  "score4": 0.3521546385831443,
  "score5": 0.3051148040594942,
  "score6": 0.12339736546485698
}