{
  "score0": 0.8091287145480001,
  "score1": 0.18994022919078443,
  "score2": 0.0008535819511189949,
  "score3": 0.5478530612616844,
  "score4": 0.5095905922885058,
  "score5": 0.4039215817480109,
  "score6": 0.6283945690491687
}