{
  "score0": 0.5146825501921737,
  "score1": 0.46169588295656877,
  "score2": 0.16321308795847306,
  "score3": 0.14137626385676702,
  "score4": 0.42741268060514864,
  "score5": 0.5381725371949169,
  "score6": 0.48929522206382936
}