{
  "score0": 0.3364204140425344,
  "score1": 0.523401519669221,
  "score2": 0.648968269552307,
  "score3": 0.3354816623055578,
  "score4": 0.20112231004670725,
  "score5": 0.13143831753425794,
  "score6": 0.0009117936326704246
}