{
  "score0": 0.46360002071732653,
  "score1": 0.26047049598809147,
  "score2": 0.21983230987482572,
  "score3": 0.1187647541994404,
  "score4": 0.060094806214149504,
  "score5": 0.4053184036003217,
  "score6": 0.5023628125859116
}