{
  "score0": 0.4554215734160535,
  "score1": 0.3304352834186275,
  "score2": 0.20738212891989033,
  "score3": 0.09044737031024432,
  "score4": 0.06829579187844201,
  "score5": 0.1716869088704541,
  "score6": 0.34476106267982276
}