{
  "score0": 0.263382165450848,
  "score1": 0.02364093508244215,
  "score2": 0.2623447744235807,
  "score3": 0.1464226868019983,
  "score4": 0.5982482769890246,
  "score5": 0.6058516526331547,
  "score6": 0.5903820093019029
}