{
  "score0": 0.6464645004525633,
  "score1": 0.6653817710448108,
  "score2": 0.5589544996707215,
  "score3": 0.5027296737012136,
  "score4": 0.37388444120615144,
  "score5": 0.0645577522811882,
  "score6": 0.08872894310851849
}