{
  "score0": 0.19116711582306678,
  "score1": 0.1079781169030213,
  "score2": 0.3423295156698185,
  "score3": 0.4661842550120179,
  "score4": 0.36686896854081436,
  "score5": 0.46468913637787185,
  "score6": 0.563361868492869
}