{
  "score0": 0.6797478197415552,
  "score1": 0.8329208208001944,
  "score2": 0.11718237366950199,
  "score3": 0.20148425396547634,
  "score4": 0.20518246737553048,
  "score5": 0.013088916099640453,
  "score6": 0.19118975595558999
}