{
  "score0": 0.13579822774857062,
  "score1": 0.4540990998068963,
  "score2": 0.4119154352071623,
  "score3": 0.31370948228305734,
  "score4": 0.7304609176603195,
  "score5": 0.405176558408773,
  "score6": 0.7225085370102603
}