{
  "score0": 0.19745724327378317,
  "score1": 0.030951379817710865,
  "score2": 0.38683746916673156,
  "score3": 0.1445873893669333,
  "score4": 0.24038999398170946,
  "score5": 0.7368063269601648,
  "score6": 0.6354928504409711
}