{
  "score0": 0.8531474391230157,
  "score1": 0.21208268069773817,
  "score2": 0.10738891011732374,
  "score3": 0.3526386940430859,
  "score4": 0.37613301159673523,
  "score5": 0.592007744137709,
  "score6": 0.6972035824855052
}