{
  "score0": 0.33504357788967254,
  "score1": 0.3807334203060144,
  "score2": 0.6428427157806086,
  "score3": 0.36176963454842165,
  "score4": 0.43411550675340677,
  "score5": 0.16875084293868672,
  "score6": 0.11948579736632875
}