{
  "score0": 0.20126290775731598,
  "score1": 0.09127027575352115,
  "score2": 0.10107370022754562,
  "score3": 0.051946162254340573,
  "score4": 0.313071979918343,
  "score5": 0.19478055606526187,
  "score6": 0.22363324814436483
}