{
  "score0": 0.7934011864015516,
  "score1": 0.2725745880019549,
  "score2": 0.020746668559473845,
  "score3": 0.24805820112115437,
  "score4": 0.3538510581591919,
  "score5": 0.2783476609325632,
  "score6": 0.3629536018687869
}