{
  "score0": 0.38072286272492567,
  "score1": 0.35081250154269467,
  "score2": 0.6428427157806086,
  "score3": 0.36176963454842165,
  "score4": 0.43411550675340677,
  "score5": 0.16875084293868672,
  "score6": 0.11948579736632875
}