{
  "score0": 0.24177223228954275,
  "score1": 0.030951379817710865,
  "score2": 0.38683746916673156,
  "score3": 0.09574975391591668,
  "score4": 0.3534856213491459,
  "score5": 0.667867591371682,
  "score6": 0.5910443949678851
}