{
  "score0": 0.3304982975736822,
  "score1": 0.36016768281061323,
  "score2": 0.6232435034401294,
  "score3": 0.5854046272344208,
  "score4": 0.19643258369987396,
  "score5": 0.15255542659059487,
  "score6": 0.1507525324974477
}