{
  "score0": 0.09106943883310632,
  "score1": 0.40458139772832835,
  "score2": 0.3706313098261019,
  "score3": 0.7304609176603195,
  "score4": 0.405176558408773,
  "score5": 0.7225085370102603,
  "score6": 0.4855792927663587
}