{
  "score0": 0.6823323863577571,
  "score1": 0.5337360949365454,
  "score2": 0.17809700918082497,
  "score3": 0.21123835867983456,
  "score4": 0.6200733129698799,
  "score5": 0.32774734559481183,
  "score6": 0.2925885255918758
}