{
  "score0": 0.3296824089555894,
  "score1": 0.5480197208737863,
  "score2": 0.7391343967020378,
  "score3": 0.3354816623055578,
  "score4": 0.20112231004670725,
  "score5": 0.13143831753425794,
  "score6": 0.0009117936326704246
}