{
  "score0": 0.45351300869189676,
  "score1": 0.26047049598809147,
  "score2": 0.20738212891989033,
  "score3": 0.07176188566848085,
  "score4": 0.08697137194361963,
  "score5": 0.2814801091152777,
  "score6": 0.5109004356504012
}