{
  "score0": 0.6305704200026712,
  "score1": 0.6711691963332176,
  "score2": 0.7980470899678134,
  "score3": 0.37491357421801413,
  "score4": 0.5114320329439135,
  "score5": 0.16293785958263152,
  "score6": 0.019419575223385815
}