{
  "score0": 0.16794593607393232,
  "score1": 0.05412143001472047,
  "score2": 0.04878064896951682,
  "score3": 0.12287515396849709,
  "score4": 0.3428956801846023,
  "score5": 0.41202185065969593,
  "score6": 0.2771990638159045
}