{
  "score0": 0.673991652353694,
  "score1": 0.5634047562272526,
  "score2": 0.5144759600983327,
  "score3": 0.2659026578613509,
  "score4": 0.21123835867983456,
  "score5": 0.6200733129698799,
  "score6": 0.32774734559481183
}