{
  "score0": 0.673991652353694,
  "score1": 0.5634047562272526,
  "score2": 0.4902474457959751,
  "score3": 0.25075346203883014,
  "score4": 0.3297971971537004,
  "score5": 0.5406384011929883,
  "score6": 0.2738716058106664
}