{
  "score0": 0.6175865517018497,
  "score1": 0.5537185983642413,
  "score2": 0.40706315924765263,
  "score3": 0.22823382038220116,
  "score4": 0.0927407717338518,
  "score5": 0.06790315389666587,
  "score6": 0.3558844221125659
}