{
  "score0": 0.6612100101000209,
  "score1": 0.8534142893558267,
  "score2": 0.11869232987458175,
  "score3": 0.15377898361929854,
  "score4": 0.323106785701164,
  "score5": 0.14501163871134856,
  "score6": 0.38245498071822687
}