{
  "score0": 0.3498074184846533,
  "score1": 0.576919437920268,
  "score2": 0.7255407955273371,
  "score3": 0.30240435759559986,
  "score4": 0.17027682290604892,
  "score5": 0.1599192052803791,
  "score6": 0.23436189861114184
}