{
  "score0": 0.16794593607393232,
  "score1": 0.05412143001472047,
  "score2": 0.10351692560100532,
  "score3": 0.21346776964074496,
  "score4": 0.3575858259101687,
  "score5": 0.3446836593302234,
  "score6": 0.31189598933958296
}