{
  "score0": 0.5143784586660948,
  "score1": 0.3058666296189073,
  "score2": 0.5259672868850997,
  "score3": 0.556286083962258,
  "score4": 0.6569093296541306,
  "score5": 0.6605601324543745,
  "score6": 0.14400879773403555
}