{
  "score0": 0.13199757911369633,
  "score1": 0.49796172019485035,
  "score2": 0.4095290155803476,
  "score3": 0.31357041126819496,
  "score4": 0.6946131980815334,
  "score5": 0.6114178416566786,
  "score6": 0.6832643449412608
}