{
  "score0": 0.6767815025989098,
  "score1": 0.8475557951216259,
  "score2": 0.11354357478245666,
  "score3": 0.08595941458202845,
  "score4": 0.4004055923365906,
  "score5": 0.17524601792286232,
  "score6": 0.3666847877549742
}