{
  "score0": 0.6797478197415552,
  "score1": 0.7717105197775871,
  "score2": 0.18671351232266867,
  "score3": 0.013088916099640453,
  "score4": 0.19118975595558999,
  "score5": 0.6069481230832829,
  "score6": 0.664398861677479
}