{
  "score0": 0.3883512516703862,
  "score1": 0.35081250154269467,
  "score2": 0.6428427157806086,
  "score3": 0.5207198329928675,
  "score4": 0.283340570307455,
  "score5": 0.18228741175187715,
  "score6": 0.46863001058558057
}