{
  "score0": 0.14458066200981454,
  "score1": 0.12072866795531915,
  "score2": 0.26954479535794496,
  "score3": 0.4766731905471926,
  "score4": 0.6432300692480947,
  "score5": 0.4744254653089315,
  "score6": 0.15827736607661133
}