{
  "score0": 0.6175865517018497,
  "score1": 0.5537185983642413,
  "score2": 0.47984555695597425,
  "score3": 0.21384400233554066,
  "score4": 0.06216419714036559,
  "score5": 0.1282653819360878,
  "score6": 0.439145773414654
}