{
  "score0": 0.371246637552184,
  "score1": 0.6823323863577571,
  "score2": 0.5337360949365454,
  "score3": 0.11799333682788286,
  "score4": 0.3792050232549338,
  "score5": 0.06057314802770075,
  "score6": 0.18154900169715985
}