{
  "score0": 0.8163211824738865,
  "score1": 0.21397509998656067,
  "score2": 0.00306964751522778,
  "score3": 0.24805820112115437,
  "score4": 0.5095905922885058,
  "score5": 0.4039215817480109,
  "score6": 0.6283945690491687
}