{
  "score0": 0.4554215734160535,
  "score1": 0.3304352834186275,
  "score2": 0.2064133936105238,
  "score3": 0.06855397426545996,
  "score4": 0.07875563469522646,
  "score5": 0.2510381447129189,
  "score6": 0.38939297787932414
}