{
  "score0": 0.19886264253650143,
  "score1": 0.13134241598221977,
  "score2": 0.04310473895375629,
  "score3": 0.14433714839236275,
  "score4": 0.3460064432009972,
  "score5": 0.3082121502321533,
  "score6": 0.4457976876934511
}