{
  "score0": 0.528763633917655,
  "score1": 0.3058666296189073,
  "score2": 0.5259672868850997,
  "score3": 0.48971785382869265,
  "score4": 0.6930737397001884,
  "score5": 0.6848176020779017,
  "score6": 0.41921545951248085
}