{
  "score0": 0.1418071984961444,
  "score1": 0.20159957373429196,
  "score2": 0.09196860027714902,
  "score3": 0.06985409604111945,
  "score4": 0.07230890331965772,
  "score5": 0.060742366947147276,
  "score6": 0.17888239993557528
}