{
  "score0": 0.17562377117491446,
  "score1": 0.20159957373429196,
  "score2": 0.1383041183047083,
  "score3": 0.05810946250947324,
  "score4": 0.05771568588054623,
  "score5": 0.06713642400338803,
  "score6": 0.17967688604486712
}