{
  "score0": 0.21069669189677206,
  "score1": 0.2061769107867537,
  "score2": 0.2276196542549874,
  "score3": 0.05729051005872126,
  "score4": 0.0010032512755000001,
  "score5": 0.13273374615657244,
  "score6": 0.029198585997771132
}