{
  "score0": 0.2096899649929003,
  "score1": 0.5550121367355861,
  "score2": 0.03254069914871845,
  "score3": 0.05394421963298988,
  "score4": 0.10948728421054897,
  "score5": 0.018720012262608873,
  "score6": 0.17744009299969885
}