{
  "score0": 0.5897314567209692,
  "score1": 0.09126027282381713,
  "score2": 0.0932002553090657,
  "score3": 0.03910546747934709,
  "score4": 0.26077941520260056,
  "score5": 0.15707951879834317,
  "score6": 0.2149492308511808
}