{
  "score0": 0.1198433472617924,
  "score1": 0.10780600316794144,
  "score2": 0.10345292972855047,
  "score3": 0.13241060859029063,
  "score4": 0.08328650369172992,
  "score5": 0.19782230340485862,
  "score6": 0.2638951603916319
}