{
  "score0": 0.07753353134100509,
  "score1": 0.05600903576848423,
  "score2": 0.31982066705830825,
  "score3": 0.500954673756148,
  "score4": 0.3859943521662024,
  "score5": 0.37445198245068917,
  "score6": 0.0789435352198208
}