{
  "score0": 0.22918770178132042,
  "score1": 0.15947618648201922,
  "score2": 0.18622741460314332,
  "score3": 0.0827455491680119,
  "score4": 0.2734542442761822,
  "score5": 0.09556380876340405,
  "score6": 0.06708174625076344
}