{
  "score0": 0.11371024789370045,
  "score1": 0.07733945126214156,
  "score2": 0.09725831306486327,
  "score3": 0.31580599651009517,
  "score4": 0.3582864607601177,
  "score5": 0.41058189228366665,
  "score6": 0.43548306526139396
}