{
  "score0": 0.1923139756868513,
  "score1": 0.4097867840625842,
  "score2": 0.2713436342647321,
  "score3": 0.4030475142698769,
  "score4": 0.0201270469966611,
  "score5": 0.05414775319420273,
  "score6": 0.024611818031906815
}