{
  "score0": 0.31650118636571317,
  "score1": 0.5494670441730194,
  "score2": 0.0470688645523603,
  "score3": 0.052711287214010326,
  "score4": 0.006770699291763045,
  "score5": 0.034926222431606486,
  "score6": 0.15235939932715595
}