{
  "score0": 0.15933649912701076,
  "score1": 0.20888817903249277,
  "score2": 0.1383041183047083,
  "score3": 0.05810946250947324,
  "score4": 0.05771568588054623,
  "score5": 0.06713642400338803,
  "score6": 0.17967688604486712
}