{
  "score0": 0.6160208865771564,
  "score1": 0.11905772533257855,
  "score2": 0.09553509825235343,
  "score3": 0.04017394640378922,
  "score4": 0.08524746049314741,
  "score5": 0.07670145995100994,
  "score6": 0.0859882424906534
}