{
  "score0": 0.09170173020042202,
  "score1": 0.07805797558134098,
  "score2": 0.09154751950144856,
  "score3": 0.209500898158043,
  "score4": 0.1618720315435744,
  "score5": 0.24285558186420284,
  "score6": 0.3099653867130476
}