{
  "score0": 0.1360959092596424,
  "score1": 0.07450984768014575,
  "score2": 0.31982066705830825,
  "score3": 0.500954673756148,
  "score4": 0.3859943521662024,
  "score5": 0.37445198245068917,
  "score6": 0.0789435352198208
}