{
  "score0": 0.13522598561166996,
  "score1": 0.10155788901627275,
  "score2": 0.0753156153745788,
  "score3": 0.010956804046246056,
  "score4": 0.07750294168810225,
  "score5": 0.08036749577282813,
  "score6": 0.007018812006966097
}