{
  "score0": 0.1133495821237969,
  "score1": 0.05743224456732873,
  "score2": 0.06686808240736536,
  "score3": 0.22065842691202597,
  "score4": 0.3211759549318105,
  "score5": 0.3918777299627159,
  "score6": 0.5165653471330209
}