{
  "score0": 0.5927260566428503,
  "score1": 0.1092323825545542,
  "score2": 0.08592217170921401,
  "score3": 0.03910546747934709,
  "score4": 0.26077941520260056,
  "score5": 0.15707951879834317,
  "score6": 0.2149492308511808
}