{
  "score0": 0.2204899572499991,
  "score1": 0.21598695722268682,
  "score2": 0.19812127358651896,
  "score3": 0.2664127347409617,
  "score4": 0.0827455491680119,
  "score5": 0.2734542442761822,
  "score6": 0.09556380876340405
}