{
  "score0": 0.12938131980330306,
  "score1": 0.15329496528220857,
  "score2": 0.07640438642781446,
  "score3": 0.0523464854654049,
  "score4": 0.0930874825308695,
  "score5": 0.09988661865518568,
  "score6": 0.3029526921058903
}