{
  "score0": 0.11371024789370045,
  "score1": 0.07146570976874426,
  "score2": 0.07107962697360212,
  "score3": 0.14702985281002476,
  "score4": 0.31580599651009517,
  "score5": 0.3582864607601177,
  "score6": 0.41058189228366665
}