{
  "score0": 0.5574075415583704,
  "score1": 0.09126027282381713,
  "score2": 0.07470131525721456,
  "score3": 0.04659172943733908,
  "score4": 0.10685857960147459,
  "score5": 0.2802191814533692,
  "score6": 0.2578277925626827
}