{
  "score0": 0.09069663714063597,
  "score1": 0.14436013694975977,
  "score2": 0.46301177766141005,
  "score3": 0.2678129972075924,
  "score4": 0.2911018070793841,
  "score5": 0.14941506956016118,
  "score6": 0.03875967101863883
}