{
  "score0": 0.07191831787394462,
  "score1": 0.10052972318276984,
  "score2": 0.11513533330105662,
  "score3": 0.2329609974120974,
  "score4": 0.27186741947044374,
  "score5": 0.3125260767403526,
  "score6": 0.06076246491934065
}