{
  "score0": 0.07682361083815374,
  "score1": 0.05743402848949376,
  "score2": 0.06216355387706219,
  "score3": 0.15595126321164035,
  "score4": 0.05952600737690241,
  "score5": 0.22580191273824646,
  "score6": 0.3727919170758724
}