{
  "score0": 0.15613520605049655,
  "score1": 0.113399264756844,
  "score2": 0.08426589112401621,
  "score3": 0.055415303479521644,
  "score4": 0.11827286039137551,
  "score5": 0.006775799109900547,
  "score6": 0.040181454633878656
}