{
  "score0": 0.2877727636941422,
  "score1": 0.22918770178132042,
  "score2": 0.15947618648201922,
  "score3": 0.15838977482955277,
  "score4": 0.12853015773477752,
  "score5": 0.0010032512755000001,
  "score6": 0.020561769302585183
}