{
  "score0": 0.2204899572499991,
  "score1": 0.21598695722268682,
  "score2": 0.19263732337719577,
  "score3": 0.11529496714456926,
  "score4": 0.007369909436599755,
  "score5": 0.01411481182064802,
  "score6": 0.09990489243192313
}