{
  "score0": 0.05743224456732873,
  "score1": 0.06686808240736536,
  "score2": 0.2637323017318173,
  "score3": 0.36788718642134516,
  "score4": 0.5234846556286098,
  "score5": 0.056646456319511575,
  "score6": 0.14298862890803812
}