{
  "score0": 0.4606324101851218,
  "score1": 0.3183864042888912,
  "score2": 0.46986963907492085,
  "score3": 0.0722003246547299,
  "score4": 0.1231340118673135,
  "score5": 0.007024733627835608,
  "score6": 0.048693305752609356
}