{
  "score0": 0.14436013694975977,
  "score1": 0.46301177766141005,
  "score2": 0.32126762055093133,
  "score3": 0.09057884881212797,
  "score4": 0.028440307126178347,
  "score5": 0.24199904011047024,
  "score6": 0.1295032606256917
}