{
  "score0": 0.17562377117491446,
  "score1": 0.20159957373429196,
  "score2": 0.09196860027714902,
  "score3": 0.05768428668764827,
  "score4": 0.0663418473666637,
  "score5": 0.027566942824697054,
  "score6": 0.16198757236571684
}