{
  "score0": 0.31650118636571317,
  "score1": 0.5494670441730194,
  "score2": 0.045945331545933374,
  "score3": 0.05500282302585679,
  "score4": 0.08566595887712908,
  "score5": 0.07772247787048847,
  "score6": 0.2217050079674757
}