{
  "score0": 0.13716633571459058,
  "score1": 0.1938799013866426,
  "score2": 0.12800142652045798,
  "score3": 0.06985409604111945,
  "score4": 0.07230890331965772,
  "score5": 0.060742366947147276,
  "score6": 0.17888239993557528
}