{
  "score0": 0.19876662083441846,
  "score1": 0.18268681561900715,
  "score2": 0.1005534490349311,
  "score3": 0.06609140008604664,
  "score4": 0.0412265952765994,
  "score5": 0.02755546436455264,
  "score6": 0.05819371417357403
}