{
  "score0": 0.15421896074424685,
  "score1": 0.45621018844275174,
  "score2": 0.28838908615014613,
  "score3": 0.3327470703601478,
  "score4": 0.09057884881212797,
  "score5": 0.028440307126178347,
  "score6": 0.24199904011047024
}