{
  "score0": 0.08679654912923321,
  "score1": 0.10780600316794144,
  "score2": 0.10345292972855047,
  "score3": 0.12290597330916841,
  "score4": 0.13789027510033872,
  "score5": 0.18648955911437307,
  "score6": 0.32714511418050646
}