{
  "score0": 0.07771045027693356,
  "score1": 0.06701519711368008,
  "score2": 0.2637323017318173,
  "score3": 0.36788718642134516,
  "score4": 0.5234846556286098,
  "score5": 0.056646456319511575,
  "score6": 0.14298862890803812
}