{
  "score0": 0.4606324101851218,
  "score1": 0.3183864042888912,
  "score2": 0.6239702615361112,
  "score3": 0.019454068991481693,
  "score4": 0.18223349547120857,
  "score5": 0.013336407553253686,
  "score6": 0.0008955556273105122
}