{
  "score0": 0.5574075415583704,
  "score1": 0.09126027282381713,
  "score2": 0.0932002553090657,
  "score3": 0.02474809627745271,
  "score4": 0.059551785032514265,
  "score5": 0.28109648985560914,
  "score6": 0.2144082811201716
}