{
  "score0": 0.26481978070328094,
  "score1": 0.6088396006599786,
  "score2": 0.04661983248854094,
  "score3": 0.07809093437751109,
  "score4": 0.03298099096175553,
  "score5": 0.09712525438528481,
  "score6": 0.01894445860684323
}