{
  "score0": 0.31650118636571317,
  "score1": 0.512396924291376,
  "score2": 0.031107371122635927,
  "score3": 0.034926222431606486,
  "score4": 0.15235939932715595,
  "score5": 0.09445149133197529,
  "score6": 0.34907290235400207
}