{
  "score0": 0.13104211391353368,
  "score1": 0.4097867840625842,
  "score2": 0.2963418502950142,
  "score3": 0.27817836665510487,
  "score4": 0.05579297877268927,
  "score5": 0.026507662992006836,
  "score6": 0.022008735742355696
}