{
  "score0": 0.1236102598993074,
  "score1": 0.11744097704328557,
  "score2": 0.03271480223899255,
  "score3": 0.07235922341552962,
  "score4": 0.11221396544863793,
  "score5": 0.039534046029705366,
  "score6": 0.020284155278197002
}