{
  "score0": 0.23608369911756633,
  "score1": 0.2061769107867537,
  "score2": 0.2276196542549874,
  "score3": 0.1300191724882855,
  "score4": 0.013744490201199508,
  "score5": 0.014112170952814687,
  "score6": 0.014060400425329597
}