{
  "score0": 0.08178137407195082,
  "score1": 0.07805797558134098,
  "score2": 0.09154751950144856,
  "score3": 0.2329609974120974,
  "score4": 0.27186741947044374,
  "score5": 0.3125260767403526,
  "score6": 0.06076246491934065
}