{
  "score0": 0.5940907676938931,
  "score1": 0.06485122951120949,
  "score2": 0.06957962260307107,
  "score3": 0.23884336933561356,
  "score4": 0.216456440696988,
  "score5": 0.08192983330208815,
  "score6": 