{
  "score0": 0.09151259094524129,
  "score1": 0.06368348105110212,
  "score2": 0.046579458260931045,
  "score3": 0.05952600737690241,
  "score4": 0.22580191273824646,
  "score5": 0.3727919170758724,
  "score6": 0.16615030755856716
}