{
  "score0": 0.15933649912701076,
  "score1": 0.20888817903249277,
  "score2": 0.147330708082041,
  "score3": 0.06553231293982965,
  "score4": 0.05598314072096614,
  "score5": 0.04522915444131881,
  "score6": 0.30648497379996015
}