{
  "score0": 0.10746128632452151,
  "score1": 0.11294471695690972,
  "score2": 0.07120085516738345,
  "score3": 0.03763326360232142,
  "score4": 0.179439597452826,
  "score5": 0.28049125943954695,
  "score6": 0.3178873737087415
}