{
  "score0": 0.17034040566906228,
  "score1": 0.3979999560769855,
  "score2": 0.31613344708095154,
  "score3": 0.503768865348156,
  "score4": 0.06183991409220912,
  "score5": 0.07938240400078682,
  "score6": 0.05420953346331569
}