{
  "score0": 0.07682361083815374,
  "score1": 0.061782907460469834,
  "score2": 0.046579458260931045,
  "score3": 0.05952600737690241,
  "score4": 0.22580191273824646,
  "score5": 0.3727919170758724,
  "score6": 0.16615030755856716
}