{
  "score0": 0.11905772533257855,
  "score1": 0.09553509825235343,
  "score2": 0.1003738444240962,
  "score3": 0.07840809355926212,
  "score4": 0.15808235051082686,
  "score5": 0.1907900191163058,
  "score6": 0.18276462261757145
}