{
  "score0": 0.5940907676938931,
  "score1": 0.10831058966617857,
  "score2": 0.07936328658632959,
  "score3": 0.048991786692593,
  "score4": 0.23884336933561356,
  "score5": 0.216456440696988,
  "score6": 0.08192983330208815
}