{
  "score0": 0.1171548124600669,
  "score1": 0.09045543151444288,
  "score2": 0.08242052442181286,
  "score3": 0.21291257726674342,
  "score4": 0.3049734340359371,
  "score5": 0.34573212348329974,
  "score6": 0.24919740723940412
}