{
  "score0": 0.13104211391353368,
  "score1": 0.4097867840625842,
  "score2": 0.2713436342647321,
  "score3": 0.3777166265391345,
  "score4": 0.06965987610734341,
  "score5": 0.03278095301285281,
  "score6": 0.0009314802753202116
}