{
  "score0": 0.31650118636571317,
  "score1": 0.5494670441730194,
  "score2": 0.04973190634640519,
  "score3": 0.013053860726153922,
  "score4": 0.04079967097899597,
  "score5": 0.09507128955726356,
  "score6": 0.12741613410268418
}