{
  "score0": 0.15995977451851212,
  "score1": 0.1147992689489675,
  "score2": 0.09864486947420527,
  "score3": 0.013343914164469698,
  "score4": 0.10230009024541407,
  "score5": 0.26300071592122104,
  "score6": 0.14683634342689678
}