{
  "score0": 0.13769386737525247,
  "score1": 0.19480748416356797,
  "score2": 0.12800142652045798,
  "score3": 0.06493240857679677,
  "score4": 0.09855967419751516,
  "score5": 0.10033096231143752,
  "score6": 0.28042519952777273
}