{
  "score0": 0.10941240826931971,
  "score1": 0.06310397151669714,
  "score2": 0.06563427282090338,
  "score3": 0.21177023154932453,
  "score4": 0.2909826046816875,
  "score5": 0.24856011534210368,
  "score6": 0.5047210009238342
}