{
  "score0": 0.2204899572499991,
  "score1": 0.21598695722268682,
  "score2": 0.2021844663667637,
  "score3": 0.23963868734240387,
  "score4": 0.10951959656656973,
  "score5": 0.23000096017430358,
  "score6": 0.07461657102676511
}