{
  "score0": 0.47392991510831434,
  "score1": 0.3009109281022912,
  "score2": 0.3600609298739866,
  "score3": 0.06957680114309907,
  "score4": 0.03123738555426075,
  "score5": 0.013527386737502025,
  "score6": 0.05805953677599022
}