{
  "score0": 0.12000748824119767,
  "score1": 0.11294471695690972,
  "score2": 0.07120085516738345,
  "score3": 0.13241060859029063,
  "score4": 0.08328650369172992,
  "score5": 0.19782230340485862,
  "score6": 0.2638951603916319
}