{
  "score0": 0.47392991510831434,
  "score1": 0.3357348482373484,
  "score2": 0.4697772801978339,
  "score3": 0.0625693099532121,
  "score4": 0.05541780074911742,
  "score5": 0.025236625145656735,
  "score6": 0.03252178216461742
}