{
  "score0": 0.08479125811833288,
  "score1": 0.17169442388943443,
  "score2": 0.3428548686426631,
  "score3": 0.3591023238063678,
  "score4": 0.026532072855213838,
  "score5": 0.07310300335260377,
  "score6": 0.05570089243385006
}