{
  "score0": 0.452861696934002,
  "score1": 0.28282914151315564,
  "score2": 0.6239702615361112,
  "score3": 0.01989038214900284,
  "score4": 0.13713607783435372,
  "score5": 0.0009059257262562474,
  "score6": 0.013548039812701492
}