{
  "score0": 0.15933649912701076,
  "score1": 0.23717896697270568,
  "score2": 0.05188076526638346,
  "score3": 0.05598314072096614,
  "score4": 0.04522915444131881,
  "score5": 0.30648497379996015,
  "score6": 0.3614618679060841
}