{
  "score0": 0.1114146913524352,
  "score1": 0.09045543151444288,
  "score2": 0.07126804780117188,
  "score3": 0.2032603019347374,
  "score4": 0.2909826046816875,
  "score5": 0.24856011534210368,
  "score6": 0.5047210009238342
}