{
  "score0": 0.13450004847313834,
  "score1": 0.11261299240192316,
  "score2": 0.03271624855477743,
  "score3": 0.020321649530786214,
  "score4": 0.09681457475329636,
  "score5": 0.04159524362985353,
  "score6": 0.05290251184707212
}