{
  "score0": 0.11563643996629873,
  "score1": 0.09836946998844795,
  "score2": 0.09483669152987588,
  "score3": 0.11315591037162008,
  "score4": 0.14496012308289116,
  "score5": 0.23667341034431436,
  "score6": 0.36032880265501555
}