{
  "score0": 0.1171548124600669,
  "score1": 0.09045543151444288,
  "score2": 0.07126804780117188,
  "score3": 0.18312394214046526,
  "score4": 0.30661725807010404,
  "score5": 0.33837511832069733,
  "score6": 0.3346570219902569
}