{
  "score0": 0.1360959092596424,
  "score1": 0.07450984768014575,
  "score2": 0.3891688946094747,
  "score3": 0.4338233969839354,
  "score4": 0.4346447571496645,
  "score5": 0.46485429664158934,
  "score6": 0.06166058745530802
}