{
  "score0": 0.20495463044514642,
  "score1": 0.18268681561900715,
  "score2": 0.1005534490349311,
  "score3": 0.05729051005872126,
  "score4": 0.0010032512755000001,
  "score5": 0.13273374615657244,
  "score6": 0.029198585997771132
}