{
  "score0": 0.4705324744675836,
  "score1": 0.3183864042888912,
  "score2": 0.6239702615361112,
  "score3": 0.01989038214900284,
  "score4": 0.13713607783435372,
  "score5": 0.0009059257262562474,
  "score6": 0.013548039812701492
}