{
  "score0": 0.08165813002814595,
  "score1": 0.38596799712995056,
  "score2": 0.13168406759969875,
  "score3": 0.28572846563398435,
  "score4": 0.44825231306367935,
  "score5": 0.08981611981854075,
  "score6": 0.42497587336699344
}