{
  "score0": 0.11563643996629873,
  "score1": 0.09836946998844795,
  "score2": 0.0852193328808126,
  "score3": 0.07637026746815256,
  "score4": 0.07840809355926212,
  "score5": 0.15808235051082686,
  "score6": 0.1907900191163058
}