{
  "score0": 0.13053737371699986,
  "score1": 0.12709092796620436,
  "score2": 0.03271480223899255,
  "score3": 0.08844210787080609,
  "score4": 0.12319572582613465,
  "score5": 0.0325760033751483,
  "score6": 0.07315038020573779
}