{
  "score0": 0.15613520605049655,
  "score1": 0.10038783772602008,
  "score2": 0.11043363683525259,
  "score3": 0.044705357100967714,
  "score4": 0.055415303479521644,
  "score5": 0.11827286039137551,
  "score6": 0.006775799109900547
}