{
  "score0": 0.47392991510831434,
  "score1": 0.3357348482373484,
  "score2": 0.46986963907492085,
  "score3": 0.0722003246547299,
  "score4": 0.1231340118673135,
  "score5": 0.007024733627835608,
  "score6": 0.048693305752609356
}