{
  "score0": 0.23608369911756633,
  "score1": 0.2061769107867537,
  "score2": 0.19263732337719577,
  "score3": 0.11529496714456926,
  "score4": 0.007369909436599755,
  "score5": 0.01411481182064802,
  "score6": 0.09990489243192313
}