{
  "score0": 0.19619823591193153,
  "score1": 0.40906423371710215,
  "score2": 0.2713436342647321,
  "score3": 0.4030475142698769,
  "score4": 0.0201270469966611,
  "score5": 0.05414775319420273,
  "score6": 0.024611818031906815
}