{
  "score0": 0.10184549658653096,
  "score1": 0.07450984768014575,
  "score2": 0.3891688946094747,
  "score3": 0.473888325454002,
  "score4": 0.3234661807265568,
  "score5": 0.525512676118607,
  "score6": 0.05376347178641122
}