{
  "score0": 0.08165813002814595,
  "score1": 0.38596799712995056,
  "score2": 0.36216847852143425,
  "score3": 0.3093016804897401,
  "score4": 0.3362164745651441,
  "score5": 0.23643798929590934,
  "score6": 0.2889123271814135
}