{
  "score0": 0.13450004847313834,
  "score1": 0.11261299240192316,
  "score2": 0.03290359844081244,
  "score3": 0.018935765161484517,
  "score4": 0.07048000746574512,
  "score5": 0.007057864519450373,
  "score6": 0.1036558543460277
}