{
  "score0": 0.15205535661496028,
  "score1": 0.10038783772602008,
  "score2": 0.0982667168750837,
  "score3": 0.04208067902693585,
  "score4": 0.1486473655103515,
  "score5": 0.22803869513189554,
  "score6": 0.19825463609283178
}