{
  "score0": 0.07389016531139116,
  "score1": 0.2511728375970476,
  "score2": 0.42427614087732274,
  "score3": 0.40993256290591434,
  "score4": 0.24808965823129478,
  "score5": 0.05508554660808052,
  "score6": 0.1800743109914902
}