{
  "score0": 0.6160208865771564,
  "score1": 0.1092323825545542,
  "score2": 0.08592217170921401,
  "score3": 0.05328618842992963,
  "score4": 0.08524746049314741,
  "score5": 0.07670145995100994,
  "score6": 0.0859882424906534
}