{
  "score0": 0.08679654912923321,
  "score1": 0.10780600316794144,
  "score2": 0.09483669152987588,
  "score3": 0.11315591037162008,
  "score4": 0.14496012308289116,
  "score5": 0.23667341034431436,
  "score6": 0.36032880265501555
}