{
  "score0": 0.10453066458624184,
  "score1": 0.18365991505187898,
  "score2": 0.4378916184983778,
  "score3": 0.18183801924876594,
  "score4": 0.29072668134034596,
  "score5": 0.01939814194386066,
  "score6": 0.0009641273937544834
}