{
  "score0": 0.07682361083815374,
  "score1": 0.05743402848949376,
  "score2": 0.07344064849645646,
  "score3": 0.1963024365921501,
  "score4": 0.18367935312318018,
  "score5": 0.2422519563462845,
  "score6": 0.2757123662961545
}