{
  "score0": 0.07771045027693356,
  "score1": 0.05600903576848423,
  "score2": 0.3224390311597721,
  "score3": 0.3370730995193494,
  "score4": 0.36788718642134516,
  "score5": 0.5234846556286098,
  "score6": 0.056646456319511575
}