{
  "score0": 0.2795543194134427,
  "score1": 0.220832845379137,
  "score2": 0.17612538946245387,
  "score3": 0.15838977482955277,
  "score4": 0.12853015773477752,
  "score5": 0.01411481182064802,
  "score6": 0.04776107075786478
}