{
  "score0": 0.07173463269009288,
  "score1": 0.38596799712995056,
  "score2": 0.13168406759969875,
  "score3": 0.2925841444438746,
  "score4": 0.27160350685713647,
  "score5": 0.12268051920376118,
  "score6": 0.315218655786998
}