{
  "score0": 0.17244614947980255,
  "score1": 0.1147992689489675,
  "score2": 0.09864486947420527,
  "score3": 0.0009347208984237871,
  "score4": 0.06170289260465089,
  "score5": 0.1361182342423887,
  "score6": 0.07491899946919536
}