{
  "score0": 0.0847091423441674,
  "score1": 0.3554626838314956,
  "score2": 