{
  "score0": 0.1284586037844141,
  "score1": 0.07351985193783091,
  "score2": 0.09725831306486327,
  "score3": 0.31580599651009517,
  "score4": 0.3582864607601177,
  "score5": 0.41058189228366665,
  "score6": 0.43548306526139396
}