{
  "score0": 0.1840125947871929,
  "score1": 0.09151259094524129,
  "score2": 0.06368348105110212,
  "score3": 0.020290493293415885,
  "score4": 0.11045519118098235,
  "score5": 0.15788310018878018,
  "score6": 0.11507027404807367
}