{
  "score0": 0.25339703805929503,
  "score1": 0.5824943293386559,
  "score2": 0.05252577059293854,
  "score3": 0.06914924413632283,
  "score4": 0.06654411814741375,
  "score5": 0.018375528312085363,
  "score6": 0.19496230930753752
}