{
  "score0": 0.2096899649929003,
  "score1": 0.5501563263451021,
  "score2": 0.045945331545933374,
  "score3": 0.05500282302585679,
  "score4": 0.08566595887712908,
  "score5": 0.07772247787048847,
  "score6": 0.2217050079674757
}