{
  "score0": 0.11371024789370045,
  "score1": 0.07146570976874426,
  "score2": 0.08242052442181286,
  "score3": 0.21291257726674342,
  "score4": 0.3049734340359371,
  "score5": 0.34573212348329974,
  "score6": 0.24919740723940412
}