{
  "score0": 0.16567380128571577,
  "score1": 0.2603562467843961,
  "score2": 0.05188076526638346,
  "score3": 0.05598314072096614,
  "score4": 0.04522915444131881,
  "score5": 0.30648497379996015,
  "score6": 0.3614618679060841
}