{
  "score0": 0.11337121232793529,
  "score1": 0.050433397843925365,
  "score2": 0.05926130039161003,
  "score3": 0.09644093433843681,
  "score4": 0.03331028991878041,
  "score5": 0.11132093083744277,
  "score6": 0.18946520606169073
}