{
  "score0": 0.05932230454051843,
  "score1": 0.027563837341316202,
  "score2": 0.08111626399770416,
  "score3": 0.0480893985788298,
  "score4": 0.10179838662180167,
  "score5": 0.10614290926997932,
  "score6": 0.07952318269771469
}