{
  "score0": 0.18925531582358704,
  "score1": 0.1798238069753387,
  "score2": 0.27967191006946845,
  "score3": 0.553322302193612,
  "score4": 0.5793571506034055,
  "score5": 0.3294564296664045,
  "score6": 0.09997226991459825
}