{
  "score0": 0.06756166777169284,
  "score1": 0.00737523969615287,
  "score2": 0.08336725219640967,
  "score3": 0.22588963397396608,
  "score4": 0.18139668279385815,
  "score5": 0.20531060159505374,
  "score6": 0.1960219882043993
}