{
  "score0": 0.10975450817568069,
  "score1": 0.03307780325796912,
  "score2": 0.14550408511130816,
  "score3": 0.17739356035486173,
  "score4": 0.17934464952418147,
  "score5": 0.4561857150525446,
  "score6": 0.1945233495685401
}