{
  "score0": 0.10218729875194449,
  "score1": 0.15173552816664718,
  "score2": 0.3175747758924501,
  "score3": 0.27806644639321604,
  "score4": 0.11613469801586945,
  "score5": 0.0928197354045862,
  "score6": 0.05808590971338634
}