{
  "score0": 0.08302317229397076,
  "score1": 0.053609488960357055,
  "score2": 0.1310893050243075,
  "score3": 0.2834424980554225,
  "score4": 0.3027032688661223,
  "score5": 0.19331834389620264,
  "score6": 0.006760085717704233
}