{
  "score0": 0.37982173648931605,
  "score1": 0.2510275375420049,
  "score2": 0.25867308082287177,
  "score3": 0.11647028740204148,
  "score4": 0.24039186274092608,
  "score5": 0.01893895425332214,
  "score6": 0.048124495424561285
}