{
  "score0": 0.15043998922535365,
  "score1": 0.28903193699889357,
  "score2": 0.2116346176695299,
  "score3": 0.15622276918152483,
  "score4": 0.09124912371531274,
  "score5": 0.08145785659496572,
  "score6": 0.09917096889755879
}