{
  "score0": 0.030142814521119936,
  "score1": 0.16927219417371145,
  "score2": 0.17045643845676933,
  "score3": 0.17670390388101317,
  "score4": 0.4959025215998601,
  "score5": 0.32623512981024955,
  "score6": 0.5545797393712123
}