{
  "score0": 0.2970507396626994,
  "score1": 0.12228838408278415,
  "score2": 0.021872448927864125,
  "score3": 0.10759474824530652,
  "score4": 0.1473712284520441,
  "score5": 0.10904248135191823,
  "score6": 0.17178917288486265
}