{
  "score0": 0.14644485159238554,
  "score1": 0.2852313137445274,
  "score2": 