{
  "score0": 0.12339319642821406,
  "score1": 0.013400557064076148,
  "score2": 0.1311558741651138,
  "score3": 0.02490635704414092,
  "score4": 0.12948587556786853,
  "score5": 0.2812353559946273,
  "score6": 0.4763884997569014
}