{
  "score0": 0.11850314687612543,
  "score1": 0.16397091556935992,
  "score2": 0.30187869883868446,
  "score3": 0.2737470257057458,
  "score4": 0.20736767135935055,
  "score5": 0.040560086818757446,
  "score6": 0.032658278406259116
}