{
  "score0": 0.2970507396626994,
  "score1": 0.14253044590061595,
  "score2": 0.014918272989363858,
  "score3": 0.08379519805213871,
  "score4": 0.1473712284520441,
  "score5": 0.10904248135191823,
  "score6": 0.17178917288486265
}