{
  "score0": 0.17608784419659637,
  "score1": 0.1798238069753387,
  "score2": 0.2628632032062397,
  "score3": 0.4704991678511936,
  "score4": 0.6089696317732326,
  "score5": 0.5303332728557499,
  "score6": 0.10044372589930556
}