{
  "score0": 0.20790719366465626,
  "score1": 0.08840948037977159,
  "score2": 0.0633447803664783,
  "score3": 0.02755546436455264,
  "score4": 0.1085526597925479,
  "score5": 0.007556947789574009,
  "score6": 0.18055680908721886
}