{
  "score0": 0.37615498307721157,
  "score1": 0.10959982778790343,
  "score2": 0.016724077708443193,
  "score3": 0.17885377763636778,
  "score4": 0.10269600972296387,
  "score5": 0.2426902070332934,
  "score6": 0.43554601145000665
}