{
  "score0": 0.37536377982966507,
  "score1": 0.28822799931052695,
  "score2": 0.4568546888826425,
  "score3": 0.11647028740204148,
  "score4": 0.15813964781043524,
  "score5": 0.09060390629336289,
  "score6": 0.03258437452790292
}