{
  "score0": 0.19339875525792607,
  "score1": 0.09760203301750386,
  "score2": 0.06481698054679698,
  "score3": 0.06681512433156771,
  "score4": 0.007556390680240677,
  "score5": 0.14445617194805857,
  "score6": 0.2673560359092258
}