{
  "score0": 0.10182947176276347,
  "score1": 0.01192510100115771,
  "score2": 0.1445037140229767,
  "score3": 0.15211111724793558,
  "score4": 0.10917357874883334,
  "score5": 0.3841888366281832,
  "score6": 0.5432003852196741
}