{
  "score0": 0.09392884592663794,
  "score1": 0.19770484357757706,
  "score2": 0.3441078886334149,
  "score3": 0.3496150675582435,
  "score4": 0.3839059523139869,
  "score5": 0.09508291132218673,
  "score6": 0.2661715806272619
}