{
  "score0": 0.17391292958967472,
  "score1": 0.3055685213931908,
  "score2": 0.516614307838429,
  "score3": 0.6550677006783276,
  "score4": 0.3083677342302403,
  "score5": 0.2156141756043397,
  "score6": 0.07439115198670211
}