{
  "score0": 0.4094492752202105,
  "score1": 0.31698502904118253,
  "score2": 0.06151627089228328,
  "score3": 0.09827921939086336,
  "score4": 0.42501218844867045,
  "score5": 0.19427270082398648,
  "score6": 0.09660408048956576
}