{
  "score0": 0.270027702975969,
  "score1": 0.27497789182062554,
  "score2": 0.06684505498658773,
  "score3": 0.1272661587368509,
  "score4": 0.17681678181869928,
  "score5": 0.06420984482641318,
  "score6": 0.22939245432949854
}