{
  "score0": 0.10080662326957912,
  "score1": 0.050433397843925365,
  "score2": 0.06223707966414918,
  "score3": 0.12744499014665425,
  "score4": 0.11223986843417026,
  "score5": 0.041243135245599825,
  "score6": 0.09176584486600355
}