{
  "score0": 0.36868777901601985,
  "score1": 0.2510275375420049,
  "score2": 0.16738215242138466,
  "score3": 0.20355149386447483,
  "score4": 0.21963391310812116,
  "score5": 0.06275106036102256,
  "score6": 0.06135378843409852
}