{
  "score0": 0.21017450451367276,
  "score1": 0.19364904471263122,
  "score2": 0.3074476864425432,
  "score3": 0.47435575298155325,
  "score4": 0.537898285015134,
  "score5": 0.64403430189405,
  "score6": 0.16341747860982417
}