{
  "score0": 0.12339319642821406,
  "score1": 0.013400557064076148,
  "score2": 0.10308763470574243,
  "score3": 0.03836128210963404,
  "score4": 0.18114552821622276,
  "score5": 0.34761020443601653,
  "score6": 0.43522246217577526
}