{
  "score0": 0.39586901062243507,
  "score1": 0.22745633933412682,
  "score2": 0.12035061241821356,
  "score3": 0.1825619899214185,
  "score4": 0.06637492348519665,
  "score5": 0.05902958789371882,
  "score6": 0.15493073912439492
}