{
  "score0": 0.08302317229397076,
  "score1": 0.01662016379384423,
  "score2": 0.12010081618603966,
  "score3": 0.24786731424363265,
  "score4": 0.3027032688661223,
  "score5": 0.19331834389620264,
  "score6": 0.006760085717704233
}