{
  "score0": 0.36946515834746857,
  "score1": 0.13747499873421232,
  "score2": 0.14860855616502366,
  "score3": 0.15526312405901213,
  "score4": 0.06031496564068279,
  "score5": 0.06609140008604664,
  "score6": 0.17483648825022416
}