{
  "score0": 0.06367050597263067,
  "score1": 0.05636180425555505,
  "score2": 0.02054373641445186,
  "score3": 0.02040561554457347,
  "score4": 0.14910380299095108,
  "score5": 0.15829683581435341,
  "score6": 0.09590732721866657
}