{
  "score0": 0.07915355561274762,
  "score1": 0.1700587844113864,
  "score2": 0.38669584895357745,
  "score3": 0.3022097569164918,
  "score4": 0.13430695218693545,
  "score5": 0.08921424652726508,
  "score6": 0.22185274264365448
}