{
  "score0": 0.28822799931052695,
  "score1": 0.4568546888826425,
  "score2": 0.09031320470062472,
  "score3": 0.012576085445346436,
  "score4": 0.08968129806553349,
  "score5": 0.32035260274228156,
  "score6": 0.6077702342120633
}