{
  "score0": 0.20790719366465626,
  "score1": 0.08840948037977159,
  "score2": 0.07517069064284167,
  "score3": 0.042695733695494176,
  "score4": 0.08685661018903235,
  "score5": 0.08103827101854431,
  "score6": 0.21919716487455332
}