{
  "score0": 0.3479887101368965,
  "score1": 0.10504579614512063,
  "score2": 0.006732896761782043,
  "score3": 0.23522780569835208,
  "score4": 0.22850547876886554,
  "score5": 0.36043483759492606,
  "score6": 0.08611314813741315
}