{
  "score0": 0.09155533777456303,
  "score1": 0.01662016379384423,
  "score2": 0.12010081618603966,
  "score3": 0.22287420860082727,
  "score4": 0.35626724065701687,
  "score5": 0.2363524504372058,
  "score6": 0.1547641886896761
}