{
  "score0": 0.09563578301103703,
  "score1": 0.05725175152185436,
  "score2": 0.06645064327378235,
  "score3": 0.03331028991878041,
  "score4": 0.11132093083744277,
  "score5": 0.18946520606169073,
  "score6": 0.10296412858862447
}