{
  "score0": 0.30157986741422793,
  "score1": 0.36010320997999323,
  "score2": 0.04481565906694546,
  "score3": 0.11660275573507,
  "score4": 0.09294876175572779,
  "score5": 0.1395086796895998,
  "score6": 0.23977349177751717
}