{
  "score0": 0.21081022827170737,
  "score1": 0.410642800799526,
  "score2": 0.26075183335752555,
  "score3": 0.08377650366287646,
  "score4": 0.19265297577329468,
  "score5": 0.02755546436455264,
  "score6": 0.04280581340876082
}