{
  "score0": 0.10975450817568069,
  "score1": 0.01192510100115771,
  "score2": 0.1445037140229767,
  "score3": 0.15211111724793558,
  "score4": 0.17934464952418147,
  "score5": 0.4561857150525446,
  "score6": 0.1945233495685401
}