{
  "score0": 0.14288767267885724,
  "score1": 0.29954581038150024,
  "score2": 0.2116346176695299,
  "score3": 0.20891714358673386,
  "score4": 0.09501624706143456,
  "score5": 0.12854109911104322,
  "score6": 0.0009433905307058556
}