{
  "score0": 0.09392884592663794,
  "score1": 0.1581537394989369,
  "score2": 0.32865949077156287,
  "score3": 0.3839059523139869,
  "score4": 0.09508291132218673,
  "score5": 0.2661715806272619,
  "score6": 0.1442158802263696
}