{
  "score0": 0.2029567298341139,
  "score1": 0.1621006343526348,
  "score2": 0.2978955496366012,
  "score3": 0.4739732192867819,
  "score4": 0.5949143443631988,
  "score5": 0.4852325693761239,
  "score6": 0.05291416104427047
}