{
  "score0": 0.29189380570679196,
  "score1": 0.3420165088846791,
  "score2": 0.06313624613398269,
  "score3": 0.08615973190430122,
  "score4": 0.1702889571760404,
  "score5": 0.26715991559599256,
  "score6": 0.042973786558518474
}