{
  "score0": 0.33945619997574167,
  "score1": 0.10294634205961739,
  "score2": 0.018827772874299868,
  "score3": 0.17714539362337858,
  "score4": 0.12296207471573965,
  "score5": 0.29441198162540516,
  "score6": 0.42284852274139545
}