{
  "score0": 0.36868777901601985,
  "score1": 0.2510275375420049,
  "score2": 0.25867308082287177,
  "score3": 0.18429752083941864,
  "score4": 0.24560872802830605,
  "score5": 0.11323734458605707,
  "score6": 0.0008977471408350944
}