{
  "score0": 0.2949892026150799,
  "score1": 0.12228838408278415,
  "score2": 0.016724077708443193,
  "score3": 0.2609377409181865,
  "score4": 0.20942578043198548,
  "score5": 0.19978904535818306,
  "score6": 0.302432624990264
}