{
  "score0": 0.07682670523094642,
  "score1": 0.05777179509479936,
  "score2": 0.011691981960449967,
  "score3": 0.03217393126711621,
  "score4": 0.15171698493840827,
  "score5": 0.01965586743845867,
  "score6": 0.13922898793126637
}