{
  "score0": 0.18118753734078302,
  "score1": 0.1432757352990181,
  "score2": 0.0560063647498239,
  "score3": 0.11543803484364577,
  "score4": 0.1522847448619028,
  "score5": 0.24969911668213937,
  "score6": 0.27394781129515317
}