{
  "score0": 0.05932230454051843,
  "score1": 0.016445858571906585,
  "score2": 0.023780685833339085,
  "score3": 0.10179838662180167,
  "score4": 0.10614290926997932,
  "score5": 0.07952318269771469,
  "score6": 0.06457265978985409
}