{
  "score0": 0.07360067091224926,
  "score1": 0.05636180425555505,
  "score2": 0.02054373641445186,
  "score3": 0.02040561554457347,
  "score4": 0.1856378776528824,
  "score5": 0.18357483874467928,
  "score6": 0.22316606278966603
}