{
  "score0": 0.3547831117447529,
  "score1": 0.16289399058671017,
  "score2": 0.1538337096471207,
  "score3": 0.15526312405901213,
  "score4": 0.014606311169489683,
  "score5": 0.19967093281399442,
  "score6": 0.07744769546611978
}