{
  "score0": 0.20460011405242956,
  "score1": 0.08840948037977159,
  "score2": 0.0633447803664783,
  "score3": 0.027536115097330116,
  "score4": 0.042859061700749414,
  "score5": 0.07845529017076878,
  "score6": 0.24828774354705382
}