{
  "score0": 0.08855899545606306,
  "score1": 0.18781407571095546,
  "score2": 0.16161110221435276,
  "score3": 0.15055826785645746,
  "score4": 0.46529827834081744,
  "score5": 0.5679312277108782,
  "score6": 0.5257366351409344
}