{
  "score0": 0.39405093666414365,
  "score1": 0.259864398972809,
  "score2": 0.23918056913199529,
  "score3": 0.24164185442053276,
  "score4": 0.062050753482398975,
  "score5": 0.03182498180366192,
  "score6": 0.1900165721470571
}