{
  "score0": 0.0908243115540131,
  "score1": 0.1727811068608163,
  "score2": 0.142971547603013,
  "score3": 0.24439514424771536,
  "score4": 0.45070585163846516,
  "score5": 0.5833107613033867,
  "score6": 0.5339109383829785
}