{
  "score0": 0.1322360415289836,
  "score1": 0.3008673538597904,
  "score2": 0.327164836371959,
  "score3": 0.1672400220366068,
  "score4": 0.07150585965124566,
  "score5": 0.08205105002334116,
  "score6": 0.09008371903835209
}