{
  "score0": 0.33742964338865716,
  "score1": 0.10294634205961739,
  "score2": 0.0031171226237918254,
  "score3": 0.23522780569835208,
  "score4": 0.22850547876886554,
  "score5": 0.36043483759492606,
  "score6": 0.08611314813741315
}