{
  "score0": 0.21859568833798287,
  "score1": 0.419724028091511,
  "score2": 0.26075183335752555,
  "score3": 0.08377650366287646,
  "score4": 0.19265297577329468,
  "score5": 0.02755546436455264,
  "score6": 0.15663477107486073
}