{
  "score0": 0.12539665210809817,
  "score1": 0.2852313137445274,
  "score2": 0.5794059951812112,
  "score3": 0.46294093844693024,
  "score4": 0.45213508015633913,
  "score5": 0.2545492550760781,
  "score6": 0.2165729893989503
}