{
  "score0": 0.12539665210809817,
  "score1": 0.2852313137445274,
  "score2": 