{
  "score0": 0.29189380570679196,
  "score1": 0.3479887101368965,
  "score2": 0.10504579614512063,
  "score3": 0.08615973190430122,
  "score4": 0.1702889571760404,
  "score5": 0.26715991559599256,
  "score6": 0.042973786558518474
}