{
  "score0": 0.15173552816664718,
  "score1": 0.3175747758924501,
  "score2": 0.25335894173364926,
  "score3": 0.08147780249549917,
  "score4": 0.2522804339172577,
  "score5": 0.049500120439572325,
  "score6": 0.08737661822344756
}