{
  "score0": 0.16272858976731064,
  "score1": 0.1762696127942947,
  "score2": 0.3123858160418192,
  "score3": 0.6089696317732326,
  "score4": 0.5303332728557499,
  "score5": 0.10044372589930556,
  "score6": 0.2921982194280534
}