{
  "score0": 0.30157986741422793,
  "score1": 0.36010320997999323,
  "score2": 0.03235349459051811,
  "score3": 0.12594473958075778,
  "score4": 0.08180451365194247,
  "score5": 0.012576085445346436,
  "score6": 0.08968129806553349
}