{
  "score0": 0.07896395406208709,
  "score1": 0.03690228341635508,
  "score2": 0.07414339136007327,
  "score3": 0.179508049951711,
  "score4": 0.19529080384263145,
  "score5": 0.1673503609900848,
  "score6": 0.4001330853345984
}