{
  "score0": 0.07964409094567404,
  "score1": 0.061223403261168104,
  "score2": 0.06406156553556916,
  "score3": 0.12748564440655863,
  "score4": 0.11972365617889076,
  "score5": 0.04074305600255513,
  "score6": 0.06518223322847522
}