{
  "score0": 0.13032289833575966,
  "score1": 0.019818334200732014,
  "score2": 0.10682136269282755,
  "score3": 0.04887840304618587,
  "score4": 0.07433461537905035,
  "score5": 0.25704077604494663,
  "score6": 0.3610643438865722
}