{
  "score0": 0.22167625969317842,
  "score1": 0.19364904471263122,
  "score2": 0.3074476864425432,
  "score3": 0.4336435621396178,
  "score4": 0.4439014482754624,
  "score5": 0.6940364123713199,
  "score6": 0.2633783184644996
}