{
  "score0": 0.33742964338865716,
  "score1": 0.10776215956221158,
  "score2": 0.08297541411958988,
  "score3": 0.22850547876886554,
  "score4": 0.36043483759492606,
  "score5": 0.08611314813741315,
  "score6": 