{
  "score0": 0.09392884592663794,
  "score1": 0.19770484357757706,
  "score2": 0.32805517167138776,
  "score3": 0.2954658407004001,
  "score4": 0.12720495515335947,
  "score5": 0.12147747346942006,
  "score6": 0.25838322287180443
}