{
  "score0": 0.030142814521119936,
  "score1": 0.16492788533851402,
  "score2": 0.1450834224396521,
  "score3": 0.4959025215998601,
  "score4": 0.32623512981024955,
  "score5": 0.5545797393712123,
  "score6": 0.24863593852455712
}