{
  "score0": 0.38219530332334506,
  "score1": 0.2503014000312586,
  "score2": 0.06706891036711816,
  "score3": 0.1513814973910592,
  "score4": 0.08776417982351375,
  "score5": 0.07691173003678686,
  "score6": 0.0879631526360743
}