{
  "score0": 0.07693585481891892,
  "score1": 0.061223403261168104,
  "score2": 0.06406156553556916,
  "score3": 0.07911145229691995,
  "score4": 0.125957850958943,
  "score5": 0.03332569783804514,
  "score6": 0.007263128479988948
}