{
  "score0": 0.06756166777169284,
  "score1": 0.013993830247746863,
  "score2": 0.12241935041462901,
  "score3": 0.16374628321408094,
  "score4": 0.22588963397396608,
  "score5": 0.18139668279385815,
  "score6": 0.20531060159505374
}