{
  "score0": 0.39586901062243507,
  "score1": 0.22745633933412682,
  "score2": 0.11544032926084968,
  "score3": 0.09573755420733716,
  "score4": 0.09827921939086336,
  "score5": 0.42501218844867045,
  "score6": 0.19427270082398648
}