{
  "score0": 0.39050364712118885,
  "score1": 0.24579891719427058,
  "score2": 0.16738215242138466,
  "score3": 0.20355149386447483,
  "score4": 0.21963391310812116,
  "score5": 0.06275106036102256,
  "score6": 0.06135378843409852
}