{
  "score0": 0.03768588728039596,
  "score1": 0.012114545268326246,
  "score2": 0.08336725219640967,
  "score3": 0.22588963397396608,
  "score4": 0.18139668279385815,
  "score5": 0.20531060159505374,
  "score6": 0.1960219882043993
}