{
  "score0": 0.10218729875194449,
  "score1": 0.16397091556935992,
  "score2": 0.30187869883868446,
  "score3": 0.2737470257057458,
  "score4": 0.11613469801586945,
  "score5": 0.0928197354045862,
  "score6": 0.05808590971338634
}