{
  "score0": 0.059725549747294285,
  "score1": 0.027563837341316202,
  "score2": 0.07637842399977579,
  "score3": 0.09785157316206179,
  "score4": 0.22681333963318928,
  "score5": 0.15356746912297023,
  "score6": 0.21784852048313308
}