{
  "score0": 0.07896395406208709,
  "score1": 0.03690228341635508,
  "score2": 0.1315488086008636,
  "score3": 0.14821561729352364,
  "score4": 0.17653222905801857,
  "score5": 0.2546017213315542,
  "score6": 0.36554867444429306
}