{
  "score0": 0.18385729065814535,
  "score1": 0.09563578301103703,
  "score2": 0.05725175152185436,
  "score3": 0.07948141469511245,
  "score4": 0.007055305806313447,
  "score5": 0.14057995982545116,
  "score6": 0.2750436574531592
}