{
  "score0": 0.07682670523094642,
  "score1": 0.07173430514851445,
  "score2": 0.039978725782438676,
  "score3": 0.040311866294859354,
  "score4": 0.15171698493840827,
  "score5": 0.01965586743845867,
  "score6": 0.13922898793126637
}