{
  "score0": 0.6086276337972204,
  "score1": 0.09052676659953784,
  "score2": 0.20324126399367617,
  "score3": 0.11742061788257353,
  "score4": 0.21732722429044374,
  "score5": 0.2171876730683967,
  "score6": 0.1177103185646946
}