{
  "score0": 0.19850832629901222,
  "score1": 0.44452291631508656,
  "score2": 0.3853162439739335,
  "score3": 0.02616687524781834,
  "score4": 0.6992073645373743,
  "score5": 0.5590908232024181,
  "score6": 0.17313029953256132
}