{
  "score0": 0.20736203383177876,
  "score1": 0.24530155988457691,
  "score2": 0.11003324199536302,
  "score3": 0.7628511581654983,
  "score4": 0.13441180861901234,
  "score5": 0.15178321139524073,
  "score6": 0.6982892634279767
}