{
  "score0": 0.1028325172141928,
  "score1": 0.026619041920334874,
  "score2": 0.07561189423968147,
  "score3": 0.41348249987211433,
  "score4": 0.32018030015892934,
  "score5": 0.32140610824846794,
  "score6": 0.23864960852060527
}