{
  "score0": 0.25189109958961814,
  "score1": 0.8239806360420451,
  "score2": 0.14006714587515318,
  "score3": 0.21767138819685825,
  "score4": 0.07842676323116883,
  "score5": 0.2593486412684064,
  "score6": 0.21692985404885
}