{
  "score0": 0.1302410658455286,
  "score1": 0.6239688183479288,
  "score2": 0.20778162744364465,
  "score3": 0.25281446265798196,
  "score4": 0.6058151161644197,
  "score5": 0.6164843062193625,
  "score6": 0.4518505997514641
}