{
  "score0": 0.3629269107407495,
  "score1": 0.7378359166627791,
  "score2": 0.21345302330406202,
  "score3": 0.2327305555565962,
  "score4": 0.18924156499654088,
  "score5": 0.16246319426331915,
  "score6": 0.09699891099942386
}