{
  "score0": 0.6546947101195562,
  "score1": 0.09269129145944124,
  "score2": 0.057771415009218806,
  "score3": 0.06616782744500521,
  "score4": 0.19250643231497003,
  "score5": 0.19143640098312723,
  "score6": 0.221208999404924
}