{
  "score0": 0.12687372096046848,
  "score1": 0.5995704210758608,
  "score2": 0.3823714445906715,
  "score3": 0.3429562613858108,
  "score4": 0.6054099429274427,
  "score5": 0.20121305932459346,
  "score6": 0.1803101727420725
}