{
  "score0": 0.6479214227032044,
  "score1": 0.36529866908917547,
  "score2": 0.5628465678464941,
  "score3": 0.7594757807630614,
  "score4": 0.2762323746454215,
  "score5": 0.24491252179484868,
  "score6": 0.25651432002324726
}