{
  "score0": 0.6220627730714472,
  "score1": 0.47430553719570145,
  "score2": 0.5649875125210135,
  "score3": 0.5493227063173934,
  "score4": 0.2209761043487608,
  "score5": 0.258907663575465,
  "score6": 0.23057592287024312
}