{
  "score0": 0.45432963873869986,
  "score1": 0.17084360531844706,
  "score2": 0.8095218657085141,
  "score3": 0.2254992625688943,
  "score4": 0.2911396283138095,
  "score5": 0.2450496408398938,
  "score6": 0.0856775142846314
}