{
  "score0": 0.769575919521814,
  "score1": 0.15947732321916902,
  "score2": 0.13849598446478537,
  "score3": 0.2174566656237007,
  "score4": 0.3033832643875865,
  "score5": 0.12936403821214068,
  "score6": 0.308420754575278
}