{
  "score0": 0.6215804519666533,
  "score1": 0.2158912166016147,
  "score2": 0.7988860004435495,
  "score3": 0.04499365866895321,
  "score4": 0.06630041611563423,
  "score5": 0.2319364672598052,
  "score6": 0.23013649475450948
}