{
  "score0": 0.4285528469534616,
  "score1": 0.30540240062671203,
  "score2": 0.13617929271535575,
  "score3": 0.1532052159297158,
  "score4": 0.3871461470923187,
  "score5": 0.6136578411479364,
  "score6": 0.20718195810746953
}