{
  "score0": 0.20458760753423705,
  "score1": 0.05245803821217996,
  "score2": 0.6949233807961713,
  "score3": 0.1568201821482881,
  "score4": 0.35197300451641717,
  "score5": 0.615599893873215,
  "score6": 0.2736699948513878
}