{
  "score0": 0.2577039375605478,
  "score1": 0.10181174953170928,
  "score2": 0.6252659645126428,
  "score3": 0.12998708575647633,
  "score4": 0.11617187507903375,
  "score5": 0.6646882274371966,
  "score6": 0.47464731667145227
}