{
  "score0": 0.10131264151363144,
  "score1": 0.1092498706660809,
  "score2": 0.006735693455404393,
  "score3": 0.1113356703767448,
  "score4": 0.3595763625406913,
  "score5": 0.310296655168433,
  "score6": 0.2454053263889895
}