{
  "score0": 0.09927614220622358,
  "score1": 0.35073142147054065,
  "score2": 0.2407344600578355,
  "score3": 0.021999409270816523,
  "score4": 0.0073990386335173125,
  "score5": 0.18572883953385888,
  "score6": 0.030554520749529412
}