{
  "score0": 0.34062403944940867,
  "score1": 0.732970558816421,
  "score2": 0.2434692245048617,
  "score3": 0.21767138819685825,
  "score4": 0.07842676323116883,
  "score5": 0.2593486412684064,
  "score6": 0.21692985404885
}