{
  "score0": 0.2844222818343362,
  "score1": 0.11475516843454467,
  "score2": 0.39713356843753755,
  "score3": 0.11617187507903375,
  "score4": 0.6646882274371966,
  "score5": 0.47464731667145227,
  "score6": 0.6799714897730604
}