{
  "score0": 0.4484810722424141,
  "score1": 0.2655513789536978,
  "score2": 0.20161403856872526,
  "score3": 0.5733049285699093,
  "score4": 0.4678715430097859,
  "score5": 0.31996971712590117,
  "score6": 0.27563538323936637
}