{
  "score0": 0.10488673242928367,
  "score1": 0.04725479294366768,
  "score2": 0.08419200035161585,
  "score3": 0.4112452028571559,
  "score4": 0.28385664477131173,
  "score5": 0.31854072894272195,
  "score6": 0.25726647989138196
}