{
  "score0": 0.6174004042432191,
  "score1": 0.3426038633409207,
  "score2": 0.19490562011531898,
  "score3": 0.6841964731274518,
  "score4": 0.2331415139416536,
  "score5": 0.34539475851492946,
  "score6": 0.23119753792004238
}