{
  "score0": 0.5396348307575667,
  "score1": 0.09052676659953784,
  "score2": 0.20324126399367617,
  "score3": 0.09660886517356392,
  "score4": 0.19250643231497003,
  "score5": 0.19143640098312723,
  "score6": 0.221208999404924
}