{
  "score0": 0.16394781874057804,
  "score1": 0.3884736827663854,
  "score2": 0.2799021173893218,
  "score3": 0.26318397051266906,
  "score4": 0.08611013276981629,
  "score5": 0.10807955498264173,
  "score6": 0.05843290470914553
}