{
  "score0": 0.044130199318600606,
  "score1": 0.07634374505875675,
  "score2": 0.3504725415544954,
  "score3": 0.1656973149979615,
  "score4": 0.09485346540831592,
  "score5": 0.07448448864950032,
  "score6": 0.180078585612077
}