{
  "score0": 0.7545780956764717,
  "score1": 0.12474557322001734,
  "score2": 0.16829393026991496,
  "score3": 0.3033832643875865,
  "score4": 0.12936403821214068,
  "score5": 0.308420754575278,
  "score6": 0.15360018312061974
}