{
  "score0": 0.16394781874057804,
  "score1": 0.4027126020544598,
  "score2": 0.29384055030007583,
  "score3": 0.26318397051266906,
  "score4": 0.08611013276981629,
  "score5": 0.10807955498264173,
  "score6": 0.05843290470914553
}