{
  "score0": 0.6086276337972204,
  "score1": 0.07966605033164212,
  "score2": 0.28079940238806,
  "score3": 0.11742061788257353,
  "score4": 0.21732722429044374,
  "score5": 0.2171876730683967,
  "score6": 0.1177103185646946
}