{
  "score0": 0.43668259386613456,
  "score1": 0.2810646528999291,
  "score2": 0.09035824050605228,
  "score3": 0.02045253398973446,
  "score4": 0.10704845196453228,
  "score5": 0.14424258386523217,
  "score6": 0.7005125854354315
}