{
  "score0": 0.43668259386613456,
  "score1": 0.2810646528999291,
  "score2": 0.08223301307924788,
  "score3": 0.04970841541956778,
  "score4": 0.07047880482907971,
  "score5": 0.3609253272011998,
  "score6": 0.5417280453902865
}