{
  "score0": 0.48395266713122587,
  "score1": 0.2844222818343362,
  "score2": 0.11475516843454467,
  "score3": 0.1996050353711775,
  "score4": 0.08634529533271852,
  "score5": 0.2999755899223487,
  "score6": 0.4633444279914092
}