{
  "score0": 0.30813034741698464,
  "score1": 0.1523615982612742,
  "score2": 0.610158216121983,
  "score3": 0.11570527196601839,
  "score4": 0.0009497795981064484,
  "score5": 0.4804822186785978,
  "score6": 0.5480094816765443
}