{
  "score0": 0.2044033651548433,
  "score1": 0.05245803821217996,
  "score2": 0.7605868563124698,
  "score3": 0.32074168163883643,
  "score4": 0.08388498979677601,
  "score5": 0.7220722703264517,
  "score6": 0.440137992374924
}