{
  "score0": 0.19750798659917632,
  "score1": 0.09801347460366225,
  "score2": 0.7272586890655779,
  "score3": 0.0941331901938548,
  "score4": 0.2438218902013892,
  "score5": 0.8375320284952146,
  "score6": 0.05902958789371882
}