{
  "score0": 0.15127730331167052,
  "score1": 0.38411252300819027,
  "score2": 0.2564418138141941,
  "score3": 0.29249820447586533,
  "score4": 0.062112080246013356,
  "score5": 0.14993020573044605,
  "score6": 0.0068865522855674184
}