{
  "score0": 0.1302410658455286,
  "score1": 0.5841277251525554,
  "score2": 0.32855217326292047,
  "score3": 0.046992899420968244,
  "score4": 0.6382261323434221,
  "score5": 0.6718061154092646,
  "score6": 0.5512322564470834
}