{
  "score0": 0.14225018012876245,
  "score1": 0.6496780953518252,
  "score2": 0.3671464691071943,
  "score3": 0.1768276974565528,
  "score4": 0.8356668872989405,
  "score5": 0.40792845539334405,
  "score6": 0.2568031888691702
}