{
  "score0": 0.1399621513648162,
  "score1": 0.683386973757027,
  "score2": 0.4162009527576588,
  "score3": 0.40963999382988864,
  "score4": 0.6353852313871061,
  "score5": 0.24117746951065092,
  "score6": 0.20033584468355062
}