{
  "score0": 0.4285528469534616,
  "score1": 0.30091405744794775,
  "score2": 0.1318869469133213,
  "score3": 0.007384958099602074,
  "score4": 0.1532052159297158,
  "score5": 0.3871461470923187,
  "score6": 0.6136578411479364
}