{
  "score0": 0.441608904220345,
  "score1": 0.2655513789536978,
  "score2": 0.2675406692578602,
  "score3": 0.648193581118607,
  "score4": 0.4030606106541292,
  "score5": 0.675498398375178,
  "score6": 0.14924482740012146
}