{
  "score0": 0.10344134471537711,
  "score1": 0.22580539167567318,
  "score2": 0.008661657131492874,
  "score3": 0.25990443820061465,
  "score4": 0.17875306142339767,
  "score5": 0.23029430219674873,
  "score6": 0.10637671397545319
}