{
  "score0": 0.15701475668094017,
  "score1": 0.6497118152112767,
  "score2": 0.8981629778078366,
  "score3": 0.25703728487246635,
  "score4": 0.8078862910455679,
  "score5": 0.7906969467023632,
  "score6": 0.27526024359804885
}