{
  "score0": 0.19627922569903372,
  "score1": 0.03973116616864221,
  "score2": 0.7492593644775035,
  "score3": 0.1568201821482881,
  "score4": 0.35197300451641717,
  "score5": 0.615599893873215,
  "score6": 0.2736699948513878
}