{
  "score0": 0.21222353889752382,
  "score1": 0.08011009626220858,
  "score2": 0.6354470061467271,
  "score3": 0.08388498979677601,
  "score4": 0.7220722703264517,
  "score5": 0.440137992374924,
  "score6": 0.3084605030167413
}