{
  "score0": 0.30410062462968235,
  "score1": 0.1523615982612742,
  "score2": 0.610158216121983,
  "score3": 0.1301067522883204,
  "score4": 0.02727062984228369,
  "score5": 0.4622553081334116,
  "score6": 0.45508790410101313
}