{
  "score0": 0.23293833550019127,
  "score1": 0.814457771245294,
  "score2": 0.22254263842253294,
  "score3": 0.33882633665898093,
  "score4": 0.09635535385058853,
  "score5": 0.28602155459655293,
  "score6": 0.08994587466575994
}