{
  "score0": 0.09801347460366225,
  "score1": 0.7272586890655779,
  "score2": 0.24511286793355544,
  "score3": 0.8356668872989405,
  "score4": 0.40792845539334405,
  "score5": 0.2568031888691702,
  "score6": 0.14474381685413154
}