{
  "score0": 0.4085434795083053,
  "score1": 0.27356799501545387,
  "score2": 0.3122651973508362,
  "score3": 0.4991400794095581,
  "score4": 0.41089648106750953,
  "score5": 0.18554166956037432,
  "score6": 0.08048652378677278
}