{
  "score0": 0.6220627730714472,
  "score1": 0.47430553719570145,
  "score2": 0.19490562011531898,
  "score3": 0.7130743312134803,
  "score4": 0.2000109271278413,
  "score5": 0.2571417662028197,
  "score6": 0.20376794804382295
}