{
  "score0": 0.044130199318600606,
  "score1": 0.07642933203278504,
  "score2": 0.3536941261779926,
  "score3": 0.20072042504654933,
  "score4": 0.09587559747049997,
  "score5": 0.09182182382524236,
  "score6": 0.10092008074722707
}