{
  "score0": 0.7545780956764717,
  "score1": 0.14103021821996783,
  "score2": 0.04888340793614197,
  "score3": 0.2174566656237007,
  "score4": 0.3033832643875865,
  "score5": 0.12936403821214068,
  "score6": 0.308420754575278
}