{
  "score0": 0.16697745977007844,
  "score1": 0.5841277251525554,
  "score2": 0.32855217326292047,
  "score3": 0.034980328952376565,
  "score4": 0.7118599304808858,
  "score5": 0.5265653358393858,
  "score6": 0.5047683970231743
}