{
  "score0": 0.19627922569903372,
  "score1": 0.03973116616864221,
  "score2": 0.8508153137902648,
  "score3": 0.1471274148421764,
  "score4": 0.09034642220025775,
  "score5": 0.8360910508424183,
  "score6": 0.28256057250571
}