{
  "score0": 0.45870770159149765,
  "score1": 0.3256447451035676,
  "score2": 0.09035824050605228,
  "score3": 0.03404546291699068,
  "score4": 0.07770292612545096,
  "score5": 0.08704209175031385,
  "score6": 0.6045114092592503
}