{
  "score0": 0.042384273962754765,
  "score1": 0.07642933203278504,
  "score2": 0.3536941261779926,
  "score3": 0.16163605452037855,
  "score4": 0.12009047764578366,
  "score5": 0.16812468036877878,
  "score6": 0.056569289091901155
}