{
  "score0": 0.04239090027712011,
  "score1": 0.08195427322310542,
  "score2": 0.3645527004996806,
  "score3": 0.16163605452037855,
  "score4": 0.12009047764578366,
  "score5": 0.16812468036877878,
  "score6": 0.056569289091901155
}