{
  "score0": 0.30410062462968235,
  "score1": 0.1425128398746554,
  "score2": 0.5771162482753145,
  "score3": 0.09856001661881365,
  "score4": 0.039477847243387675,
  "score5": 0.5791479242335748,
  "score6": 0.5921167449064816
}