{
  "score0": 0.7474737317069161,
  "score1": 0.09269129145944124,
  "score2": 0.057771415009218806,
  "score3": 0.05921913006196213,
  "score4": 0.1672140462382298,
  "score5": 0.27715154486989785,
  "score6": 0.29748545583034064
}