{
  "score0": 0.17841998388647384,
  "score1": 0.03973116616864221,
  "score2": 0.8508153137902648,
  "score3": 0.12028395685619282,
  "score4": 0.1010442246928533,
  "score5": 0.7411477838783972,
  "score6": 0.33097172925667667
}