{
  "score0": 0.2044033651548433,
  "score1": 0.08646525527486994,
  "score2": 0.6354470061467271,
  "score3": 0.08388498979677601,
  "score4": 0.7220722703264517,
  "score5": 0.440137992374924,
  "score6": 0.3084605030167413
}