{
  "score0": 0.44452291631508656,
  "score1": 0.2889743667443629,
  "score2": 0.3122651973508362,
  "score3": 0.4991400794095581,
  "score4": 0.41089648106750953,
  "score5": 0.18554166956037432,
  "score6": 0.08048652378677278
}