{
  "score0": 0.0738184076533567,
  "score1": 0.08960933888467534,
  "score2": 0.36134535308032556,
  "score3": 0.1839405852181161,
  "score4": 0.16795635377033677,
  "score5": 0.23780741090397164,
  "score6": 0.16519382433835375
}