{
  "score0": 0.4324810121135722,
  "score1": 0.30091405744794775,
  "score2": 0.11998638254040155,
  "score3": 0.04970841541956778,
  "score4": 0.07047880482907971,
  "score5": 0.3609253272011998,
  "score6": 0.5417280453902865
}