{
  "score0": 0.3449139672689422,
  "score1": 0.13677469327790862,
  "score2": 0.6017893486791319,
  "score3": 0.08553589974120579,
  "score4": 0.013108944162492794,
  "score5": 0.5453621278761861,
  "score6": 0.5419231585527334
}