{
  "score0": 0.0738184076533567,
  "score1": 0.07334549391193931,
  "score2": 0.2726660149317754,
  "score3": 0.23780741090397164,
  "score4": 0.16519382433835375,
  "score5": 0.09330946518354728,
  "score6": 0.05675555925692702
}