{
  "score0": 0.12917968792976559,
  "score1": 0.6496780953518252,
  "score2": 0.3483328707001077,
  "score3": 0.47156492383847065,
  "score4": 0.7602779740867156,
  "score5": 0.6495865533249464,
  "score6": 0.21854570216106614
}