{
  "score0": 0.0738184076533567,
  "score1": 0.08960933888467534,
  "score2": 0.34649118898853143,
  "score3": 0.14979134664411398,
  "score4": 0.19849408881980524,
  "score5": 0.1890366531930371,
  "score6": 0.19151390915308483
}