{
  "score0": 0.29493296177346107,
  "score1": 0.769575919521814,
  "score2": 0.14006714587515318,
  "score3": 0.2277237492775961,
  "score4": 0.18103687345025812,
  "score5": 0.23047087675255015,
  "score6": 0.042485913465892276
}