{
  "score0": 0.13115117431481277,
  "score1": 0.5840889716505332,
  "score2": 0.8981629778078366,
  "score3": 0.0274700715527819,
  "score4": 0.7306555295573419,
  "score5": 0.12417840065176211,
  "score6": 0.3580067732906321
}