{
  "score0": 0.16807145020993236,
  "score1": 0.3884736827663854,
  "score2": 0.2799021173893218,
  "score3": 0.2600988194591172,
  "score4": 0.029203744847602704,
  "score5": 0.04603686153972373,
  "score6": 0.04344963291494702
}