{
  "score0": 0.1868156916153923,
  "score1": 0.15447449014111536,
  "score2": 0.016545439998138317,
  "score3": 0.17690119061050544,
  "score4": 0.24326327034945824,
  "score5": 0.11816259576564286,
  "score6": 0.05375601842037157
}