{
  "score0": 0.05515870988974207,
  "score1": 0.0798559357090747,
  "score2": 0.2726660149317754,
  "score3": 0.23780741090397164,
  "score4": 0.16519382433835375,
  "score5": 0.09330946518354728,
  "score6": 0.05675555925692702
}