{
  "score0": 0.04238349760059828,
  "score1": 0.08195427322310542,
  "score2": 0.3645527004996806,
  "score3": 0.23867381167996235,
  "score4": 0.2736813907704985,
  "score5": 0.022082388773976794,
  "score6": 0.09584912489691659
}