{
  "score0": 0.6660038262735077,
  "score1": 0.11439839736775037,
  "score2": 0.6383298113922395,
  "score3": 0.2911396283138095,
  "score4": 0.2450496408398938,
  "score5": 0.0856775142846314,
  "score6": 0.25824380236761457
}