{
  "score0": 0.6735143456793871,
  "score1": 0.344495543011608,
  "score2": 0.7697357814022958,
  "score3": 0.07365594085387833,
  "score4": 0.1745601159489336,
  "score5": 0.24434505802313908,
  "score6": 0.3156657465456658
}