{
  "score0": 0.17208837534235988,
  "score1": 0.48680444219802954,
  "score2": 0.32855217326292047,
  "score3": 0.034980328952376565,
  "score4": 0.7118599304808858,
  "score5": 0.5265653358393858,
  "score6": 0.5047683970231743
}