{
  "score0": 0.4484810722424141,
  "score1": 0.2655513789536978,
  "score2": 0.2675406692578602,
  "score3": 0.6782914768144245,
  "score4": 0.4581120134997368,
  "score5": 0.38375581227144395,
  "score6": 0.28608231082681196
}