{
  "score0": 0.09927614220622358,
  "score1": 0.37220665625226357,
  "score2": 0.1852691933146988,
  "score3": 0.2319788995852928,
  "score4": 0.021999409270816523,
  "score5": 0.0073990386335173125,
  "score6": 0.18572883953385888
}