{
  "score0": 0.20018383464956835,
  "score1": 0.07064725940958384,
  "score2": 0.8581097968273934,
  "score3": 0.0941331901938548,
  "score4": 0.1010442246928533,
  "score5": 0.7411477838783972,
  "score6": 0.33097172925667667
}