{
  "score0": 0.6959710626311384,
  "score1": 0.32823173691917074,
  "score2": 0.7697357814022958,
  "score3": 0.07365594085387833,
  "score4": 0.13807936433667659,
  "score5": 0.0830851108452952,
  "score6": 0.14027979339024432
}