{
  "score0": 0.1868156916153923,
  "score1": 0.15447449014111536,
  "score2": 0.006735693455404393,
  "score3": 0.1363234748956689,
  "score4": 0.24499453241434002,
  "score5": 0.17023915857095206,
  "score6": 0.0009810770512503246
}