{
  "score0": 0.1315817234029521,
  "score1": 0.6207102986762398,
  "score2": 0.22461000594955297,
  "score3": 0.0403107922862706,
  "score4": 0.5959284554717312,
  "score5": 0.5929651382029876,
  "score6": 0.6037086907844843
}