{
  "score0": 0.07966605033164212,
  "score1": 0.28079940238806,
  "score2": 0.17972199089121438,
  "score3": 0.17875306142339767,
  "score4": 0.23029430219674873,
  "score5": 0.10637671397545319,
  "score6": 0.08479195224560022
}