{
  "score0": 0.4085434795083053,
  "score1": 0.2661520017796556,
  "score2": 0.15847200667964076,
  "score3": 0.618421071591752,
  "score4": 0.4991400794095581,
  "score5": 0.41089648106750953,
  "score6": 0.18554166956037432
}