{
  "score0": 0.12493265537425528,
  "score1": 0.05515870988974207,
  "score2": 0.0798559357090747,
  "score3": 0.46610110580687314,
  "score4": 0.20938634167672668,
  "score5": 0.16538626978349633,
  "score6": 0.15895278673756028
}