{
  "score0": 0.11063994881501624,
  "score1": 0.37220665625226357,
  "score2": 0.1944152649132365,
  "score3": 0.2322502904651396,
  "score4": 0.11016521304332082,
  "score5": 0.09544531586881559,
  "score6": 0.21300122607987135
}