{
  "score0": 0.6215804519666533,
  "score1": 0.2158912166016147,
  "score2": 0.7376021855726743,
  "score3": 0.05153133801501961,
  "score4": 0.10800158689934651,
  "score5": 0.25794020790080696,
  "score6": 0.1633686224172041
}