{
  "score0": 0.45432963873869986,
  "score1": 0.20671134723380752,
  "score2": 0.6383298113922395,
  "score3": 0.2911396283138095,
  "score4": 0.2450496408398938,
  "score5": 0.0856775142846314,
  "score6": 0.25824380236761457
}