{
  "score0": 0.19627922569903372,
  "score1": 0.037629534565052206,
  "score2": 0.6949233807961713,
  "score3": 0.1568201821482881,
  "score4": 0.35197300451641717,
  "score5": 0.615599893873215,
  "score6": 0.2736699948513878
}