{
  "score0": 0.14402053749901322,
  "score1": 0.13408914680691414,
  "score2": 0.03973515979114344,
  "score3": 0.14451010969603306,
  "score4": 0.42076780444740164,
  "score5": 0.31602397490252315,
  "score6": 0.2593360102907874
}