{
  "score0": 0.6479214227032044,
  "score1": 0.3823714445906715,
  "score2": 0.45738819851216045,
  "score3": 0.2762323746454215,
  "score4": 0.24491252179484868,
  "score5": 0.25651432002324726,
  "score6": 0.24374133275493323
}