{
  "score0": 0.11736856033854995,
  "score1": 0.04725479294366768,
  "score2": 0.08419200035161585,
  "score3": 0.40684583363882604,
  "score4": 0.1473684359857836,
  "score5": 0.2736813907704985,
  "score6": 0.1943748462185025
}