{
  "score0": 0.12663488712869736,
  "score1": 0.22580539167567318,
  "score2": 0.016545439998138317,
  "score3": 0.17690119061050544,
  "score4": 0.24326327034945824,
  "score5": 0.11816259576564286,
  "score6": 0.05375601842037157
}