{
  "score0": 0.051599456065730756,
  "score1": 0.08829617892179811,
  "score2": 0.03869014502393955,
  "score3": 0.0008990468348099431,
  "score4": 0.03867035976766776,
  "score5": 0.07885519290468125,
  "score6": 0.02633129885375064
}