{
  "score0": 0.05841532832514794,
  "score1": 0.03728335144108187,
  "score2": 0.12176459446521842,
  "score3": 0.23893469556142155,
  "score4": 0.19346622754720857,
  "score5": 0.1794980262620218,
  "score6": 0.11816651476522873
}