{
  "score0": 0.11536946521643467,
  "score1": 0.003459115733402754,
  "score2": 0.0451588357359589,
  "score3": 0.06595337215196512,
  "score4": 0.08480734618790238,
  "score5": 0.06429168699694801,
  "score6": 0.12167794490797247
}