{
  "score0": 0.08412166205165907,
  "score1": 0.043339002588625525,
  "score2": 0.15577443869890226,
  "score3": 0.22825822331281476,
  "score4": 0.11195776534745959,
  "score5": 0.12509702653233834,
  "score6": 0.06281022581299371
}