{
  "score0": 0.11737342693778144,
  "score1": 0.07175521119277178,
  "score2": 0.10875526785801368,
  "score3": 0.03795295344024411,
  "score4": 0.02607320084716902,
  "score5": 0.08504511655796365,
  "score6": 0.042905027857019974
}