{
  "score0": 0.16756812614368072,
  "score1": 0.2527287501478725,
  "score2": 0.3008078335276287,
  "score3": 0.04753581424150932,
  "score4": 0.047037087987305305,
  "score5": 0.03970188353092317,
  "score6": 0.06375006872691018
}