{
  "score0": 0.03525307713131053,
  "score1": 0.048889199612092524,
  "score2": 0.04863448093646331,
  "score3": 0.08597239893872866,
  "score4": 0.11954175269701439,
  "score5": 0.13123904507477357,
  "score6": 0.3424954816950281
}