{
  "score0": 0.16756812614368072,
  "score1": 0.2527287501478725,
  "score2": 0.3271395519979589,
  "score3": 0.07473940253670373,
  "score4": 0.04559189517999752,
  "score5": 0.03831139905086887,
  "score6": 0.06916510043305434
}