{
  "score0": 0.15126086594540442,
  "score1": 0.14880534974029638,
  "score2": 0.15599531643537157,
  "score3": 0.08437803777297388,
  "score4": 0.018819233895612544,
  "score5": 0.19403731482630307,
  "score6": 0.2750038269311355
}