{
  "score0": 0.023505940772938973,
  "score1": 0.10194248768693004,
  "score2": 0.14800427599259358,
  "score3": 0.2414071333874833,
  "score4": 0.17272437118891437,
  "score5": 0.12310150143185654,
  "score6": 0.09495989562814235
}