{
  "score0": 0.12490599922496541,
  "score1": 0.0135832932136125,
  "score2": 0.020264678568849573,
  "score3": 0.09184456624031904,
  "score4": 0.04059529172066858,
  "score5": 0.020749314735553318,
  "score6": 0.17327440790131654
}