{
  "score0": 0.041414072584566045,
  "score1": 0.08882743930715425,
  "score2": 0.03357657983579781,
  "score3": 0.039545074595854775,
  "score4": 0.10343538268189938,
  "score5": 0.058421203903226616,
  "score6": 0.02853733199985826
}