{
  "score0": 0.01225006971452379,
  "score1": 0.10976640374413038,
  "score2": 0.19896873199083365,
  "score3": 0.1797818213497723,
  "score4": 0.20494981069526705,
  "score5": 0.11126763134982547,
  "score6": 0.040232405245390984
}