{
  "score0": 0.1660821369611792,
  "score1": 0.21196717558695843,
  "score2": 0.29577881571270437,
  "score3": 0.06497438100498173,
  "score4": 0.053277579466881185,
  "score5": 0.025655188214969482,
  "score6": 0.05374709841395636
}