{
  "score0": 0.14880534974029638,
  "score1": 0.15599531643537157,
  "score2": 0.05270938845326801,
  "score3": 0.18410870763326584,
  "score4": 0.28815918836813986,
  "score5": 0.2140186338999794,
  "score6": 0.22542607472584017
}