{
  "score0": 0.016624776353035445,
  "score1": 0.04218278139945267,
  "score2": 0.06844998768351059,
  "score3": 0.12265917659856902,
  "score4": 0.2593857734250771,
  "score5": 0.1938149123190153,
  "score6": 0.07101983667274055
}