{
  "score0": 0.021984480318031817,
  "score1": 0.11240140519382615,
  "score2": 0.16268590634390692,
  "score3": 0.19802335807829238,
  "score4": 0.2770409843120512,
  "score5": 0.2005459364371389,
  "score6": 0.06805303954062071
}