{
  "score0": 0.0518986283389816,
  "score1": 0.08829617892179811,
  "score2": 0.03869014502393955,
  "score3": 0.007009350882632001,
  "score4": 0.060261481707933294,
  "score5": 0.05441239841747866,
  "score6": 0.0009614531223409818
}