{
  "score0": 0.11919363206500985,
  "score1": 0.001001688456625,
  "score2": 0.070459665801456,
  "score3": 0.08189889275533713,
  "score4": 0.014005989030011172,
  "score5": 0.020616180697903604,
  "score6": 0.11348007521374147
}