{
  "score0": 0.13988604017607198,
  "score1": 0.07622746294119773,
  "score2": 0.027211749614031888,
  "score3": 0.19656787464384662,
  "score4": 0.1820050102894606,
  "score5": 0.14098665842127567,
  "score6": 0.046794613446009374
}