{
  "score0": 0.13088265378707548,
  "score1": 0.1697193890920411,
  "score2": 0.11852743702841259,
  "score3": 0.1287715354617641,
  "score4": 0.0732331637101868,
  "score5": 0.17671806112131339,
  "score6": 0.06192788129920942
}