{
  "score0": 0.1102897561578221,
  "score1": 0.03014686592109765,
  "score2": 0.09114870660431214,
  "score3": 0.007047678648939144,
  "score4": 0.03843433027986317,
  "score5": 0.12672904568803992,
  "score6": 0.007038008777568376
}