{
  "score0": 0.3261078968886473,
  "score1": 0.13316033890306983,
  "score2": 0.06755109598376358,
  "score3": 0.1909308458313853,
  "score4": 0.11536584142890031,
  "score5": 0.15527675369147087,
  "score6": 0.1995230863791241
}