{
  "score0": 0.22630427958871904,
  "score1": 0.1622461271426521,
  "score2": 0.13729812560170326,
  "score3": 0.11918882474809168,
  "score4": 0.17780662643998443,
  "score5": 0.04856582876128931,
  "score6": 0.000997
}