{
  "score0": 0.2923974868579986,
  "score1": 0.13190769152075021,
  "score2": 0.1000734768927375,
  "score3": 0.08700077735974414,
  "score4": 0.10751582354049949,
  "score5": 0.1411735533344123,
  "score6": 0.21713647316102916
}