{
  "score0": 0.1102897561578221,
  "score1": 0.026750419327946553,
  "score2": 0.11759783511494791,
  "score3": 0.0009210476003277075,
  "score4": 0.03843433027986317,
  "score5": 0.12672904568803992,
  "score6": 0.007038008777568376
}