{
  "score0": 0.02276485668979149,
  "score1": 0.05009950505541079,
  "score2": 0.03357657983579781,
  "score3": 0.039545074595854775,
  "score4": 0.10343538268189938,
  "score5": 0.058421203903226616,
  "score6": 0.02853733199985826
}