{
  "score0": 0.03439075920254194,
  "score1": 0.07505723276597122,
  "score2": 0.07233399283365212,
  "score3": 0.12265917659856902,
  "score4": 0.2593857734250771,
  "score5": 0.1938149123190153,
  "score6": 0.07101983667274055
}