{
  "score0": 0.019418278772839904,
  "score1": 0.099379723594299,
  "score2": 0.18954724736309778,
  "score3": 0.20299588810022925,
  "score4": 0.18192870032637176,
  "score5": 0.030876962161291075,
  "score6": 0.033296077186449426
}