{
  "score0": 0.11919363206500985,
  "score1": 0.001001688456625,
  "score2": 0.02253559202158406,
  "score3": 0.058800465694431925,
  "score4": 0.014060400425329597,
  "score5": 0.05248260663385612,
  "score6": 0.12812241412312894
}