{
  "score0": 0.02276485668979149,
  "score1": 0.05009950505541079,
  "score2": 0.037661154449012545,
  "score3": 0.0009224462898531199,
  "score4": 0.05253658913889849,
  "score5": 0.0009557705734196207,
  "score6": 0.04108192192856281
}