{
  "score0": 0.12454292188656088,
  "score1": 0.13188914478269492,
  "score2": 0.11260279828809702,
  "score3": 0.007028870379413025,
  "score4": 0.051426613790763666,
  "score5": 0.09697000251196967,
  "score6": 0.19941896737311993
}