{
  "score0": 0.21733311613142503,
  "score1": 0.13225408908960776,
  "score2": 0.09402289698476107,
  "score3": 0.11918882474809168,
  "score4": 0.17780662643998443,
  "score5": 0.04272963272026026,
  "score6": 0.0010011675170000002
}