{
  "score0": 0.151043581225508,
  "score1": 0.34860812463343044,
  "score2": 0.12195625660025292,
  "score3": 0.05095279199212688,
  "score4": 0.007025069393105946,
  "score5": 0.07852848188141781,
  "score6": 0.09375461664564995
}