{
  "score0": 0.11336449652738169,
  "score1": 0.13125266042185335,
  "score2": 0.10677596225629299,
  "score3": 0.033872447858484006,
  "score4": 0.17003949752160039,
  "score5": 0.19935457362715825,
  "score6": 0.21689715938945067
}