{
  "score0": 0.11669885111275248,
  "score1": 0.1319201869520645,
  "score2": 0.07903472117126291,
  "score3": 0.051426613790763666,
  "score4": 0.09697000251196967,
  "score5": 0.19941896737311993,
  "score6": 0.11252651959985771
}