{
  "score0": 0.26813893632112845,
  "score1": 0.15194944268258384,
  "score2": 0.13636735495956367,
  "score3": 0.0319279799769899,
  "score4": 0.1457703535715159,
  "score5": 0.06610689853050263,
  "score6": 0.1723914127036874
}