{
  "score0": 0.14300536735967395,
  "score1": 0.07622746294119773,
  "score2": 0.04543676986403549,
  "score3": 0.20995509439908222,
  "score4": 0.1463101809255448,
  "score5": 0.18205269272509347,
  "score6": 0.04883295503731975
}