{
  "score0": 0.01225006971452379,
  "score1": 0.10976640374413038,
  "score2": 0.16268590634390692,
  "score3": 0.20307674659513583,
  "score4": 0.20704688975115718,
  "score5": 0.1801878413450223,
  "score6": 0.012590633461273773
}