{
  "score0": 0.11536946521643467,
  "score1": 0.003459115733402754,
  "score2": 0.070459665801456,
  "score3": 0.08231995196747259,
  "score4": 0.08480734618790238,
  "score5": 0.06429168699694801,
  "score6": 0.12167794490797247
}