{
  "score0": 0.10362816422852882,
  "score1": 0.12894711748437065,
  "score2": 0.0928072254900237,
  "score3": 0.03608516063319318,
  "score4": 0.17003949752160039,
  "score5": 0.19935457362715825,
  "score6": 0.21689715938945067
}