{
  "score0": 0.2819441053508524,
  "score1": 0.14138525760940146,
  "score2": 0.1166460236211929,
  "score3": 0.06837945701626158,
  "score4": 0.12883970687203838,
  "score5": 0.11296952520339036,
  "score6": 0.1720544235894883
}