{
  "score0": 0.11737342693778144,
  "score1": 0.07175521119277178,
  "score2": 0.09880170743792088,
  "score3": 0.019512005605421975,
  "score4": 0.07114187468506701,
  "score5": 0.16774565244430537,
  "score6": 0.13658302438899345
}