{
  "score0": 0.1378584241173404,
  "score1": 0.08674219893212123,
  "score2": 0.08258925987710163,
  "score3": 0.1820050102894606,
  "score4": 0.14098665842127567,
  "score5": 0.046794613446009374,
  "score6": 0.08816726877831772
}