{
  "score0": 0.034373549051085174,
  "score1": 0.07505723276597122,
  "score2": 0.07233399283365212,
  "score3": 0.1035792223040012,
  "score4": 0.22656743443088376,
  "score5": 0.1594396195142361,
  "score6": 0.027576516847789098
}