{
  "score0": 0.05461673059496689,
  "score1": 0.15799078047617923,
  "score2": 0.2377215694835262,
  "score3": 0.29537247901487157,
  "score4": 0.0972586111172014,
  "score5": 0.05112167725879654,
  "score6": 0.05219621021796631
}