{
  "score0": 0.05841532832514794,
  "score1": 0.03728335144108187,
  "score2": 0.09436088813605466,
  "score3": 0.20222014277002168,
  "score4": 0.22234418766982947,
  "score5": 0.2145289334433196,
  "score6": 0.12872798369409372
}