{
  "score0": 0.041414072584566045,
  "score1": 0.08882743930715425,
  "score2": 0.035002797448091316,
  "score3": 0.0008994713389723633,
  "score4": 0.10468091021089353,
  "score5": 0.09582259081111848,
  "score6": 0.0008951173861747539
}