{
  "score0": 0.045803385947821906,
  "score1": 0.08882743930715425,
  "score2": 0.035002797448091316,
  "score3": 0.019546469515889463,
  "score4": 0.060261481707933294,
  "score5": 0.05441239841747866,
  "score6": 0.0009614531223409818
}