{
  "score0": 0.03223309447854438,
  "score1": 0.10686438883279686,
  "score2": 0.1883605708936729,
  "score3": 0.2671445773672458,
  "score4": 0.20299588810022925,
  "score5": 0.18192870032637176,
  "score6": 0.030876962161291075
}