{
  "score0": 0.13088265378707548,
  "score1": 0.1697193890920411,
  "score2": 0.10765500178878745,
  "score3": 0.17524337508155316,
  "score4": 0.05076729037929751,
  "score5": 0.16781543893780423,
  "score6": 0.10212866603383121
}