{
  "score0": 0.03223309447854438,
  "score1": 0.10686438883279686,
  "score2": 0.21995221397521394,
  "score3": 0.2118027418306533,
  "score4": 0.1490126657580412,
  "score5": 0.14599302332136163,
  "score6": 0.0387153895390031
}