{
  "score0": 0.16212053881859423,
  "score1": 0.0840238242147941,
  "score2": 0.044660784923723405,
  "score3": 0.20092267887777182,
  "score4": 0.2034353247783898,
  "score5": 0.2023904766590219,
  "score6": 0.17305990082697187
}