{
  "score0": 0.18224050295531943,
  "score1": 0.0840238242147941,
  "score2": 0.044660784923723405,
  "score3": 0.21751451320028728,
  "score4": 0.2007528990966995,
  "score5": 0.3699804493612076,
  "score6": 0.09734764968268907
}