{
  "score0": 0.1125287226621234,
  "score1": 0.1378584241173404,
  "score2": 0.08674219893212123,
  "score3": 0.04850967841601108,
  "score4": 0.20748881475480654,
  "score5": 0.1902428067709406,
  "score6": 