{
  "score0": 0.11380163901803327,
  "score1": 0.048234810700671926,
  "score2": 0.12694077949248245,
  "score3": 0.013096286249098464,
  "score4": 0.03826325049273716,
  "score5": 0.1449254193378141,
  "score6": 0.1752148434719459
}