{
  "score0": 0.1201766304222951,
  "score1": 0.15429115198292956,
  "score2": 0.05270938845326801,
  "score3": 0.18410870763326584,
  "score4": 0.28815918836813986,
  "score5": 0.2140186338999794,
  "score6": 0.22542607472584017
}