{
  "score0": 0.14433312559888867,
  "score1": 0.1459965153850442,
  "score2": 0.14007603069078473,
  "score3": 0.10004651230546256,
  "score4": 0.03078866148534952,
  "score5": 0.12495175673817505,
  "score6": 0.25366531888076316
}