{
  "score0": 0.16212053881859423,
  "score1": 0.07636623822057015,
  "score2": 0.03460657260139935,
  "score3": 0.14084191439116725,
  "score4": 0.2034353247783898,
  "score5": 0.2023904766590219,
  "score6": 0.17305990082697187
}