{
  "score0": 0.1913002175608031,
  "score1": 0.35184706898743223,
  "score2": 0.12195625660025292,
  "score3": 0.05828882638894654,
  "score4": 0.0009293252662661251,
  "score5": 0.08523716033316352,
  "score6": 0.10923906833241154
}