{
  "score0": 0.13580831863611173,
  "score1": 0.13596952035979176,
  "score2": 0.13323002952307933,
  "score3": 0.054956883539391856,
  "score4": 0.024826706753110928,
  "score5": 0.0977763586839625,
  "score6": 0.33428703438575463
}