{
  "score0": 0.10194248768693004,
  "score1": 0.14800427599259358,
  "score2": 0.17203226140879677,
  "score3": 0.11180941764185465,
  "score4": 0.08373697244023816,
  "score5": 0.098366300760433,
  "score6": 0.03782811338192824
}