{
  "score0": 0.12490599922496541,
  "score1": 0.028988103735360808,
  "score2": 0.057842097140861616,
  "score3": 0.04059529172066858,
  "score4": 0.020749314735553318,
  "score5": 0.17327440790131654,
  "score6": 0.33349237855742064
}