{
  "score0": 0.1857147390758839,
  "score1": 0.3548291020270449,
  "score2": 0.0898801924894131,
  "score3": 0.05253123579959073,
  "score4": 0.027672161774191312,
  "score5": 0.05198481309365923,
  "score6": 0.06922932790949436
}