{
  "score0": 0.2923974868579986,
  "score1": 0.13190769152075021,
  "score2": 0.10191184246062841,
  "score3": 0.019599036496963804,
  "score4": 0.1909308458313853,
  "score5": 0.11536584142890031,
  "score6": 0.15527675369147087
}