{
  "score0": 0.1201766304222951,
  "score1": 0.14810808118559457,
  "score2": 0.10659815326085324,
  "score3": 0.07206993437271342,
  "score4": 0.22974315770979634,
  "score5": 0.23491272324272874,
  "score6": 0.13370464527417875
}