{
  "score0": 0.11583993633483307,
  "score1": 0.14775477935843714,
  "score2": 0.07731921616853876,
  "score3": 0.1553127247496057,
  "score4": 0.007372550304433088,
  "score5": 0.08135616471489947,
  "score6": 0.05820056133139905
}