{
  "score0": 0.16756812614368072,
  "score1": 0.23559602115253422,
  "score2": 0.21177638991755102,
  "score3": 0.04559189517999752,
  "score4": 0.03831139905086887,
  "score5": 0.06916510043305434,
  "score6": 0.05966528418899809
}