{
  "score0": 0.021237208778120343,
  "score1": 0.019418278772839904,
  "score2": 0.099379723594299,
  "score3": 0.14283323886442012,
  "score4": 0.25909434765426587,
  "score5": 0.30209220221466365,
  "score6": 0.10905493855079272
}