{
  "score0": 0.13088265378707548,
  "score1": 0.12868446662242858,
  "score2": 0.1455116746392061,
  "score3": 0.05076729037929751,
  "score4": 0.16781543893780423,
  "score5": 0.10212866603383121,
  "score6": 0.04668479225293689
}