{
  "score0": 0.0888928130107013,
  "score1": 0.1529473492554018,
  "score2": 0.18365148699241424,
  "score3": 0.10223917987539966,
  "score4": 0.11180941764185465,
  "score5": 0.08373697244023816,
  "score6": 0.098366300760433
}