{
  "score0": 0.1877337104628433,
  "score1": 0.3261078968886473,
  "score2": 0.16095661718109494,
  "score3": 0.06712790483090761,
  "score4": 0.013439701008577264,
  "score5": 0.08878290894952755,
  "score6": 0.045778370271971874
}