{
  "score0": 0.12490599922496541,
  "score1": 0.0135832932136125,
  "score2": 0.02253559202158406,
  "score3": 0.058800465694431925,
  "score4": 0.014060400425329597,
  "score5": 0.05248260663385612,
  "score6": 0.12812241412312894
}