{
  "score0": 0.03223309447854438,
  "score1": 0.10468669336214119,
  "score2": 0.18954724736309778,
  "score3": 0.20299588810022925,
  "score4": 0.18192870032637176,
  "score5": 0.030876962161291075,
  "score6": 0.033296077186449426
}