{
  "score0": 0.16244576416278012,
  "score1": 0.13543760019976175,
  "score2": 0.29577881571270437,
  "score3": 0.06185673473273153,
  "score4": 0.06167531453477071,
  "score5": 0.025988919239754143,
  "score6": 0.024780563811471035
}