{
  "score0": 0.1296907842707316,
  "score1": 0.14775477935843714,
  "score2": 0.07731921616853876,
  "score3": 0.14734523345632936,
  "score4": 0.042150240727779724,
  "score5": 0.0010032512755000001,
  "score6": 0.0009990837585
}