{
  "score0": 0.0952256988116801,
  "score1": 0.0045168573166897,
  "score2": 0.03918276826686766,
  "score3": 0.05222787671683545,
  "score4": 0.027794891808442867,
  "score5": 0.05955979180001552,
  "score6": 0.1778696249972067
}