{
  "score0": 0.08412166205165907,
  "score1": 0.038295988826524456,
  "score2": 0.10892738116286023,
  "score3": 0.18445695273200088,
  "score4": 0.22825822331281476,
  "score5": 0.11195776534745959,
  "score6": 0.12509702653233834
}