{
  "score0": 0.0821028625650518,
  "score1": 0.060413977753315494,
  "score2": 0.03541566733030676,
  "score3": 0.02607320084716902,
  "score4": 0.08504511655796365,
  "score5": 0.042905027857019974,
  "score6": 0.10299636592714373
}