{
  "score0": 0.16244576416278012,
  "score1": 0.13543760019976175,
  "score2": 0.3057556118610272,
  "score3": 0.07200238701567542,
  "score4": 0.07812857195046265,
  "score5": 0.03245212900558968,
  "score6": 0.013369111846446123
}