{
  "score0": 0.13088265378707548,
  "score1": 0.1697193890920411,
  "score2": 0.11536001367506642,
  "score3": 0.10977575953354601,
  "score4": 0.02105409548729705,
  "score5": 0.0010011675170000002,
  "score6": 0.03797940266457366
}