{
  "score0": 0.16756812614368072,
  "score1": 0.2527287501478725,
  "score2": 0.3033574028997129,
  "score3": 0.049670554270693335,
  "score4": 0.04585248325205566,
  "score5": 0.04555540904630786,
  "score6": 0.06864061804893365
}