{
  "score0": 0.12454292188656088,
  "score1": 0.13188914478269492,
  "score2": 0.1045306185668401,
  "score3": 0.05388483008108866,
  "score4": 0.04823648043486769,
  "score5": 0.16001037287542483,
  "score6": 0.3001001185676994
}