{
  "score0": 0.1857147390758839,
  "score1": 0.3548291020270449,
  "score2": 0.0839435501788682,
  "score3": 0.03912194137957991,
  "score4": 0.03602850261363582,
  "score5": 0.06457821148083741,
  "score6": 0.1311679059707844
}