{
  "score0": 0.1081996294557084,
  "score1": 0.048234810700671926,
  "score2": 0.12694077949248245,
  "score3": 0.0128897559276756,
  "score4": 0.013535663062597363,
  "score5": 0.09393229637204437,
  "score6": 0.11959947130600329
}