{
  "score0": 0.09766274643369088,
  "score1": 0.0059008609914902544,
  "score2": 0.0451588357359589,
  "score3": 0.05702866224215153,
  "score4": 0.03497270529000468,
  "score5": 0.06343268598362184,
  "score6": 0.16713271984828906
}