{
  "score0": 0.034373549051085174,
  "score1": 0.07505723276597122,
  "score2": 0.056688479136758646,
  "score3": 0.13921415965587947,
  "score4": 0.19016477533726558,
  "score5": 0.1380959524477187,
  "score6": 0.032095372576008134
}