{
  "score0": 0.13543760019976175,
  "score1": 0.3057556118610272,
  "score2": 0.050489930873975096,
  "score3": 0.05198481309365923,
  "score4": 0.06922932790949436,
  "score5": 0.11619690686280289,
  "score6": 0.2669000433603679
}