{
  "score0": 0.13225408908960776,
  "score1": 0.09402289698476107,
  "score2": 0.1455116746392061,
  "score3": 0.05076729037929751,
  "score4": 0.16781543893780423,
  "score5": 0.10212866603383121,
  "score6": 0.04668479225293689
}