{
  "score0": 0.13281144237330883,
  "score1": 0.09454404854714947,
  "score2": 0.10967359556345474,
  "score3": 0.13006063656555258,
  "score4": 0.057535189534618836,
  "score5": 0.08487538003747591,
  "score6": 0.12613370730060694
}