{
  "score0": 0.3005326000020601,
  "score1": 0.6428939817541216,
  "score2": 0.6613851198047763,
  "score3": 0.2616721163953685,
  "score4": 0.15395909176087277,
  "score5": 0.4866189938954781,
  "score6": 0.6224444384234343
}