{
  "score0": 0.3918232548065938,
  "score1": 0.09801925820315197,
  "score2": 0.21970613115042611,
  "score3": 0.12925990905926552,
  "score4": 0.6210687921657145,
  "score5": 0.2580422015211662,
  "score6": 0.5638434409644295
}