{
  "score0": 0.25050083656653127,
  "score1": 0.15513281536436077,
  "score2": 0.43813348703724736,
  "score3": 0.5424845718287751,
  "score4": 0.7665401628088023,
  "score5": 0.34837768178967293,
  "score6": 0.2403424272358088
}