{
  "score0": 0.18084562533669635,
  "score1": 0.30061135024836694,
  "score2": 0.7178071666437572,
  "score3": 0.8817239415648138,
  "score4": 0.48721335485567957,
  "score5": 0.3483929401240807,
  "score6": 0.37427203404893367
}