{
  "score0": 0.3087180245616503,
  "score1": 0.3156996018109101,
  "score2": 0.18697652888748878,
  "score3": 0.06079435467724784,
  "score4": 0.08712283578248527,
  "score5": 0.3244879043729365,
  "score6": 0.3682893236366511
}