{
  "score0": 0.24111900988634866,
  "score1": 0.09527704156212571,
  "score2": 0.27854589703861776,
  "score3": 0.04264619622866515,
  "score4": 0.06001729900868008,
  "score5": 0.04559856699019182,
  "score6": 0.12600100099414382
}