{
  "score0": 0.13467367727273327,
  "score1": 0.5194920003302949,
  "score2": 0.2973084561406545,
  "score3": 0.06313776005612852,
  "score4": 0.08127202776679501,
  "score5": 0.11088278642079565,
  "score6": 0.08599752859156795
}