{
  "score0": 0.6101592666298451,
  "score1": 0.8036773045714185,
  "score2": 0.1339749057196852,
  "score3": 0.14857903314003326,
  "score4": 0.1910309587297463,
  "score5": 0.21456741588565123,
  "score6": 0.3309292926940184
}