{
  "score0": 0.277214502306606,
  "score1": 0.15530537338975986,
  "score2": 0.14151428190506338,
  "score3": 0.07033475176097469,
  "score4": 0.05712586515661091,
  "score5": 0.14406981037510003,
  "score6": 0.11674646403836446
}