{
  "score0": 0.3942429489444875,
  "score1": 0.13191900652610053,
  "score2": 0.21970613115042611,
  "score3": 0.12925990905926552,
  "score4": 0.6210687921657145,
  "score5": 0.2580422015211662,
  "score6": 0.5638434409644295
}