{
  "score0": 0.2958320078474489,
  "score1": 0.6536308827723696,
  "score2": 0.6821621141879635,
  "score3": 0.7217751795529472,
  "score4": 0.09912363380185658,
  "score5": 0.35853879512799475,
  "score6": 0.5504032291376332
}