{
  "score0": 0.3005326000020601,
  "score1": 0.6428939817541216,
  "score2": 0.7336497671006217,
  "score3": 0.37736236944440305,
  "score4": 0.10823199072380736,
  "score5": 0.31759495708543356,
  "score6": 0.7745184418601564
}