{
  "score0": 0.15530537338975986,
  "score1": 0.14626484853335006,
  "score2": 0.09074460079159169,
  "score3": 0.13208174355482846,
  "score4": 0.042379233994873734,
  "score5": 0.03163264496672401,
  "score6": 0.05988959039536409
}