{
  "score0": 0.32154041715617493,
  "score1": 0.23381783737879194,
  "score2": 0.14681255347670513,
  "score3": 0.10532772705051303,
  "score4": 0.30540432801573614,
  "score5": 0.230854624923968,
  "score6": 0.13037417832963077
}