{
  "score0": 0.1583257689586788,
  "score1": 0.10686774803180796,
  "score2": 0.07472898837624273,
  "score3": 0.1518747192505693,
  "score4": 0.051102976817070656,
  "score5": 0.07335021391952769,
  "score6": 0.14632662835118063
}