{
  "score0": 0.32154041715617493,
  "score1": 0.23381783737879194,
  "score2": 0.14151428190506338,
  "score3": 0.08125840284488722,
  "score4": 0.2851192353301099,
  "score5": 0.2862456347401092,
  "score6": 0.08299503203483909
}