{
  "score0": 0.3942429489444875,
  "score1": 0.14906387876363117,
  "score2": 0.27155764015771866,
  "score3": 0.13084097213770796,
  "score4": 0.12925990905926552,
  "score5": 0.6210687921657145,
  "score6": 0.2580422015211662
}