{
  "score0": 0.10717616043654044,
  "score1": 0.10148758680498078,
  "score2": 0.1723441560011258,
  "score3": 0.11863050451083146,
  "score4": 0.2008520684256282,
  "score5": 0.19979022268851065,
  "score6": 0.08766614429758103
}