{
  "score0": 0.09120000240118821,
  "score1": 0.1279534720238787,
  "score2": 0.10621822220309052,
  "score3": 0.05006198805213646,
  "score4": 0.2558623048178376,
  "score5": 0.13942607056481734,
  "score6": 0.5855930191088201
}