{
  "score0": 0.13467367727273327,
  "score1": 0.6624200426830698,
  "score2": 0.28535261674029744,
  "score3": 0.07506003394096507,
  "score4": 0.06313776005612852,
  "score5": 0.08127202776679501,
  "score6": 0.11088278642079565
}