{
  "score0": 0.31210975319310175,
  "score1": 0.07260728391397861,
  "score2": 0.09945472141569701,
  "score3": 0.08693156080282256,
  "score4": 0.09580730464106225,
  "score5": 0.09837331761331293,
  "score6": 0.052523121168637214
}