{
  "score0": 0.08047275460145084,
  "score1": 0.052532889091132164,
  "score2": 0.25927277433534673,
  "score3": 0.02074807567856174,
  "score4": 0.045372484612902615,
  "score5": 0.18311715438497878,
  "score6": 0.1753647909530374
}