{
  "score0": 0.07680587553910401,
  "score1": 0.18878273321641073,
  "score2": 0.3626164456789247,
  "score3": 0.23135183838337414,
  "score4": 0.07161304039381149,
  "score5": 0.04933702807265127,
  "score6": 0.11456855287365225
}