{
  "score0": 0.15465001301384765,
  "score1": 0.12700994227666468,
  "score2": 0.0637954434673738,
  "score3": 0.3167008758311249,
  "score4": 0.4528699991564453,
  "score5": 0.17557383311548472,
  "score6": 0.28009658671366805
}