{
  "score0": 0.27951577231781083,
  "score1": 0.6521879949772373,
  "score2": 0.7912632676674554,
  "score3": 0.32142275765759515,
  "score4": 0.1855489275752993,
  "score5": 0.2561764896596291,
  "score6": 0.3892469204236255
}