{
  "score0": 0.0718934699108548,
  "score1": 0.10755714184008647,
  "score2": 0.20271328410536107,
  "score3": 0.10676796101596386,
  "score4": 0.17766487881480844,
  "score5": 0.04588908814475493,
  "score6": 0.09164898612224821
}