{
  "score0": 0.13392501914578886,
  "score1": 0.14667511880197937,
  "score2": 0.08955884607069839,
  "score3": 0.18973848069437474,
  "score4": 0.07632765921629724,
  "score5": 0.08523139343462637,
  "score6": 0.054068187188118906
}