{
  "score0": 0.13063710750237936,
  "score1": 0.17248642915674856,
  "score2": 0.14073798414272148,
  "score3": 0.06133712277196255,
  "score4": 0.2255093428687351,
  "score5": 0.3384440561471597,
  "score6": 0.26016757592348844
}