{
  "score0": 0.8048145038301842,
  "score1": 0.18329271621459048,
  "score2": 0.13210591661355772,
  "score3": 0.11883773626666046,
  "score4": 0.3308293854910662,
  "score5": 0.10845618454580548,
  "score6": 0.11852828849807595
}