{
  "score0": 0.12789831102203905,
  "score1": 0.18878273321641073,
  "score2": 0.3626164456789247,
  "score3": 0.2923503631262177,
  "score4": 0.10423973174365546,
  "score5": 0.036059376309058956,
  "score6": 0.12320864860445681
}