{
  "score0": 0.4340515228053591,
  "score1": 0.11704304659900318,
  "score2": 0.32913684214009215,
  "score3": 0.7205683919186984,
  "score4": 0.46680579104747616,
  "score5": 0.46350862096474765,
  "score6": 0.11108459058643831
}