{
  "score0": 0.12439224197531987,
  "score1": 0.34937951849590554,
  "score2": 0.8061628706495887,
  "score3": 0.6256704267784216,
  "score4": 0.5397481154296463,
  "score5": 0.17696964211512953,
  "score6": 0.2356513153363097
}