{
  "score0": 0.2621184792950565,
  "score1": 0.3298037294260761,
  "score2": 0.14913089744552072,
  "score3": 0.06079435467724784,
  "score4": 0.04581338829783226,
  "score5": 0.4082418180503163,
  "score6": 0.1995525761316201
}