{
  "score0": 0.11261152466818272,
  "score1": 0.1698442225526769,
  "score2": 0.09839551411042281,
  "score3": 0.08094060765133225,
  "score4": 0.12231302340142364,
  "score5": 0.30343925107290987,
  "score6": 0.6401168624858591
}