{
  "score0": 0.08358650436530676,
  "score1": 0.12154441058023421,
  "score2": 0.0637954434673738,
  "score3": 0.3167008758311249,
  "score4": 0.4528699991564453,
  "score5": 0.17557383311548472,
  "score6": 0.28009658671366805
}