{
  "score0": 0.20643308850826925,
  "score1": 0.25008059187446313,
  "score2": 0.7178071666437572,
  "score3": 0.8896014751191075,
  "score4": 0.29751592124316506,
  "score5": 0.1131616309561461,
  "score6": 0.18433789170636014
}