{
  "score0": 0.3059242135209696,
  "score1": 0.4352274085283283,
  "score2": 0.21146977217441582,
  "score3": 0.08133019303234887,
  "score4": 0.08712283578248527,
  "score5": 0.3244879043729365,
  "score6": 0.3682893236366511
}