{
  "score0": 0.12978066683720324,
  "score1": 0.33152659353060554,
  "score2": 0.7837102543634764,
  "score3": 0.679049035265978,
  "score4": 0.06912693668587773,
  "score5": 0.15518298218413945,
  "score6": 0.21701876060484174
}