{
  "score0": 0.17320996999768845,
  "score1": 0.2862511955744874,
  "score2": 0.5683247378726164,
  "score3": 0.7260027269949149,
  "score4": 0.43929913229952344,
  "score5": 0.2802521102002434,
  "score6": 0.3486901720087571
}