{
  "score0": 0.1868002707191352,
  "score1": 0.20031676385927016,
  "score2": 0.45406251160494654,
  "score3": 0.16882147030687708,
  "score4": 0.16428848822667488,
  "score5": 0.33327397365248185,
  "score6": 0.692783307873877
}