{
  "score0": 0.12458100828485592,
  "score1": 0.1556517105739444,
  "score2": 0.45406251160494654,
  "score3": 0.16882147030687708,
  "score4": 0.16428848822667488,
  "score5": 0.33327397365248185,
  "score6": 0.692783307873877
}