{
  "score0": 0.13892177951254067,
  "score1": 0.33633479966963387,
  "score2": 0.7732317597699665,
  "score3": 0.900903062673259,
  "score4": 0.5382674478827719,
  "score5": 0.07710069547960759,
  "score6": 0.2865309538535186
}