{
  "score0": 0.3942429489444875,
  "score1": 0.14906387876363117,
  "score2": 0.32913684214009215,
  "score3": 0.7205683919186984,
  "score4": 0.46680579104747616,
  "score5": 0.46350862096474765,
  "score6": 0.11108459058643831
}