{
  "score0": 0.13892177951254067,
  "score1": 0.33633479966963387,
  "score2": 0.8061628706495887,
  "score3": 0.6256704267784216,
  "score4": 0.5397481154296463,
  "score5": 0.17696964211512953,
  "score6": 0.2356513153363097
}