{
  "score0": 0.1221842400623246,
  "score1": 0.1360570587256869,
  "score2": 0.4454910524171678,
  "score3": 0.29242066119094173,
  "score4": 0.07179556109935427,
  "score5": 0.06857303851637374,
  "score6": 0.1100849840783118
}