{
  "score0": 0.11148702259034342,
  "score1": 0.07685282992279216,
  "score2": 0.3512680631722721,
  "score3": 0.2031801026514268,
  "score4": 0.04579407464053408,
  "score5": 0.09688742066677614,
  "score6": 0.056392061899761085
}