{
  "score0": 0.4435335826114919,
  "score1": 0.07260728391397861,
  "score2": 0.09945472141569701,
  "score3": 0.07868276899517501,
  "score4": 0.08605682422331555,
  "score5": 0.19546255043900226,
  "score6": 0.06022127379448037
}