{
  "score0": 0.6806681929878023,
  "score1": 0.7827622549969181,
  "score2": 0.40836204404645804,
  "score3": 0.08427040417891614,
  "score4": 0.25300779808068896,
  "score5": 0.16185858645007242,
  "score6": 0.1255845904652774
}