{
  "score0": 0.6458563854425642,
  "score1": 0.7768314848613783,
  "score2": 0.3314674314708758,
  "score3": 0.052042125852885195,
  "score4": 0.45162830441927954,
  "score5": 0.18875788617719258,
  "score6": 0.21534693243222638
}