{
  "score0": 0.12839135673004795,
  "score1": 0.09454404854714947,
  "score2": 0.10794827246945408,
  "score3": 0.2826440061807712,
  "score4": 0.18817282796846202,
  "score5": 0.10557160153117569,
  "score6": 0.12212749200621603
}