{
  "score0": 0.12243407983656389,
  "score1": 0.10755714184008647,
  "score2": 0.20271328410536107,
  "score3": 0.10676796101596386,
  "score4": 0.17146552627327025,
  "score5": 0.1362472699991859,
  "score6": 0.028312688383231782
}