{
  "score0": 0.13542820863561436,
  "score1": 0.4352274085283283,
  "score2": 0.21146977217441582,
  "score3": 0.07050895532143993,
  "score4": 0.059158043075720444,
  "score5": 0.07930574385525103,
  "score6": 0.055885650335344046
}