{
  "score0": 0.12789831102203905,
  "score1": 0.18878273321641073,
  "score2": 0.4454910524171678,
  "score3": 0.29242066119094173,
  "score4": 0.07179556109935427,
  "score5": 0.06857303851637374,
  "score6": 0.1100849840783118
}