{
  "score0": 0.37667006103323414,
  "score1": 0.1776755607060358,
  "score2": 0.3620688745225752,
  "score3": 0.687670824554837,
  "score4": 0.20162240094815545,
  "score5": 0.7450802212952629,
  "score6": 0.12275823405903204
}