{
  "score0": 0.7808154048455176,
  "score1": 0.18142479067437203,
  "score2": 0.12087847554293729,
  "score3": 0.1881739364246869,
  "score4": 0.2490241698116539,
  "score5": 0.06402473259569746,
  "score6": 0.06768344255630475
}