{
  "score0": 0.1583257689586788,
  "score1": 0.09017315654623467,
  "score2": 0.08151518776712954,
  "score3": 0.11724320079849393,
  "score4": 0.051102976817070656,
  "score5": 0.07335021391952769,
  "score6": 0.14632662835118063
}