{
  "score0": 0.6101592666298451,
  "score1": 0.7884406274442931,
  "score2": 0.1864672102502365,
  "score3": 0.14857903314003326,
  "score4": 0.1910309587297463,
  "score5": 0.21456741588565123,
  "score6": 0.3309292926940184
}