{
  "score0": 0.12188381999926252,
  "score1": 0.10702188775285293,
  "score2": 0.07969744598115398,
  "score3": 0.07493141207901279,
  "score4": 0.0981039762898167,
  "score5": 0.16230918550808418,
  "score6": 0.5416242180400023
}