{
  "score0": 0.13542820863561436,
  "score1": 0.4352274085283283,
  "score2": 0.27433836147683277,
  "score3": 0.0642066265942636,
  "score4": 0.06879087359156688,
  "score5": 0.059117835460244655,
  "score6": 0.05657172534524451
}