{
  "score0": 0.15513281536436077,
  "score1": 0.3141563420007192,
  "score2": 0.7837102543634764,
  "score3": 0.679049035265978,
  "score4": 0.06912693668587773,
  "score5": 0.15518298218413945,
  "score6": 0.21701876060484174
}