{
  "score0": 0.13063710750237936,
  "score1": 0.17248642915674856,
  "score2": 0.09657943006504294,
  "score3": 0.09299104719423429,
  "score4": 0.19561106627945188,
  "score5": 0.3929024846527837,
  "score6": 0.2311962143300951
}