{
  "score0": 0.08358650436530676,
  "score1": 0.12147196038775829,
  "score2": 0.10427891974071543,
  "score3": 0.07028809541070123,
  "score4": 0.3167008758311249,
  "score5": 0.4528699991564453,
  "score6": 0.17557383311548472
}