{
  "score0": 0.12839135673004795,
  "score1": 0.0964755875270443,
  "score2": 0.17406405207703618,
  "score3": 0.18817282796846202,
  "score4": 0.10557160153117569,
  "score5": 0.12212749200621603,
  "score6": 0.12843369054837117
}