{
  "score0": 0.18602208472386414,
  "score1": 0.0829547589588192,
  "score2": 0.14807051429320728,
  "score3": 0.09439597808361706,
  "score4": 0.04604384183321778,
  "score5": 0.24066658508116215,
  "score6": 0.11996596922231972
}