{
  "score0": 0.16343517799552681,
  "score1": 0.17248642915674856,
  "score2": 0.14073798414272148,
  "score3": 0.07227016340915834,
  "score4": 0.2500459370413715,
  "score5": 0.41191608073922636,
  "score6": 0.45610973440642666
}