{
  "score0": 0.12458100828485592,
  "score1": 0.1360570587256869,
  "score2": 0.4703464777380832,
  "score3": 0.40363688439773454,
  "score4": 0.16882147030687708,
  "score5": 0.16428848822667488,
  "score6": 0.33327397365248185
}