{
  "score0": 0.2965970774789474,
  "score1": 0.6536308827723696,
  "score2": 0.6613851198047763,
  "score3": 0.2616721163953685,
  "score4": 0.15395909176087277,
  "score5": 0.4866189938954781,
  "score6": 0.6224444384234343
}