{
  "score0": 0.10686774803180796,
  "score1": 0.07472898837624273,
  "score2": 0.14803679279861479,
  "score3": 0.06001729900868008,
  "score4": 0.04559856699019182,
  "score5": 0.12600100099414382,
  "score6": 0.247169423756146
}