{
  "score0": 0.4340515228053591,
  "score1": 0.11704304659900318,
  "score2": 0.3620688745225752,
  "score3": 0.6960933937647749,
  "score4": 0.6178424782870255,
  "score5": 0.4896089452872097,
  "score6": 0.0880224377103314
}