{
  "score0": 0.2958320078474489,
  "score1": 0.5597242028441703,
  "score2": 0.7481943798368451,
  "score3": 0.09912363380185658,
  "score4": 0.35853879512799475,
  "score5": 0.5504032291376332,
  "score6": 0.40259814796560794
}