{
  "score0": 0.4323616965228211,
  "score1": 0.06665886971091517,
  "score2": 0.0962229037665802,
  "score3": 0.08783209712497166,
  "score4": 0.0969407973453847,
  "score5": 0.18800504885027527,
  "score6": 0.05929938886413011
}