{
  "score0": 0.07674037064128587,
  "score1": 0.09998503000725689,
  "score2": 0.15923727984573088,
  "score3": 0.15094614714558993,
  "score4": 0.06764456548639133,
  "score5": 0.18190210050486125,
  "score6": 0.07328585640114775
}