{
  "score0": 0.27643352574249525,
  "score1": 0.23381783737879194,
  "score2": 0.14151428190506338,
  "score3": 0.07033475176097469,
  "score4": 0.05712586515661091,
  "score5": 0.14406981037510003,
  "score6": 0.11674646403836446
}