{
  "score0": 0.32176770021192813,
  "score1": 0.6051566348301209,
  "score2": 0.7721104304514993,
  "score3": 0.7268592301478779,
  "score4": 0.13171612372469574,
  "score5": 0.3239118781667117,
  "score6": 0.3946015589434599
}