{
  "score0": 0.7858575563916209,
  "score1": 0.13332958083233679,
  "score2": 0.12087847554293729,
  "score3": 0.1881739364246869,
  "score4": 0.2490241698116539,
  "score5": 0.06402473259569746,
  "score6": 0.06768344255630475
}