{
  "score0": 0.6002022282019708,
  "score1": 0.39366598146985005,
  "score2": 0.1764938615509701,
  "score3": 0.28798723198552073,
  "score4": 0.5569256906684424,
  "score5": 0.7300688239329908,
  "score6": 0.16159248242686777
}