{
  "score0": 0.28712185855190425,
  "score1": 0.1777200851197799,
  "score2": 0.12676256800427094,
  "score3": 0.6135262877811846,
  "score4": 0.34295781523967817,
  "score5": 0.13609519970124925,
  "score6": 0.027797352077996024
}