{
  "score0": 0.7808154048455176,
  "score1": 0.18329271621459048,
  "score2": 0.13210591661355772,
  "score3": 0.10524261796261047,
  "score4": 0.33091999514877385,
  "score5": 0.07474034967709213,
  "score6": 0.06754383600151968
}