{
  "score0": 0.8036773045714185,
  "score1": 0.1339749057196852,
  "score2": 0.22425489036603127,
  "score3": 0.3329652991392102,
  "score4": 0.4819371255928351,
  "score5": 0.18912707807625484,
  "score6": 0.36369612140690016
}