{
  "score0": 0.16314449072438877,
  "score1": 0.052532889091132164,
  "score2": 0.22214386662170504,
  "score3": 0.07776191483519997,
  "score4": 0.050197007426373515,
  "score5": 0.14537041388625976,
  "score6": 0.10615577387281494
}