{
  "score0": 0.277214502306606,
  "score1": 0.15530537338975986,
  "score2": 0.14626484853335006,
  "score3": 0.06412324740483945,
  "score4": 0.06944667876184005,
  "score5": 0.07050317198143968,
  "score6": 0.2908319312590682
}