{
  "score0": 0.12978066683720324,
  "score1": 0.34937951849590554,
  "score2": 0.7936739187773207,
  "score3": 0.8216421874668347,
  "score4": 0.679049035265978,
  "score5": 0.06912693668587773,
  "score6": 0.15518298218413945
}