{
  "score0": 0.31210975319310175,
  "score1": 0.07452635937869118,
  "score2": 0.1022329982322374,
  "score3": 0.09666494473908588,
  "score4": 0.13109193926829502,
  "score5": 0.06334601893002073,
  "score6": 0.03416109271637578
}