{
  "score0": 0.08047275460145084,
  "score1": 0.052532889091132164,
  "score2": 0.22214386662170504,
  "score3": 0.04260127713764574,
  "score4": 0.032670024360631066,
  "score5": 0.16554966113718933,
  "score6": 0.12469425159834839
}