{
  "score0": 0.0829547589588192,
  "score1": 0.14807051429320728,
  "score2": 0.10493983152240638,
  "score3": 0.2558623048178376,
  "score4": 0.13942607056481734,
  "score5": 0.5855930191088201,
  "score6": 0.21342763140132348
}