{
  "score0": 0.17027834404345843,
  "score1": 0.09017315654623467,
  "score2": 0.08151518776712954,
  "score3": 0.11724320079849393,
  "score4": 0.15018852858119616,
  "score5": 0.10727602693281608,
  "score6": 0.04133797066620525
}