{
  "score0": 0.31129887179381494,
  "score1": 0.10166992487996547,
  "score2": 0.0996069933115351,
  "score3": 0.14083188882188089,
  "score4": 0.06762438335118133,
  "score5": 0.13208174355482846,
  "score6": 0.042379233994873734
}