{
  "score0": 0.6458563854425642,
  "score1": 0.7937616711284535,
  "score2": 0.144147774198295,
  "score3": 0.45162830441927954,
  "score4": 0.18875788617719258,
  "score5": 0.21534693243222638,
  "score6": 0.07830918795287704
}