{
  "score0": 0.08358650436530676,
  "score1": 0.12147196038775829,
  "score2": 0.10040267813425423,
  "score3": 0.14069306224960798,
  "score4": 0.2715417066604567,
  "score5": 0.43805368892191293,
  "score6": 0.20368026467621
}