{
  "score0": 0.07674037064128587,
  "score1": 0.08628709997735681,
  "score2": 0.15295110671191073,
  "score3": 0.0676755089851211,
  "score4": 0.15094614714558993,
  "score5": 0.06764456548639133,
  "score6": 0.18190210050486125
}