{
  "score0": 0.8117235562148587,
  "score1": 0.1868002707191352,
  "score2": 0.1442127311830226,
  "score3": 0.21765573768173194,
  "score4": 0.3574735500606396,
  "score5": 0.18442702444437206,
  "score6": 0.12879828753507683
}