{
  "score0": 0.317962411120124,
  "score1": 0.5295834189962444,
  "score2": 0.48720332730661386,
  "score3": 0.15420426357379854,
  "score4": 0.5251055000521939,
  "score5": 0.18748225701347387,
  "score6": 0.2132064508089644
}