{
  "score0": 0.813814446163325,
  "score1": 0.5924835495945185,
  "score2": 0.3964757213779426,
  "score3": 0.2451960753020562,
  "score4": 0.10849931932574546,
  "score5": 0.10910819879132128,
  "score6": 0.26684797583364644
}