{
  "score0": 0.8456996356185432,
  "score1": 0.6177169566138456,
  "score2": 0.5120086679307018,
  "score3": 0.2507084913466949,
  "score4": 0.2415367503248761,
  "score5": 0.7197706443180975,
  "score6": 0.3972057974356093
}