{
  "score0": 0.7950800717540731,
  "score1": 0.574746264919974,
  "score2": 0.5215765396291921,
  "score3": 0.23520750806479448,
  "score4": 0.0990735317963618,
  "score5": 0.11048211011248843,
  "score6": 0.49271814911619377
}