{
  "score0": 0.5930151924706926,
  "score1": 0.6913294339704937,
  "score2": 0.1798000578543432,
  "score3": 0.019009468585303807,
  "score4": 0.1692569100237551,
  "score5": 0.6103439527983281,
  "score6": 0.7145544259563469
}