{
  "score0": 0.49583914460730705,
  "score1": 0.33605912915183545,
  "score2": 0.18893928040351196,
  "score3": 0.1622095507288773,
  "score4": 0.03349333623396653,
  "score5": 0.3428031163253881,
  "score6": 0.3968080432539847
}