{
  "score0": 0.317962411120124,
  "score1": 0.5615739678609127,
  "score2": 0.5902648904919864,
  "score3": 0.25875840370753495,
  "score4": 0.15420426357379854,
  "score5": 0.5251055000521939,
  "score6": 0.18748225701347387
}