{
  "score0": 0.5197089470596219,
  "score1": 0.25020252243838603,
  "score2": 0.4534169001299853,
  "score3": 0.4569355841467501,
  "score4": 0.7005235579422617,
  "score5": 0.7421241416845973,
  "score6": 0.328311050208922
}