{
  "score0": 0.8611942037894984,
  "score1": 0.6549134768543172,
  "score2": 0.17031338151306877,
  "score3": 0.2415367503248761,
  "score4": 0.7197706443180975,
  "score5": 0.3972057974356093,
  "score6": 0.2935249697037319
}