{
  "score0": 0.23076148318238077,
  "score1": 0.4047589578965291,
  "score2": 0.6091262602039942,
  "score3": 0.40774569135240907,
  "score4": 0.3775756610825595,
  "score5": 0.1568062429122918,
  "score6": 0.08923689832135184
}