{
  "score0": 0.2458492034964529,
  "score1": 0.11732752785161914,
  "score2": 0.31382632933701954,
  "score3": 0.3104110181345117,
  "score4": 0.28364355185364276,
  "score5": 0.7021496430159462,
  "score6": 0.2737418384793891
}