{
  "score0": 0.2263250649747608,
  "score1": 0.14623455907700134,
  "score2": 0.10441275970687913,
  "score3": 0.2518204899718524,
  "score4": 0.14506044160190076,
  "score5": 0.10940338688956742,
  "score6": 0.22208817093660396
}