{
  "score0": 0.15614230817127114,
  "score1": 0.46982853301497907,
  "score2": 0.2989475934179184,
  "score3": 0.2625304577837236,
  "score4": 0.6851209357196621,
  "score5": 0.6329355178664428,
  "score6": 0.5971784135341167
}