{
  "score0": 0.5194357633504266,
  "score1": 0.3646736368928517,
  "score2": 0.24392711003291648,
  "score3": 0.02799129539544608,
  "score4": 0.09720975596550048,
  "score5": 0.2535070769168868,
  "score6": 0.43178882262609247
}