{
  "score0": 0.516335252960678,
  "score1": 0.6723284178858218,
  "score2": 0.15596338352438088,
  "score3": 0.20032535027789908,
  "score4": 0.3515400506198018,
  "score5": 0.1676077330808913,
  "score6": 0.334583162161668
}