{
  "score0": 0.586880333346573,
  "score1": 0.5289450237851224,
  "score2": 0.48266589998411646,
  "score3": 0.42713466821573043,
  "score4": 0.07344508809100535,
  "score5": 0.07860239289981785,
  "score6": 0.3081583187337625
}