{
  "score0": 0.32485523571978736,
  "score1": 0.02835232618556679,
  "score2": 0.23343011610667092,
  "score3": 0.13640564966568658,
  "score4": 0.5193497118073027,
  "score5": 0.5573203772428775,
  "score6": 0.556547636793513
}