{
  "score0": 0.4304567277880598,
  "score1": 0.2552082936143764,
  "score2": 0.4271104443397462,
  "score3": 0.6435759968664067,
  "score4": 0.7069606582180326,
  "score5": 0.6416605798164557,
  "score6": 0.210056576557392
}