{
  "score0": 0.3303005558062617,
  "score1": 0.586880333346573,
  "score2": 0.5289450237851224,
  "score3": 0.2951883164081072,
  "score4": 0.25017405583148067,
  "score5": 0.16840210123917684,
  "score6": 0.07641064474886163
}