{
  "score0": 0.4304567277880598,
  "score1": 0.2729875616119746,
  "score2": 0.4867514047384116,
  "score3": 0.7069606582180326,
  "score4": 0.6416605798164557,
  "score5": 0.210056576557392,
  "score6": 0.5081879032763635
}