{
  "score0": 0.3248977087269129,
  "score1": 0.03908574538077697,
  "score2": 0.2897956159653371,
  "score3": 0.13166682822801665,
  "score4": 0.13640564966568658,
  "score5": 0.5193497118073027,
  "score6": 0.5573203772428775
}