{
  "score0": 0.22104623622474068,
  "score1": 0.4047589578965291,
  "score2": 0.6091262602039942,
  "score3": 0.5237446065242,
  "score4": 0.24131761149815723,
  "score5": 0.19637941505425735,
  "score6": 0.46774293003065054
}