{
  "score0": 0.31441543466174526,
  "score1": 0.4997561066227707,
  "score2": 0.4210500741435105,
  "score3": 0.31579269438785634,
  "score4": 0.20112231004670725,
  "score5": 0.19393587802232734,
  "score6": 0.00702930459882509
}