{
  "score0": 0.22449062218888738,
  "score1": 0.015968706618703456,
  "score2": 0.3621936566319802,
  "score3": 0.11601469385912078,
  "score4": 0.2017498103532125,
  "score5": 0.7128714952638542,
  "score6": 0.6643349065040681
}