{
  "score0": 0.11732752785161914,
  "score1": 0.3537520717954328,
  "score2": 0.318232656483162,
  "score3": 0.7084057763180213,
  "score4": 0.4030438020737694,
  "score5": 0.6671877151927043,
  "score6": 0.37325140319955147
}