{
  "score0": 0.515464234083153,
  "score1": 0.3646736368928517,
  "score2": 0.24392711003291648,
  "score3": 0.05029334669433471,
  "score4": 0.11902293658645835,
  "score5": 0.11118364560131018,
  "score6": 0.30098382896497905
}