{
  "score0": 0.5713254839144503,
  "score1": 0.32485523571978736,
  "score2": 0.02835232618556679,
  "score3": 0.2379623694015358,
  "score4": 0.30905726729164146,
  "score5": 0.24538584527521698,
  "score6": 0.3450883558090123
}