{
  "score0": 0.728576115864227,
  "score1": 0.2305444957284275,
  "score2": 0.08080102415563023,
  "score3": 0.49773846447370335,
  "score4": 0.4737065404435245,
  "score5": 0.5815790029252631,
  "score6": 0.15075082500468187
}