{
  "score0": 0.8456996356185432,
  "score1": 0.6177169566138456,
  "score2": 0.4871755311915142,
  "score3": 0.22823382038220116,
  "score4": 0.073215291226396,
  "score5": 0.12138432273786488,
  "score6": 0.3540427455527058
}