{
  "score0": 0.5292417625279923,
  "score1": 0.3618273275675295,
  "score2": 0.2168802784646157,
  "score3": 0.09656264244108914,
  "score4": 0.03570203863352672,
  "score5": 0.36189670621270964,
  "score6": 0.3951638078638524
}