{
  "score0": 0.1742075404388924,
  "score1": 0.11880695529592299,
  "score2": 0.2548591356719068,
  "score3": 0.369154920962713,
  "score4": 0.5549683157420846,
  "score5": 0.39460560385753823,
  "score6": 0.21246582757991786
}