{
  "score0": 0.5000934840542324,
  "score1": 0.8448528684546093,
  "score2": 0.7113959716326373,
  "score3": 0.1541229703695677,
  "score4": 0.45208589677213656,
  "score5": 0.05040342640760135,
  "score6": 0.2371657860924095
}