{
  "score0": 0.34117116084929994,
  "score1": 0.4997561066227707,
  "score2": 0.4210500741435105,
  "score3": 0.2803938192243863,
  "score4": 0.183550880868525,
  "score5": 0.17012442812096548,
  "score6": 0.22298255263406444
}