{
  "score0": 0.6177640512692736,
  "score1": 0.5222689011065671,
  "score2": 0.34556001820981946,
  "score3": 0.4325301861885234,
  "score4": 0.45995467789578814,
  "score5": 0.11517587877369645,
  "score6": 0.13687111460484605
}