{
  "score0": 0.5739820614012621,
  "score1": 0.24888196425885772,
  "score2": 0.06216479337100517,
  "score3": 0.5092296716505073,
  "score4": 0.40544388325005826,
  "score5": 0.33921142333280724,
  "score6": 0.5784103721469931
}