{
  "score0": 0.7559078425194024,
  "score1": 0.600139280571943,
  "score2": 0.3964757213779426,
  "score3": 0.08628801373477668,
  "score4": 0.02103230087043333,
  "score5": 0.3407860354995284,
  "score6": 0.14937611792895097
}