{
  "score0": 0.2205331201634694,
  "score1": 0.34457617257088785,
  "score2": 0.5779669002175213,
  "score3": 0.49298380097233013,
  "score4": 0.18224179235296345,
  "score5": 0.1695840332819801,
  "score6": 0.13880336658401426
}