{
  "score0": 0.5586655163106097,
  "score1": 0.6723284178858218,
  "score2": 0.15596338352438088,
  "score3": 0.17823049023395776,
  "score4": 0.29516033584846585,
  "score5": 0.14383299735303823,
  "score6": 0.37131749316562024
}