{
  "score0": 0.2200695795866312,
  "score1": 0.22528492166295594,
  "score2": 0.08690982225033952,
  "score3": 0.1833695827277391,
  "score4": 0.20005760331724512,
  "score5": 0.04382815960035655,
  "score6": 0.07493640761420292
}