{
  "score0": 0.5663108496553736,
  "score1": 0.4529672043806717,
  "score2": 0.26265640982232247,
  "score3": 0.08781872068341001,
  "score4": 0.20726477718271755,
  "score5": 0.3840832801376113,
  "score6": 0.377369868218006
}