{
  "score0": 0.2864003398885007,
  "score1": 0.015968706618703456,
  "score2": 0.3621936566319802,
  "score3": 0.08558684046911208,
  "score4": 0.27924151236248135,
  "score5": 0.625633863313997,
  "score6": 0.5773891435581974
}