{
  "score0": 0.68541941164317,
  "score1": 0.23885743487213712,
  "score2": 0.1891714573143186,
  "score3": 0.4737065404435245,
  "score4": 0.5815790029252631,
  "score5": 0.15075082500468187,
  "score6": 0.5089419226622479
}