{
  "score0": 0.728576115864227,
  "score1": 0.24369477059973144,
  "score2": 0.1891714573143186,
  "score3": 0.4737065404435245,
  "score4": 0.5815790029252631,
  "score5": 0.15075082500468187,
  "score6": 0.5089419226622479
}