{
  "score0": 0.3128258882109838,
  "score1": 0.4504027088523841,
  "score2": 0.4941748079246615,
  "score3": 0.6555583416996164,
  "score4": 0.5984072910905812,
  "score5": 0.4529642377803936,
  "score6": 0.3350471073565719
}