{
  "score0": 0.5906181994486261,
  "score1": 0.5318651515213456,
  "score2": 0.7379756765960231,
  "score3": 0.1429101063787178,
  "score4": 0.3336886389195694,
  "score5": 0.17988581369804102,
  "score6": 0.07215592171772953
}