{
  "score0": 0.13131842350180856,
  "score1": 0.43336940043108574,
  "score2": 0.3167253444252045,
  "score3": 0.2722314089053558,
  "score4": 0.7084057763180213,
  "score5": 0.4030438020737694,
  "score6": 0.6671877151927043
}