{
  "score0": 0.1636292781490925,
  "score1": 0.055295303541716176,
  "score2": 0.2991149482038307,
  "score3": 0.369154920962713,
  "score4": 0.5549683157420846,
  "score5": 0.39460560385753823,
  "score6": 0.21246582757991786
}