{
  "score0": 0.4924626509953828,
  "score1": 0.8413133389755081,
  "score2": 0.7113959716326373,
  "score3": 0.1541229703695677,
  "score4": 0.45208589677213656,
  "score5": 0.05040342640760135,
  "score6": 0.17123128312575056
}