{
  "score0": 0.33605912915183545,
  "score1": 0.18893928040351196,
  "score2": 0.1613378856770082,
  "score3": 0.020406404607613997,
  "score4": 0.27906769764861966,
  "score5": 0.3936328605993577,
  "score6": 0.22355713520311796
}