{
  "score0": 0.5906181994486261,
  "score1": 0.5318651515213456,
  "score2": 0.5625198486819505,
  "score3": 0.24087367151776543,
  "score4": 0.41707305840917,
  "score5": 0.054580832127735235,
  "score6": 0.11335317255208634
}