{
  "score0": 0.5930151924706926,
  "score1": 0.631820228858009,
  "score2": 0.14430895055230833,
  "score3": 0.18377823184984962,
  "score4": 0.056756419637632005,
  "score5": 0.104294322784575,
  "score6": 0.48430502349425836
}