{
  "score0": 0.1939629820060363,
  "score1": 0.11880695529592299,
  "score2": 0.2548591356719068,
  "score3": 0.34255472609100285,
  "score4": 0.3314690783991618,
  "score5": 0.2760391814121561,
  "score6": 0.5569190885637482
}