{
  "score0": 0.13475704056692908,
  "score1": 0.056858812875902845,
  "score2": 0.13021796891067172,
  "score3": 0.2687854084961865,
  "score4": 0.1982547198524579,
  "score5": 0.19925280948503965,
  "score6": 0.1877318733753217
}