{
  "score0": 0.5488574626695327,
  "score1": 0.31493314269656647,
  "score2": 0.45152523728122945,
  "score3": 0.41250917810464216,
  "score4": 0.6507183947462006,
  "score5": 0.7331737323619837,
  "score6": 0.41043102575963114
}