{
  "score0": 0.21846619235610948,
  "score1": 0.13475704056692908,
  "score2": 0.056858812875902845,
  "score3": 0.08561190571472493,
  "score4": 0.2598824776817358,
  "score5": 0.02777900380470387,
  "score6": 0.2968546537944454
}