{
  "score0": 0.17739195063138835,
  "score1": 0.44150019663989554,
  "score2": 0.3048873343112152,
  "score3": 0.3648763902907888,
  "score4": 0.6933855073510986,
  "score5": 0.7022876061011232,
  "score6": 0.7313680149372809
}