{
  "score0": 0.6004589420007478,
  "score1": 0.24888196425885772,
  "score2": 0.10609563995769271,
  "score3": 0.347476598604666,
  "score4": 0.2805350648043698,
  "score5": 0.499499026464335,
  "score6": 0.6611140382062953
}