{
  "score0": 0.2607693456281105,
  "score1": 0.12209140613312007,
  "score2": 0.10441275970687913,
  "score3": 0.2518204899718524,
  "score4": 0.14506044160190076,
  "score5": 0.10940338688956742,
  "score6": 0.22208817093660396
}