{
  "score0": 0.28066844023246784,
  "score1": 0.12209140613312007,
  "score2": 0.08486939483372699,
  "score3": 0.21245121197081832,
  "score4": 0.020406404607613997,
  "score5": 0.27906769764861966,
  "score6": 0.3936328605993577
}