{
  "score0": 0.5207541404729025,
  "score1": 0.31493314269656647,
  "score2": 0.45152523728122945,
  "score3": 0.41250917810464216,
  "score4": 0.7005235579422617,
  "score5": 0.7421241416845973,
  "score6": 0.328311050208922
}