{
  "score0": 0.5930151924706926,
  "score1": 0.631820228858009,
  "score2": 0.11947685170776519,
  "score3": 0.22728855623924915,
  "score4": 0.16920151094506275,
  "score5": 0.019009468585303807,
  "score6": 0.1692569100237551
}