{
  "score0": 0.32171380369663544,
  "score1": 0.46013773009001574,
  "score2": 0.48969014724276133,
  "score3": 0.710283539453095,
  "score4": 0.4785396767030687,
  "score5": 0.34935776344119734,
  "score6": 0.1470195738078778
}