{
  "score0": 0.22104623622474068,
  "score1": 0.4047589578965291,
  "score2": 0.584181747837954,
  "score3": 0.4827037885558079,
  "score4": 0.2168292426832398,
  "score5": 0.28066808920646574,
  "score6": 0.47113446946621895
}