{
  "score0": 0.24685936456339508,
  "score1": 0.4016020497126818,
  "score2": 0.584181747837954,
  "score3": 0.4827037885558079,
  "score4": 0.2168292426832398,
  "score5": 0.28066808920646574,
  "score6": 0.47113446946621895
}