{
  "score0": 0.22449062218888738,
  "score1": 0.019848905668838495,
  "score2": 0.31382632933701954,
  "score3": 0.11601469385912078,
  "score4": 0.2017498103532125,
  "score5": 0.7128714952638542,
  "score6": 0.6643349065040681
}