{
  "score0": 0.2263250649747608,
  "score1": 0.14623455907700134,
  "score2": 0.12253678531015472,
  "score3": 0.2979396793414201,
  "score4": 0.14377307895402475,
  "score5": 0.087014688484244,
  "score6": 0.16944815942739266
}