{
  "score0": 0.13275235134485808,
  "score1": 0.43336940043108574,
  "score2": 0.3115049013814501,
  "score3": 0.42785374987964014,
  "score4": 0.6799512163759817,
  "score5": 0.6070533207212889,
  "score6": 0.3933831818093893
}