{
  "score0": 0.32171380369663544,
  "score1": 0.4504027088523841,
  "score2": 0.4723908640631431,
  "score3": 0.6861224592315845,
  "score4": 0.710283539453095,
  "score5": 0.4785396767030687,
  "score6": 0.34935776344119734
}