{
  "score0": 0.11724563970016573,
  "score1": 0.12900002058642432,
  "score2": 0.33810718032967063,
  "score3": 0.32100961181058535,
  "score4": 0.28014623415487094,
  "score5": 0.375618949171222,
  "score6": 0.40069442231441726
}