{
  "score0": 0.20683751083438678,
  "score1": 0.13480283430577375,
  "score2": 0.06321111203639436,
  "score3": 0.02670214949623327,
  "score4": 0.336518001028433,
  "score5": 0.3371203018311985,
  "score6": 0.11886962996526311
}