{
  "score0": 0.23987643200099115,
  "score1": 0.4016020497126818,
  "score2": 0.5981643221369815,
  "score3": 0.597697430555705,
  "score4": 0.6481697339648201,
  "score5": 0.22962794456212335,
  "score6": 0.5529097687588009
}