{
  "score0": 0.11724563970016573,
  "score1": 0.07705861924885532,
  "score2": 0.20532748592240366,
  "score3": 0.28014623415487094,
  "score4": 0.375618949171222,
  "score5": 0.40069442231441726,
  "score6": 0.25568111729400095
}