{
  "score0": 0.813814446163325,
  "score1": 0.5924835495945185,
  "score2": 0.4871755311915142,
  "score3": 0.22823382038220116,
  "score4": 0.073215291226396,
  "score5": 0.12138432273786488,
  "score6": 0.3540427455527058
}