{
  "score0": 0.23930046854083079,
  "score1": 0.4554671203717097,
  "score2": 0.34680934570031996,
  "score3": 0.6393075179766469,
  "score4": 0.7254920072083424,
  "score5": 0.4058627089340643,
  "score6": 0.4198831687879883
}