{
  "score0": 0.5542713189803679,
  "score1": 0.35142204376685754,
  "score2": 0.22511208970602012,
  "score3": 0.02799129539544608,
  "score4": 0.09720975596550048,
  "score5": 0.2535070769168868,
  "score6": 0.43178882262609247
}