{
  "score0": 0.5586655163106097,
  "score1": 0.6723284178858218,
  "score2": 0.13563006712048528,
  "score3": 0.20768458455052738,
  "score4": 0.1977192659546073,
  "score5": 0.2505894246578289,
  "score6": 0.44548883345060236
}