{
  "score0": 0.5318651515213456,
  "score1": 0.7379756765960231,
  "score2": 0.1429101063787178,
  "score3": 0.22728855623924915,
  "score4": 0.16920151094506275,
  "score5": 0.019009468585303807,
  "score6": 0.1692569100237551
}