{
  "score0": 0.5488574626695327,
  "score1": 0.3065401400414195,
  "score2": 0.4612655384303139,
  "score3": 0.41250917810464216,
  "score4": 0.6507183947462006,
  "score5": 0.7331737323619837,
  "score6": 0.41043102575963114
}