{
  "score0": 0.4992523983368883,
  "score1": 0.25020252243838603,
  "score2": 0.4534169001299853,
  "score3": 0.5721194418347593,
  "score4": 0.6702349474683413,
  "score5": 0.5805927759099347,
  "score6": 0.12040579033343603
}