{
  "score0": 0.1603422936319755,
  "score1": 0.07880434049707379,
  "score2": 0.16116749235625785,
  "score3": 0.20183257400652596,
  "score4": 0.3301958408910708,
  "score5": 0.27501252156120815,
  "score6": 0.3397577114303471
}