{
  "score0": 0.13421558320579208,
  "score1": 0.0572498593180763,
  "score2": 0.20532748592240366,
  "score3": 0.28014623415487094,
  "score4": 0.375618949171222,
  "score5": 0.40069442231441726,
  "score6": 0.25568111729400095
}