{
  "score0": 0.34117116084929994,
  "score1": 0.4997561066227707,
  "score2": 0.5578303770326567,
  "score3": 0.2834047964086126,
  "score4": 0.17018639871730754,
  "score5": 0.15975691465302314,
  "score6": 0.22060872765617792
}