{
  "score0": 0.7167037725284786,
  "score1": 0.2305444957284275,
  "score2": 0.10609563995769271,
  "score3": 0.347476598604666,
  "score4": 0.2805350648043698,
  "score5": 0.499499026464335,
  "score6": 0.6611140382062953
}