{
  "score0": 0.15971513072030713,
  "score1": 0.07880434049707379,
  "score2": 0.1659305878272047,
  "score3": 0.0657050402210969,
  "score4": 0.2687854084961865,
  "score5": 0.1982547198524579,
  "score6": 0.19925280948503965
}