{
  "score0": 0.1516006755935983,
  "score1": 0.4753700330143442,
  "score2": 0.3048873343112152,
  "score3": 0.3648763902907888,
  "score4": 0.6690186332132861,
  "score5": 0.7072460105321041,
  "score6": 0.6498353288926121
}