{
  "score0": 0.24606838163695804,
  "score1": 0.4554671203717097,
  "score2": 0.34680934570031996,
  "score3": 0.6631083131353588,
  "score4": 0.7099533250520863,
  "score5": 0.33571217205451925,
  "score6": 0.34493562922886484
}