{
  "score0": 0.4924626509953828,
  "score1": 0.8611942037894984,
  "score2": 0.6549134768543172,
  "score3": 0.1070631288084481,
  "score4": 0.45208589677213656,
  "score5": 0.05040342640760135,
  "score6": 0.17123128312575056
}