{
  "score0": 0.1437480995668504,
  "score1": 0.1933616190341635,
  "score2": 0.2991149482038307,
  "score3": 0.3635930781658418,
  "score4": 0.5448126663014632,
  "score5": 0.3548181873495532,
  "score6": 0.054691396156519634
}