{
  "score0": 0.13354945649591413,
  "score1": 0.01867634222031497,
  "score2": 0.0913474287111532,
  "score3": 0.04887958991077116,
  "score4": 0.08426255690796332,
  "score5": 0.24429478528063173,
  "score6": 0.34395570517740376
}