{
  "score0": 0.12650582005092853,
  "score1": 0.0159871905480988,
  "score2": 0.12310943366508723,
  "score3": 0.02467420150459997,
  "score4": 0.15018442305922572,
  "score5": 0.3088113821262179,
  "score6": 0.46759970218883634
}