{
  "score0": 0.4012900782273578,
  "score1": 0.28554142698865403,
  "score2": 0.25780687684250675,
  "score3": 0.22907002396916065,
  "score4": 0.06285585286250435,
  "score5": 0.03183446694885122,
  "score6": 0.20220828622738138
}