{
  "score0": 0.22162502227092293,
  "score1": 0.22531350512680953,
  "score2": 0.3115858295012477,
  "score3": 0.49996598006983045,
  "score4": 0.5088649089219018,
  "score5": 0.6280220949109256,
  "score6": 0.1870761144767569
}