{
  "score0": 0.07807116777582873,
  "score1": 0.05623598264945763,
  "score2": 0.029090590001732478,
  "score3": 0.04037283379461414,
  "score4": 0.15134163659300787,
  "score5": 0.013553441497239372,
  "score6": 0.13922898793126637
}