{
  "score0": 0.059807583418729854,
  "score1": 0.05903937080670487,
  "score2": 0.003094660349424482,
  "score3": 0.028379310426394216,
  "score4": 0.19790070948253566,
  "score5": 0.2420376454388782,
  "score6": 0.11298267041758848
}