{
  "score0": 0.2029395834824698,
  "score1": 0.08733725655139206,
  "score2": 0.06032145499784557,
  "score3": 0.04568424971044464,
  "score4": 0.007064200116436552,
  "score5": 0.14901841601201163,
  "score6": 0.2894548869990854
}