{
  "score0": 0.18337779327631665,
  "score1": 0.19868906338160242,
  "score2": 0.28276272724459084,
  "score3": 0.4967888724469159,
  "score4": 0.6089696317732326,
  "score5": 0.532276905095422,
  "score6": 0.1256219821705916
}