{
  "score0": 0.20851078434623646,
  "score1": 0.08850661692295822,
  "score2": 0.07759492262643868,
  "score3": 0.03423290021463194,
  "score4": 0.09660408048956576,
  "score5": 0.021032300870433337,
  "score6": 0.19365055007483623
}