{
  "score0": 0.44001569576345595,
  "score1": 0.2438187724666266,
  "score2": 0.13074559567888644,
  "score3": 0.15663477107486073,
  "score4": 0.06708174625076344,
  "score5": 0.05874076606540407,
  "score6": 0.1508819477454766
}