{
  "score0": 0.07053798034621783,
  "score1": 0.0055808977098062255,
  "score2": 0.12693263744323416,
  "score3": 0.19002825759038044,
  "score4": 0.21512380205374182,
  "score5": 0.20714708912313928,
  "score6": 0.2437494622589312
}