{
  "score0": 0.15731079436450024,
  "score1": 0.18282328235559145,
  "score2": 0.31763460757900686,
  "score3": 0.6089696317732326,
  "score4": 0.532276905095422,
  "score5": 0.1256219821705916,
  "score6": 0.2744150672497188
}