{
  "score0": 0.12032930283278732,
  "score1": 0.01867634222031497,
  "score2": 0.08925564154218492,
  "score3": 0.04894287957540027,
  "score4": 0.19031448280486676,
  "score5": 0.38537764272095676,
  "score6": 0.43293325948396083
}