{
  "score0": 0.20851078434623646,
  "score1": 0.08850661692295822,
  "score2": 0.08492781515354395,
  "score3": 0.04942758094089191,
  "score4": 0.07490594712755021,
  "score5": 0.09451570785790364,
  "score6": 0.22992176413645452
}