{
  "score0": 0.12650582005092853,
  "score1": 0.0159871905480988,
  "score2": 0.08925564154218492,
  "score3": 0.04894287957540027,
  "score4": 0.19031448280486676,
  "score5": 0.38537764272095676,
  "score6": 0.43293325948396083
}