{
  "score0": 0.20022466461587793,
  "score1": 0.15253214738718782,
  "score2": 0.08492781515354395,
  "score3": 0.04942758094089191,
  "score4": 0.07490594712755021,
  "score5": 0.09451570785790364,
  "score6": 0.22992176413645452
}