{
  "score0": 0.3103851400735878,
  "score1": 0.40808602499355756,
  "score2": 0.05025442583783459,
  "score3": 0.08644563342795238,
  "score4": 0.15802876461993376,
  "score5": 0.3145783449967968,
  "score6": 0.03345557907186283
}