{
  "score0": 0.15269329711634974,
  "score1": 0.2991558450252428,
  "score2": 0.5181261079959264,
  "score3": 0.6740036904463058,
  "score4": 0.3102177306224552,
  "score5": 0.23440293973236895,
  "score6": 0.06483663671809269
}