{
  "score0": 0.07053798034621783,
  "score1": 0.0055947655700908094,
  "score2": 0.08710559756667642,
  "score3": 0.21512380205374182,
  "score4": 0.20714708912313928,
  "score5": 0.2437494622589312,
  "score6": 0.19214539448337767
}