{
  "score0": 0.09512078617059055,
  "score1": 0.018665141269326304,
  "score2": 0.1310338950970623,
  "score3": 0.16484815461847838,
  "score4": 0.11861872342696862,
  "score5": 0.40125419551425145,
  "score6": 0.5527772933416716
}