{
  "score0": 0.4012900782273578,
  "score1": 0.2848873394820835,
  "score2": 0.2092962089247382,
  "score3": 0.27375082121865163,
  "score4": 0.22907002396916065,
  "score5": 0.06285585286250435,
  "score6": 0.03183446694885122
}