{
  "score0": 0.0629415708512964,
  "score1": 0.046180973124982164,
  "score2": 0.003094660349424482,
  "score3": 0.007290233248596387,
  "score4": 0.1461535089841128,
  "score5": 0.16938377879629038,
  "score6": 0.10585700976394001
}