{
  "score0": 0.38392790647986486,
  "score1": 0.27821180103449855,
  "score2": 0.3026175390218745,
  "score3": 0.1853996828022292,
  "score4": 0.2746748181233076,
  "score5": 0.11316325807623934,
  "score6": 0.0008977471408350944
}