{
  "score0": 0.03271558303639605,
  "score1": 0.15003364506237982,
  "score2": 0.1492059341592256,
  "score3": 0.47242345850965783,
  "score4": 0.31190356861473933,
  "score5": 0.5453799830197649,
  "score6": 0.25894894492971937
}