{
  "score0": 0.4042487406166727,
  "score1": 0.12437754085842749,
  "score2": 0.01217597987702993,
  "score3": 0.23522780569835208,
  "score4": 0.2545643784008687,
  "score5": 0.3592472446858193,
  "score6": 0.09455162017052976
}