{
  "score0": 0.09146826146759619,
  "score1": 0.04066959333499791,
  "score2": 0.08033549570435793,
  "score3": 0.22382541660010366,
  "score4": 0.34400810281341093,
  "score5": 0.2595475397796588,
  "score6": 0.14600378120836344
}