{
  "score0": 0.37800975582266577,
  "score1": 0.3124537727898963,
  "score2": 0.4704522479779326,
  "score3": 0.11674529981254195,
  "score4": 0.2531166806875261,
  "score5": 0.01893895425332214,
  "score6": 0.04814318709416573
}