{
  "score0": 0.20721416854094493,
  "score1": 0.15253214738718782,
  "score2": 0.0929803723093286,
  "score3": 0.05842566995684575,
  "score4": 0.11543803484364577,
  "score5": 0.16442260705192221,
  "score6": 0.2649766761661772
}