{
  "score0": 0.15669967525334108,
  "score1": 0.302032154865212,
  "score2": 0.23610968112412975,
  "score3": 0.2220301337665417,
  "score4": 0.10155375442545785,
  "score5": 0.09977207550006534,
  "score6": 0.09022016474558371
}