{
  "score0": 0.20499783277259792,
  "score1": 0.19868906338160242,
  "score2": 0.3067851001473175,
  "score3": 0.5306043994305197,
  "score4": 0.567982117348867,
  "score5": 0.3534835775839574,
  "score6": 0.10914533437747242
}