{
  "score0": 0.059807583418729854,
  "score1": 0.05903937080670487,
  "score2": 0.08300857366335393,
  "score3": 0.09855091907323442,
  "score4": 0.23853294410110706,
  "score5": 0.1522189326018207,
  "score6": 0.2166069872950757
}