{
  "score0": 0.4108285229139408,
  "score1": 0.1622356245359923,
  "score2": 0.17899477841885528,
  "score3": 0.07718584764955005,
  "score4": 0.049909588183994914,
  "score5": 0.0665165759078716,
  "score6": 0.1965537181225322
}