{
  "score0": 0.15269329711634974,
  "score1": 0.28127822015155607,
  "score2": 0.5653609558954835,
  "score3": 0.4711698669577629,
  "score4": 0.6740036904463058,
  "score5": 0.3102177306224552,
  "score6": 0.23440293973236895
}