{
  "score0": 0.12374571980110531,
  "score1": 0.16837175193485987,
  "score2": 0.4136113384731887,
  "score3": 0.22525269782334356,
  "score4": 0.22770655583012203,
  "score5": 0.06340475855867404,
  "score6": 0.03262957074208767
}