{
  "score0": 0.1410768615434978,
  "score1": 0.2965779809212878,
  "score2": 0.23610968112412975,
  "score3": 0.2471864286288069,
  "score4": 0.08474557632147312,
  "score5": 0.12905148056437846,
  "score6": 0.0009326925527972499
}