{
  "score0": 0.4521249470517693,
  "score1": 0.30548358173805784,
  "score2": 0.0631347529875661,
  "score3": 0.11128348789919917,
  "score4": 0.42501218844867045,
  "score5": 0.19427270082398648,
  "score6": 0.11540385578272849
}