{
  "score0": 0.23250258699368154,
  "score1": 0.4617570052885874,
  "score2": 0.2817745355867435,
  "score3": 0.06240181727503569,
  "score4": 0.2051817897079887,
  "score5": 0.03460482774446832,
  "score6": 0.0420958293324613
}