{
  "score0": 0.07807116777582873,
  "score1": 0.045522981326512356,
  "score2": 0.018686478413760244,
  "score3": 0.04029747228653583,
  "score4": 0.15134163659300787,
  "score5": 0.013553441497239372,
  "score6": 0.13922898793126637
}