{
  "score0": 0.4108285229139408,
  "score1": 0.19629252089974403,
  "score2": 0.17303577247657675,
  "score3": 0.11310970850942316,
  "score4": 0.049909588183994914,
  "score5": 0.0665165759078716,
  "score6": 0.1965537181225322
}