{
  "score0": 0.37800975582266577,
  "score1": 0.27821180103449855,
  "score2": 0.3026175390218745,
  "score3": 0.11674529981254195,
  "score4": 0.2531166806875261,
  "score5": 0.01893895425332214,
  "score6": 0.04814318709416573
}