{
  "score0": 0.095584586228437,
  "score1": 0.1807540728039183,
  "score2": 0.1573626405865715,
  "score3": 0.24439514424771536,
  "score4": 0.4776944953373703,
  "score5": 0.5545798740402064,
  "score6": 0.5575781483100762
}