{
  "score0": 0.3865938969321623,
  "score1": 0.11507650207030362,
  "score2": 0.023472597244867305,
  "score3": 0.16858405488794445,
  "score4": 0.09270805850950853,
  "score5": 0.2408029118289056,
  "score6": 0.41822193346627906
}