{
  "score0": 0.30806800759011854,
  "score1": 0.39282861054575446,
  "score2": 0.08714503093319494,
  "score3": 0.01263473087981501,
  "score4": 0.09914184916041391,
  "score5": 0.2901361708196024,
  "score6": 0.6164420088857278
}