{
  "score0": 0.3253325811649953,
  "score1": 0.13421742990927735,
  "score2": 0.023472597244867305,
  "score3": 0.24551684534389442,
  "score4": 0.21973571789578158,
  "score5": 0.20927592183741503,
  "score6": 0.3171239954480392
}