{
  "score0": 0.3959992371264276,
  "score1": 0.12437754085842749,
  "score2": 0.026880090432733744,
  "score3": 0.16758362687360506,
  "score4": 0.12180422886282842,
  "score5": 0.2933409725155304,
  "score6": 0.40552444475766797
}