{
  "score0": 0.10496738213916909,
  "score1": 0.04199613008758239,
  "score2": 0.04183776353321946,
  "score3": 0.11616986610349173,
  "score4": 0.11268144110372409,
  "score5": 0.049319722994164074,
  "score6": 0.09079614299356316
}