{
  "score0": 0.1423616724939674,
  "score1": 0.3234311157368078,
  "score2": 0.33110391307511605,
  "score3": 0.2898087396782189,
  "score4": 0.1255436257526428,
  "score5": 0.11050247990666477,
  "score6": 0.01316098565457246
}