{
  "score0": 0.09809707691794031,
  "score1": 0.15731079436450024,
  "score2": 0.18282328235559145,
  "score3": 0.2401070331372023,
  "score4": 0.47270429528027447,
  "score5": 0.5833107613033867,
  "score6": 0.54905900147596
}