{
  "score0": 0.13348126538832605,
  "score1": 0.2937964968204747,
  "score2": 0.37609290025852665,
  "score3": 0.4937548893356047,
  "score4": 0.6270228624113394,
  "score5": 0.221265191834387,
  "score6": 0.2495623981900866
}