{
  "score0": 0.07407375848757321,
  "score1": 0.18804724850265184,
  "score2": 0.34033227830143714,
  "score3": 0.4344620367385094,
  "score4": 0.09548842387721136,
  "score5": 0.2804854618001595,
  "score6": 0.14348358842002007
}