{
  "score0": 0.09512078617059055,
  "score1": 0.0159871905480988,
  "score2": 0.12310943366508723,
  "score3": 0.04209976296251713,
  "score4": 0.11861872342696862,
  "score5": 0.40125419551425145,
  "score6": 0.5527772933416716
}