{
  "score0": 0.05779744570609831,
  "score1": 0.04347953496137237,
  "score2": 0.012305427623405701,
  "score3": 0.026275618777025528,
  "score4": 0.1856378776528824,
  "score5": 0.18264643942766298,
  "score6": 0.22268338477297966
}