{
  "score0": 0.20721416854094493,
  "score1": 0.16103219097153548,
  "score2": 0.05991153350780372,
  "score3": 0.11543803484364577,
  "score4": 0.16442260705192221,
  "score5": 0.2649766761661772,
  "score6": 0.28016035934707234
}