{
  "score0": 0.4136399275500943,
  "score1": 0.10590796376664925,
  "score2": 0.08465517123535082,
  "score3": 0.2545643784008687,
  "score4": 0.3592472446858193,
  "score5": 0.09455162017052976,
  "score6": 