{
  "score0": 0.2825071603716277,
  "score1": 0.32829083605510473,
  "score2": 0.05427640221773897,
  "score3": 0.1272661587368509,
  "score4": 0.16573189735865151,
  "score5": 0.06420984482641318,
  "score6": 0.2281565113254819
}