{
  "score0": 0.08743233185105574,
  "score1": 0.18474051683695192,
  "score2": 0.20004888714631458,
  "score3": 0.16276643571931768,
  "score4": 0.4593027645182377,
  "score5": 0.5674358479411085,
  "score6": 0.4293514920105889
}