{
  "score0": 0.11121252921894448,
  "score1": 0.15598289038753976,
  "score2": 0.31211671206618236,
  "score3": 0.2896491860540528,
  "score4": 0.11446513944436708,
  "score5": 0.09311858408929531,
  "score6": 0.0483258317776335
}