{
  "score0": 0.06164695927562556,
  "score1": 0.17158693375185466,
  "score2": 0.4136113384731887,
  "score3": 0.3279397789952831,
  "score4": 0.1492062469462455,
  "score5": 0.08921424652726508,
  "score6": 0.2345675226861795
}