{
  "score0": 0.2825071603716277,
  "score1": 0.40808602499355756,
  "score2": 0.05025442583783459,
  "score3": 0.08644563342795238,
  "score4": 0.16573189735865151,
  "score5": 0.06420984482641318,
  "score6": 0.2281565113254819
}