{
  "score0": 0.06392432433905117,
  "score1": 0.04066959333499791,
  "score2": 0.1351813714768405,
  "score3": 0.160619051143962,
  "score4": 0.19943819885296202,
  "score5": 0.2546017213315542,
  "score6": 0.3824337865921949
}