{
  "score0": 0.14369842335638297,
  "score1": 0.3195559155341336,
  "score2": 0.2591455188674741,
  "score3": 0.08147780249549917,
  "score4": 0.25287398285295853,
  "score5": 0.05861384925506825,
  "score6": 0.08732149078750479
}