{
  "score0": 0.06392432433905117,
  "score1": 0.04066959333499791,
  "score2": 0.08033549570435793,
  "score3": 0.2115592267996785,
  "score4": 0.1985390569518972,
  "score5": 0.17745390335128222,
  "score6": 0.41532447453331645
}