{
  "score0": 0.3016334671897394,
  "score1": 0.32829083605510473,
  "score2": 0.04925413692930501,
  "score3": 0.10627949697598989,
  "score4": 0.09294876175572779,
  "score5": 0.13878427443341868,
  "score6": 0.267408516262511
}