{
  "score0": 0.08733725655139206,
  "score1": 0.06032145499784557,
  "score2": 0.06236182886914061,
  "score3": 0.03336357009244301,
  "score4": 0.11120030362460649,
  "score5": 0.18596597425747488,
  "score6": 0.10301600484068872
}