{
  "score0": 0.43390424591601406,
  "score1": 0.31562551398807154,
  "score2": 0.13074559567888644,
  "score3": 0.15663477107486073,
  "score4": 0.06708174625076344,
  "score5": 0.05874076606540407,
  "score6": 0.1508819477454766
}