{
  "score0": 0.38385218256379505,
  "score1": 0.2848873394820835,
  "score2": 0.20557721261395498,
  "score3": 0.21717510525766345,
  "score4": 0.23500230530011632,
  "score5": 0.06275106036102256,
  "score6": 0.06135378843409852
}