{
  "score0": 0.14381395306230085,
  "score1": 0.31814904209402145,
  "score2": 0.3324509292724923,
  "score3": 0.18230913240540716,
  "score4": 0.09159875079750042,
  "score5": 0.08162620434035604,
  "score6": 0.09008371903835209
}