{
  "score0": 0.11121252921894448,
  "score1": 0.16837175193485987,
  "score2": 0.31895008598272784,
  "score3": 0.3159240481169668,
  "score4": 0.11446513944436708,
  "score5": 0.09311858408929531,
  "score6": 0.0483258317776335
}