{
  "score0": 0.4368503691355255,
  "score1": 0.2438187724666266,
  "score2": 0.1284930799259209,
  "score3": 0.11747736970236149,
  "score4": 0.11128348789919917,
  "score5": 0.42501218844867045,
  "score6": 0.19427270082398648
}