{
  "score0": 0.3016334671897394,
  "score1": 0.32829083605510473,
  "score2": 0.05427640221773897,
  "score3": 0.10723064386796875,
  "score4": 0.1339788688009,
  "score5": 0.06588296875978554,
  "score6": 0.20833642648840414
}