{
  "score0": 0.10294766757239104,
  "score1": 0.03299550615786327,
  "score2": 0.132273154610216,
  "score3": 0.18573430661503265,
  "score4": 0.1927023276149873,
  "score5": 0.46197420938314576,
  "score6": 0.20497121383858719
}