{
  "score0": 0.07407375848757321,
  "score1": 0.21054007681128944,
  "score2": 0.33346231732958376,
  "score3": 0.3978377173009375,
  "score4": 0.4344620367385094,
  "score5": 0.09548842387721136,
  "score6": 0.2804854618001595
}