{
  "score0": 0.21784277408743524,
  "score1": 0.4521249470517693,
  "score2": 0.30548358173805784,
  "score3": 0.06240181727503569,
  "score4": 0.2051817897079887,
  "score5": 0.03460482774446832,
  "score6": 0.0420958293324613
}