{
  "score0": 0.15631079601158557,
  "score1": 0.022737876762131196,
  "score2": 0.08418013022114437,
  "score3": 0.08426255690796332,
  "score4": 0.24429478528063173,
  "score5": 0.34395570517740376,
  "score6": 0.42443395489901975
}