{
  "score0": 0.15598289038753976,
  "score1": 0.31211671206618236,
  "score2": 0.2591455188674741,
  "score3": 0.08147780249549917,
  "score4": 0.25287398285295853,
  "score5": 0.05861384925506825,
  "score6": 0.08732149078750479
}