{
  "score0": 0.3103851400735878,
  "score1": 0.4136399275500943,
  "score2": 0.10590796376664925,
  "score3": 0.01303693345586712,
  "score4": 0.17882126105703477,
  "score5": 0.3145783449967968,
  "score6": 0.03345557907186283
}