{
  "score0": 0.08743233185105574,
  "score1": 0.18474051683695192,
  "score2": 0.16810430658195896,
  "score3": 0.2657561883469124,
  "score4": 0.5109485321165038,
  "score5": 0.5067515743757661,
  "score6": 0.29197172125268744
}