{
  "score0": 0.09809707691794031,
  "score1": 0.1807540728039183,
  "score2": 0.1573626405865715,
  "score3": 0.24439514424771536,
  "score4": 0.47270429528027447,
  "score5": 0.5833107613033867,
  "score6": 0.54905900147596
}