{
  "score0": 0.07638970953560296,
  "score1": 0.06032196581987921,
  "score2": 0.04183776353321946,
  "score3": 0.11616986610349173,
  "score4": 0.11268144110372409,
  "score5": 0.049319722994164074,
  "score6": 0.09079614299356316
}