{
  "score0": 0.03271558303639605,
  "score1": 0.1551929342663592,
  "score2": 0.1744504567506106,
  "score3": 0.16438732091244937,
  "score4": 0.47242345850965783,
  "score5": 0.31190356861473933,
  "score6": 0.5453799830197649
}