{
  "score0": 0.15344883797565445,
  "score1": 0.2937964968204747,
  "score2": 0.5658168986488408,
  "score3": 0.46921256211214485,
  "score4": 0.4505851560530077,
  "score5": 0.2816293473835865,
  "score6": 0.22253032112621138
}