{
  "score0": 0.061183065580686175,
  "score1": 0.016207511045871023,
  "score2": 0.024544151077911282,
  "score3": 0.1018555724562976,
  "score4": 0.10454320762789454,
  "score5": 0.08021922114556694,
  "score6": 0.07425297073970749
}