{
  "score0": 0.21592330991472225,
  "score1": 0.10322398609430813,
  "score2": 0.10479999089305708,
  "score3": 0.05235754090704719,
  "score4": 0.007556390680240677,
  "score5": 0.15336678000452372,
  "score6": 0.2815948479806814
}