{
  "score0": 0.1423616724939674,
  "score1": 0.3234311157368078,
  "score2": 0.2901013967295164,
  "score3": 0.18633180453837409,
  "score4": 0.1823815020120988,
  "score5": 0.11050247990666477,
  "score6": 0.01316098565457246
}