{
  "score0": 0.06164695927562556,
  "score1": 0.17158693375185466,
  "score2": 0.32287576950016084,
  "score3": 0.3055782831652191,
  "score4": 0.13065123329396144,
  "score5": 0.13428400158865372,
  "score6": 0.260280014193311
}