{
  "score0": 0.37800975582266577,
  "score1": 0.3124537727898963,
  "score2": 0.4704522479779326,
  "score3": 0.06378449164126825,
  "score4": 0.16432095825955575,
  "score5": 0.09061135431250696,
  "score6": 0.032363194060241206
}