{
  "score0": 0.04037577999790498,
  "score1": 0.1551929342663592,
  "score2": 0.16810430658195896,
  "score3": 0.2657561883469124,
  "score4": 0.5109485321165038,
  "score5": 0.5067515743757661,
  "score6": 0.29197172125268744
}