{
  "score0": 0.3908168599563641,
  "score1": 0.19629252089974403,
  "score2": 0.17303577247657675,
  "score3": 0.11310970850942316,
  "score4": 0.007556947789574009,
  "score5": 0.19967093281399442,
  "score6": 0.07787287128794475
}