{
  "score0": 0.30806800759011854,
  "score1": 0.36860894711432357,
  "score2": 0.03734678218567261,
  "score3": 0.12619287868750442,
  "score4": 0.07145772247081213,
  "score5": 0.01263473087981501,
  "score6": 0.09914184916041391
}