{
  "score0": 0.08243298572238603,
  "score1": 0.01893540032932136,
  "score2": 0.12362054709891707,
  "score3": 0.25918871993654286,
  "score4": 0.3326791488806636,
  "score5": 0.2433542312591315,
  "score6": 0.018687764998146443
}