{
  "score0": 0.09146826146759619,
  "score1": 0.01893540032932136,
  "score2": 0.12362054709891707,
  "score3": 0.25918871993654286,
  "score4": 0.34400810281341093,
  "score5": 0.2595475397796588,
  "score6": 0.14600378120836344
}