{
  "score0": 0.061183065580686175,
  "score1": 0.015949945924802887,
  "score2": 0.08857518236922957,
  "score3": 0.04827103253853321,
  "score4": 0.1018555724562976,
  "score5": 0.10454320762789454,
  "score6": 0.08021922114556694
}