{
  "score0": 0.30806800759011854,
  "score1": 0.36860894711432357,
  "score2": 0.048982780391874474,
  "score3": 0.09963100952513203,
  "score4": 0.05096172783411138,
  "score5": 0.04291166672441041,
  "score6": 0.16911781677532853
}