{
  "score0": 0.22740811904532723,
  "score1": 0.08850661692295822,
  "score2": 0.07759492262643868,
  "score3": 0.020561769302585183,
  "score4": 0.03423290021463194,
  "score5": 0.07733058150152224,
  "score6": 0.27604730132384986
}