{
  "score0": 0.2309719145310088,
  "score1": 0.19791332932318123,
  "score2": 0.3115858295012477,
  "score3": 0.47226421804803803,
  "score4": 0.46803895049968663,
  "score5": 0.6843591690389909,
  "score6": 0.2625203377558612
}