{
  "score0": 0.10692109783825177,
  "score1": 0.07790133118449019,
  "score2": 0.05223083647730183,
  "score3": 0.039400652959855724,
  "score4": 0.09093426790833452,
  "score5": 0.5620553243387819,
  "score6": 0.10419596652981668
}