{
  "score0": 0.07833013887499284,
  "score1": 0.10926643924951981,
  "score2": 0.5264492243058019,
  "score3": 0.5669114920439151,
  "score4": 0.3792084708772523,
  "score5": 0.2327182139995192,
  "score6": 0.16590284654637008
}