{
  "score0": 0.5118791109105064,
  "score1": 0.5924930981488429,
  "score2": 0.052748684591540904,
  "score3": 0.020515335789217964,
  "score4": 0.05359205998577809,
  "score5": 0.07478205738185335,
  "score6": 0.1495409670266966
}