{
  "score0": 0.03785137752700583,
  "score1": 0.02098417721382968,
  "score2": 0.08474887926281745,
  "score3": 0.033706763878929916,
  "score4": 0.03780951047595787,
  "score5": 0.10127437385904987,
  "score6": 0.6381286247983903
}