{
  "score0": 0.11840848876446225,
  "score1": 0.3297669822007262,
  "score2": 0.30492777801223525,
  "score3": 0.06451646576510127,
  "score4": 0.020466179104590112,
  "score5": 0.027320304322179374,
  "score6": 0.03588129536056991
}