{
  "score0": 0.06301445838014892,
  "score1": 0.04454810831915483,
  "score2": 0.08765040747515272,
  "score3": 0.513772521501008,
  "score4": 0.4819474993044455,
  "score5": 0.5719152202170025,
  "score6": 0.26780760514230545
}