{
  "score0": 0.08426852873149213,
  "score1": 0.1683940382021511,
  "score2": 0.27699381145304075,
  "score3": 0.3297638044255735,
  "score4": 0.3910906456345704,
  "score5": 0.13803245365295255,
  "score6": 0.08718964301414983
}