{
  "score0": 0.07498754631036988,
  "score1": 0.10892546689098619,
  "score2": 0.18851298956978527,
  "score3": 0.10813996398493525,
  "score4": 0.34706465960732547,
  "score5": 0.43433183939654274,
  "score6": 0.18977016130209604
}