{
  "score0": 0.49705311754612463,
  "score1": 0.600558227021851,
  "score2": 0.020467195353514777,
  "score3": 0.05952949928215917,
  "score4": 0.020515335789217964,
  "score5": 0.05359205998577809,
  "score6": 0.07478205738185335
}