{
  "score0": 0.06951447168854001,
  "score1": 0.0469012296557212,
  "score2": 0.06811993262658353,
  "score3": 0.22958898557017268,
  "score4": 0.4666555939063266,
  "score5": 0.17053096024631134,
  "score6": 0.28750357368443064
}