{
  "score0": 0.11928225396798371,
  "score1": 0.09987489509020045,
  "score2": 0.03771750219675179,
  "score3": 0.05608685540936733,
  "score4": 0.3406250327867782,
  "score5": 0.345873340587092,
  "score6": 0.1342557659759228
}