{
  "score0": 0.10516039129655957,
  "score1": 0.06637491950145194,
  "score2": 0.18226919617665346,
  "score3": 0.4869423208877743,
  "score4": 0.4695401106821951,
  "score5": 0.043377285104495976,
  "score6": 0.021107680046745268
}