{
  "score0": 0.28480220543428225,
  "score1": 0.5395384147409161,
  "score2": 0.22142872085065482,
  "score3": 0.09886782605288069,
  "score4": 0.06294906332308792,
  "score5": 0.03219937458245012,
  "score6": 0.08998147228873327
}