{
  "score0": 0.5270502726986493,
  "score1": 0.5913279291491111,
  "score2": 0.04142825854667234,
  "score3": 0.028365152025598406,
  "score4": 0.049779085335037256,
  "score5": 0.06433093334768641,
  "score6": 0.09192334537779652
}