{
  "score0": 0.09871301107894838,
  "score1": 0.06850359520451438,
  "score2": 0.22318630155077412,
  "score3": 0.40633535636273016,
  "score4": 0.3534829136589712,
  "score5": 0.1132936237262001,
  "score6": 0.03455267064496667
}