{
  "score0": 0.20976745921417533,
  "score1": 0.49440193697540763,
  "score2": 0.6341905054070273,
  "score3": 0.02885273341433429,
  "score4": 0.0808923939924019,
  "score5": 0.020577831670087303,
  "score6": 0.02553800196906715
}