{
  "score0": 0.08625198706170233,
  "score1": 0.22842371426062552,
  "score2": 0.3450499892126123,
  "score3": 0.05532431435204239,
  "score4": 0.1059023117575582,
  "score5": 0.02689018665893515,
  "score6": 0.027355902261558627
}