{
  "score0": 0.0810740557962789,
  "score1": 0.172153797751658,
  "score2": 0.27699381145304075,
  "score3": 0.2724234553314488,
  "score4": 0.37743245142913046,
  "score5": 0.2559294371370265,
  "score6": 0.04453574185066233
}