{
  "score0": 0.23868113257311985,
  "score1": 0.5411701896453377,
  "score2": 0.5955232838178242,
  "score3": 0.028851444923838492,
  "score4": 0.035841039867041506,
  "score5": 0.02733718831670764,
  "score6": 0.03457922514368907
}