{
  "score0": 0.06879516440414205,
  "score1": 0.0799593999704469,
  "score2": 0.03247156037171481,
  "score3": 0.14426636301275889,
  "score4": 0.463358068243652,
  "score5": 0.3054382853093089,
  "score6": 0.19872759824466113
}