{
  "score0": 0.22820928708289456,
  "score1": 0.5411701896453377,
  "score2": 0.5955232838178242,
  "score3": 0.020530241191866496,
  "score4": 0.03584062471618713,
  "score5": 0.020494344320128765,
  "score6": 0.02002258808996592
}