{
  "score0": 0.05851210019941648,
  "score1": 0.04454810831915483,
  "score2": 0.08765040747515272,
  "score3": 0.5169581938580646,
  "score4": 0.4357930141271656,
  "score5": 0.5774478781213789,
  "score6": 0.508409173946191
}