{
  "score0": 0.5157369821391644,
  "score1": 0.08690716275016223,
  "score2": 0.04294744925367306,
  "score3": 0.05672505592695001,
  "score4": 0.0770603781672421,
  "score5": 0.027494519639044184,
  "score6": 0.019925306461675407
}