{
  "score0": 0.12699428827573572,
  "score1": 0.28089683063240706,
  "score2": 0.3262594384987362,
  "score3": 0.1994202975450917,
  "score4": 0.09545163541468034,
  "score5": 0.020457652191211387,
  "score6": 0.02048755804099482
}