{
  "score0": 0.1532629977144349,
  "score1": 0.08566750202623297,
  "score2": 0.11849747653435011,
  "score3": 0.23470223926464095,
  "score4": 0.4869423208877743,
  "score5": 0.4695401106821951,
  "score6": 0.043377285104495976
}