{
  "score0": 0.07265024820507587,
  "score1": 0.09135747139159513,
  "score2": 0.028902730315519737,
  "score3": 0.007156589766600027,
  "score4": 0.14426636301275889,
  "score5": 0.463358068243652,
  "score6": 0.3054382853093089
}