{
  "score0": 0.5118791109105064,
  "score1": 0.5913279291491111,
  "score2": 0.0434375504962389,
  "score3": 0.06632561129934549,
  "score4": 0.01964460161580991,
  "score5": 0.06236614308302668,
  "score6": 0.09416300452922453
}