{
  "score0": 0.07724066923561974,
  "score1": 0.16003442458643954,
  "score2": 0.2282050400245356,
  "score3": 0.4124649753018688,
  "score4": 0.2268612338898951,
  "score5": 0.09999095137435439,
  "score6": 0.06656036582209438
}