{
  "score0": 0.06951447168854001,
  "score1": 0.050190884545191695,
  "score2": 0.07321958263237759,
  "score3": 0.5582890252924391,
  "score4": 0.17926227406155062,
  "score5": 0.11963191020275833,
  "score6": 0.6922966804813061
}