{
  "score0": 0.04098162223093634,
  "score1": 0.010189343848763327,
  "score2": 0.03549520830641047,
  "score3": 0.02746877388136758,
  "score4": 0.03856816789833486,
  "score5": 0.05384244232598934,
  "score6": 0.5870465249654291
}