{
  "score0": 0.060717895781984055,
  "score1": 0.1532629977144349,
  "score2": 0.08566750202623297,
  "score3": 0.06889970981531508,
  "score4": 0.16014465036820727,
  "score5": 0.43146334804718434,
  "score6": 0.401288142148968
}