{
  "score0": 0.035942142235294544,
  "score1": 0.04302660550292962,
  "score2": 0.027460754466557213,
  "score3": 0.03517880069543157,
  "score4": 0.025440559761683357,
  "score5": 0.05725642842939166,
  "score6": 0.2721006566799375
}