{
  "score0": 0.06659154238929034,
  "score1": 0.12027248848732547,
  "score2": 0.09573755420733716,
  "score3": 0.09607924992681886,
  "score4": 0.24731182651155814,
  "score5": 0.2523410973095414,
  "score6": 0.3237760180808391
}