{
  "score0": 0.41070076090956775,
  "score1": 0.06350426488443127,
  "score2": 0.03826206669171059,
  "score3": 0.020310991062394097,
  "score4": 0.027800344429880882,
  "score5": 0.09044467600057565,
  "score6": 0.006818715176325554
}