{
  "score0": 0.09424489399549046,
  "score1": 0.12971343726215429,
  "score2": 0.5264492243058019,
  "score3": 0.5669114920439151,
  "score4": 0.3792084708772523,
  "score5": 0.2327182139995192,
  "score6": 0.16590284654637008
}