{
  "score0": 0.037839084213432045,
  "score1": 0.013759860937988325,
  "score2": 0.09925440177353138,
  "score3": 0.020234861388100902,
  "score4": 0.044921497483043,
  "score5": 0.23028856521220264,
  "score6": 0.5651285541186731
}