{
  "score0": 0.28480220543428225,
  "score1": 0.5124979803281957,
  "score2": 0.5002107064255514,
  "score3": 0.020530241191866496,
  "score4": 0.09886213101775286,
  "score5": 0.06253524851972644,
  "score6": 0.048818693127294484
}