{
  "score0": 0.0988678576819469,
  "score1": 0.08937508235718315,
  "score2": 0.11530921585829246,
  "score3": 0.1165858261621076,
  "score4": 0.1921072983947417,
  "score5": 0.2487141871576175,
  "score6": 0.02803982330756667
}