{
  "score0": 0.03465679718759931,
  "score1": 0.046965721260042954,
  "score2": 0.010784383780222643,
  "score3": 0.013555087974507505,
  "score4": 0.019932209713175886,
  "score5": 0.020059273441171654,
  "score6": 0.06257531514835117
}