{
  "score0": 0.41070076090956775,
  "score1": 0.06350426488443127,
  "score2": 0.029962898738644425,
  "score3": 0.0260325042976922,
  "score4": 0.026992276752301304,
  "score5": 0.09044467600057565,
  "score6": 0.006818715176325554
}