{
  "score0": 0.035942142235294544,
  "score1": 0.04302660550292962,
  "score2": 0.02359805469799967,
  "score3": 0.020168543040269094,
  "score4": 0.013335950798329568,
  "score5": 0.0551362032372717,
  "score6": 0.12005461525875616
}