{
  "score0": 0.0459336513015671,
  "score1": 0.04751737073486845,
  "score2": 0.026449181910535902,
  "score3": 0.027034916684122463,
  "score4": 0.03401190472886897,
  "score5": 0.03906823227519223,
  "score6": 0.08935612149436005
}