{
  "score0": 0.07224340950527168,
  "score1": 0.03372045080933305,
  "score2": 0.19266318555043344,
  "score3": 0.44364388811116867,
  "score4": 0.4865991013059732,
  "score5": 0.3082002149485112,
  "score6": 0.5581934006905459
}