{
  "score0": 0.10516039129655957,
  "score1": 0.06850359520451438,
  "score2": 0.22844333947273704,
  "score3": 0.3451887720538432,
  "score4": 0.49723915061664986,
  "score5": 0.31669064258653123,
  "score6": 0.03468246121659702
}