{
  "score0": 0.0850108735607208,
  "score1": 0.0614608142497156,
  "score2": 0.06218891926947089,
  "score3": 0.3075782230770802,
  "score4": 0.32870470994175877,
  "score5": 0.12748465638754367,
  "score6": 0.3902707999498059
}