{
  "score0": 0.539080386397305,
  "score1": 0.5319225827611134,
  "score2": 0.05592946007160934,
  "score3": 0.027370421928804147,
  "score4": 0.029098797172386975,
  "score5": 0.04081355214265304,
  "score6": 0.051513913809285806
}