{
  "score0": 0.035942142235294544,
  "score1": 0.04302660550292962,
  "score2": 0.02525166593425973,
  "score3": 0.04136937739774687,
  "score4": 0.032130464795222365,
  "score5": 0.07349062761573477,
  "score6": 0.44650964360298984
}