{
  "score0": 0.046118085950479094,
  "score1": 0.04098162223093634,
  "score2": 0.010189343848763327,
  "score3": 0.03549520830641047,
  "score4": 0.02742998363699652,
  "score5": 0.027983083676481252,
  "score6": 0.06173834227080536
}