{
  "score0": 0.07752180799323044,
  "score1": 0.06315285347102732,
  "score2": 0.08442592849463121,
  "score3": 0.052104555233532836,
  "score4": 0.06900978952858174,
  "score5": 0.08610484566139102,
  "score6": 0.24621645213719542
}