{
  "score0": 0.06212118901884903,
  "score1": 0.07379591336498564,
  "score2": 0.07065803129653353,
  "score3": 0.027319511018862097,
  "score4": 0.019994025228209412,
  "score5": 0.07607152487170499,
  "score6": 0.5648370793825124
}