{
  "score0": 0.504706888693437,
  "score1": 0.08721761389459713,
  "score2": 0.05951316422391765,
  "score3": 0.045248584643345635,
  "score4": 0.03437824943744817,
  "score5": 0.019221082057324642,
  "score6": 0.02614172733025801
}