{
  "score0": 0.06532167930097085,
  "score1": 0.07379591336498564,
  "score2": 0.07065803129653353,
  "score3": 0.027090707511353895,
  "score4": 0.031952035106629494,
  "score5": 0.062809126344115,
  "score6": 0.5363399987100121
}