{
  "score0": 0.03783305680498517,
  "score1": 0.013759860937988325,
  "score2": 0.09267240606155018,
  "score3": 0.013518509895735034,
  "score4": 0.08127167582633284,
  "score5": 0.48676308409055835,
  "score6": 0.2959787013397212
}