{
  "score0": 0.08627392510508443,
  "score1": 0.28277084679233644,
  "score2": 0.41239749429506556,
  "score3": 0.04284817067302308,
  "score4": 0.1059023117575582,
  "score5": 0.02689018665893515,
  "score6": 0.027355902261558627
}