{
  "score0": 0.07765277431588322,
  "score1": 0.054322031160294534,
  "score2": 0.055255994030769105,
  "score3": 0.04934677923639782,
  "score4": 0.4963864676747489,
  "score5": 0.2813181307720495,
  "score6": 0.2827919783983781
}