{
  "score0": 0.026614536359998473,
  "score1": 0.0513413128482929,
  "score2": 0.043062720215931535,
  "score3": 0.02685129597571051,
  "score4": 0.027419056355535307,
  "score5": 0.0009221420936564926,
  "score6": 0.23258409817362455
}