{
  "score0": 0.24377806859174955,
  "score1": 0.49440193697540763,
  "score2": 0.6341905054070273,
  "score3": 0.02885273341433429,
  "score4": 0.035841039867041506,
  "score5": 0.02733718831670764,
  "score6": 0.03457922514368907
}