{
  "score0": 0.09091145151406227,
  "score1": 0.32186988574656594,
  "score2": 0.537143350685194,
  "score3": 0.04284817067302308,
  "score4": 0.03574211283787033,
  "score5": 0.05659980792913998,
  "score6": 0.0614857090378822
}