{
  "score0": 0.026614536359998473,
  "score1": 0.0513413128482929,
  "score2": 0.0349846000487706,
  "score3": 0.019804487239439204,
  "score4": 0.021246102967349675,
  "score5": 0.15302302799752415,
  "score6": 0.10209927625940964
}