{
  "score0": 0.03465679718759931,
  "score1": 0.0469427936350255,
  "score2": 0.02359805469799967,
  "score3": 0.020168543040269094,
  "score4": 0.013335950798329568,
  "score5": 0.0551362032372717,
  "score6": 0.12005461525875616
}