{
  "score0": 0.07833013887499284,
  "score1": 0.10926643924951981,
  "score2": 0.5053487410298458,
  "score3": 0.4979070611307952,
  "score4": 0.5761469951228545,
  "score5": 0.20326110238504436,
  "score6": 0.2976637251161488
}