{
  "score0": 0.22820928708289456,
  "score1": 0.5411701896453377,
  "score2": 0.4525317046086493,
  "score3": 0.020488160434492187,
  "score4": 0.035859343363947346,
  "score5": 0.020484312674919583,
  "score6": 0.05736305647302977
}