{
  "score0": 0.037839084213432045,
  "score1": 0.0062419060034470866,
  "score2": 0.0317582276216873,
  "score3": 0.03856816789833486,
  "score4": 0.05384244232598934,
  "score5": 0.5870465249654291,
  "score6": 0.39961793847174326
}