{
  "score0": 0.11928225396798371,
  "score1": 0.09987489509020045,
  "score2": 0.051307630967129134,
  "score3": 0.02664880067351867,
  "score4": 0.06356727806052899,
  "score5": 0.49175376777256585,
  "score6": 0.3015057895682794
}