{
  "score0": 0.06762023468404395,
  "score1": 0.08937508235718315,
  "score2": 0.11530921585829246,
  "score3": 0.1165858261621076,
  "score4": 0.15291497835147097,
  "score5": 0.0776053115734024,
  "score6": 0.0366783858437
}