{
  "score0": 0.06951447168854001,
  "score1": 0.0469012296557212,
  "score2": 0.06600673966749472,
  "score3": 0.20648735996424414,
  "score4": 0.4666555939063266,
  "score5": 0.17053096024631134,
  "score6": 0.28750357368443064
}