{
  "score0": 0.08438969086855191,
  "score1": 0.11459789414842253,
  "score2": 0.0835077356129262,
  "score3": 0.06889970981531508,
  "score4": 0.2724849447839161,
  "score5": 0.2911125116644409,
  "score6": 0.42682810901699964
}