{
  "score0": 0.06323845721013131,
  "score1": 0.031043872817505584,
  "score2": 0.1548447406571068,
  "score3": 0.5204290859276555,
  "score4": 0.5503167535709849,
  "score5": 0.34384267645711714,
  "score6": 0.45143703606586194
}