{
  "score0": 0.072322721115718,
  "score1": 0.14259821615132803,
  "score2": 0.10693607203073925,
  "score3": 0.24593557933060542,
  "score4": 0.14440331346403756,
  "score5": 0.14751835385798456,
  "score6": 0.027342825025252204
}