{
  "score0": 0.05746303266770328,
  "score1": 0.03236601180648738,
  "score2": 0.038388498294160564,
  "score3": 0.04906419552659457,
  "score4": 0.07264227671100366,
  "score5": 0.07422911349627913,
  "score6": 0.04055971875105575
}