{
  "score0": 0.0850108735607208,
  "score1": 0.0614608142497156,
  "score2": 0.07637542056516036,
  "score3": 0.033898705856718586,
  "score4": 0.4481435230734636,
  "score5": 0.20247701473573246,
  "score6": 0.2423770884955312
}