{
  "score0": 0.07752180799323044,
  "score1": 0.06659154238929034,
  "score2": 0.12027248848732547,
  "score3": 0.09573755420733716,
  "score4": 0.06900978952858174,
  "score5": 0.08610484566139102,
  "score6": 0.24621645213719542
}