{
  "score0": 0.046146343847056175,
  "score1": 0.04602792094241327,
  "score2": 0.02596896788429335,
  "score3": 0.035288081501162694,
  "score4": 0.03326001590920413,
  "score5": 0.040794577289615254,
  "score6": 0.0199981537747513
}