{
  "score0": 0.07224340950527168,
  "score1": 0.031043872817505584,
  "score2": 0.12205309748212399,
  "score3": 0.45221095491445623,
  "score4": 0.46404997626813627,
  "score5": 0.39317520275107637,
  "score6": 0.4102605557731637
}