{
  "score0": 0.0998461530811539,
  "score1": 0.09987489509020045,
  "score2": 0.051307630967129134,
  "score3": 0.03529026495637248,
  "score4": 0.07217771608301549,
  "score5": 0.4947536027078751,
  "score6": 0.33738865326758916
}