{
  "score0": 0.07717758658546614,
  "score1": 0.10179953349877091,
  "score2": 0.4163556570388112,
  "score3": 0.5149044117560753,
  "score4": 0.5805795643433536,
  "score5": 0.46614325157839626,
  "score6": 0.44663672931419945
}