{
  "score0": 0.035942142235294544,
  "score1": 0.047750088592372404,
  "score2": 0.02916533444117578,
  "score3": 0.03906823227519223,
  "score4": 0.08935612149436005,
  "score5": 0.5765358649964109,
  "score6": 0.055750168550479616
}