{
  "score0": 0.05847785470382916,
  "score1": 0.02098417721382968,
  "score2": 0.08474887926281745,
  "score3": 0.027319511018862097,
  "score4": 0.019994025228209412,
  "score5": 0.07607152487170499,
  "score6": 0.5648370793825124
}