{
  "score0": 0.05776365973007995,
  "score1": 0.04528922298588366,
  "score2": 0.057798022928328786,
  "score3": 0.42285936908197336,
  "score4": 0.44364388811116867,
  "score5": 0.4865991013059732,
  "score6": 0.3082002149485112
}