{
  "score0": 0.504706888693437,
  "score1": 0.06910504104158938,
  "score2": 0.0459145155963621,
  "score3": 0.027033055760811914,
  "score4": 0.032966835830466654,
  "score5": 0.020229681975959587,
  "score6": 0.03843220227460165
}