{
  "score0": 0.06350426488443127,
  "score1": 0.029962898738644425,
  "score2": 0.0260325042976922,
  "score3": 0.03289725765689671,
  "score4": 0.10867200490958616,
  "score5": 0.026180705459521735,
  "score6": 0.08885443473188788
}