{
  "score0": 0.047257701668996704,
  "score1": 0.0459336513015671,
  "score2": 0.04751737073486845,
  "score3": 0.026449181910535902,
  "score4": 0.03560849543940396,
  "score5": 0.03449460103583233,
  "score6": 0.07290348523171895
}