{
  "score0": 0.06704860632571452,
  "score1": 0.072322721115718,
  "score2": 0.14259821615132803,
  "score3": 0.11574060570906457,
  "score4": 0.14737303138369864,
  "score5": 0.07038035122521863,
  "score6": 0.035686988795173194
}