{
  "score0": 0.05772525580166385,
  "score1": 0.10571206475964577,
  "score2": 0.11862206865457778,
  "score3": 0.06926797191559969,
  "score4": 0.16591179467774728,
  "score5": 0.4248569051335536,
  "score6": 0.4094684930441841
}