{
  "score0": 0.07498754631036988,
  "score1": 0.10892546689098619,
  "score2": 0.2031824203034669,
  "score3": 0.09897222285742224,
  "score4": 0.2598608301174302,
  "score5": 0.2749266046758465,
  "score6": 0.29902161574708397
}