{
  "score0": 0.07747079289357728,
  "score1": 0.15249044783176238,
  "score2": 0.17380224458243648,
  "score3": 0.14440331346403756,
  "score4": 0.14751835385798456,
  "score5": 0.027342825025252204,
  "score6": 0.20166377356276755
}