{
  "score0": 0.06373388430809837,
  "score1": 0.07717758658546614,
  "score2": 0.10179953349877091,
  "score3": 0.49163908853425137,
  "score4": 0.5177281964597432,
  "score5": 0.5554040790984285,
  "score6": 0.36881733324895727
}