{
  "score0": 0.07747079289357728,
  "score1": 0.16003442458643954,
  "score2": 0.2120448059642135,
  "score3": 0.2879140233404757,
  "score4": 0.1553558445359524,
  "score5": 0.10905555914592853,
  "score6": 0.07508665963803988
}