{
  "score0": 0.05866685816545715,
  "score1": 0.05257357915210266,
  "score2": 0.07847604947477536,
  "score3": 0.5169581938580646,
  "score4": 0.4357930141271656,
  "score5": 0.5774478781213789,
  "score6": 0.508409173946191
}