{
  "score0": 0.059718110077433786,
  "score1": 0.05776365973007995,
  "score2": 0.055255994030769105,
  "score3": 0.04934677923639782,
  "score4": 0.47178878656248796,
  "score5": 0.4108255953352342,
  "score6": 0.4465533507876547
}