{
  "score0": 0.077420952329352,
  "score1": 0.0614608142497156,
  "score2": 0.07637542056516036,
  "score3": 0.02749584489989477,
  "score4": 0.4963864676747489,
  "score5": 0.2813181307720495,
  "score6": 0.2827919783983781
}