{
  "score0": 0.07219530128354235,
  "score1": 0.1457145567049979,
  "score2": 0.20592775898714522,
  "score3": 0.36607545732816593,
  "score4": 0.2860557586602865,
  "score5": 0.18837477833975924,
  "score6": 0.02661658399314031
}