{
  "score0": 0.1280488167055546,
  "score1": 0.3297669822007262,
  "score2": 0.32943057041277785,
  "score3": 0.1914258669529778,
  "score4": 0.0664598883633132,
  "score5": 0.020457652191211387,
  "score6": 0.020523943763241296
}