{
  "score0": 0.07123143711440558,
  "score1": 0.10926643924951981,
  "score2": 0.5053487410298458,
  "score3": 0.5702432125153714,
  "score4": 0.6010745640460589,
  "score5": 0.5527698323691208,
  "score6": 0.2163925073689322
}