{
  "score0": 0.4648272148471264,
  "score1": 0.08690716275016223,
  "score2": 0.04294744925367306,
  "score3": 0.026522136945082053,
  "score4": 0.04263430530520971,
  "score5": 0.07233158039016646,
  "score6": 0.01303076542925423
}