{
  "score0": 0.037839084213432045,
  "score1": 0.013759860937988325,
  "score2": 0.09926592465754673,
  "score3": 0.02662211424816872,
  "score4": 0.044921497483043,
  "score5": 0.23028856521220264,
  "score6": 0.5651285541186731
}