{
  "score0": 0.4824480525616561,
  "score1": 0.5319225827611134,
  "score2": 0.05592946007160934,
  "score3": 0.0273808508953345,
  "score4": 0.049716337407186235,
  "score5": 0.08085189538534243,
  "score6": 0.013278007950897605
}