{
  "score0": 0.03682088530952433,
  "score1": 0.0513413128482929,
  "score2": 0.043062720215931535,
  "score3": 0.08501630567562751,
  "score4": 0.028733413268442105,
  "score5": 0.0318569971162376,
  "score6": 0.07984441519105208
}