{
  "score0": 0.06532167930097085,
  "score1": 0.07265024820507587,
  "score2": 0.09135747139159513,
  "score3": 0.028902730315519737,
  "score4": 0.031952035106629494,
  "score5": 0.062809126344115,
  "score6": 0.5363399987100121
}