{
  "score0": 0.08438969086855191,
  "score1": 0.11459789414842253,
  "score2": 0.11862206865457778,
  "score3": 0.08756053829639206,
  "score4": 0.2724849447839161,
  "score5": 0.2911125116644409,
  "score6": 0.42682810901699964
}