{
  "score0": 0.5093861240120919,
  "score1": 0.08721761389459713,
  "score2": 0.05604247009818626,
  "score3": 0.06520989354201032,
  "score4": 0.06864950130004181,
  "score5": 0.027051234933190768,
  "score6": 0.013317926794982213
}