{
  "score0": 0.4809759794744149,
  "score1": 0.6078000509837777,
  "score2": 0.054923843258669613,
  "score3": 0.020529553988648766,
  "score4": 0.056502083721130796,
  "score5": 0.055618326873889005,
  "score6": 0.03367936794695416
}