{
  "score0": 0.07498754631036988,
  "score1": 0.11539952613916785,
  "score2": 0.10007584754527052,
  "score3": 0.24731182651155814,
  "score4": 0.2523410973095414,
  "score5": 0.3237760180808391,
  "score6": 0.24760829337629398
}