{
  "score0": 0.09409985522842554,
  "score1": 0.08936065782348199,
  "score2": 0.20345940402292667,
  "score3": 0.12888596910506234,
  "score4": 0.1921072983947417,
  "score5": 0.2487141871576175,
  "score6": 0.02803982330756667
}