{
  "score0": 0.11045266007214855,
  "score1": 0.08936065782348199,
  "score2": 0.20345940402292667,
  "score3": 0.12888596910506234,
  "score4": 0.5147585676335308,
  "score5": 0.22747046986214262,
  "score6": 0.0366804696022
}