{
  "score0": 0.4300610699695671,
  "score1": 0.026495590626545464,
  "score2": 0.44263561925836475,
  "score3": 0.36391540247832516,
  "score4": 0.16009987789162508,
  "score5": 0.5348425668832876,
  "score6": 0.5583477360860433
}