{
  "score0": 0.026299011889147458,
  "score1": 0.26237243600530585,
  "score2": 0.2453104749737729,
  "score3": 0.2742535493892875,
  "score4": 0.3648609123036597,
  "score5": 0.5245544133223355,
  "score6": 0.768381685148619
}