{
  "score0": 0.5960549977043567,
  "score1": 0.5786296274518907,
  "score2": 0.8045798364639761,
  "score3": 0.8047001446831942,
  "score4": 0.6758095470561866,
  "score5": 0.050579473930918155,
  "score6": 0.4354070965203814
}