{
  "score0": 0.14428125328097297,
  "score1": 0.0757189939625326,
  "score2": 0.6325287245894927,
  "score3": 0.615561069271579,
  "score4": 0.6989687372510721,
  "score5": 0.8028739412078378,
  "score6": 0.6769701396532382
}