{
  "score0": 0.39806732137449075,
  "score1": 0.07342042897806862,
  "score2": 0.6597423181587743,
  "score3": 0.41609943100514957,
  "score4": 0.5545969800765465,
  "score5": 0.7317392259426811,
  "score6": 0.5118849068655859
}