{
  "score0": 0.36448211491152516,
  "score1": 0.1452995856809189,
  "score2": 0.23059915543737525,
  "score3": 0.6162908735087906,
  "score4": 0.7699075619772408,
  "score5": 0.6720867219417143,
  "score6": 0.6946687882849272
}