{
  "score0": 0.05562238709508205,
  "score1": 0.3838368826296667,
  "score2": 0.3879553147394085,
  "score3": 0.46890059477475465,
  "score4": 0.5192141943757113,
  "score5": 0.6750204073585113,
  "score6": 0.7710537753191553
}