{
  "score0": 0.026299011889147458,
  "score1": 0.26237243600530585,
  "score2": 0.23806344311815994,
  "score3": 0.21310921568354388,
  "score4": 0.477996823515646,
  "score5": 0.18421898141704404,
  "score6": 0.42974648684419653
}