{
  "score0": 0.40704059643547674,
  "score1": 0.5159785094351508,
  "score2": 0.6470123682933793,
  "score3": 0.9630429449783922,
  "score4": 0.9162468822273407,
  "score5": 0.8295070829325292,
  "score6": 0.795586878404486
}