{
  "score0": 0.36855700244044015,
  "score1": 0.5299168798873,
  "score2": 0.3579384591461534,
  "score3": 0.7138940746849264,
  "score4": 0.7959322611985588,
  "score5": 0.609332645244517,
  "score6": 0.1365444377521777
}