{
  "score0": 0.789919771298516,
  "score1": 0.8920280334259143,
  "score2": 0.4442933734490354,
  "score3": 0.36377515715673137,
  "score4": 0.7254489638635079,
  "score5": 0.39471809476088043,
  "score6": 0.273378425545409
}