{
  "score0": 0.208034937183053,
  "score1": 0.6250998816215767,
  "score2": 0.6302429422157565,
  "score3": 0.8730045978379005,
  "score4": 0.8939946276783265,
  "score5": 0.936781928863034,
  "score6": 0.9113485261745232
}