{
  "score0": 0.043803313439551156,
  "score1": 0.40935509423634886,
  "score2": 0.6577092911874023,
  "score3": 0.46890059477475465,
  "score4": 0.5677758627068071,
  "score5": 0.5709200162072082,
  "score6": 0.644093567631254
}