{
  "score0": 0.06210586279784864,
  "score1": 0.43216303908120984,
  "score2": 0.6888488678415018,
  "score3": 0.6364196667480457,
  "score4": 0.4149592514496596,
  "score5": 0.22858346896483894,
  "score6": 0.6824077760874085
}