{
  "score0": 0.06727006831165867,
  "score1": 0.18511976715106804,
  "score2": 0.3590499972308137,
  "score3": 0.11962914333010825,
  "score4": 0.33926533749338117,
  "score5": 0.3539443310608333,
  "score6": 0.6412753635373439
}