{
  "score0": 0.9055808882043266,
  "score1": 0.3482515503070677,
  "score2": 0.04591888514542383,
  "score3": 0.3064701593187136,
  "score4": 0.4572656761286107,
  "score5": 0.18601041035425814,
  "score6": 0.41908399454128964
}