{
  "score0": 0.37645443230941256,
  "score1": 0.07342042897806862,
  "score2": 0.6216299286237985,
  "score3": 0.15532252095158275,
  "score4": 0.49368588849892486,
  "score5": 0.6844839700856697,
  "score6": 0.8151139948051552
}