{
  "score0": 0.789919771298516,
  "score1": 0.8768274348125042,
  "score2": 0.339828622993121,
  "score3": 0.18080479233229665,
  "score4": 0.3340639466229189,
  "score5": 0.46239180406288666,
  "score6": 0.6649530548082541
}