{
  "score0": 0.41963077053121656,
  "score1": 0.6249188637333064,
  "score2": 0.6271163528424292,
  "score3": 0.808609982222339,
  "score4": 0.8655657707593503,
  "score5": 0.4212634212876116,
  "score6": 0.2056650251687252
}