{
  "score0": 0.23247708381557175,
  "score1": 0.30124935213688714,
  "score2": 0.07047093252536692,
  "score3": 0.6577611604260585,
  "score4": 0.34340955495808073,
  "score5": 0.668847710065758,
  "score6": 0.46510478459393917
}