{
  "score0": 0.19906415235178943,
  "score1": 0.0757189939625326,
  "score2": 0.5835813039420447,
  "score3": 0.627985430173307,
  "score4": 0.6493206631086634,
  "score5": 0.6467334645706991,
  "score6": 0.6647643509039384
}