{
  "score0": 0.06727006831165867,
  "score1": 0.21436392591099615,
  "score2": 0.39284042379304385,
  "score3": 0.09905376115499569,
  "score4": 0.33926533749338117,
  "score5": 0.3539443310608333,
  "score6": 0.6412753635373439
}