{
  "score0": 0.41488529229707605,
  "score1": 0.572083920503115,
  "score2": 0.5772432396159279,
  "score3": 0.8502139174614557,
  "score4": 0.7361829412812929,
  "score5": 0.3016571815344066,
  "score6": 0.2746027903958671
}