{
  "score0": 0.5827212923375037,
  "score1": 0.5041930671904316,
  "score2": 0.7609016583032794,
  "score3": 0.9170335705493589,
  "score4": 0.7712070376123313,
  "score5": 0.9165215850449355,
  "score6": 0.2595415062723602
}