{
  "score0": 0.020436839677251586,
  "score1": 0.5091192187043689,
  "score2": 0.7002478052657413,
  "score3": 0.6320182595136165,
  "score4": 0.5307993660158133,
  "score5": 0.26016196766531047,
  "score6": 0.7048390358729296
}