{
  "score0": 0.4108689916360912,
  "score1": 0.258273419777044,
  "score2": 0.42262183427435546,
  "score3": 0.5333187095073217,
  "score4": 0.702603363198092,
  "score5": 0.6817173407894533,
  "score6": 0.3952226976184126
}