{
  "score0": 0.3508818572454988,
  "score1": 0.5314150916255379,
  "score2": 0.6302429422157565,
  "score3": 0.8773761395991588,
  "score4": 0.90733120624401,
  "score5": 0.8778855564981053,
  "score6": 0.9016886904288697
}