{
  "score0": 0.3838368826296667,
  "score1": 0.3879553147394085,
  "score2": 0.35072100717356863,
  "score3": 0.5333187095073217,
  "score4": 0.702603363198092,
  "score5": 0.6817173407894533,
  "score6": 0.3952226976184126
}