{
  "score0": 0.6129070956847007,
  "score1": 0.7685531370338938,
  "score2": 0.8651410106024532,
  "score3": 0.39513780085588857,
  "score4": 0.09862368423592854,
  "score5": 0.32333145150675274,
  "score6": 0.6656842852630579
}