{
  "score0": 0.24195172524225242,
  "score1": 0.5756556968134865,
  "score2": 0.5322196087489482,
  "score3": 0.8619681032702756,
  "score4": 0.9031447688365982,
  "score5": 0.8994574255701675,
  "score6": 0.9598940858209722
}