{
  "score0": 0.789919771298516,
  "score1": 0.8768274348125042,
  "score2": 0.3733630897420816,
  "score3": 0.15408648847968678,
  "score4": 0.36377515715673137,
  "score5": 0.7254489638635079,
  "score6": 0.39471809476088043
}