{
  "score0": 0.18511976715106804,
  "score1": 0.3590499972308137,
  "score2": 0.24424789177338582,
  "score3": 0.23669059793064087,
  "score4": 0.4352343903113393,
  "score5": 0.5224465345924866,
  "score6": 0.26406492167744483
}