{
  "score0": 0.7761376507960506,
  "score1": 0.8987229930916819,
  "score2": 0.3952609338086164,
  "score3": 0.10353850371692537,
  "score4": 0.31940792731423806,
  "score5": 0.41129313569052584,
  "score6": 0.5414941282090459
}