{
  "score0": 0.208034937183053,
  "score1": 0.6250998816215767,
  "score2": 0.604939654420458,
  "score3": 0.8619681032702756,
  "score4": 0.8939946276783265,
  "score5": 0.936781928863034,
  "score6": 0.9113485261745232
}