{
  "score0": 0.6888024080496865,
  "score1": 0.5576986249148743,
  "score2": 0.8415568353359593,
  "score3": 0.7724064508924394,
  "score4": 0.6622685786024061,
  "score5": 0.04422833634724118,
  "score6": 0.14920782195906343
}