{
  "score0": 0.5633617584229059,
  "score1": 0.7870702010854075,
  "score2": 0.9004400937732971,
  "score3": 0.6490600577298179,
  "score4": 0.10036711507923213,
  "score5": 0.007366562505341589,
  "score6": 0.4006381435212334
}