{
  "score0": 0.033431498743378266,
  "score1": 0.3361585793893015,
  "score2": 0.4397810285387512,
  "score3": 0.15637697885384774,
  "score4": 0.356760820433956,
  "score5": 0.4897912390983669,
  "score6": 0.7342897856586467
}