{
  "score0": 0.033431498743378266,
  "score1": 0.33526932396604725,
  "score2": 0.2453104749737729,
  "score3": 0.2742535493892875,
  "score4": 0.3648609123036597,
  "score5": 0.5245544133223355,
  "score6": 0.768381685148619
}