{
  "score0": 0.9086772384027656,
  "score1": 0.421260960812355,
  "score2": 0.0804868781318754,
  "score3": 0.22382116926971798,
  "score4": 0.3908790533710003,
  "score5": 0.060707107149052086,
  "score6": 0.0009124340229205331
}