{
  "score0": 0.3532833561906703,
  "score1": 0.06210586279784864,
  "score2": 0.43216303908120984,
  "score3": 0.7348851711233809,
  "score4": 0.7730815880126132,
  "score5": 0.6538845723526031,
  "score6": 0.42910916156437456
}