{
  "score0": 0.17940032886835972,
  "score1": 0.43158887611967495,
  "score2": 0.17363113978642306,
  "score3": 0.6842366210423334,
  "score4": 0.5036707051605402,
  "score5": 0.2899150012176073,
  "score6": 0.6313508885589248
}