{
  "score0": 0.19906415235178943,
  "score1": 0.0757189939625326,
  "score2": 0.6325287245894927,
  "score3": 0.5612352568760762,
  "score4": 0.6161259576284595,
  "score5": 0.6856459317381103,
  "score6": 0.6751354831346944
}