{
  "score0": 0.5384144941523086,
  "score1": 0.7870702010854075,
  "score2": 0.9004400937732971,
  "score3": 0.6466223456776421,
  "score4": 0.05449566438600815,
  "score5": 0.020603034162985475,
  "score6": 0.2654917028362718
}