{
  "score0": 0.4108689916360912,
  "score1": 0.33032221591066047,
  "score2": 0.46702602955271766,
  "score3": 0.702603363198092,
  "score4": 0.6817173407894533,
  "score5": 0.3952226976184126,
  "score6": 0.6470350672852929
}