{
  "score0": 0.47246966864307727,
  "score1": 0.4580472121879953,
  "score2": 0.5597183689193774,
  "score3": 0.5985790495940316,
  "score4": 0.8429555872183752,
  "score5": 0.869487503579243,
  "score6": 0.5964316180401635
}