{
  "score0": 0.3949241014080122,
  "score1": 0.17605435724875879,
  "score2": 0.2858479514993639,
  "score3": 0.5958743039873385,
  "score4": 0.633365861588021,
  "score5": 0.5321582298159734,
  "score6": 0.7701180743204216
}