{
  "score0": 0.5044632785746634,
  "score1": 0.7706035165919923,
  "score2": 0.8808448789153471,
  "score3": 0.6151623200397324,
  "score4": 0.053673585052380283,
  "score5": 0.25265445129525294,
  "score6": 0.5422703134670863
}