{
  "score0": 0.18725824166507715,
  "score1": 0.37075681149491657,
  "score2": 0.06441385823591445,
  "score3": 0.6019398463694436,
  "score4": 0.5036707051605402,
  "score5": 0.2899150012176073,
  "score6": 0.6313508885589248
}