{
  "score0": 0.22534850270215623,
  "score1": 0.30124935213688714,
  "score2": 0.019592181207464407,
  "score3": 0.5473417931766626,
  "score4": 0.23669059793064087,
  "score5": 0.4352343903113393,
  "score6": 0.5224465345924866
}