{
  "score0": 0.39806732137449075,
  "score1": 0.07342042897806862,
  "score2": 0.6216299286237985,
  "score3": 0.38241622941242365,
  "score4": 0.4842710251399227,
  "score5": 0.6474508767663635,
  "score6": 0.7193341099060673
}