{
  "score0": 0.42068699397786724,
  "score1": 0.27362808836853775,
  "score2": 0.44252046289221053,
  "score3": 0.6390550873166578,
  "score4": 0.7836568458862336,
  "score5": 0.6678762347932655,
  "score6": 0.5220187281147691
}