{
  "score0": 0.7059948152498036,
  "score1": 0.7161500526288767,
  "score2": 0.7813373204385471,
  "score3": 0.8417716899138084,
  "score4": 0.7201311650461321,
  "score5": 0.11119530894160996,
  "score6": 0.1870737146291227
}