{
  "score0": 0.11587478310952035,
  "score1": 0.16749595428225156,
  "score2": 0.6535079079049588,
  "score3": 0.7082441857878222,
  "score4": 0.7899911517102004,
  "score5": 0.6111295131597552,
  "score6": 0.5955402253692118
}