{
  "score0": 0.4288277661657814,
  "score1": 0.026495590626545464,
  "score2": 0.46637080579797763,
  "score3": 0.4094860778642462,
  "score4": 0.17987978494082604,
  "score5": 0.2916166540601877,
  "score6": 0.6429000528588681
}