{
  "score0": 0.06892606268220464,
  "score1": 0.21436392591099615,
  "score2": 0.39284042379304385,
  "score3": 0.21983228160287602,
  "score4": 0.5893833022894867,
  "score5": 0.48767612739555793,
  "score6": 0.5540875148286802
}