{
  "score0": 0.8698120733872816,
  "score1": 0.333730466724901,
  "score2": 0.10129148412653004,
  "score3": 0.308779424323361,
  "score4": 0.28666423621085135,
  "score5": 0.029111157257506935,
  "score6": 0.03028717426310101
}