{
  "score0": 0.6074189039175908,
  "score1": 0.5041930671904316,
  "score2": 0.7787662145878158,
  "score3": 0.9050749628952527,
  "score4": 0.7598502151350551,
  "score5": 0.8043912637494485,
  "score6": 0.2898020189430763
}