{
  "score0": 0.11122166370370394,
  "score1": 0.38608973419842363,
  "score2": 0.17363113978642306,
  "score3": 0.6842366210423334,
  "score4": 0.46462483774461977,
  "score5": 0.2958675087504022,
  "score6": 0.6467830530528504
}