{
  "score0": 0.5960549977043567,
  "score1": 0.6308324261093579,
  "score2": 0.7143377533591375,
  "score3": 0.6758095470561866,
  "score4": 0.050579473930918155,
  "score5": 0.4354070965203814,
  "score6": 0.1530456280572823
}