{
  "score0": 0.3482515503070677,
  "score1": 0.04591888514542383,
  "score2": 0.36511952454824204,
  "score3": 0.16009987789162508,
  "score4": 0.5348425668832876,
  "score5": 0.5583477360860433,
  "score6": 0.25651752141619233
}