{
  "score0": 0.5051830315991405,
  "score1": 0.49435010256478346,
  "score2": 0.629835098487381,
  "score3": 0.6839102537318388,
  "score4": 0.9556024450882251,
  "score5": 0.9184861760457488,
  "score6": 0.646751980477028
}