{
  "score0": 0.7904297508141735,
  "score1": 0.8873769372697934,
  "score2": 0.3888594989581396,
  "score3": 0.027320118800189936,
  "score4": 0.11483102376238215,
  "score5": 0.06558637080145992,
  "score6": 0.05250920160678834
}