{
  "score0": 0.4632835202970837,
  "score1": 0.033962352393489846,
  "score2": 0.29752967006115755,
  "score3": 0.47751140254255336,
  "score4": 0.04726593114409807,
  "score5": 0.39689309105444365,
  "score6": 0.031828820867861325
}