{
  "score0": 0.40704059643547674,
  "score1": 0.5621228104999927,
  "score2": 0.7586206539527198,
  "score3": 0.7313293343377815,
  "score4": 0.9452809038754088,
  "score5": 0.9629939638035788,
  "score6": 0.5444766812842913
}