{
  "score0": 0.6060911939173164,
  "score1": 0.5786296274518907,
  "score2": 0.7894013421641043,
  "score3": 0.7967182527231073,
  "score4": 0.4511619071658765,
  "score5": 0.05486022566621388,
  "score6": 0.12133988308050232
}