{
  "score0": 0.40704059643547674,
  "score1": 0.5159785094351508,
  "score2": 0.6363291350519833,
  "score3": 0.9184769329097868,
  "score4": 0.7313293343377815,
  "score5": 0.9452809038754088,
  "score6": 0.9629939638035788
}