{
  "score0": 0.033776920633274844,
  "score1": 0.2725654689963328,
  "score2": 0.35796058772898554,
  "score3": 0.18419918435422342,
  "score4": 0.29333128376541073,
  "score5": 0.6315779824868725,
  "score6": 0.5365643632391844
}