{
  "score0": 0.7443229174162651,
  "score1": 0.5576986249148743,
  "score2": 0.8415568353359593,
  "score3": 0.8117955916352612,
  "score4": 0.6610706585762401,
  "score5": 0.18322699399236242,
  "score6": 0.013524495985952914
}