{
  "score0": 0.5044632785746634,
  "score1": 0.7706035165919923,
  "score2": 0.8651410106024532,
  "score3": 0.39513780085588857,
  "score4": 0.09862368423592854,
  "score5": 0.32333145150675274,
  "score6": 0.6656842852630579
}