{
  "score0": 0.42734483998272704,
  "score1": 0.572083920503115,
  "score2": 0.5589422343123918,
  "score3": 0.7846299874672725,
  "score4": 0.8311852011791679,
  "score5": 0.4366405888576939,
  "score6": 0.3175138347626461
}