{
  "score0": 0.7059948152498036,
  "score1": 0.49493076393615176,
  "score2": 0.7267077561869757,
  "score3": 0.8412513416957413,
  "score4": 0.7201311650461321,
  "score5": 0.11119530894160996,
  "score6": 0.1870737146291227
}