{
  "score0": 0.026299011889147458,
  "score1": 0.26237243600530585,
  "score2": 0.2622739997775393,
  "score3": 0.013771915087000845,
  "score4": 0.6330602225620697,
  "score5": 0.18419918435422342,
  "score6": 0.29333128376541073
}