{
  "score0": 0.5756556968134865,
  "score1": 0.5322196087489482,
  "score2": 0.8045187313136719,
  "score3": 0.7712070376123313,
  "score4": 0.9165215850449355,
  "score5": 0.2595415062723602,
  "score6": 0.4284388541781676
}