{
  "score0": 0.7737759035284248,
  "score1": 0.8987229930916819,
  "score2": 0.3952609338086164,
  "score3": 0.02885779890114254,
  "score4": 0.11483102376238215,
  "score5": 0.06558637080145992,
  "score6": 0.05250920160678834
}