{
  "score0": 0.22811619926921212,
  "score1": 0.5314150916255379,
  "score2": 0.6302429422157565,
  "score3": 0.8730045978379005,
  "score4": 0.8939946276783265,
  "score5": 0.936781928863034,
  "score6": 0.9113485261745232
}