{
  "score0": 0.6137926288860212,
  "score1": 0.7685531370338938,
  "score2": 0.8803271902904117,
  "score3": 0.6283934917530392,
  "score4": 0.1568476634147229,
  "score5": 0.14544795699207055,
  "score6": 0.672483714291312
}