{
  "score0": 0.38608973419842363,
  "score1": 0.09104621816880037,
  "score2": 0.5130829453618868,
  "score3": 0.5532587071902998,
  "score4": 0.761023349520325,
  "score5": 0.6109234354132325,
  "score6": 0.8410840208045599
}