{
  "score0": 0.020436839677251586,
  "score1": 0.5091192187043689,
  "score2": 0.7041540637043676,
  "score3": 0.7957688420994069,
  "score4": 0.6364196667480457,
  "score5": 0.4149592514496596,
  "score6": 0.22858346896483894
}