{
  "score0": 0.5569780241172011,
  "score1": 0.4852682902937711,
  "score2": 0.47898783810315226,
  "score3": 0.8193368755564947,
  "score4": 0.9569838292766132,
  "score5": 0.9295790297510989,
  "score6": 0.3182047213726696
}