{
  "score0": 0.42068699397786724,
  "score1": 0.27362808836853775,
  "score2": 0.33107109781365873,
  "score3": 0.5843521937544017,
  "score4": 0.7875602957256653,
  "score5": 0.7289870719326482,
  "score6": 0.493532144756098
}