{
  "score0": 0.13777901809615883,
  "score1": 0.09711634760199035,
  "score2": 0.5835813039420447,
  "score3": 0.627985430173307,
  "score4": 0.6493206631086634,
  "score5": 0.6467334645706991,
  "score6": 0.6647643509039384
}