{
  "score0": 0.7161500526288767,
  "score1": 0.7813373204385471,
  "score2": 0.7669494097538364,
  "score3": 0.1568476634147229,
  "score4": 0.14544795699207055,
  "score5": 0.672483714291312,
  "score6": 0.7040815256570424
}