{
  "score0": 0.8706287089930973,
  "score1": 0.333730466724901,
  "score2": 0.09549398025250731,
  "score3": 0.2110335628641132,
  "score4": 0.49982898280300825,
  "score5": 0.40656376080745565,
  "score6": 0.05255749035542814
}