{
  "score0": 0.8687835751032906,
  "score1": 0.3876140441026057,
  "score2": 0.08915088583058418,
  "score3": 0.49982898280300825,
  "score4": 0.40656376080745565,
  "score5": 0.05255749035542814,
  "score6": 0.5871980645977234
}