{
  "score0": 0.23260152182308935,
  "score1": 0.37075681149491657,
  "score2": 0.06441385823591445,
  "score3": 0.6877654167079018,
  "score4": 0.3995927674388706,
  "score5": 0.5614031890262973,
  "score6": 0.5968890249838483
}