{
  "score0": 0.4580472121879953,
  "score1": 0.5597183689193774,
  "score2": 0.5783018855138937,
  "score3": 0.8311852011791679,
  "score4": 0.4366405888576939,
  "score5": 0.3175138347626461,
  "score6": 0.7373681515410402
}