{
  "score0": 0.7781388010482314,
  "score1": 0.8687835751032906,
  "score2": 0.3888594989581396,
  "score3": 0.027320118800189936,
  "score4": 0.2679608098808452,
  "score5": 0.270595735462435,
  "score6": 0.36631324645018154
}