{
  "score0": 0.3730355301886368,
  "score1": 0.033962352393489846,
  "score2": 0.29752967006115755,
  "score3": 0.5228618699168636,
  "score4": 0.05881757240091386,
  "score5": 0.2926030758565973,
  "score6": 0.5677769551512069
}