{
  "score0": 0.07116107513101921,
  "score1": 0.3361585793893015,
  "score2": 0.4397810285387512,
  "score3": 0.21983228160287602,
  "score4": 0.5893833022894867,
  "score5": 0.48767612739555793,
  "score6": 0.5540875148286802
}