{
  "score0": 0.8877649844238937,
  "score1": 0.33718681735243394,
  "score2": 0.06647603363921636,
  "score3": 0.30303842717207224,
  "score4": 0.49919673311450224,
  "score5": 0.2805660981135514,
  "score6": 0.4873324388663694
}