{
  "score0": 0.38718730205450164,
  "score1": 0.07367740027653319,
  "score2": 0.5959441108828034,
  "score3": 0.15532252095158275,
  "score4": 0.49368588849892486,
  "score5": 0.6844839700856697,
  "score6": 0.8151139948051552
}