{
  "score0": 0.5959114359116952,
  "score1": 0.4852682902937711,
  "score2": 0.7787662145878158,
  "score3": 0.9050749628952527,
  "score4": 0.7598502151350551,
  "score5": 0.8043912637494485,
  "score6": 0.2898020189430763
}