{
  "score0": 0.9055808882043266,
  "score1": 0.33718681735243394,
  "score2": 0.06647603363921636,
  "score3": 0.30303842717207224,
  "score4": 0.4572656761286107,
  "score5": 0.18601041035425814,
  "score6": 0.41908399454128964
}