{
  "score0": 0.2981304944660232,
  "score1": 0.09021941423934116,
  "score2": 0.263957471413318,
  "score3": 0.09012372878749919,
  "score4": 0.16832791504243927,
  "score5": 0.1738715202372132,
  "score6": 0.3420152571697064
}