{
  "score0": 0.37757418080928196,
  "score1": 0.4698121888994388,
  "score2": 0.6934734938697932,
  "score3": 0.6131200506220645,
  "score4": 0.7082299250743357,
  "score5": 0.3187193092743676,
  "score6": 0.4102743515368245
}