{
  "score0": 0.20553843047977807,
  "score1": 0.3786760427613947,
  "score2": 0.22243080458633244,
  "score3": 0.05531368754666594,
  "score4": 0.28137274636664017,
  "score5": 0.026988416920180364,
  "score6": 0.16245149048972543
}