{
  "score0": 0.32351743060233595,
  "score1": 0.1435732051375106,
  "score2": 0.049372752445739375,
  "score3": 0.10619936777116244,
  "score4": 0.1634491992240328,
  "score5": 0.2672610125453388,
  "score6": 0.11709036072924967
}