{
  "score0": 0.3696193229832959,
  "score1": 0.4698121888994388,
  "score2": 0.6934734938697932,
  "score3": 0.5856391780675309,
  "score4": 0.7416713368637424,
  "score5": 0.2855040215478252,
  "score6": 0.19702487983299466
}