{
  "score0": 0.3791740166657271,
  "score1": 0.3457270672138779,
  "score2": 0.30862148540130857,
  "score3": 0.1730509455714092,
  "score4": 0.240801524014872,
  "score5": 0.3410681489196073,
  "score6": 0.5576154679200952
}