{
  "score0": 0.302494547562149,
  "score1": 0.11839036808233272,
  "score2": 0.049372752445739375,
  "score3": 0.05584042182806703,
  "score4": 0.15212559298757874,
  "score5": 0.27514286307555574,
  "score6": 0.1653948941173888
}