{
  "score0": 0.3145325638834592,
  "score1": 0.162087478044524,
  "score2": 0.04810313697073106,
  "score3": 0.02724595309628498,
  "score4": 0.15952031599577907,
  "score5": 0.31890938016084647,
  "score6": 0.45521607844187123
}