{
  "score0": 0.1412877817176844,
  "score1": 0.6063444054070516,
  "score2": 0.29801249413797853,
  "score3": 0.18814911837281958,
  "score4": 0.2938018346541335,
  "score5": 0.21295427180412374,
  "score6": 0.013180214390378054
}