{
  "score0": 0.3900825082685422,
  "score1": 0.42408842834787563,
  "score2": 0.39905134625841393,
  "score3": 0.6543392572471068,
  "score4": 0.6609428084887473,
  "score5": 0.2567227930949483,
  "score6": 0.4344932474608088
}