{
  "score0": 0.12232077298299535,
  "score1": 0.4332923951159049,
  "score2": 0.08101892335878316,
  "score3": 0.11332432282947284,
  "score4": 0.08230544620664494,
  "score5": 0.21979237141369237,
  "score6": 0.14579439008074976
}