{
  "score0": 0.28537086557812336,
  "score1": 0.04967257577856646,
  "score2": 0.2401530074092785,
  "score3": 0.043231043257874545,
  "score4": 0.1134784054982696,
  "score5": 0.4139110354999824,
  "score6": 0.4998428973624245
}