{
  "score0": 0.21386617430717936,
  "score1": 0.5559191245500821,
  "score2": 0.33796916861397713,
  "score3": 0.24591188667996403,
  "score4": 0.3158717717481299,
  "score5": 0.3848904857381863,
  "score6": 0.09275355988850631
}