{
  "score0": 0.08063195050639449,
  "score1": 0.2193517735320809,
  "score2": 0.5350715855175568,
  "score3": 0.4207492207407584,
  "score4": 0.157916723146285,
  "score5": 0.24447537437224579,
  "score6": 0.5863163096034626
}