{
  "score0": 0.4648807755402491,
  "score1": 0.468489491188988,
  "score2": 0.08194062855215939,
  "score3": 0.12362338631603646,
  "score4": 0.5942051572773966,
  "score5": 0.38186354096647485,
  "score6": 0.046881146738754716
}