{
  "score0": 0.045675251903209466,
  "score1": 0.2193517735320809,
  "score2": 0.5143366605743734,
  "score3": 0.5803248457903604,
  "score4": 0.17926770971919415,
  "score5": 0.10836600951222636,
  "score6": 0.04821726753737137
}