{
  "score0": 0.48922776817290015,
  "score1": 0.2628698925056827,
  "score2": 0.03600757088882301,
  "score3": 0.14361362056498325,
  "score4": 0.07796279580349863,
  "score5": 0.2157141029945309,
  "score6": 0.029813982394788625
}