{
  "score0": 0.11028976558156386,
  "score1": 0.23643916250740724,
  "score2": 0.558404003275934,
  "score3": 0.5176192672364538,
  "score4": 0.3920213134916424,
  "score5": 0.16128677625486018,
  "score6": 0.3942170522460244
}