{
  "score0": 0.4143309450508229,
  "score1": 0.3933204859200814,
  "score2": 0.4409040767258905,
  "score3": 0.6531256144161032,
  "score4": 0.735493651650899,
  "score5": 0.6156685456564563,
  "score6": 0.09344394190298293
}