{
  "score0": 0.36287943453357574,
  "score1": 0.3390036758417426,
  "score2": 0.18967871656538227,
  "score3": 0.4522441257423382,
  "score4": 0.4594564963415519,
  "score5": 0.0670682147817274,
  "score6": 0.49846037942173665
}