{
  "score0": 0.1370537809152686,
  "score1": 0.11310040033800563,
  "score2": 0.1668608379649203,
  "score3": 0.3322660709197964,
  "score4": 0.397623484353636,
  "score5": 0.28636824727563687,
  "score6": 0.030500930762675543
}