{
  "score0": 0.3152979663895855,
  "score1": 0.0710458482848348,
  "score2": 0.28344731951501584,
  "score3": 0.34455916799511765,
  "score4": 0.24752839866258414,
  "score5": 0.593118227749915,
  "score6": 0.24508423142831814
}