{
  "score0": 0.5064540224551881,
  "score1": 0.2628698925056827,
  "score2": 0.03600757088882301,
  "score3": 0.3262140852812762,
  "score4": 0.04560110259777725,
  "score5": 0.4115613445051956,
  "score6": 0.21407178232435423
}