{
  "score0": 0.046294872136078864,
  "score1": 0.19837894339727577,
  "score2": 0.5659184455259388,
  "score3": 0.2937751242508571,
  "score4": 0.1264803253464263,
  "score5": 0.14413182189445697,
  "score6": 0.14481285393988605
}