{
  "score0": 0.48922776817290015,
  "score1": 0.30323767691730286,
  "score2": 0.11877166424686611,
  "score3": 0.14387180295200122,
  "score4": 0.1244766601039266,
  "score5": 0.13683854548838156,
  "score6": 0.10607710539783344
}