{
  "score0": 0.36287943453357574,
  "score1": 0.35360956482269235,
  "score2": 0.030986207466012314,
  "score3": 0.3177213503461131,
  "score4": 0.4522441257423382,
  "score5": 0.4594564963415519,
  "score6": 0.0670682147817274
}