{
  "score0": 0.5114158183218935,
  "score1": 0.37139830436335386,
  "score2": 0.14997352322510613,
  "score3": 0.3262140852812762,
  "score4": 0.04560110259777725,
  "score5": 0.4115613445051956,
  "score6": 0.21407178232435423
}