{
  "score0": 0.1226593076774396,
  "score1": 0.3283503227010524,
  "score2": 0.3420067761010735,
  "score3": 0.6171903100345651,
  "score4": 0.38405025012413624,
  "score5": 0.6099809316359848,
  "score6": 0.449128563701172
}