{
  "score0": 0.2866504385276692,
  "score1": 0.15935507232273638,
  "score2": 0.6353241685130534,
  "score3": 0.06772441178161777,
  "score4": 0.043120909517319145,
  "score5": 0.15438053236510282,
  "score6": 0.3218088120609914
}