{
  "score0": 0.15706716541028576,
  "score1": 0.34867306443420965,
  "score2": 0.12672201333541266,
  "score3": 0.17836364559627046,
  "score4": 0.20407498666920199,
  "score5": 0.08664021933270827,
  "score6": 0.08281623363468403
}