{
  "score0": 0.6046256076340154,
  "score1": 0.2689566377100181,
  "score2": 0.21834897677604834,
  "score3": 0.4179466915166594,
  "score4": 0.3221351717072849,
  "score5": 0.09928432590565882,
  "score6": 0.0334689637855492
}