{
  "score0": 0.15247379559646057,
  "score1": 0.05182878644701652,
  "score2": 0.0984882400783775,
  "score3": 0.331307522167212,
  "score4": 0.5458195141691019,
  "score5": 0.2694138559894032,
  "score6": 0.31687150711783874
}