{
  "score0": 0.6046256076340154,
  "score1": 0.2755336113474928,
  "score2": 0.3283448234183462,
  "score3": 0.3563471086432535,
  "score4": 0.3919512228510788,
  "score5": 0.1661598176507273,
  "score6": 0.018478156816311164
}