{
  "score0": 0.4242059760957462,
  "score1": 0.3875253328076048,
  "score2": 0.4183203447012149,
  "score3": 0.6565526494706199,
  "score4": 0.65341223263638,
  "score5": 0.7589629030190029,
  "score6": 0.2768884850130044
}