{
  "score0": 0.6057897628280415,
  "score1": 0.2900572852869058,
  "score2": 0.26540060292058865,
  "score3": 0.43103987825895435,
  "score4": 0.11904454849206068,
  "score5": 0.03894231195568771,
  "score6": 0.11801681453316416
}