{
  "score0": 0.4295247572740911,
  "score1": 0.407905290387897,
  "score2": 0.41473061707522824,
  "score3": 0.6070578866501862,
  "score4": 0.6543392572471068,
  "score5": 0.6609428084887473,
  "score6": 0.2567227930949483
}