{
  "score0": 0.1441200559441768,
  "score1": 0.09943958026915829,
  "score2": 0.1668608379649203,
  "score3": 0.331307522167212,
  "score4": 0.5458195141691019,
  "score5": 0.2694138559894032,
  "score6": 0.31687150711783874
}