{
  "score0": 0.11917696204044602,
  "score1": 0.35202104799840106,
  "score2": 0.3949811568966201,
  "score3": 0.33876920089696944,
  "score4": 0.5686617365680948,
  "score5": 0.5235580794708318,
  "score6": 0.2660930580594019
}