{
  "score0": 0.1560665998980953,
  "score1": 0.0099511068839918,
  "score2": 0.1422181245503762,
  "score3": 0.41975858045106773,
  "score4": 0.29864619399331543,
  "score5": 0.3729364959273879,
  "score6": 0.4211974116477116
}