{
  "score0": 0.3791740166657271,
  "score1": 0.3457270672138779,
  "score2": 0.31894250851438904,
  "score3": 0.22119671103967872,
  "score4": 0.14175829314146068,
  "score5": 0.10923258936397735,
  "score6": 0.1459808645223315
}