{
  "score0": 0.26273398280037985,
  "score1": 0.5575873857035571,
  "score2": 0.46685967596474487,
  "score3": 0.08822133502309225,
  "score4": 0.22274202225108297,
  "score5": 0.14361362056498325,
  "score6": 0.23020986628701767
}