{
  "score0": 0.4301992970060729,
  "score1": 0.38238208606565394,
  "score2": 0.3225599816458118,
  "score3": 0.04912081179690666,
  "score4": 0.24557247167113264,
  "score5": 0.3784659521974762,
  "score6": 0.15535394634541544
}