{
  "score0": 0.46803316404145934,
  "score1": 0.32943275750684803,
  "score2": 0.11636650081920226,
  "score3": 0.36465634767221916,
  "score4": 0.06183614939371453,
  "score5": 0.09899409152439194,
  "score6": 0.20612836625125977
}