{
  "score0": 0.2769731303690366,
  "score1": 0.12232077298299535,
  "score2": 0.4332923951159049,
  "score3": 0.04971882394556798,
  "score4": 0.04122306997257857,
  "score5": 0.14344895356920748,
  "score6": 0.31947449135276035
}