{
  "score0": 0.3219252194058001,
  "score1": 0.4140478529023982,
  "score2": 0.2194276349735379,
  "score3": 0.10923258936397735,
  "score4": 0.1459808645223315,
  "score5": 0.44986635797588,
  "score6": 0.7403677106792604
}