{
  "score0": 0.1382857499838874,
  "score1": 0.05182878644701652,
  "score2": 0.1422181245503762,
  "score3": 0.41975858045106773,
  "score4": 0.29864619399331543,
  "score5": 0.3729364959273879,
  "score6": 0.4211974116477116
}