{
  "score0": 0.18536533576594139,
  "score1": 0.5688067218697571,
  "score2": 0.3257308180272813,
  "score3": 0.17460386336886202,
  "score4": 0.1181033071612289,
  "score5": 0.10021946416512305,
  "score6": 0.17362696869987423
}