{
  "score0": 0.2139942296967959,
  "score1": 0.34774585147372794,
  "score2": 0.12672201333541266,
  "score3": 0.15792807534113718,
  "score4": 0.3246365044095656,
  "score5": 0.0931006445982649,
  "score6": 0.0072624390955990875
}