{
  "score0": 0.3658024362188976,
  "score1": 0.47939740306497025,
  "score2": 0.666081293562613,
  "score3": 0.7363351453393681,
  "score4": 0.2999325997046406,
  "score5": 0.3232714848130918,
  "score6": 0.10996754773937996
}