{
  "score0": 0.2981304944660232,
  "score1": 0.12285922201986814,
  "score2": 0.1413470920814437,
  "score3": 0.16832791504243927,
  "score4": 0.1738715202372132,
  "score5": 0.3420152571697064,
  "score6": 0.5121019419287757
}