{
  "score0": 0.6057897628280415,
  "score1": 0.2333647151838535,
  "score2": 0.2032409187306657,
  "score3": 0.4538159692716664,
  "score4": 0.43103987825895435,
  "score5": 0.11904454849206068,
  "score6": 0.03894231195568771
}