{
  "score0": 0.34880413338984934,
  "score1": 0.189698782931822,
  "score2": 0.07019639719717316,
  "score3": 0.06470331466567622,
  "score4": 0.16123250202253023,
  "score5": 0.2225874391257295,
  "score6": 0.09471927949706382
}