{
  "score0": 0.6236891530371818,
  "score1": 0.3219252194058001,
  "score2": 0.4140478529023982,
  "score3": 0.30701322352909394,
  "score4": 0.2550803136783598,
  "score5": 0.09995551611231705,
  "score6": 0.026722516202010074
}