{
  "score0": 0.14026614541628663,
  "score1": 0.34429129156137506,
  "score2": 0.16526842599971137,
  "score3": 0.1993605213740136,
  "score4": 0.17233100019310413,
  "score5": 0.0753386194488081,
  "score6": 0.10224840133057844
}