{
  "score0": 0.18536533576594139,
  "score1": 0.5688067218697571,
  "score2": 0.43008401965113235,
  "score3": 0.18477625172130616,
  "score4": 0.10782396274140256,
  "score5": 0.1134403420555024,
  "score6": 0.17054877629648427
}