{
  "score0": 0.38364470937101847,
  "score1": 0.4060145454902545,
  "score2": 0.35606599194902466,
  "score3": 0.2539557197224049,
  "score4": 0.30187923418266144,
  "score5": 0.19426640191331998,
  "score6": 0.3048383108276655
}