{
  "score0": 0.4188163469258915,
  "score1": 0.3933204859200814,
  "score2": 0.4409040767258905,
  "score3": 0.6617574835389196,
  "score4": 0.6969288514274127,
  "score5": 0.7078000736944832,
  "score6": 0.43394349787398906
}