{
  "score0": 0.6063444054070516,
  "score1": 0.29801249413797853,
  "score2": 0.26540060292058865,
  "score3": 0.43103987825895435,
  "score4": 0.11904454849206068,
  "score5": 0.03894231195568771,
  "score6": 0.11801681453316416
}