{
  "score0": 0.11800747328422956,
  "score1": 0.3692001351080822,
  "score2": 0.4474249033329196,
  "score3": 0.21975836083121872,
  "score4": 0.551056014938863,
  "score5": 0.6325626519181559,
  "score6": 0.5904061633016721
}