{
  "score0": 0.21386617430717936,
  "score1": 0.5652070214355779,
  "score2": 0.4646459969975707,
  "score3": 0.2500331291075532,
  "score4": 0.24591188667996403,
  "score5": 0.3158717717481299,
  "score6": 0.3848904857381863
}