{
  "score0": 0.28537086557812336,
  "score1": 0.04967475166346038,
  "score2": 0.17391428643066037,
  "score3": 0.1134784054982696,
  "score4": 0.4139110354999824,
  "score5": 0.4998428973624245,
  "score6": 0.6342293290687566
}