{
  "score0": 0.1611963575625723,
  "score1": 0.0099511068839918,
  "score2": 0.12275193086023292,
  "score3": 0.2838681597743801,
  "score4": 0.34466837119067906,
  "score5": 0.3017380257185451,
  "score6": 0.4689509291471052
}