{
  "score0": 0.3573862719428302,
  "score1": 0.33184278078573276,
  "score2": 0.03700303380063519,
  "score3": 0.27325455585024744,
  "score4": 0.32324841860841286,
  "score5": 0.31822312284236753,
  "score6": 0.2762658655452195
}