{
  "score0": 0.1382857499838874,
  "score1": 0.05182878644701652,
  "score2": 0.0984882400783775,
  "score3": 0.3138118737932105,
  "score4": 0.43997734836006236,
  "score5": 0.28855972022991055,
  "score6": 0.4830928323666612
}