{
  "score0": 0.33487956005453823,
  "score1": 0.09836736882962069,
  "score2": 0.5507996474568733,
  "score3": 0.06028257336432302,
  "score4": 0.2170866396412372,
  "score5": 0.02105409548729705,
  "score6": 0.23762367251844807
}