{
  "score0": 0.3791740166657271,
  "score1": 0.3457270672138779,
  "score2": 0.30786265244071587,
  "score3": 0.14182704968139345,
  "score4": 0.1382699972410876,
  "score5": 0.10269227811310443,
  "score6": 0.35404360649237776
}