{
  "score0": 0.11310040033800563,
  "score1": 0.1864433880440237,
  "score2": 0.4389964670444975,
  "score3": 0.3920213134916424,
  "score4": 0.16128677625486018,
  "score5": 0.3942170522460244,
  "score6": 0.29053585374749497
}