{
  "score0": 0.38364470937101847,
  "score1": 0.4060145454902545,
  "score2": 0.37475369954606197,
  "score3": 0.20512850816914727,
  "score4": 0.30187923418266144,
  "score5": 0.19426640191331998,
  "score6": 0.3048383108276655
}