{
  "score0": 0.30141528641243365,
  "score1": 0.0710458482848348,
  "score2": 0.26883842170063016,
  "score3": 0.4951925665069162,
  "score4": 0.19334134505989806,
  "score5": 0.4853554325623574,
  "score6": 0.6281264256241019
}