{
  "score0": 0.07544884100665955,
  "score1": 0.3855151115770881,
  "score2": 0.3876865142481658,
  "score3": 0.29064363721735825,
  "score4": 0.5780146937681206,
  "score5": 0.6126502060087113,
  "score6": 0.6292142207619119
}