{
  "score0": 0.08063195050639449,
  "score1": 0.2193517735320809,
  "score2": 0.5143366605743734,
  "score3": 0.4635564055747619,
  "score4": 0.17231643447944514,
  "score5": 0.15840859893296522,
  "score6": 0.6017148704397447
}