{
  "score0": 0.3660766186758809,
  "score1": 0.32234399132807634,
  "score2": 0.030909668713235514,
  "score3": 0.41930128855471893,
  "score4": 0.6967439420887999,
  "score5": 0.29353890156761103,
  "score6": 0.36312621728787914
}