{
  "score0": 0.2866504385276692,
  "score1": 0.12678144717762582,
  "score2": 0.48256861774746096,
  "score3": 0.06772441178161777,
  "score4": 0.043120909517319145,
  "score5": 0.15438053236510282,
  "score6": 0.3218088120609914
}