{
  "score0": 0.10871532616577857,
  "score1": 0.3692001351080822,
  "score2": 0.4474249033329196,
  "score3": 0.20809729181267533,
  "score4": 0.5279211098141211,
  "score5": 0.6183045201896663,
  "score6": 0.39886676717548725
}