{
  "score0": 0.44565501407169505,
  "score1": 0.3706886284229251,
  "score2": 0.37475369954606197,
  "score3": 0.1744679198859899,
  "score4": 0.20143462950987465,
  "score5": 0.3517458461682624,
  "score6": 0.4192613171534399
}