{
  "score0": 0.3009213392078215,
  "score1": 0.15935507232273638,
  "score2": 0.5507996474568733,
  "score3": 0.07227649290345513,
  "score4": 0.14917382935824214,
  "score5": 0.04333435216932196,
  "score6": 0.2795732593804532
}