{
  "score0": 0.1226593076774396,
  "score1": 0.35202104799840106,
  "score2": 0.41809361173102805,
  "score3": 0.24460558611795288,
  "score4": 0.6171903100345651,
  "score5": 0.38405025012413624,
  "score6": 0.6099809316359848
}