{
  "score0": 0.3152979663895855,
  "score1": 0.07591887460040446,
  "score2": 0.3087030821040184,
  "score3": 0.36150731138929754,
  "score4": 0.24752839866258414,
  "score5": 0.593118227749915,
  "score6": 0.24508423142831814
}