{
  "score0": 0.33184278078573276,
  "score1": 0.03781638771597243,
  "score2": 0.17391428643066037,
  "score3": 0.1134784054982696,
  "score4": 0.4139110354999824,
  "score5": 0.4998428973624245,
  "score6": 0.6342293290687566
}