{
  "score0": 0.2500497169824334,
  "score1": 0.5350530644245813,
  "score2": 0.4704880038787325,
  "score3": 0.163212363948214,
  "score4": 0.22274202225108297,
  "score5": 0.11966301570838124,
  "score6": 0.11064766608437225
}