{
  "score0": 0.6325054705255068,
  "score1": 0.2755336113474928,
  "score2": 0.3283448234183462,
  "score3": 0.31044067127302916,
  "score4": 0.3749979881076772,
  "score5": 0.06518633706794348,
  "score6": 0.03231497819147833
}