{
  "score0": 0.4648807755402491,
  "score1": 0.4425456465559172,
  "score2": 0.12145468072071058,
  "score3": 0.08671548177443648,
  "score4": 0.12362338631603646,
  "score5": 0.5942051572773966,
  "score6": 0.38186354096647485
}