{
  "score0": 0.4143309450508229,
  "score1": 0.3933204859200814,
  "score2": 0.43736544035492547,
  "score3": 0.6833894576203744,
  "score4": 0.7056179590312815,
  "score5": 0.42200513538344375,
  "score6": 0.1950878272065523
}