{
  "score0": 0.44565501407169505,
  "score1": 0.37124845469001455,
  "score2": 0.30862148540130857,
  "score3": 0.1730509455714092,
  "score4": 0.240801524014872,
  "score5": 0.3410681489196073,
  "score6": 0.5576154679200952
}