{
  "score0": 0.35089673856941517,
  "score1": 0.32234399132807634,
  "score2": 0.04979453171403013,
  "score3": 0.17619974571573538,
  "score4": 0.41676958069150816,
  "score5": 0.414404347810508,
  "score6": 0.665052130771095
}