{
  "score0": 0.291850390676881,
  "score1": 0.04967257577856646,
  "score2": 0.2162234455884179,
  "score3": 0.46375191348875705,
  "score4": 0.3416814156559693,
  "score5": 0.43101359149972396,
  "score6": 0.5732678777802108
}