{
  "score0": 0.13229459692894102,
  "score1": 0.34429129156137506,
  "score2": 0.16624141015764463,
  "score3": 0.11281660638697928,
  "score4": 0.11332432282947284,
  "score5": 0.08230544620664494,
  "score6": 0.21979237141369237
}