{
  "score0": 0.40279071932068455,
  "score1": 0.3706886284229251,
  "score2": 0.37475369954606197,
  "score3": 0.20512850816914727,
  "score4": 0.30187923418266144,
  "score5": 0.19426640191331998,
  "score6": 0.3048383108276655
}