{
  "score0": 0.12929424804459597,
  "score1": 0.3855151115770881,
  "score2": 0.3876865142481658,
  "score3": 0.29064363721735825,
  "score4": 0.551056014938863,
  "score5": 0.6325626519181559,
  "score6": 0.5904061633016721
}