{
  "score0": 0.04569569630367551,
  "score1": 0.2130294024412435,
  "score2": 0.5143366605743734,
  "score3": 0.5803248457903604,
  "score4": 0.17926770971919415,
  "score5": 0.10836600951222636,
  "score6": 0.04821726753737137
}