{
  "score0": 0.13730943709870597,
  "score1": 0.09770721356970112,
  "score2": 0.21594685566794203,
  "score3": 0.17709091647110745,
  "score4": 0.06768165061379632,
  "score5": 0.17192422984446187,
  "score6": 0.10371272169502599
}