{
  "score0": 0.1445437572024487,
  "score1": 0.030468063278768456,
  "score2": 0.1599610379606484,
  "score3": 0.0009341127360808452,
  "score4": 0.03207727805292119,
  "score5": 0.1367068670077533,
  "score6": 0.0070125868460431335
}