{
  "score0": 0.20749912986496954,
  "score1": 0.2934402947383588,
  "score2": 0.398551485143372,
  "score3": 0.047711130390879035,
  "score4": 0.05586524962771989,
  "score5": 0.04677459461196546,
  "score6": 0.06390593763119277
}