{
  "score0": 0.04324948742758709,
  "score1": 0.1118411582313375,
  "score2": 0.21772616958862134,
  "score3": 0.18055574871130112,
  "score4": 0.22894532394994513,
  "score5": 0.11126763134982547,
  "score6": 0.04651290111347806
}