{
  "score0": 0.10318006610769567,
  "score1": 0.17813620275317651,
  "score2": 0.1841695366527882,
  "score3": 0.1710876172278748,
  "score4": 0.11043537405813107,
  "score5": 0.08607412487748987,
  "score6": 0.09976267756336159
}