{
  "score0": 0.0759190554453129,
  "score1": 0.11108061678445125,
  "score2": 0.023133379860715283,
  "score3": 0.0009122870341693332,
  "score4": 0.10517288513926798,
  "score5": 0.09653175491388477,
  "score6": 0.0008951173861747539
}