{
  "score0": 0.3683425234916523,
  "score1": 0.11822554311194165,
  "score2": 0.13871698193930343,
  "score3": 0.0957261535479781,
  "score4": 0.06415419145902453,
  "score5": 0.13107970543351147,
  "score6": 0.04430692242280191
}