{
  "score0": 0.03898327725477486,
  "score1": 0.05438634872346901,
  "score2": 0.05998991552893886,
  "score3": 0.1039746155111337,
  "score4": 0.23926269820326387,
  "score5": 0.1837337186381335,
  "score6": 0.029118591471554312
}