{
  "score0": 0.13354695409303244,
  "score1": 0.15379944202597393,
  "score2": 0.1126176783535408,
  "score3": 0.17709091647110745,
  "score4": 0.06768165061379632,
  "score5": 0.17192422984446187,
  "score6": 0.10371272169502599
}