{
  "score0": 0.19171570012677905,
  "score1": 0.08770648077202438,
  "score2": 0.04497006322109778,
  "score3": 0.2129503145511257,
  "score4": 0.2123390541516125,
  "score5": 0.3578792815076021,
  "score6": 0.09740614475602921
}