{
  "score0": 0.08738756936197382,
  "score1": 0.09528619451629744,
  "score2": 0.0326698211502655,
  "score3": 0.0009213461291808474,
  "score4": 0.04660131421840247,
  "score5": 0.07116142578099291,
  "score6": 0.026350531662267706
}