{
  "score0": 0.17748285031671873,
  "score1": 0.1379285339280843,
  "score2": 0.14804576458359406,
  "score3": 0.09351699099823997,
  "score4": 0.017860269773928593,
  "score5": 0.19322314734322918,
  "score6": 0.2944318521552845
}