{
  "score0": 0.13354695409303244,
  "score1": 0.15379944202597393,
  "score2": 0.11977128173262495,
  "score3": 0.1103756638965789,
  "score4": 0.01449567434688971,
  "score5": 0.007556947789574011,
  "score6": 0.03797940266457366
}