{
  "score0": 0.07574172204260972,
  "score1": 0.04967817485018619,
  "score2": 0.14389289789858292,
  "score3": 0.2500196396067261,
  "score4": 0.21138538654446878,
  "score5": 0.16536494510358632,
  "score6": 0.1192707327919494
}