{
  "score0": 0.10528045646134973,
  "score1": 0.12117974020068292,
  "score2": 0.04464907468380691,
  "score3": 0.10246266814308069,
  "score4": 0.04879627738496108,
  "score5": 0.02087025511148946,
  "score6": 0.0010011675170000002
}