{
  "score0": 0.24953266441018002,
  "score1": 0.13730943709870597,
  "score2": 0.13442057631336782,
  "score3": 0.1487657217026105,
  "score4": 0.1796541678295387,
  "score5": 0.05119246620112248,
  "score6": 0.0009990837585
}