{
  "score0": 0.17748285031671873,
  "score1": 0.16093047930871168,
  "score2": 0.15647915110485208,
  "score3": 0.08500793230905074,
  "score4": 0.017860269773928593,
  "score5": 0.19322314734322918,
  "score6": 0.2944318521552845
}