{
  "score0": 0.14427190143527158,
  "score1": 0.030468063278768456,
  "score2": 0.1599610379606484,
  "score3": 0.0009220035960820442,
  "score4": 0.013561417799057543,
  "score5": 0.10239829135412966,
  "score6": 0.10885108412416732
}