{
  "score0": 0.12865916521893,
  "score1": 0.01580432089584095,
  "score2": 0.057880276622889484,
  "score3": 0.04096474746002968,
  "score4": 0.01393097144484043,
  "score5": 0.17327440790131654,
  "score6": 0.34719063220416646
}