{
  "score0": 0.16066482822528044,
  "score1": 0.0796626676142782,
  "score2": 0.05037631989471572,
  "score3": 0.2297302682413417,
  "score4": 0.18643166522405222,
  "score5": 0.18344721050535331,
  "score6": 0.049138031521260596
}