{
  "score0": 0.12865916521893,
  "score1": 0.010783327384298599,
  "score2": 0.012929670225779783,
  "score3": 0.07310947850422768,
  "score4": 0.04096474746002968,
  "score5": 0.01393097144484043,
  "score6": 0.17327440790131654
}