{
  "score0": 0.20320894610131165,
  "score1": 0.43099971577540674,
  "score2": 0.10252031548210644,
  "score3": 0.039478710726900505,
  "score4": 0.04148463011238479,
  "score5": 0.07079661573621801,
  "score6": 0.1393187623822002
}