{
  "score0": 0.1397438577094027,
  "score1": 0.13804040216348543,
  "score2": 0.11977128173262495,
  "score3": 0.1103756638965789,
  "score4": 0.01449567434688971,
  "score5": 0.007556947789574011,
  "score6": 0.03797940266457366
}