{
  "score0": 0.050197163233578417,
  "score1": 0.056267559873751,
  "score2": 0.12775169028656133,
  "score3": 0.22364038052547053,
  "score4": 0.2566617492776146,
  "score5": 0.19687894063150757,
  "score6": 0.11734024248588815
}