{
  "score0": 0.07574172204260972,
  "score1": 0.05705088640231009,
  "score2": 0.17776347962036598,
  "score3": 0.2222283765136243,
  "score4": 0.134120509837272,
  "score5": 0.13624936059370785,
  "score6": 0.0630211696114512
}