{
  "score0": 0.0759190554453129,
  "score1": 0.06481654844064352,
  "score2": 0.028789680020978276,
  "score3": 0.039546012019883905,
  "score4": 0.10459386377535161,
  "score5": 0.05846386184091514,
  "score6": 0.02853733199985826
}