{
  "score0": 0.17943057767907278,
  "score1": 0.07300034251255429,
  "score2": 0.05830321861567573,
  "score3": 0.15980628752763182,
  "score4": 0.23401343346623182,
  "score5": 0.2221345498981719,
  "score6": 0.17305990082697187
}