{
  "score0": 0.2409018286607831,
  "score1": 0.38597523445042703,
  "score2": 0.1849270157151434,
  "score3": 0.09463975569989254,
  "score4": 0.013217829588582225,
  "score5": 0.12002143099054824,
  "score6": 0.03760650731409851
}