{
  "score0": 0.1397438577094027,
  "score1": 0.13804040216348543,
  "score2": 0.11784001762736439,
  "score3": 0.14734523345632936,
  "score4": 0.036191723950405257,
  "score5": 0.00755903154807401,
  "score6": 0.0009990837585
}