{
  "score0": 0.1284241773051822,
  "score1": 0.13804040216348543,
  "score2": 0.11784001762736439,
  "score3": 0.15759598095988275,
  "score4": 0.007504620152755587,
  "score5": 0.08270198834128471,
  "score6": 0.05825497272671747
}