{
  "score0": 0.16066482822528044,
  "score1": 0.08398128345842366,
  "score2": 0.08778442089182653,
  "score3": 0.21763147186879347,
  "score4": 0.26845405291044194,
  "score5": 0.0486767309222629,
  "score6": 0.09804087914393567
}