{
  "score0": 0.1844748733718287,
  "score1": 0.34465391701960796,
  "score2": 0.07027054975744947,
  "score3": 0.03865641600286347,
  "score4": 0.033268736025959714,
  "score5": 0.04413677793658168,
  "score6": 0.06889053257851036
}