{
  "score0": 0.039342140860542864,
  "score1": 0.10916543161676905,
  "score2": 0.1852114938972998,
  "score3": 0.19941067891888753,
  "score4": 0.2535861713362959,
  "score5": 0.19097948471925733,
  "score6": 0.07721732925033299
}