{
  "score0": 0.026475318492842077,
  "score1": 0.10256908321364823,
  "score2": 0.1963785929254424,
  "score3": 0.20471912157644243,
  "score4": 0.242989866934439,
  "score5": 0.1801878413450223,
  "score6": 0.018871129329360848
}