{
  "score0": 0.1766292904965437,
  "score1": 0.07605499307724883,
  "score2": 0.04497006322109778,
  "score3": 0.2129503145511257,
  "score4": 0.2123390541516125,
  "score5": 0.3578792815076021,
  "score6": 0.09740614475602921
}