{
  "score0": 0.1447401582187827,
  "score1": 0.06918469833198572,
  "score2": 0.03444619240597819,
  "score3": 0.025648019260631833,
  "score4": 0.08527086926530368,
  "score5": 0.04348157113651979,
  "score6": 0.09434357454333907
}