{
  "score0": 0.3825051918576144,
  "score1": 0.15167945400297206,
  "score2": 0.07278294023930433,
  "score3": 0.19206038486068602,
  "score4": 0.11544354412456588,
  "score5": 0.1756713627153926,
  "score6": 0.12125002143643239
}