{
  "score0": 0.362661608539785,
  "score1": 0.16060526596773272,
  "score2": 0.13843394607261075,
  "score3": 0.02458739950433887,
  "score4": 0.1432982127541346,
  "score5": 0.0754820834433805,
  "score6": 0.1841946052180828
}