{
  "score0": 0.19468370167451782,
  "score1": 0.25575413182214946,
  "score2": 0.29779486607682304,
  "score3": 0.047711130390879035,
  "score4": 0.05586524962771989,
  "score5": 0.04677459461196546,
  "score6": 0.06390593763119277
}