{
  "score0": 0.026471123013842662,
  "score1": 0.09597848981704984,
  "score2": 0.166365928014529,
  "score3": 0.24645928719958468,
  "score4": 0.18482518044500962,
  "score5": 0.16865295042347406,
  "score6": 0.030976711138132444
}