{
  "score0": 0.07423501269478767,
  "score1": 0.19189980007696375,
  "score2": 0.27058490096388405,
  "score3": 0.2661712741795113,
  "score4": 0.1279295155217152,
  "score5": 0.11170098469424372,
  "score6": 0.024738920811598675
}