{
  "score0": 0.1670386515491128,
  "score1": 0.14198951968119047,
  "score2": 0.14848597234493088,
  "score3": 0.10009150788149528,
  "score4": 0.03083267587887632,
  "score5": 0.12579864634644997,
  "score6": 0.2972684964830951
}