{
  "score0": 0.3825051918576144,
  "score1": 0.16371981456174722,
  "score2": 0.12346573885214801,
  "score3": 0.02022700058062456,
  "score4": 0.19206038486068602,
  "score5": 0.11544354412456588,
  "score6": 0.1756713627153926
}