{
  "score0": 0.2488142273698879,
  "score1": 0.17057673301012088,
  "score2": 0.13442057631336782,
  "score3": 0.1487657217026105,
  "score4": 0.1796541678295387,
  "score5": 0.04230445689843528,
  "score6": 0.000997
}