{
  "score0": 0.12569378560863814,
  "score1": 0.1624680499548589,
  "score2": 0.12359442461450257,
  "score3": 0.04131378735060589,
  "score4": 0.1694781067985769,
  "score5": 0.18394279033814687,
  "score6": 0.20395980642627443
}