{
  "score0": 0.028146067160540356,
  "score1": 0.026471123013842662,
  "score2": 0.06520798093048757,
  "score3": 0.11321569500019284,
  "score4": 0.24621222560165365,
  "score5": 0.30144679990551543,
  "score6": 0.10905493855079272
}