{
  "score0": 0.18775375891488616,
  "score1": 0.25108235290147474,
  "score2": 0.40185371515065477,
  "score3": 0.06535320196840717,
  "score4": 0.046248406151473714,
  "score5": 0.046499365405989285,
  "score6": 0.06002438533989283
}