{
  "score0": 0.21686452121707644,
  "score1": 0.43099971577540674,
  "score2": 0.1538210374051056,
  "score3": 0.05117873694522324,
  "score4": 0.0009174989112550676,
  "score5": 0.0858673281808064,
  "score6": 0.09127542445119761
}