{
  "score0": 0.12120648671986409,
  "score1": 0.0009973635774375002,
  "score2": 0.01589243269240166,
  "score3": 0.04152193394301615,
  "score4": 0.014231185662486651,
  "score5": 0.05103863557290326,
  "score6": 0.12812241412312894
}