{
  "score0": 0.18578674967684222,
  "score1": 0.1844748733718287,
  "score2": 0.34465391701960796,
  "score3": 0.07881734581918598,
  "score4": 0.07999938109400963,
  "score5": 0.03251274399457721,
  "score6": 0.026293726747525087
}