{
  "score0": 0.0830837407696991,
  "score1": 0.18695635640737027,
  "score2": 0.28779521977700817,
  "score3": 0.2960508642653098,
  "score4": 0.08428862338093857,
  "score5": 0.03792371435861275,
  "score6": 0.046858473431365955
}