{
  "score0": 0.08636406673196743,
  "score1": 0.181931846140034,
  "score2": 0.22837552150877602,
  "score3": 0.11043537405813107,
  "score4": 0.08607412487748987,
  "score5": 0.09976267756336159,
  "score6": 0.03767383389507721
}