{
  "score0": 0.12351760800565481,
  "score1": 0.1476986226411933,
  "score2": 0.11097690808944641,
  "score3": 0.07062072483487108,
  "score4": 0.20758638984586839,
  "score5": 0.2342986986071414,
  "score6": 