{
  "score0": 0.1447401582187827,
  "score1": 0.08019470429860415,
  "score2": 0.14907443751531604,
  "score3": 0.03687593712874975,
  "score4": 0.025648019260631833,
  "score5": 0.08527086926530368,
  "score6": 0.04348157113651979
}