{
  "score0": 0.20749912986496954,
  "score1": 0.2934402947383588,
  "score2": 0.4404366723074701,
  "score3": 0.06535320196840717,
  "score4": 0.046248406151473714,
  "score5": 0.046499365405989285,
  "score6": 0.06002438533989283
}