{
  "score0": 0.0294723169808426,
  "score1": 0.05297148681447944,
  "score2": 0.04625235243686061,
  "score3": 0.08633055846003594,
  "score4": 0.13838692163154598,
  "score5": 0.12283063969411286,
  "score6": 0.36117345680641594
}