{
  "score0": 0.19171570012677905,
  "score1": 0.08770648077202438,
  "score2": 0.062446794575830286,
  "score3": 0.186029281677646,
  "score4": 0.2123390541516125,
  "score5": 0.3578792815076021,
  "score6": 0.09740614475602921
}