{
  "score0": 0.1404813981407902,
  "score1": 0.030095566155287114,
  "score2": 0.09302393093756138,
  "score3": 0.006804177310879127,
  "score4": 0.03207727805292119,
  "score5": 0.1367068670077533,
  "score6": 0.0070125868460431335
}