{
  "score0": 0.1228419498480382,
  "score1": 0.003390384508474909,
  "score2": 0.04228063634563241,
  "score3": 0.09184456624031904,
  "score4": 0.08318647824970118,
  "score5": 0.0653083176652024,
  "score6": 0.12286805475329891
}