{
  "score0": 0.1019454855484321,
  "score1": 0.003390384508474909,
  "score2": 0.04228063634563241,
  "score3": 0.05702866224215153,
  "score4": 0.05772098729477465,
  "score5": 0.06358486423138122,
  "score6": 0.1687100636418418
}