{
  "score0": 0.13528844830423453,
  "score1": 0.16070537491360168,
  "score2": 0.0663676854574554,
  "score3": 0.19618066189325314,
  "score4": 0.2951795050580966,
  "score5": 0.21267072345567387,
  "score6": 0.2538990234263451
}