{
  "score0": 0.16700235580218814,
  "score1": 0.1379285339280843,
  "score2": 0.14804576458359406,
  "score3": 0.10009150788149528,
  "score4": 0.03083267587887632,
  "score5": 0.12579864634644997,
  "score6": 0.2972684964830951
}