{
  "score0": 0.13522550759365254,
  "score1": 0.1656617339517485,
  "score2": 0.12372894846216696,
  "score3": 0.07165679965620354,
  "score4": 0.22449792449765585,
  "score5": 0.2389147600623073,
  "score6": 0.13343810755454147
}