{
  "score0": 0.13028527204294799,
  "score1": 0.0009973635774375002,
  "score2": 0.0639774074420339,
  "score3": 0.09184456624031904,
  "score4": 0.08318647824970118,
  "score5": 0.0653083176652024,
  "score6": 0.12286805475329891
}