{
  "score0": 0.16549182799840118,
  "score1": 0.07605499307724883,
  "score2": 0.04497006322109778,
  "score3": 0.2082095030617996,
  "score4": 0.2564049423874078,
  "score5": 0.16362154137799081,
  "score6": 0.05620332759926325
}