{
  "score0": 0.0294723169808426,
  "score1": 0.07319261417042398,
  "score2": 0.03728309385618524,
  "score3": 0.13838692163154598,
  "score4": 0.12283063969411286,
  "score5": 0.36117345680641594,
  "score6": 0.06908338476662515
}