{
  "score0": 0.22926564455898293,
  "score1": 0.43233438229982923,
  "score2": 0.09669631606642567,
  "score3": 0.038617293189949685,
  "score4": 0.038438144842351196,
  "score5": 0.05389570236759574,
  "score6": 0.11680933115050696
}