{
  "score0": 0.04271643643498012,
  "score1": 0.03951468306613323,
  "score2": 0.040774907463443505,
  "score3": 0.06163193020449834,
  "score4": 0.0009650554782247326,
  "score5": 0.03262965391758457,
  "score6": 0.10536444791353479
}