{
  "score0": 0.3844661542797322,
  "score1": 0.16393764692777724,
  "score2": 0.11640527418232355,
  "score3": 0.08787346029124926,
  "score4": 0.11952210634461231,
  "score5": 0.17460486476692236,
  "score6": 0.20653816926681898
}