{
  "score0": 0.08636406673196743,
  "score1": 0.18939453525392577,
  "score2": 0.23873700978571225,
  "score3": 0.1710876172278748,
  "score4": 0.11043537405813107,
  "score5": 0.08607412487748987,
  "score6": 0.09976267756336159
}