{
  "score0": 0.19468370167451782,
  "score1": 0.25575413182214946,
  "score2": 0.32708547585760245,
  "score3": 0.056079681693515425,
  "score4": 0.06225574643634186,
  "score5": 0.0322705670005912,
  "score6": 0.05438561043398315
}