{
  "score0": 0.12351760800565481,
  "score1": 0.1476986226411933,
  "score2": 0.09334601035889291,
  "score3": 0.07893897415777747,
  "score4": 0.20758638984586839,
  "score5": 0.2342986986071414,
  "score6": 