{
  "score0": 0.04271643643498012,
  "score1": 0.03683124181949559,
  "score2": 0.03227589215734057,
  "score3": 0.0008977725273199808,
  "score4": 0.06163193020449834,
  "score5": 0.0009650554782247326,
  "score6": 0.03262965391758457
}