{
  "score0": 0.07615425237845241,
  "score1": 0.18775375891488616,
  "score2": 0.25108235290147474,
  "score3": 0.3295223652579689,
  "score4": 0.10820730346845435,
  "score5": 0.06959847500743875,
  "score6": 0.04632949888966764
}