{
  "score0": 0.12117974020068292,
  "score1": 0.04464907468380691,
  "score2": 0.07279533769462614,
  "score3": 0.07310947850422768,
  "score4": 0.04096474746002968,
  "score5": 0.01393097144484043,
  "score6": 0.17327440790131654
}