{
  "score0": 0.13354695409303244,
  "score1": 0.15379944202597393,
  "score2": 0.12293870508597113,
  "score3": 0.14041031304336057,
  "score4": 0.08187901715963423,
  "score5": 0.1691139743838809,
  "score6": 0.07407154093686465
}