{
  "score0": 0.15833845475998382,
  "score1": 0.059299861109948046,
  "score2": 0.134640969355523,
  "score3": 0.01965547899123359,
  "score4": 0.0703242519411869,
  "score5": 0.16782335513997093,
  "score6": 0.16636379923374556
}