{
  "score0": 0.08462811276081705,
  "score1": 0.09528619451629744,
  "score2": 0.023133379860715283,
  "score3": 0.01314697012201837,
  "score4": 0.06931535137160304,
  "score5": 0.05513724850350856,
  "score6": 0.000962455523430579
}