{
  "score0": 0.08636406673196743,
  "score1": 0.18939453525392577,
  "score2": 0.23535076765124657,
  "score3": 0.244851716389888,
  "score4": 0.11678802397715933,
  "score5": 0.08716094297995662,
  "score6": 0.018928712635107852
}