{
  "score0": 0.13354695409303244,
  "score1": 0.13049124050382177,
  "score2": 0.16632448044325046,
  "score3": 0.06768165061379632,
  "score4": 0.17192422984446187,
  "score5": 0.10371272169502599,
  "score6": 0.0481963730219282
}