{
  "score0": 0.03898327725477486,
  "score1": 0.055811046719429235,
  "score2": 0.05113032280665239,
  "score3": 0.15150140696798586,
  "score4": 0.19096818500467183,
  "score5": 0.16456651418883292,
  "score6": 0.031812283499224
}