{
  "score0": 0.07574172204260972,
  "score1": 0.04967817485018619,
  "score2": 0.1292495676437379,
  "score3": 0.20616790828175402,
  "score4": 0.2222283765136243,
  "score5": 0.134120509837272,
  "score6": 0.13624936059370785
}