{
  "score0": 0.13522550759365254,
  "score1": 0.1624680499548589,
  "score2": 0.12359442461450257,
  "score3": 0.022751619846084533,
  "score4": 0.20430589157614834,
  "score5": 0.256811071122726,
  "score6": 0.17102664782111543
}