{
  "score0": 0.22926564455898293,
  "score1": 0.43233438229982923,
  "score2": 0.11077905345555612,
  "score3": 0.03865641600286347,
  "score4": 0.033268736025959714,
  "score5": 0.04413677793658168,
  "score6": 0.06889053257851036
}