{
  "score0": 0.03365110124763338,
  "score1": 0.10256908321364823,
  "score2": 0.1963785929254424,
  "score3": 0.19941067891888753,
  "score4": 0.2535861713362959,
  "score5": 0.19097948471925733,
  "score6": 0.07721732925033299
}