{
  "score0": 0.12120648671986409,
  "score1": 0.0009973635774375002,
  "score2": 0.0639774074420339,
  "score3": 0.0481963730219282,
  "score4": 0.020423147834700145,
  "score5": 0.014057759557496262,
  "score6": 0.1120361041527886
}