{
  "score0": 0.12558200935313868,
  "score1": 0.145837909862131,
  "score2": 0.11097690808944641,
  "score3": 0.06292442359278279,
  "score4": 0.1694781067985769,
  "score5": 0.18394279033814687,
  "score6": 0.20395980642627443
}