{
  "score0": 0.14211019848661893,
  "score1": 0.13085707390663961,
  "score2": 0.14038184136485188,
  "score3": 0.007028870379413025,
  "score4": 0.05217970765739943,
  "score5": 0.10561223413473987,
  "score6": 0.1986121627005267
}