{
  "score0": 0.1476986226411933,
  "score1": 0.09334601035889291,
  "score2": 0.07893897415777747,
  "score3": 0.19103108213067158,
  "score4": 0.21763147186879347,
  "score5": 0.26845405291044194,
  "score6": 0.0486767309222629
}