{
  "score0": 0.1447401582187827,
  "score1": 0.08019470429860415,
  "score2": 0.134640969355523,
  "score3": 0.01965547899123359,
  "score4": 0.0703242519411869,
  "score5": 0.16782335513997093,
  "score6": 0.16636379923374556
}