{
  "score0": 0.20749912986496954,
  "score1": 0.27281919920974196,
  "score2": 0.2453849944504988,
  "score3": 0.046248406151473714,
  "score4": 0.046499365405989285,
  "score5": 0.06002438533989283,
  "score6": 0.05993787913116025
}