{
  "score0": 0.03616922228543152,
  "score1": 0.056267559873751,
  "score2": 0.12775169028656133,
  "score3": 0.23531525070452794,
  "score4": 0.23416815161166774,
  "score5": 0.12092263390889259,
  "score6": 0.10403178466066282
}