{
  "score0": 0.20320894610131165,
  "score1": 0.43099971577540674,
  "score2": 0.1538210374051056,
  "score3": 0.05130807992182732,
  "score4": 0.012890940528114356,
  "score5": 0.0781646057937127,
  "score6": 0.11020739546496157
}