{
  "score0": 0.07300034251255429,
  "score1": 0.05830321861567573,
  "score2": 0.15980628752763182,
  "score3": 0.20616790828175402,
  "score4": 0.2222283765136243,
  "score5": 0.134120509837272,
  "score6": 0.13624936059370785
}