{
  "score0": 0.1497150672028307,
  "score1": 0.14198951968119047,
  "score2": 0.12918087408888368,
  "score3": 0.05313876450446121,
  "score4": 0.04820676521439238,
  "score5": 0.1600612735673629,
  "score6": 0.2795015708188845
}