{
  "score0": 0.04324948742758709,
  "score1": 0.1118411582313375,
  "score2": 0.20465672136054103,
  "score3": 0.24645928719958468,
  "score4": 0.18482518044500962,
  "score5": 0.16865295042347406,
  "score6": 0.030976711138132444
}