{
  "score0": 0.14211019848661893,
  "score1": 0.11938056064089979,
  "score2": 0.08697571737526588,
  "score3": 0.05217970765739943,
  "score4": 0.10561223413473987,
  "score5": 0.1986121627005267,
  "score6": 0.09503544929664709
}