{
  "score0": 0.41211774214553915,
  "score1": 0.3767269515097686,
  "score2": 0.27130366249336046,
  "score3": 0.18008321129562602,
  "score4": 0.06918111427914335,
  "score5": 0.2595698652849608,
  "score6": 0.16410147062942387
}