{
  "score0": 0.23831613997630013,
  "score1": 0.037645737543779645,
  "score2": 0.047480236633728204,
  "score3": 0.032342583778081434,
  "score4": 0.0072517378471688215,
  "score5": 0.05607184062893895,
  "score6": 0.1102077864068371
}