{
  "score0": 0.3784536336551733,
  "score1": 0.3970824060947006,
  "score2": 0.2094516630314314,
  "score3": 0.06918111427914335,
  "score4": 0.2595698652849608,
  "score5": 0.16410147062942387,
  "score6": 0.3126766638839243
}