{
  "score0": 0.32289032717807675,
  "score1": 0.16987578912133672,
  "score2": 0.16614168026716097,
  "score3": 0.15175974426247518,
  "score4": 0.5246237203140338,
  "score5": 0.4732620567895154,
  "score6": 0.571771866897381
}