{
  "score0": 0.17357911442168583,
  "score1": 0.3190091252131242,
  "score2": 0.5651991354133565,
  "score3": 0.6177733978831575,
  "score4": 0.3767845670483892,
  "score5": 0.20215280042512532,
  "score6": 0.07374514384578146
}