{
  "score0": 0.1984773648544203,
  "score1": 0.12495415856004721,
  "score2": 0.17486561502380465,
  "score3": 0.425609999830892,
  "score4": 0.6013528287094866,
  "score5": 0.503995078730657,
  "score6": 0.22731731725721271
}