{
  "score0": 0.015211781830005202,
  "score1": 0.19327789836110915,
  "score2": 0.2133837052940347,
  "score3": 0.02782864697764287,
  "score4": 0.3927980694607876,
  "score5": 0.3264139966745363,
  "score6": 0.34441291379938327
}