{
  "score0": 0.39384655217494063,
  "score1": 0.5864166697507064,
  "score2": 0.17343817428168057,
  "score3": 0.07900289644799655,
  "score4": 0.08851836261516137,
  "score5": 0.13201295929790952,
  "score6": 0.2676289448276333
}