{
  "score0": 0.17357911442168583,
  "score1": 0.3190091252131242,
  "score2": 0.5081860347620291,
  "score3": 0.5440851616308074,
  "score4": 0.4107618945523706,
  "score5": 0.32953095139081917,
  "score6": 0.032882012656888636
}