{
  "score0": 0.3406618263087067,
  "score1": 0.21103907556757898,
  "score2": 0.17763755509161955,
  "score3": 0.18366262772117037,
  "score4": 0.5179513219006315,
  "score5": 0.4899603196021398,
  "score6": 0.49059407048343195
}