{
  "score0": 0.014779818569410462,
  "score1": 0.23368377029917545,
  "score2": 0.2541051183371772,
  "score3": 0.11539163265431722,
  "score4": 0.4266907963652648,
  "score5": 0.41982540535216756,
  "score6": 0.5362945176556355
}