{
  "score0": 0.14322058617260458,
  "score1": 0.3190091252131242,
  "score2": 0.5081860347620291,
  "score3": 0.24681097277500705,
  "score4": 0.4021621098805314,
  "score5": 0.2812277080706672,
  "score6": 0.05431680627868274
}