{
  "score0": 0.33974649646368504,
  "score1": 0.30103163813330197,
  "score2": 0.1740076718284347,
  "score3": 0.10918446497650451,
  "score4": 0.07291761297231115,
  "score5": 0.6397996788083189,
  "score6": 0.5567043217652329
}