{
  "score0": 0.06601513840950365,
  "score1": 0.1716056443698752,
  "score2": 0.1576005921375491,
  "score3": 0.4832861503256753,
  "score4": 0.5533083624352053,
  "score5": 0.46350436934699285,
  "score6": 0.4529793721524809
}