{
  "score0": 0.2263944832409017,
  "score1": 0.10951740621877365,
  "score2": 0.2117056666652535,
  "score3": 0.37046616633362134,
  "score4": 0.4763032007266166,
  "score5": 0.5843035820619916,
  "score6": 0.19838125551131172
}