{
  "score0": 0.3389902470642908,
  "score1": 0.22081379995008457,
  "score2": 0.052270051227523574,
  "score3": 0.21117472391033762,
  "score4": 0.1349380765404312,
  "score5": 0.25105197326001066,
  "score6": 0.5393738000311331
}