{
  "score0": 0.20880725979562406,
  "score1": 0.009705016325290469,
  "score2": 0.09540032888343469,
  "score3": 0.019695629106533597,
  "score4": 0.027764418416165695,
  "score5": 0.06548346277501,
  "score6": 0.1730047805993021
}