{
  "score0": 0.4034960519248797,
  "score1": 0.23721663790272018,
  "score2": 0.0287907924882125,
  "score3": 0.34862509944711917,
  "score4": 0.2388030051603094,
  "score5": 0.27170023133408927,
  "score6": 0.5830478359267146
}