{
  "score0": 0.14397945260885844,
  "score1": 0.2878953605440176,
  "score2": 0.44867045318965126,
  "score3": 0.5197728209888371,
  "score4": 0.3882477124724641,
  "score5": 0.08782809423231323,
  "score6": 0.08410310632307483
}