{
  "score0": 0.30438816861121426,
  "score1": 0.385928205261282,
  "score2": 0.2103781686668205,
  "score3": 0.1276078413160231,
  "score4": 0.19047825984925115,
  "score5": 0.4503467187069618,
  "score6": 0.5758681701915677
}