{
  "score0": 0.2792906811127098,
  "score1": 0.5286266800708797,
  "score2": 0.48217648340472286,
  "score3": 0.3604382168321513,
  "score4": 0.18940463891443557,
  "score5": 0.09981855395316103,
  "score6": 0.23958030915049278
}