{
  "score0": 0.4545356171907686,
  "score1": 0.40680548806529526,
  "score2": 0.2554094480741512,
  "score3": 0.134035305573771,
  "score4": 0.10905373343122471,
  "score5": 0.07702974479540721,
  "score6": 0.3148113250544649
}