{
  "score0": 0.2808487244631768,
  "score1": 0.47961661396371114,
  "score2": 0.4445061358309753,
  "score3": 0.3178119835466608,
  "score4": 0.18907413976722595,
  "score5": 0.1535603369163612,
  "score6": 0.0619717334902693
}