{
  "score0": 0.4545356171907686,
  "score1": 0.40680548806529526,
  "score2": 0.16624905275019902,
  "score3": 0.14409318994154208,
  "score4": 0.10905373343122471,
  "score5": 0.05352378464778507,
  "score6": 0.18956072679062577
}