{
  "score0": 0.08113379757067787,
  "score1": 0.14615328601037164,
  "score2": 0.2759931441753316,
  "score3": 0.4093640313938934,
  "score4": 0.2671272768322268,
  "score5": 0.6961401387802194,
  "score6": 0.09052139965751065
}