{
  "score0": 0.23000225301792343,
  "score1": 0.10951740621877365,
  "score2": 0.2117056666652535,
  "score3": 0.3274501950094779,
  "score4": 0.5021637526344187,
  "score5": 0.4710170272831908,
  "score6": 0.3944783395304596
}