{
  "score0": 0.3424992974355843,
  "score1": 0.16987578912133672,
  "score2": 0.18131297150960435,
  "score3": 0.27398486981818626,
  "score4": 0.5622346213958563,
  "score5": 0.5439523442089346,
  "score6": 0.515623727778304
}