{
  "score0": 0.028606580372244006,
  "score1": 0.08323177512877931,
  "score2": 0.2185341478663929,
  "score3": 0.3359849708603964,
  "score4": 0.32215054202919097,
  "score5": 0.24051618368967706,
  "score6": 0.31815259966097
}