{
  "score0": 0.30438816861121426,
  "score1": 0.385928205261282,
  "score2": 0.22575239495573027,
  "score3": 0.07051403835218832,
  "score4": 0.1846313172009814,
  "score5": 0.22977609826018366,
  "score6": 0.4838767496805414
}