{
  "score0": 0.3020115278328189,
  "score1": 0.026472616438154125,
  "score2": 0.043119560277838295,
  "score3": 0.22482296804564048,
  "score4": 0.10773670558723264,
  "score5": 0.03113719483651969,
  "score6": 0.25637481148906366
}