{
  "score0": 0.1350654741257482,
  "score1": 0.2792906811127098,
  "score2": 0.4943592453223908,
  "score3": 0.5243117212880574,
  "score4": 0.4423856794419627,
  "score5": 0.3347572863559398,
  "score6": 0.11805196557307886
}