{
  "score0": 0.17830513975366494,
  "score1": 0.5636968667452967,
  "score2": 0.17398544761648146,
  "score3": 0.15117285695689398,
  "score4": 0.01354318085564376,
  "score5": 0.20350429155245467,
  "score6": 0.2784659580961058
}