{
  "score0": 0.3065694787648855,
  "score1": 0.06106110547475057,
  "score2": 0.044116602258179455,
  "score3": 0.2376635150328308,
  "score4": 0.0889554784275009,
  "score5": 0.04811538024587076,
  "score6": 0.09440132990139401
}