{
  "score0": 0.3952351926930248,
  "score1": 0.21980489792013083,
  "score2": 0.0287907924882125,
  "score3": 0.06790315389666587,
  "score4": 0.27684405629224623,
  "score5": 0.4298288196056485,
  "score6": 0.7353618174477426
}