{
  "score0": 0.1780340254813284,
  "score1": 0.009705016325290469,
  "score2": 0.1024656437639215,
  "score3": 0.08399281388895367,
  "score4": 0.03905241233806667,
  "score5": 0.27230839582426025,
  "score6": 0.3297168336591052
}