{
  "score0": 0.28742369926250877,
  "score1": 0.5202834131489698,
  "score2": 0.41449026839383196,
  "score3": 0.18940463891443557,
  "score4": 0.09981855395316103,
  "score5": 0.23958030915049278,
  "score6": 0.0901023654423841
}