{
  "score0": 0.333781506099879,
  "score1": 0.3784536336551733,
  "score2": 0.3970824060947006,
  "score3": 0.38295022697619513,
  "score4": 0.14005635060882757,
  "score5": 0.1402043120234596,
  "score6": 0.02763408960278968
}