{
  "score0": 0.3496400363909082,
  "score1": 0.1907035813409871,
  "score2": 0.2872920982257363,
  "score3": 0.15403366876554742,
  "score4": 0.2243239793778555,
  "score5": 0.1352849401399866,
  "score6": 0.47990260150873326
}