{
  "score0": 0.4654663192727866,
  "score1": 0.5398446813187668,
  "score2": 0.4862539378043478,
  "score3": 0.221413317861295,
  "score4": 0.14295896141878509,
  "score5": 0.23918667247071923,
  "score6": 0.1642315138683187
}