{
  "score0": 0.3274366228692404,
  "score1": 0.3970257380725258,
  "score2": 0.21164729728159645,
  "score3": 0.1590743140876145,
  "score4": 0.1440228556808085,
  "score5": 0.563032069821135,
  "score6": 0.5489142686399636
}