{
  "score0": 0.015211241196423479,
  "score1": 0.10339215751047473,
  "score2": 0.17483820274217518,
  "score3": 0.23668772472431354,
  "score4": 0.402761104692078,
  "score5": 0.21566547830644142,
  "score6": 0.06559219496019807
}