{
  "score0": 0.43544375012638425,
  "score1": 0.4322758808482057,
  "score2": 0.5827740153229476,
  "score3": 0.13376501542593267,
  "score4": 0.19764040348046039,
  "score5": 0.03602324139872038,
  "score6": 0.1773362672154266
}