{
  "score0": 0.28742369926250877,
  "score1": 0.47961661396371114,
  "score2": 0.4270275052777412,
  "score3": 0.3604382168321513,
  "score4": 0.18940463891443557,
  "score5": 0.09981855395316103,
  "score6": 0.23958030915049278
}