{
  "score0": 0.14429146555102512,
  "score1": 0.15709675823883185,
  "score2": 0.2809964604126006,
  "score3": 0.5251325865302721,
  "score4": 0.6702536768148827,
  "score5": 0.38894044354867124,
  "score6": 0.15211492517508074
}