{
  "score0": 0.39384655217494063,
  "score1": 0.5864166697507064,
  "score2": 0.18040042241923962,
  "score3": 0.11899963051538597,
  "score4": 0.03302267983336215,
  "score5": 0.11740960813410163,
  "score6": 0.3611942721302508
}