{
  "score0": 0.2697917167694434,
  "score1": 0.47512520786954937,
  "score2": 0.5723989449646382,
  "score3": 0.3973965013872763,
  "score4": 0.14882309180505424,
  "score5": 0.18565159149274627,
  "score6": 0.12059852819637122
}