{
  "score0": 0.14429146555102512,
  "score1": 0.15709675823883185,
  "score2": 0.26949526915163513,
  "score3": 0.5734018478169735,
  "score4": 0.6205902275983537,
  "score5": 0.5398399653006862,
  "score6": 0.06586469109906157
}