{
  "score0": 0.028606580372244006,
  "score1": 0.1712572089991441,
  "score2": 0.350075753093376,
  "score3": 0.07902338045333081,
  "score4": 0.3359849708603964,
  "score5": 0.32215054202919097,
  "score6": 0.24051618368967706
}