{
  "score0": 0.36155623679643817,
  "score1": 0.3577157435074657,
  "score2": 0.24879251461492397,
  "score3": 0.20660253776413132,
  "score4": 0.14361362056498325,
  "score5": 0.07510390939338353,
  "score6": 0.20451275491838575
}