{
  "score0": 0.05711937314003201,
  "score1": 0.15501586242914864,
  "score2": 0.14602165183097268,
  "score3": 0.49088180395843656,
  "score4": 0.5601404101563172,
  "score5": 0.20330743087550399,
  "score6": 0.3017571032934406
}