{
  "score0": 0.026472616438154125,
  "score1": 0.043119560277838295,
  "score2": 0.2185341478663929,
  "score3": 0.3359849708603964,
  "score4": 0.32215054202919097,
  "score5": 0.24051618368967706,
  "score6": 0.31815259966097
}