{
  "score0": 0.15246910784533912,
  "score1": 0.3075311544830735,
  "score2": 0.5651991354133565,
  "score3": 0.6177733978831575,
  "score4": 0.3767845670483892,
  "score5": 0.20215280042512532,
  "score6": 0.07374514384578146
}