{
  "score0": 0.3406618263087067,
  "score1": 0.2120140135755698,
  "score2": 0.1674892596199454,
  "score3": 0.5179513219006315,
  "score4": 0.4899603196021398,
  "score5": 0.49059407048343195,
  "score6": 0.6510973915372397
}