{
  "score0": 0.30620621340909604,
  "score1": 0.3970257380725258,
  "score2": 0.18006316031419678,
  "score3": 0.21993586809990817,
  "score4": 0.16282184786048295,
  "score5": 0.39544363290731904,
  "score6": 0.5942078509419748
}