{
  "score0": 0.33544801694025383,
  "score1": 0.1755305479962291,
  "score2": 0.11331024778246622,
  "score3": 0.3028214736444191,
  "score4": 0.4209286522402627,
  "score5": 0.4821002141062289,
  "score6": 0.6451578250693604
}