{
  "score0": 0.2517736349534191,
  "score1": 0.47512520786954937,
  "score2": 0.4445061358309753,
  "score3": 0.3178119835466608,
  "score4": 0.18907413976722595,
  "score5": 0.1535603369163612,
  "score6": 0.0619717334902693
}