{
  "score0": 0.014774204512532432,
  "score1": 0.23368377029917545,
  "score2": 0.2541051183371772,
  "score3": 0.02782864697764287,
  "score4": 0.3927980694607876,
  "score5": 0.3264139966745363,
  "score6": 0.34441291379938327
}