{
  "score0": 0.333781506099879,
  "score1": 0.3784536336551733,
  "score2": 0.4914125898139118,
  "score3": 0.4343008683956098,
  "score4": 0.14005635060882757,
  "score5": 0.1402043120234596,
  "score6": 0.02763408960278968
}