{
  "score0": 0.3406618263087067,
  "score1": 0.21103907556757898,
  "score2": 0.18131297150960435,
  "score3": 0.27398486981818626,
  "score4": 0.5622346213958563,
  "score5": 0.5439523442089346,
  "score6": 0.515623727778304
}