{
  "score0": 0.15246910784533912,
  "score1": 0.3075311544830735,
  "score2": 0.5521092546936479,
  "score3": 0.32629996512996207,
  "score4": 0.5083321276441851,
  "score5": 0.19120283572351984,
  "score6": 0.08193451440600481
}