{
  "score0": 0.08113379757067787,
  "score1": 0.1438511997349584,
  "score2": 0.2809964604126006,
  "score3": 0.5251325865302721,
  "score4": 0.6702536768148827,
  "score5": 0.38894044354867124,
  "score6": 0.15211492517508074
}