{
  "score0": 0.3389902470642908,
  "score1": 0.27848360169688047,
  "score2": 0.1740076718284347,
  "score3": 0.10918446497650451,
  "score4": 0.07291761297231115,
  "score5": 0.6397996788083189,
  "score6": 0.5567043217652329
}