{
  "score0": 0.3389902470642908,
  "score1": 0.22081379995008457,
  "score2": 0.03829112380228604,
  "score3": 0.17970264162073554,
  "score4": 0.10918446497650451,
  "score5": 0.07291761297231115,
  "score6": 0.6397996788083189
}