{
  "score0": 0.4541932604484199,
  "score1": 0.5338786851953903,
  "score2": 0.4955962523882334,
  "score3": 0.13376501542593267,
  "score4": 0.26413641103807173,
  "score5": 0.08064235595235765,
  "score6": 0.1773362672154266
}