{
  "score0": 0.0728048224720524,
  "score1": 0.11260893749360912,
  "score2": 0.27673995830115783,
  "score3": 0.6117422638573831,
  "score4": 0.3828571049097042,
  "score5": 0.5762689442765927,
  "score6": 0.22606507442657273
}