{
  "score0": 0.1780340254813284,
  "score1": 0.0030635191545547442,
  "score2": 0.041959651744173,
  "score3": 0.03905241233806667,
  "score4": 0.27230839582426025,
  "score5": 0.3297168336591052,
  "score6": 0.13163864751547616
}