{
  "score0": 0.1984773648544203,
  "score1": 0.12495415856004721,
  "score2": 0.16950516925664497,
  "score3": 0.34628769150508854,
  "score4": 0.5493645522320655,
  "score5": 0.6129338199925319,
  "score6": 0.2721877240971596
}