{
  "score0": 0.10339215751047473,
  "score1": 0.17483820274217518,
  "score2": 0.2888300755772422,
  "score3": 0.5201007546137881,
  "score4": 0.4093640313938934,
  "score5": 0.2671272768322268,
  "score6": 0.6961401387802194
}