{
  "score0": 0.17087636438245374,
  "score1": 0.10639365745593092,
  "score2": 0.15842730150526593,
  "score3": 0.47412619678570617,
  "score4": 0.46180115944841876,
  "score5": 0.6622813073942106,
  "score6": 0.21411993237789737
}