{
  "score0": 0.3104875835643649,
  "score1": 0.16735025466289727,
  "score2": 0.12735764015915874,
  "score3": 0.15175974426247518,
  "score4": 0.5246237203140338,
  "score5": 0.4732620567895154,
  "score6": 0.571771866897381
}