{
  "score0": 0.38774865814692405,
  "score1": 0.3577157435074657,
  "score2": 0.24879251461492397,
  "score3": 0.20372641975252645,
  "score4": 0.007556947789574011,
  "score5": 0.07881124904839652,
  "score6": 0.09904855688448853
}