{
  "score0": 0.2517736349534191,
  "score1": 0.47512520786954937,
  "score2": 0.5723989449646382,
  "score3": 0.41089523471768685,
  "score4": 0.22871101657923246,
  "score5": 0.1863320622331098,
  "score6": 0.062014457129483364
}