{
  "score0": 0.4654663192727866,
  "score1": 0.5736359728370208,
  "score2": 0.431514478695949,
  "score3": 0.17940672265295557,
  "score4": 0.212709212581955,
  "score5": 0.15246796948965383,
  "score6": 0.22645425988137005
}