{
  "score0": 0.4654663192727866,
  "score1": 0.5736359728370208,
  "score2": 0.4436374910354155,
  "score3": 0.2177900451606697,
  "score4": 0.221413317861295,
  "score5": 0.14295896141878509,
  "score6": 0.23918667247071923
}