{
  "score0": 0.6187707709582551,
  "score1": 0.2255343539905427,
  "score2": 0.13695628506036395,
  "score3": 0.3511909643927811,
  "score4": 0.4909128032569534,
  "score5": 0.3479514644153026,
  "score6": 0.4773467820946274
}