{
  "score0": 0.08113379757067787,
  "score1": 0.1438511997349584,
  "score2": 0.25243150559605754,
  "score3": 0.5201007546137881,
  "score4": 0.4093640313938934,
  "score5": 0.2671272768322268,
  "score6": 0.6961401387802194
}