{
  "score0": 0.05711937314003201,
  "score1": 0.15501586242914864,
  "score2": 0.19897996034112783,
  "score3": 0.5242358225580627,
  "score4": 0.45463070065241734,
  "score5": 0.2104666489532685,
  "score6": 0.2798734760892097
}