{
  "score0": 0.39384655217494063,
  "score1": 0.5864166697507064,
  "score2": 0.16493414567576498,
  "score3": 0.08301005491434812,
  "score4": 0.08858105164874334,
  "score5": 0.2476800773502329,
  "score6": 0.3939166771905258
}