{
  "score0": 0.119704919495583,
  "score1": 0.3089464031003608,
  "score2": 0.4943592453223908,
  "score3": 0.40209665405642475,
  "score4": 0.4021621098805314,
  "score5": 0.2812277080706672,
  "score6": 0.05431680627868274
}