{
  "score0": 0.6039594128499207,
  "score1": 0.3033047131547395,
  "score2": 0.20258238174120372,
  "score3": 0.1461797455982082,
  "score4": 0.29635913326822844,
  "score5": 0.6209721676760808,
  "score6": 0.4315992617867564
}