{
  "score0": 0.36155623679643817,
  "score1": 0.33974649646368504,
  "score2": 0.30103163813330197,
  "score3": 0.20660253776413132,
  "score4": 0.14361362056498325,
  "score5": 0.07510390939338353,
  "score6": 0.20451275491838575
}