{
  "score0": 0.4322758808482057,
  "score1": 0.5827740153229476,
  "score2": 0.1148578706816578,
  "score3": 0.11740960813410163,
  "score4": 0.3611942721302508,
  "score5": 0.3464151048208027,
  "score6": 0.6170028828771176
}