{
  "score0": 0.24452958768572308,
  "score1": 0.40774622706689867,
  "score2": 0.5215983304077394,
  "score3": 0.5139957688208577,
  "score4": 0.23237665755331127,
  "score5": 0.1747384043818481,
  "score6": 0.1183532893041762
}