{
  "score0": 0.3014712443751905,
  "score1": 0.3197235142083978,
  "score2": 0.15123783602456478,
  "score3": 0.1846313172009814,
  "score4": 0.22977609826018366,
  "score5": 0.4838767496805414,
  "score6": 0.24992721313802432
}