{
  "score0": 0.6832388826554925,
  "score1": 0.341016680234982,
  "score2": 0.30268332470321,
  "score3": 0.054256941639251634,
  "score4": 0.2912214849620243,
  "score5": 0.307889575955779,
  "score6": 0.6945491754461006
}