{
  "score0": 0.06601513840950365,
  "score1": 0.1796560662083559,
  "score2": 0.2805416817737866,
  "score3": 0.5533083624352053,
  "score4": 0.46350436934699285,
  "score5": 0.4529793721524809,
  "score6": 0.23418552180422222
}