{
  "score0": 0.4648590493731745,
  "score1": 0.5338786851953903,
  "score2": 0.4074635855037744,
  "score3": 0.12706426935067602,
  "score4": 0.1833857930106093,
  "score5": 0.15674592789710015,
  "score6": 0.23928795595311092
}