{
  "score0": 0.36980249277967364,
  "score1": 0.20400713260130132,
  "score2": 0.0008603440783331428,
  "score3": 0.046865132514983476,
  "score4": 0.22374367242679835,
  "score5": 0.42205704230119867,
  "score6": 0.7491202761895135
}