{
  "score0": 0.6039594128499207,
  "score1": 0.3033047131547395,
  "score2": 0.21312919773772743,
  "score3": 0.045684429096903754,
  "score4": 0.3511909643927811,
  "score5": 0.4909128032569534,
  "score6": 0.3479514644153026
}