{
  "score0": 0.35669057751596145,
  "score1": 0.4161884458071969,
  "score2": 0.4914125898139118,
  "score3": 0.4343008683956098,
  "score4": 0.1396311747870026,
  "score5": 0.050513506120867996,
  "score6": 0.06900978952858174
}