{
  "score0": 0.3290693695431744,
  "score1": 0.36392869881042106,
  "score2": 0.2103781686668205,
  "score3": 0.1276078413160231,
  "score4": 0.19047825984925115,
  "score5": 0.4503467187069618,
  "score6": 0.5758681701915677
}