{
  "score0": 0.08106191686474953,
  "score1": 0.11260893749360912,
  "score2": 0.26949526915163513,
  "score3": 0.5969091813934524,
  "score4": 0.2786331016972692,
  "score5": 0.4199187408627824,
  "score6": 0.3944413504802327
}