{
  "score0": 0.7526166411179387,
  "score1": 0.6900154086042413,
  "score2": 0.6192577142994146,
  "score3": 0.19887447604516817,
  "score4": 0.23493792857788742,
  "score5": 0.15408505354609528,
  "score6": 0.32019776712767534
}