{
  "score0": 0.7172730322731304,
  "score1": 0.6882719714307458,
  "score2": 0.5383646453450484,
  "score3": 0.23676840335705984,
  "score4": 0.0688363620225,
  "score5": 0.45057554988748744,
  "score6": 0.23866367844889894
}