{
  "score0": 0.22165131423408663,
  "score1": 0.39075443206528293,
  "score2": 0.2507460672198512,
  "score3": 0.5913922133591132,
  "score4": 0.661862236399999,
  "score5": 0.7183686673161406,
  "score6": 0.6848706167808941
}