{
  "score0": 0.1308657260067738,
  "score1": 0.3090654139507758,
  "score2": 0.3849484857967936,
  "score3": 0.472381577566747,
  "score4": 0.6560304936931515,
  "score5": 0.5557491446607167,
  "score6": 0.6038691361775995
}