{
  "score0": 0.14688297774891254,
  "score1": 0.5579730197535943,
  "score2": 0.7600024338266409,
  "score3": 0.7054325602341543,
  "score4": 0.6539817843728897,
  "score5": 0.5049467353181506,
  "score6": 0.12933221277334794
}