{
  "score0": 0.7172730322731304,
  "score1": 0.6882719714307458,
  "score2": 0.5064321007411043,
  "score3": 0.16930406651980204,
  "score4": 0.14430000958261635,
  "score5": 0.21085623410744828,
  "score6": 0.5902425544853173
}