{
  "score0": 0.7609827646651177,
  "score1": 0.42556805528380537,
  "score2": 0.29888642896994744,
  "score3": 0.12403480347663677,
  "score4": 0.4072215303717301,
  "score5": 0.7433331607577598,
  "score6": 0.4666460779790567
}