{
  "score0": 0.3219671276207367,
  "score1": 0.7372531211697486,
  "score2": 0.2571143981819008,
  "score3": 0.18710507540588336,
  "score4": 0.04129440921924384,
  "score5": 0.3402245729717486,
  "score6": 0.46486186331893115
}