{
  "score0": 0.46111783975685,
  "score1": 0.6856116115698159,
  "score2": 0.13163629639367116,
  "score3": 0.1794485061494092,
  "score4": 0.5700433875585157,
  "score5": 0.4936728351030247,
  "score6": 0.7275402641551826
}