{
  "score0": 0.28728287209368647,
  "score1": 0.15544992058287435,
  "score2": 0.4963907229292285,
  "score3": 0.7507571755430963,
  "score4": 0.8882059284443716,
  "score5": 0.6939657312648096,
  "score6": 0.14428690942308783
}