{
  "score0": 0.1842927319182679,
  "score1": 0.363130800913864,
  "score2": 0.23503785919900866,
  "score3": 0.6140248261368776,
  "score4": 0.3490892829772961,
  "score5": 0.36013194438396373,
  "score6": 0.45692753006612347
}