{
  "score0": 0.2506874347966758,
  "score1": 0.14965557012075176,
  "score2": 0.5660589170760963,
  "score3": 0.7653750764516437,
  "score4": 0.8636466686806976,
  "score5": 0.46071197387368074,
  "score6": 0.27167500763628943
}