{
  "score0": 0.3496234746266828,
  "score1": 0.1351592734972602,
  "score2": 0.3283261360133863,
  "score3": 0.7704216011260147,
  "score4": 0.6978704029009588,
  "score5": 0.7519259646743203,
  "score6": 0.7458149225395033
}