{
  "score0": 0.4741386138262814,
  "score1": 0.23335364806267306,
  "score2": 0.1545655846961594,
  "score3": 0.35557450686428504,
  "score4": 0.06292252919706713,
  "score5": 0.057976809974773946,
  "score6": 0.24095982908729097
}