{
  "score0": 0.19540374028214308,
  "score1": 0.350777538861081,
  "score2": 0.29706018543472695,
  "score3": 0.633263605777308,
  "score4": 0.5577555986702313,
  "score5": 0.3761631708289542,
  "score6": 0.250752446551839
}