{
  "score0": 0.11958331446471931,
  "score1": 0.26981166729970624,
  "score2": 0.43096570099019593,
  "score3": 0.5337235160506281,
  "score4": 0.6052667512750376,
  "score5": 0.6839540149514995,
  "score6": 0.3586993658084705
}