{
  "score0": 0.7635025262208093,
  "score1": 0.5643708230445305,
  "score2": 0.6968400684987821,
  "score3": 0.10743199266144805,
  "score4": 0.2751100263648088,
  "score5": 0.08210035832248906,
  "score6": 0.1231201300894607
}