{
  "score0": 0.5125339333346832,
  "score1": 0.1842927319182679,
  "score2": 0.25307417693321016,
  "score3": 0.3141644297150695,
  "score4": 0.07494307930945758,
  "score5": 0.11428733634138404,
  "score6": 0.43870188451478076
}