{
  "score0": 0.1308657260067738,
  "score1": 0.3090654139507758,
  "score2": 0.2858321348473055,
  "score3": 0.31187081624397933,
  "score4": 0.7037961459984606,
  "score5": 0.5535543911116715,
  "score6": 0.6914652858018902
}