{
  "score0": 0.4962637183028603,
  "score1": 0.1725755170515255,
  "score2": 0.25307417693321016,
  "score3": 0.2986936062022047,
  "score4": 0.02673982415848443,
  "score5": 0.175200230771697,
  "score6": 0.20081074955896283
}