{
  "score0": 0.8085250351060408,
  "score1": 0.43486850695331347,
  "score2": 0.2699965823999022,
  "score3": 0.2574761516781217,
  "score4": 0.5033903965862557,
  "score5": 0.7573659112824211,
  "score6": 0.6830766098889507
}