{
  "score0": 0.4810156175287859,
  "score1": 0.6680981425131195,
  "score2": 0.6523934627511385,
  "score3": 0.7586459464487411,
  "score4": 0.15452921865118843,
  "score5": 0.2614899910694005,
  "score6": 0.17458332487765102
}