{
  "score0": 0.33956672431946433,
  "score1": 0.7594896895801756,
  "score2": 0.31145521811839444,
  "score3": 0.30151881886137866,
  "score4": 0.04977837407672451,
  "score5": 0.495288446436507,
  "score6": 0.09213974759777467
}