{
  "score0": 0.5045581714924665,
  "score1": 0.7443611787040505,
  "score2": 0.6170438035453968,
  "score3": 0.3106090245251217,
  "score4": 0.1187746614754923,
  "score5": 0.4724662897889729,
  "score6": 0.2659894714126431
}