{
  "score0": 0.5045581714924665,
  "score1": 0.7413742259204794,
  "score2": 0.6261722579023309,
  "score3": 0.5287740733996543,
  "score4": 0.3106090245251217,
  "score5": 0.1187746614754923,
  "score6": 0.4724662897889729
}