{
  "score0": 0.46111783975685,
  "score1": 0.7287767817160614,
  "score2": 0.19442268835839813,
  "score3": 0.08866966145841636,
  "score4": 0.15640616862883225,
  "score5": 0.4224522975588765,
  "score6": 0.5251558094324568
}