{
  "score0": 0.30602963454133314,
  "score1": 0.11455823261764286,
  "score2": 0.2504710986096934,
  "score3": 0.3081791772142288,
  "score4": 0.7037922513927883,
  "score5": 0.6230831409288607,
  "score6": 0.7228856858775149
}