{
  "score0": 0.14857318011344506,
  "score1": 0.36056948384815785,
  "score2": 0.17278335136530493,
  "score3": 0.4116112277061625,
  "score4": 0.6401178766270996,
  "score5": 0.1983273493966763,
  "score6": 0.17604441848065952
}