{
  "score0": 0.18445641597421378,
  "score1": 0.28330492803739776,
  "score2": 0.40497275122616516,
  "score3": 0.033053723937673,
  "score4": 0.6140248261368776,
  "score5": 0.3490892829772961,
  "score6": 0.36013194438396373
}