{
  "score0": 0.4682254441293231,
  "score1": 0.3625454594802872,
  "score2": 0.09300375249487809,
  "score3": 0.29438731098358334,
  "score4": 0.1674262765814631,
  "score5": 0.5890186960061401,
  "score6": 0.7257903215810572
}