{
  "score0": 0.7526166411179387,
  "score1": 0.6900154086042413,
  "score2": 0.6355059699237648,
  "score3": 0.13386605086772665,
  "score4": 0.3419062869568086,
  "score5": 0.1295662320333883,
  "score6": 0.2550661590988687
}