{
  "score0": 0.7172730322731304,
  "score1": 0.6884208320757557,
  "score2": 0.4052995034503814,
  "score3": 0.0688363620225,
  "score4": 0.45057554988748744,
  "score5": 0.23866367844889894,
  "score6": 0.3455928903779147
}