{
  "score0": 0.5612807483169773,
  "score1": 0.7456943526300346,
  "score2": 0.6944942410570379,
  "score3": 0.7064202264842098,
  "score4": 0.31765624883799065,
  "score5": 0.21978449457038782,
  "score6": 0.0366783858437
}