{
  "score0": 0.2506874347966758,
  "score1": 0.14965557012075176,
  "score2": 0.5345888200740296,
  "score3": 0.8287766813934009,
  "score4": 0.49824867834846387,
  "score5": 0.5226818921869691,
  "score6": 0.7782165010828798
}