{
  "score0": 0.7444547395755483,
  "score1": 0.6922761901052819,
  "score2": 0.603914329501264,
  "score3": 0.36004561460143353,
  "score4": 0.23676840335705984,
  "score5": 0.25034789640000005,
  "score6": 0.4349648857714456
}