{
  "score0": 0.7870173750279968,
  "score1": 0.401062071169649,
  "score2": 0.2717854288353666,
  "score3": 0.1433405041127628,
  "score4": 0.3892713042075801,
  "score5": 0.3748549267522734,
  "score6": 0.30793554638620363
}