{
  "score0": 0.332755120975274,
  "score1": 0.11455823261764286,
  "score2": 0.2504710986096934,
  "score3": 0.4778884697682093,
  "score4": 0.6716815913692944,
  "score5": 0.6352862630751215,
  "score6": 0.6978140228222385
}