{
  "score0": 0.16234461327203167,
  "score1": 0.20761162523561616,
  "score2": 0.4473212127996961,
  "score3": 0.43003428151444095,
  "score4": 0.641138542177409,
  "score5": 0.6235180702068769,
  "score6": 0.6197908456846766
}