{
  "score0": 0.8085250351060408,
  "score1": 0.43486850695331347,
  "score2": 0.3029415380965472,
  "score3": 0.08428419481889927,
  "score4": 0.4400583542024766,
  "score5": 0.7498764789511508,
  "score6": 0.7396267850834991
}