{
  "score0": 0.22877928074474368,
  "score1": 0.15544992058287435,
  "score2": 0.4963907229292285,
  "score3": 0.8046222935429231,
  "score4": 0.43895401145920054,
  "score5": 0.37888628622022,
  "score6": 0.4958692981765955
}