{
  "score0": 0.1326994622843757,
  "score1": 0.5545471244566208,
  "score2": 0.789142607249729,
  "score3": 0.39602140620286597,
  "score4": 0.5513239991189666,
  "score5": 0.5057965008491808,
  "score6": 0.058856447770721056
}