{
  "score0": 0.08695416165939887,
  "score1": 0.5550725887660475,
  "score2": 0.7416960308061935,
  "score3": 0.4929724547574758,
  "score4": 0.7491932302567997,
  "score5": 0.39439371251768857,
  "score6": 0.15726904786849402
}