{
  "score0": 0.20761162523561616,
  "score1": 0.44963074564932715,
  "score2": 0.4060083461693085,
  "score3": 0.661862236399999,
  "score4": 0.7183686673161406,
  "score5": 0.6848706167808941,
  "score6": 0.410265100212412
}