{
  "score0": 0.47507851157781505,
  "score1": 0.7500635025773804,
  "score2": 0.6659673346541995,
  "score3": 0.707387981949703,
  "score4": 0.19270885647413505,
  "score5": 0.15538746416606972,
  "score6": 0.20180888109704498
}