{
  "score0": 0.5377658617477226,
  "score1": 0.2858410094647282,
  "score2": 0.21044079494438533,
  "score3": 0.2374425307581202,
  "score4": 0.013082351168397866,
  "score5": 0.5277683692283572,
  "score6": 0.6341258021090417
}