{
  "score0": 0.3496234746266828,
  "score1": 0.16840928204793343,
  "score2": 0.31526207430801406,
  "score3": 0.386304333028707,
  "score4": 0.7704216011260147,
  "score5": 0.6978704029009588,
  "score6": 0.7519259646743203
}