{
  "score0": 0.14857318011344506,
  "score1": 0.3594800144541051,
  "score2": 0.22981597898186304,
  "score3": 0.27363047582275307,
  "score4": 0.6401178766270996,
  "score5": 0.1983273493966763,
  "score6": 0.17604441848065952
}