{
  "score0": 0.08695416165939887,
  "score1": 0.5550725887660475,
  "score2": 0.7776836397918598,
  "score3": 0.5261495803037459,
  "score4": 0.6733179773011609,
  "score5": 0.49634391158128793,
  "score6": 0.23628219486058885
}