{
  "score0": 0.36056948384815785,
  "score1": 0.17278335136530493,
  "score2": 0.44564784105562494,
  "score3": 0.49824867834846387,
  "score4": 0.5226818921869691,
  "score5": 0.7782165010828798,
  "score6": 0.20502891563032388
}