{
  "score0": 0.6430878235708847,
  "score1": 0.5983734353413203,
  "score2": 0.5568925375634585,
  "score3": 0.2801332012353381,
  "score4": 0.1441899167689333,
  "score5": 0.4749228723952014,
  "score6": 0.7423834070723686
}