{
  "score0": 0.5857576422186817,
  "score1": 0.573045682390378,
  "score2": 0.31602397202217103,
  "score3": 0.21115139758291246,
  "score4": 0.3029444759855259,
  "score5": 0.7294927285137817,
  "score6": 0.7139177323249452
}