{
  "score0": 0.1179616577195109,
  "score1": 0.5066252036231282,
  "score2": 0.7600024338266409,
  "score3": 0.4860847382410262,
  "score4": 0.5513239991189666,
  "score5": 0.5057965008491808,
  "score6": 0.058856447770721056
}