{
  "score0": 0.34256623306141454,
  "score1": 0.12979527601298654,
  "score2": 0.2975100914670693,
  "score3": 0.2995210829396317,
  "score4": 0.759518538258602,
  "score5": 0.7329429649100258,
  "score6": 0.7798379565201197
}