{
  "score0": 0.08695416165939887,
  "score1": 0.5550725887660475,
  "score2": 0.7513843133080877,
  "score3": 0.7304132119385227,
  "score4": 0.6482501017000966,
  "score5": 0.2824834302250265,
  "score6": 0.2324142159880529
}