{
  "score0": 0.14728147618956466,
  "score1": 0.3594800144541051,
  "score2": 0.2858321348473055,
  "score3": 0.17285396295437025,
  "score4": 0.7099786794624733,
  "score5": 0.36892052813503545,
  "score6": 0.4314252472471405
}