{
  "score0": 0.22165131423408663,
  "score1": 0.42252825372805203,
  "score2": 0.4060083461693085,
  "score3": 0.661862236399999,
  "score4": 0.7183686673161406,
  "score5": 0.6848706167808941,
  "score6": 0.410265100212412
}