{
  "score0": 0.7875252328039885,
  "score1": 0.43486850695331347,
  "score2": 0.3029415380965472,
  "score3": 0.0902712862461323,
  "score4": 0.4545682940260572,
  "score5": 0.5333981868690354,
  "score6": 0.7315867965510519
}