{
  "score0": 0.1157724379487434,
  "score1": 0.27469755179761757,
  "score2": 0.4052991301930209,
  "score3": 0.6052322140131373,
  "score4": 0.6277554245593309,
  "score5": 0.6442277204674923,
  "score6": 0.32855712552680044
}