{
  "score0": 0.4741386138262814,
  "score1": 0.23335364806267306,
  "score2": 0.21577305414485426,
  "score3": 0.2987504709338286,
  "score4": 0.040026575183481704,
  "score5": 0.129215368911355,
  "score6": 0.3706488803801356
}