{
  "score0": 0.758246620497839,
  "score1": 0.6900154086042413,
  "score2": 0.6355059699237648,
  "score3": 0.10743199266144805,
  "score4": 0.41992367604176817,
  "score5": 0.13169037154904947,
  "score6": 0.28942732464882137
}