{
  "score0": 0.1179616577195109,
  "score1": 0.5154497082315257,
  "score2": 0.789142607249729,
  "score3": 0.39602140620286597,
  "score4": 0.5513239991189666,
  "score5": 0.5057965008491808,
  "score6": 0.058856447770721056
}