{
  "score0": 0.112751021765284,
  "score1": 0.5545471244566208,
  "score2": 0.7513843133080877,
  "score3": 0.7304132119385227,
  "score4": 0.6482501017000966,
  "score5": 0.2824834302250265,
  "score6": 0.2324142159880529
}