{
  "score0": 0.19540374028214308,
  "score1": 0.350777538861081,
  "score2": 0.2055180330351828,
  "score3": 0.6063693436214329,
  "score4": 0.655933422473444,
  "score5": 0.3622395561767741,
  "score6": 0.2916934593467731
}