{
  "score0": 0.2210676664489769,
  "score1": 0.09111590202557106,
  "score2": 0.5333365486890019,
  "score3": 0.7401843130031304,
  "score4": 0.6602420958283589,
  "score5": 0.7999081997599088,
  "score6": 0.26873210231024497
}