{
  "score0": 0.7500635025773804,
  "score1": 0.6659673346541995,
  "score2": 0.5863589658398513,
  "score3": 0.22848725131900668,
  "score4": 0.16326527336772956,
  "score5": 0.39085178286922045,
  "score6": 0.2652684638790885
}