{
  "score0": 0.6376293240073106,
  "score1": 0.5983734353413203,
  "score2": 0.5217654064821367,
  "score3": 0.2961338730139714,
  "score4": 0.39956887351753023,
  "score5": 0.49557386943807336,
  "score6": 0.8124734204016004
}