{
  "score0": 0.4682254441293231,
  "score1": 0.3625454594802872,
  "score2": 0.12214738143099362,
  "score3": 0.24497456709650822,
  "score4": 0.32574854419317834,
  "score5": 0.6396777805988801,
  "score6": 0.7554316880322519
}