{
  "score0": 0.4993709958569717,
  "score1": 0.7035848782619374,
  "score2": 0.6933609564604364,
  "score3": 0.6747438059245199,
  "score4": 0.15452921865118843,
  "score5": 0.2614899910694005,
  "score6": 0.17458332487765102
}