{
  "score0": 0.7423303029578507,
  "score1": 0.685612545553275,
  "score2": 0.5270554962013925,
  "score3": 0.42562222267490607,
  "score4": 0.13419295665929998,
  "score5": 0.13458377810845,
  "score6": 0.058839401912866664
}