{
  "score0": 0.7172730322731304,
  "score1": 0.6882719714307458,
  "score2": 0.5064321007411043,
  "score3": 0.1856014648993425,
  "score4": 0.1325161982697044,
  "score5": 0.4532118479205211,
  "score6": 0.28861750486278775
}