{
  "score0": 0.7804561478894558,
  "score1": 0.44136583091422044,
  "score2": 0.26625859966742665,
  "score3": 0.10869014964563099,
  "score4": 0.4545682940260572,
  "score5": 0.5333981868690354,
  "score6": 0.7315867965510519
}