{
  "score0": 0.1157724379487434,
  "score1": 0.26981166729970624,
  "score2": 0.43096570099019593,
  "score3": 0.5955234037798212,
  "score4": 0.6819755695355348,
  "score5": 0.6149060736975726,
  "score6": 0.4264610538213472
}