{
  "score0": 0.15135357593531346,
  "score1": 0.2682945324436908,
  "score2": 0.4473212127996961,
  "score3": 0.49121904298215596,
  "score4": 0.6052667512750376,
  "score5": 0.6839540149514995,
  "score6": 0.3586993658084705
}