{
  "score0": 0.7594896895801756,
  "score1": 0.31145521811839444,
  "score2": 0.25196509678626183,
  "score3": 0.4072215303717301,
  "score4": 0.7433331607577598,
  "score5": 0.4666460779790567,
  "score6": 0.5727681498727731
}