{
  "score0": 0.6280523069532671,
  "score1": 0.6450895798028928,
  "score2": 0.5116630195907876,
  "score3": 0.25381525598994775,
  "score4": 0.3286213261028329,
  "score5": 0.7608728595709057,
  "score6": 0.7127801831299457
}