{
  "score0": 0.40291835936876863,
  "score1": 0.39413048306501575,
  "score2": 0.11180314852932344,
  "score3": 0.3089171390743574,
  "score4": 0.28351073255740245,
  "score5": 0.7927364628532723,
  "score6": 0.7101087306217045
}