{
  "score0": 0.40291835936876863,
  "score1": 0.3486745485003256,
  "score2": 0.11393836799427962,
  "score3": 0.4059500598229528,
  "score4": 0.28351073255740245,
  "score5": 0.7927364628532723,
  "score6": 0.7101087306217045
}