{
  "score0": 0.5377658617477226,
  "score1": 0.31602397202217103,
  "score2": 0.2648775913871132,
  "score3": 0.013082351168397866,
  "score4": 0.5277683692283572,
  "score5": 0.6341258021090417,
  "score6": 0.18254416741389834
}