{
  "score0": 0.49268926328018875,
  "score1": 0.7035848782619374,
  "score2": 0.6933609564604364,
  "score3": 0.5992791587743082,
  "score4": 0.2494777248762877,
  "score5": 0.28120529043680453,
  "score6": 0.013103762988720275
}