{
  "score0": 0.4313787823865844,
  "score1": 0.39413048306501575,
  "score2": 0.09300375249487809,
  "score3": 0.3780821357251565,
  "score4": 0.20021969772797876,
  "score5": 0.6709862762418674,
  "score6": 0.767633500910884
}