{
  "score0": 0.4956007543902267,
  "score1": 0.7413742259204794,
  "score2": 0.6352384786575372,
  "score3": 0.48575765681518296,
  "score4": 0.2301560740180967,
  "score5": 0.1906304054849952,
  "score6": 0.03095018942621347
}