{
  "score0": 0.08695416165939887,
  "score1": 0.56702747098655,
  "score2": 0.6754271399113323,
  "score3": 0.6733179773011609,
  "score4": 0.49634391158128793,
  "score5": 0.23628219486058885,
  "score6": 0.09318477603304477
}