{
  "score0": 0.7452615164517091,
  "score1": 0.6922761901052819,
  "score2": 0.603914329501264,
  "score3": 0.42562222267490607,
  "score4": 0.13419295665929998,
  "score5": 0.13458377810845,
  "score6": 0.058839401912866664
}