{
  "score0": 0.2653051909082269,
  "score1": 0.27962201017760707,
  "score2": 0.6248187553386961,
  "score3": 0.604061461669914,
  "score4": 0.20390401286315574,
  "score5": 0.25267478712425495,
  "score6": 0.5302108093680088
}