{
  "score0": 0.3339601964099983,
  "score1": 0.16473703786077137,
  "score2": 0.22378304818421174,
  "score3": 0.16989901030333643,
  "score4": 0.02178046822817141,
  "score5": 0.344651458931329,
  "score6": 0.5565675382892677
}