{
  "score0": 0.595253972636894,
  "score1": 0.4175045203234433,
  "score2": 0.43765702475498647,
  "score3": 0.10844868744465132,
  "score4": 0.14394820298236002,
  "score5": 0.6505557549570248,
  "score6": 0.40092502031285715
}