{
  "score0": 0.3665481200400526,
  "score1": 0.3556564482626802,
  "score2": 0.5347602380561083,
  "score3": 0.6406759755750083,
  "score4": 0.6121264985311355,
  "score5": 0.7280021848715451,
  "score6": 0.1552008278389528
}