{
  "score0": 0.09608692278613261,
  "score1": 0.39387314646713834,
  "score2": 0.14848010919209298,
  "score3": 0.22574422098189525,
  "score4": 0.1249367094598508,
  "score5": 0.10005693394638833,
  "score6": 0.2038924333083584
}