{
  "score0": 0.3401504071222655,
  "score1": 0.5435508623310649,
  "score2": 0.5966457663509823,
  "score3": 0.6577075407047263,
  "score4": 0.6459837294877184,
  "score5": 0.4840975426169641,
  "score6": 0.14448653953997811
}