{
  "score0": 0.38360148094432095,
  "score1": 0.24474889912252712,
  "score2": 0.151390619418246,
  "score3": 0.082579611698454,
  "score4": 0.1510340347933781,
  "score5": 0.16272839313169293,
  "score6": 0.5062529458060694
}