{
  "score0": 0.1405097731011701,
  "score1": 0.09713326579075732,
  "score2": 0.17289722843960512,
  "score3": 0.4409317240995024,
  "score4": 0.5216647214213442,
  "score5": 0.5537617130595506,
  "score6": 0.2521879633880017
}