{
  "score0": 0.2968240695652162,
  "score1": 0.13047274081733284,
  "score2": 0.16304604737874417,
  "score3": 0.15990652854280318,
  "score4": 0.013598132312866105,
  "score5": 0.3464880555691647,
  "score6": 0.5530246382190342
}