{
  "score0": 0.2903447065111351,
  "score1": 0.623594378622655,
  "score2": 0.5897061938091889,
  "score3": 0.2593482299187498,
  "score4": 0.17786554328903095,
  "score5": 0.42527610374167574,
  "score6": 0.06212680949416791
}