{
  "score0": 0.3571907832548964,
  "score1": 0.5873133730539313,
  "score2": 