{
  "score0": 0.3794993588192827,
  "score1": 0.24474889912252712,
  "score2": 0.1618265526084435,
  "score3": 0.029858999088462634,
  "score4": 0.192511359975167,
  "score5": 0.3388569351752139,
  "score6": 0.6375460103852323
}