{
  "score0": 0.6307160213438653,
  "score1": 0.24369111077507166,
  "score2": 0.06263148821083551,
  "score3": 0.27941533506118205,
  "score4": 0.5075298944002563,
  "score5": 0.23927334800717995,
  "score6": 0.32891275046127455
}