{
  "score0": 0.47368628316196637,
  "score1": 0.09556714783420185,
  "score2": 0.01103688013049876,
  "score3": 0.12491053320398177,
  "score4": 0.2907953435530722,
  "score5": 0.3929097566599795,
  "score6": 0.2398864998006555
}