{
  "score0": 0.12647860553981435,
  "score1": 0.4960651366701631,
  "score2": 0.14848010919209298,
  "score3": 0.22574422098189525,
  "score4": 0.1249367094598508,
  "score5": 0.10005693394638833,
  "score6": 0.2038924333083584
}