{
  "score0": 0.33932427143800525,
  "score1": 0.20320913686797062,
  "score2": 0.13154347073717648,
  "score3": 0.02967503092356667,
  "score4": 0.17830641530229543,
  "score5": 0.3388569351752139,
  "score6": 0.6109647801766888
}