{
  "score0": 0.15557597683431612,
  "score1": 0.09025482450245476,
  "score2": 0.18756310550607685,
  "score3": 0.36746840155522137,
  "score4": 0.4409317240995024,
  "score5": 0.5216647214213442,
  "score6": 0.5537617130595506
}