{
  "score0": 0.595253972636894,
  "score1": 0.4175045203234433,
  "score2": 0.41669400400609147,
  "score3": 0.2816939449633848,
  "score4": 0.19366067339375903,
  "score5": 0.14335066550911105,
  "score6": 0.39976476894742535
}