{
  "score0": 0.5956817106782608,
  "score1": 0.6225928025591572,
  "score2": 0.1585256661680466,
  "score3": 0.17751463601381212,
  "score4": 0.22132806994389717,
  "score5": 0.37118103419438153,
  "score6": 0.41307653427118624
}