{
  "score0": 0.3665481200400526,
  "score1": 0.3556564482626802,
  "score2": 0.4488580925427823,
  "score3": 0.6290300228377003,
  "score4": 0.6762197754475284,
  "score5": 0.5208826678561489,
  "score6": 0.22718946229042788
}