{
  "score0": 0.49966545472780244,
  "score1": 0.3369326892522197,
  "score2": 0.3086199583241814,
  "score3": 0.33926652698361615,
  "score4": 0.03461630620461272,
  "score5": 0.3111434186175954,
  "score6": 0.10836062828193671
}