{
  "score0": 0.254954620334368,
  "score1": 0.020795753070870046,
  "score2": 0.22746414786999627,
  "score3": 0.16362205680873107,
  "score4": 0.4588710813728551,
  "score5": 0.608749014955706,
  "score6": 0.6487585982611063
}