{
  "score0": 0.5941296382574971,
  "score1": 0.21849429111511717,
  "score2": 0.039249381527981526,
  "score3": 0.25023962018162105,
  "score4": 0.7033092159605934,
  "score5": 0.4345396356842848,
  "score6": 0.6324895175635823
}