{
  "score0": 0.37510279041176026,
  "score1": 0.5387678747205308,
  "score2": 0.6688339374308286,
  "score3": 0.6353458256746042,
  "score4": 0.5703670865237732,
  "score5": 0.5853495499230582,
  "score6": 0.4577140488799258
}