{
  "score0": 0.42436071026076605,
  "score1": 0.4102015159915713,
  "score2": 0.5647448143550974,
  "score3": 0.5825221087624725,
  "score4": 0.6596240124554642,
  "score5": 0.6832741795106679,
  "score6": 0.5188206782415493
}