{
  "score0": 0.29853047276208833,
  "score1": 0.18576368161847367,
  "score2": 0.1541727662612501,
  "score3": 0.03460482774446831,
  "score4": 0.15194043591890904,
  "score5": 0.08006408688066645,
  "score6": 0.3979638457912619
}