{
  "score0": 0.3406183073054426,
  "score1": 0.21617211812019282,
  "score2": 0.19193193189572177,
  "score3": 0.06057314802770075,
  "score4": 0.1918818218953194,
  "score5": 0.08041095048022186,
  "score6": 0.3979638457912619
}