{
  "score0": 0.24404949335090623,
  "score1": 0.007808879458742495,
  "score2": 0.2023983707589211,
  "score3": 0.11338654778350919,
  "score4": 0.44460809995429046,
  "score5": 0.469770446691133,
  "score6": 0.759225704533559
}