{
  "score0": 0.10687913963354226,
  "score1": 0.2545221167964251,
  "score2": 0.26597468294868293,
  "score3": 0.6445165777511641,
  "score4": 0.6459135529338037,
  "score5": 0.4593261590467299,
  "score6": 0.0986074489102252
}