{
  "score0": 0.25938206094972693,
  "score1": 0.020795753070870046,
  "score2": 0.24353469309488088,
  "score3": 0.10598423439945592,
  "score4": 0.1262833122674303,
  "score5": 0.47991017229584526,
  "score6": 0.49819249289423206
}