{
  "score0": 0.27257007364911784,
  "score1": 0.5901846872897423,
  "score2": 0.44892127364675166,
  "score3": 0.10810244589491876,
  "score4": 0.42166083188794373,
  "score5": 0.09439105924511838,
  "score6": 0.1559769725139315
}