{
  "score0": 0.6113890765941954,
  "score1": 0.5125747058549388,
  "score2": 0.486152186130822,
  "score3": 0.25976766059828643,
  "score4": 0.360285060282809,
  "score5": 0.054682695697271654,
  "score6": 0.07964405523470415
}