{
  "score0": 0.25938206094972693,
  "score1": 0.014987377168218349,
  "score2": 0.21025684538382156,
  "score3": 0.1262833122674303,
  "score4": 0.47991017229584526,
  "score5": 0.49819249289423206,
  "score6": 0.759225704533559
}