{
  "score0": 0.5798661477688857,
  "score1": 0.21849429111511717,
  "score2": 0.039249381527981526,
  "score3": 0.25023962018162105,
  "score4": 0.48737927351785465,
  "score5": 0.2224240752743155,
  "score6": 0.2802722073210823
}