{
  "score0": 0.10275086462334249,
  "score1": 0.12942879832192578,
  "score2": 0.20001255860258316,
  "score3": 0.5051341830362244,
  "score4": 0.6589470643398042,
  "score5": 0.47429822603056343,
  "score6": 0.25639863420650816
}