{
  "score0": 0.12007268418627125,
  "score1": 0.49335529498832675,
  "score2": 0.07448055744970958,
  "score3": 0.27724471654727545,
  "score4": 0.1452547412037111,
  "score5": 0.06665790603371238,
  "score6": 0.19460522050629678
}