{
  "score0": 0.34234911010716745,
  "score1": 0.5387678747205308,
  "score2": 0.4642485969067722,
  "score3": 0.6464752789983875,
  "score4": 0.6877691551642809,
  "score5": 0.45598827004524795,
  "score6": 0.4026709542858371
}