{
  "score0": 0.13443460841412475,
  "score1": 0.07593468031517954,
  "score2": 0.1640063008511756,
  "score3": 0.36746840155522137,
  "score4": 0.38739010301553267,
  "score5": 0.4720688166490094,
  "score6": 0.5565096961973001
}