{
  "score0": 0.44481607181888433,
  "score1": 0.05102028116399516,
  "score2": 0.066490230897068,
  "score3": 0.06561852645168405,
  "score4": 0.174407342621691,
  "score5": 0.1727152773903664,
  "score6": 0.1567014762564142
}