{
  "score0": 0.29320451780728163,
  "score1": 0.2954927424936996,
  "score2": 0.6321775258620299,
  "score3": 0.5850394627867562,
  "score4": 0.11948387829531343,
  "score5": 0.1455345847639283,
  "score6": 0.160298132308937
}