{
  "score0": 0.33932427143800525,
  "score1": 0.2175486432048822,
  "score2": 0.17832388256339432,
  "score3": 0.17830641530229543,
  "score4": 0.3388569351752139,
  "score5": 0.6109647801766888,
  "score6": 0.5739152605193601
}