{
  "score0": 0.6361532701842337,
  "score1": 0.24369111077507166,
  "score2": 0.06263148821083551,
  "score3": 0.46013237976915544,
  "score4": 0.7310432211636132,
  "score5": 0.4345396356842848,
  "score6": 0.6324895175635823
}