{
  "score0": 0.2653051909082269,
  "score1": 0.27962201017760707,
  "score2": 0.6530367148494232,
  "score3": 0.6915322983828719,
  "score4": 0.2314648743745015,
  "score5": 0.20391039264304775,
  "score6": 0.5077216672112507
}