{
  "score0": 0.1263722533696976,
  "score1": 0.5263811759013692,
  "score2": 0.16790351036253068,
  "score3": 0.07223634220669344,
  "score4": 0.22807848250544985,
  "score5": 0.019037176299956885,
  "score6": 0.2912234869910792
}