{
  "score0": 0.6008137106602226,
  "score1": 0.21103846131034115,
  "score2": 0.05170930901639755,
  "score3": 0.41646100632601685,
  "score4": 0.5103256317343347,
  "score5": 0.6393850123618244,
  "score6": 0.13898626846706696
}