{
  "score0": 0.49541504878358866,
  "score1": 0.3428924496721726,
  "score2": 0.14848592352375678,
  "score3": 0.3007065082005389,
  "score4": 0.15558120852963855,
  "score5": 0.13071333350242254,
  "score6": 0.2834459328900581
}