{
  "score0": 0.25864757135652416,
  "score1": 0.6653862840423528,
  "score2": 0.5831162514415651,
  "score3": 0.45173770762034904,
  "score4": 0.2478249646465276,
  "score5": 0.18343972622075508,
  "score6": 0.040260369809937475
}