{
  "score0": 0.3492347278631517,
  "score1": 0.39461733174522856,
  "score2": 0.43394868037618906,
  "score3": 0.6985916501892154,
  "score4": 0.5736293877289901,
  "score5": 0.7455027864467633,
  "score6": 0.3009155133550739
}