{
  "score0": 0.6175913401672715,
  "score1": 0.4620565289561329,
  "score2": 0.2859080789519272,
  "score3": 0.37210013625023475,
  "score4": 0.39734354137121103,
  "score5": 0.07365652987915432,
  "score6": 0.11778252289105373
}