{
  "score0": 0.6653862840423528,
  "score1": 0.522310902768814,
  "score2": 0.41598326578628514,
  "score3": 0.39734354137121103,
  "score4": 0.0736753704588924,
  "score5": 0.11778252289105373,
  "score6": 0.22822490666728534
}