{
  "score0": 0.32095094800879653,
  "score1": 0.6784273310147632,
  "score2": 0.621831523054488,
  "score3": 0.29566449024478775,
  "score4": 0.15132877676240705,
  "score5": 0.17670434241455976,
  "score6": 0.20132861733430843
}