{
  "score0": 0.24298697385307924,
  "score1": 0.013989025834886412,
  "score2": 0.23532632146252533,
  "score3": 0.33704620045388367,
  "score4": 0.37566293605954254,
  "score5": 0.6461945263713733,
  "score6": 0.2828931446307958
}