{
  "score0": 0.13460113006522326,
  "score1": 0.20035587941766392,
  "score2": 0.1636216886071802,
  "score3": 0.4970402396104348,
  "score4": 0.6780738407253198,
  "score5": 0.4721066500235928,
  "score6": 0.2891547450324877
}