{
  "score0": 0.11608841512064959,
  "score1": 0.3485620859719642,
  "score2": 0.4855980202982393,
  "score3": 0.4500904990343684,
  "score4": 0.712327073147351,
  "score5": 0.6459698997417757,
  "score6": 0.7775959323120656
}