{
  "score0": 0.06867593847123958,
  "score1": 0.2905590567291237,
  "score2": 0.4113192462814668,
  "score3": 0.3524579773374337,
  "score4": 0.6639959596410959,
  "score5": 0.43980238962443935,
  "score6": 0.8221076828662136
}