{
  "score0": 0.2548538483831775,
  "score1": 0.012493644359339416,
  "score2": 0.2584114838852296,
  "score3": 0.07601258966774381,
  "score4": 0.38525533026113606,
  "score5": 0.5743881372992791,
  "score6": 0.6135844806479623
}