{
  "score0": 0.13047274081733284,
  "score1": 0.16304604737874417,
  "score2": 0.126939916568708,
  "score3": 0.0199970804480554,
  "score4": 0.30809521993660566,
  "score5": 0.2860895473391376,
  "score6": 0.25949758953049207
}