{
  "score0": 0.29320451780728163,
  "score1": 0.27554359061621686,
  "score2": 0.5597970919863567,
  "score3": 0.5882286340074767,
  "score4": 0.11948387829531343,
  "score5": 0.1455345847639283,
  "score6": 0.160298132308937
}