{
  "score0": 0.5125747058549388,
  "score1": 0.6977176208073036,
  "score2": 0.18557467288795215,
  "score3": 0.02765684656353776,
  "score4": 0.16894327974372877,
  "score5": 0.5292612077825108,
  "score6": 0.644358937930274
}