{
  "score0": 0.2787284640132791,
  "score1": 0.36501240017239006,
  "score2": 0.6736983487161575,
  "score3": 0.5999348757093385,
  "score4": 0.2013962065144567,
  "score5": 0.2706534973572634,
  "score6": 0.5581517287920189
}