{
  "score0": 0.6573510920909404,
  "score1": 0.2491386945950083,
  "score2": 0.01900013758137709,
  "score3": 0.4367524623869321,
  "score4": 0.5068556754884724,
  "score5": 0.6527498457907152,
  "score6": 0.13917514560849592
}