{
  "score0": 0.24404949335090623,
  "score1": 0.017728247794966328,
  "score2": 0.2081249740306336,
  "score3": 0.10591028953170227,
  "score4": 0.11338654778350919,
  "score5": 0.44460809995429046,
  "score6": 0.469770446691133
}