{
  "score0": 0.3830389163191692,
  "score1": 0.3556564482626802,
  "score2": 0.5347602380561083,
  "score3": 0.5825221087624725,
  "score4": 0.674827427784629,
  "score5": 0.6853493251946525,
  "score6": 0.5188206782415493
}