{
  "score0": 0.32964632985425546,
  "score1": 0.3708903726906913,
  "score2": 0.5040051633019956,
  "score3": 0.5736293877289901,
  "score4": 0.7455027864467633,
  "score5": 0.3009155133550739,
  "score6": 0.5030613062204797
}