{
  "score0": 0.4035195514620977,
  "score1": 0.409730124113567,
  "score2": 0.48736037441038277,
  "score3": 0.6290300228377003,
  "score4": 0.688262357894426,
  "score5": 0.5505607204197628,
  "score6": 0.24477433770950022
}