{
  "score0": 0.013989025834886412,
  "score1": 0.23532632146252533,
  "score2": 0.3988897890914435,
  "score3": 0.6639959596410959,
  "score4": 0.43980238962443935,
  "score5": 0.8221076828662136,
  "score6": 0.611270022786664
}