{
  "score0": 0.5754789671114846,
  "score1": 0.673608547117157,
  "score2": 0.18557467288795215,
  "score3": 0.02765684656353776,
  "score4": 0.16894327974372877,
  "score5": 0.5292612077825108,
  "score6": 0.644358937930274
}