{
  "score0": 0.2545360189842145,
  "score1": 0.02980198778780832,
  "score2": 0.2666021040432147,
  "score3": 0.13689395889155595,
  "score4": 0.2572344477206439,
  "score5": 0.7038700056217931,
  "score6": 0.623565302485186
}