{
  "score0": 0.5956817106782608,
  "score1": 0.6372807956495448,
  "score2": 0.1139609082744263,
  "score3": 0.1773922114755969,
  "score4": 0.1802584884563939,
  "score5": 0.4447320863195529,
  "score6": 0.5377011374837871
}