{
  "score0": 0.2777381763830182,
  "score1": 0.36501240017239006,
  "score2": 0.6722405718368738,
  "score3": 0.7581582776099504,
  "score4": 0.744366885378006,
  "score5": 0.19965784295277558,
  "score6": 0.4792306026015087
}