{
  "score0": 0.6705418405632542,
  "score1": 0.5705189885199489,
  "score2": 0.7685277564138309,
  "score3": 0.27780562347302645,
  "score4": 0.30594152995856955,
  "score5": 0.16934397288975003,
  "score6": 0.049940161248039135
}