{
  "score0": 0.3896229224228963,
  "score1": 0.44850272319533385,
  "score2": 0.4767289935624118,
  "score3": 0.6871605561378367,
  "score4": 0.613924212965747,
  "score5": 0.7520926045442549,
  "score6": 0.3009155133550739
}