{
  "score0": 0.2435278425356089,
  "score1": 0.028238516682268306,
  "score2": 0.23039199970955443,
  "score3": 0.33704620045388367,
  "score4": 0.37566293605954254,
  "score5": 0.6461945263713733,
  "score6": 0.2828931446307958
}