{
  "score0": 0.41952751735097216,
  "score1": 0.44850272319533385,
  "score2": 0.48736037441038277,
  "score3": 0.6290300228377003,
  "score4": 0.688262357894426,
  "score5": 0.5505607204197628,
  "score6": 0.24477433770950022
}