{
  "score0": 0.16404303035165635,
  "score1": 0.20035587941766392,
  "score2": 0.1636216886071802,
  "score3": 0.4652589428770159,
  "score4": 0.46890364542565366,
  "score5": 0.46686156474210677,
  "score6": 0.631688860130959
}