{
  "score0": 0.109027466820418,
  "score1": 0.1665468432490721,
  "score2": 0.1439921757626419,
  "score3": 0.4970402396104348,
  "score4": 0.6589470643398042,
  "score5": 0.47429822603056343,
  "score6": 0.25639863420650816
}