{
  "score0": 0.566704052579495,
  "score1": 0.6573510920909404,
  "score2": 0.2491386945950083,
  "score3": 0.01900013758137709,
  "score4": 0.320632079130661,
  "score5": 0.5602981572615553,
  "score6": 0.1491047402894636
}