{
  "score0": 0.11633155115255776,
  "score1": 0.28203980503819565,
  "score2": 0.39682162192580206,
  "score3": 0.4624605274885905,
  "score4": 0.6852375391047149,
  "score5": 0.6050879032527874,
  "score6": 0.5023737190459533
}