{
  "score0": 0.6465665594310718,
  "score1": 0.24168036505588847,
  "score2": 0.0891562584728763,
  "score3": 0.3277710212372505,
  "score4": 0.39280792510674134,
  "score5": 0.6221841179129517,
  "score6": 0.7416773941158987
}