{
  "score0": 0.33283656753862384,
  "score1": 0.6784273310147632,
  "score2": 0.6616370023938432,
  "score3": 0.2745305945020297,
  "score4": 0.17793419897019758,
  "score5": 0.42527610374167574,
  "score6": 0.06212817023852529
}