{
  "score0": 0.5339422815039211,
  "score1": 0.59522937992393,
  "score2": 0.09492363395655547,
  "score3": 0.17726820266669222,
  "score4": 0.17165707256790294,
  "score5": 0.42736146529685476,
  "score6": 0.519729648687692
}