{
  "score0": 0.26793773708294266,
  "score1": 0.5934396546208086,
  "score2": 0.5075277620636078,
  "score3": 0.39736205124158547,
  "score4": 0.18464646819950703,
  "score5": 0.24986194534066172,
  "score6": 0.02561122940211545
}