{
  "score0": 0.5754789671114846,
  "score1": 0.5825756226300964,
  "score2": 0.07940540695785109,
  "score3": 0.2136803636997737,
  "score4": 0.15668498348928253,
  "score5": 0.02765684656353776,
  "score6": 0.16894327974372877
}