{
  "score0": 0.43364515267618153,
  "score1": 0.3571907832548964,
  "score2": 0.5873133730539313,
  "score3": 0.5965593199400833,
  "score4": 0.5976124723004737,
  "score5": 0.6950235356854316,
  "score6": 0.5639783213311876
}