{
  "score0": 0.10213664274974715,
  "score1": 0.4356061800508578,
  "score2": 0.15299537930548,
  "score3": 0.11373265415405097,
  "score4": 0.20059692339635737,
  "score5": 0.03548565427128034,
  "score6": 0.07510324880238904
}