{
  "score0": 0.23360632078896137,
  "score1": 0.028238516682268306,
  "score2": 0.23039199970955443,
  "score3": 0.11307599804491135,
  "score4": 0.2578901536503683,
  "score5": 0.6688311680825588,
  "score6": 0.6161872295770242
}