{
  "score0": 0.16858157357023412,
  "score1": 0.09025482450245476,
  "score2": 0.2162432541395771,
  "score3": 0.49151785418661414,
  "score4": 0.41767295642754326,
  "score5": 0.528395350216773,
  "score6": 0.5781788964774207
}