{
  "score0": 0.3794993588192827,
  "score1": 0.27228443194991747,
  "score2": 0.18634870339080287,
  "score3": 0.192511359975167,
  "score4": 0.3388569351752139,
  "score5": 0.6375460103852323,
  "score6": 0.5698720045984113
}