{
  "score0": 0.29364383427108565,
  "score1": 0.309902144181751,
  "score2": 0.7073832099462797,
  "score3": 0.547456718989865,
  "score4": 0.2314648743745015,
  "score5": 0.20140258629434873,
  "score6": 0.5536412968682692
}