{
  "score0": 0.0701635833817753,
  "score1": 0.32323455951590346,
  "score2": 0.4787047484046447,
  "score3": 0.3524579773374337,
  "score4": 0.6773707688603969,
  "score5": 0.44183984913354785,
  "score6": 0.8221076828662136
}