{
  "score0": 0.5705189885199489,
  "score1": 0.7685277564138309,
  "score2": 0.18576669200620635,
  "score3": 0.22775463113486524,
  "score4": 0.1567600443632624,
  "score5": 0.02765684656353776,
  "score6": 0.18529571892937957
}