{
  "score0": 0.5918575439399889,
  "score1": 0.1405097731011701,
  "score2": 0.09713326579075732,
  "score3": 0.09024545527284689,
  "score4": 0.29171501032233293,
  "score5": 0.30845154530588714,
  "score6": 0.5384783927312213
}