{
  "score0": 0.5464677871900383,
  "score1": 0.11278168401001883,
  "score2": 0.013103915961791316,
  "score3": 0.13408131029974205,
  "score4": 0.2907953435530722,
  "score5": 0.38990282933003756,
  "score6": 0.2398864998006555
}