{
  "score0": 0.5093144224560618,
  "score1": 0.6377885747999796,
  "score2": 0.15155664370362404,
  "score3": 0.12201148832519826,
  "score4": 0.3050173095408792,
  "score5": 0.5602981572615553,
  "score6": 0.1420641749586331
}