{
  "score0": 0.6562793090067119,
  "score1": 0.24744769575833625,
  "score2": 0.14792396100570898,
  "score3": 0.5068556754884724,
  "score4": 0.6527498457907152,
  "score5": 0.13917514560849592,
  "score6": 0.4878657053438578
}