{
  "score0": 0.49541504878358866,
  "score1": 0.3428924496721726,
  "score2": 0.35019819736866903,
  "score3": 0.25980117113751405,
  "score4": 0.16752978783262074,
  "score5": 0.13221282997929143,
  "score6": 0.37618996984463154
}