{
  "score0": 0.5941296382574971,
  "score1": 0.23041035426505865,
  "score2": 0.04259569101904955,
  "score3": 0.4596724668115029,
  "score4": 0.7033092159605934,
  "score5": 0.4345396356842848,
  "score6": 0.6324895175635823
}