{
  "score0": 0.22874188578764978,
  "score1": 0.32163708395247925,
  "score2": 0.6248187553386961,
  "score3": 0.604061461669914,
  "score4": 0.20390401286315574,
  "score5": 0.25267478712425495,
  "score6": 0.5302108093680088
}