{
  "score0": 0.377768978489819,
  "score1": 0.3602332836244948,
  "score2": 0.5114735182742373,
  "score3": 0.534145463211679,
  "score4": 0.674827427784629,
  "score5": 0.6853493251946525,
  "score6": 0.5188206782415493
}