{
  "score0": 0.6266685117797117,
  "score1": 0.6372807956495448,
  "score2": 0.12891496232784516,
  "score3": 0.1568332128629536,
  "score4": 0.058766844670185774,
  "score5": 0.10133032949526644,
  "score6": 0.48630279636865575
}