{
  "score0": 0.34231842083731356,
  "score1": 0.16953717606399896,
  "score2": 0.24859020336541351,
  "score3": 0.18630730567308249,
  "score4": 0.02329793708022196,
  "score5": 0.3724093174932916,
  "score6": 0.5842635130327202
}