{
  "score0": 0.3036487097327516,
  "score1": 0.13499968509626845,
  "score2": 0.17783511487592213,
  "score3": 0.17438588327145307,
  "score4": 0.01449567434688971,
  "score5": 0.37215491815188484,
  "score6": 0.5773310956205524
}