{
  "score0": 0.10942679884577501,
  "score1": 0.3056254626796323,
  "score2": 0.4310354062674476,
  "score3": 0.4500904990343684,
  "score4": 0.7035952745447039,
  "score5": 0.6702031374211873,
  "score6": 0.8197204223904242
}