{
  "score0": 0.2545221167964251,
  "score1": 0.26597468294868293,
  "score2": 0.6526355809863217,
  "score3": 0.744366885378006,
  "score4": 0.19965784295277558,
  "score5": 0.4792306026015087,
  "score6": 0.23724175080835555
}