{
  "score0": 0.5697215571129199,
  "score1": 0.23041035426505865,
  "score2": 0.04259569101904955,
  "score3": 0.33286186785397587,
  "score4": 0.30138285825443617,
  "score5": 0.535983006777837,
  "score6": 0.6840812042493368
}