{
  "score0": 0.5142785323378338,
  "score1": 0.1124837878691683,
  "score2": 0.07655271273910233,
  "score3": 0.1022870103735698,
  "score4": 0.2903093276902969,
  "score5": 0.30827858744465536,
  "score6": 0.5191357289771812
}