{
  "score0": 0.5547801349224875,
  "score1": 0.3693417854108274,
  "score2": 0.3643107913083905,
  "score3": 0.42158094151373793,
  "score4": 0.03472638591787936,
  "score5": 0.308057907569165,
  "score6": 0.13273064796346015
}