{
  "score0": 0.10845851244957311,
  "score1": 0.36935078643258273,
  "score2": 0.4855980202982393,
  "score3": 0.4500904990343684,
  "score4": 0.712327073147351,
  "score5": 0.6459698997417757,
  "score6": 0.7775959323120656
}