{
  "score0": 0.23360632078896137,
  "score1": 0.007765266287909437,
  "score2": 0.23294639288921462,
  "score3": 0.11307599804491135,
  "score4": 0.2578901536503683,
  "score5": 0.6688311680825588,
  "score6": 0.6161872295770242
}