{
  "score0": 0.22803433779361243,
  "score1": 0.32163708395247925,
  "score2": 0.6255975890602531,
  "score3": 0.7581582776099504,
  "score4": 0.7338898136332221,
  "score5": 0.17130291138539866,
  "score6": 0.4792306026015087
}