{
  "score0": 0.3038769473577199,
  "score1": 0.3146393408010528,
  "score2": 0.7073832099462797,
  "score3": 0.4384436896649236,
  "score4": 0.36653800530793673,
  "score5": 0.06552501992547315,
  "score6": 0.09237668305391807
}