{
  "score0": 0.14666386834603856,
  "score1": 0.49335529498832675,
  "score2": 0.07448055744970958,
  "score3": 0.1779736561857961,
  "score4": 0.21118099494239218,
  "score5": 0.03555314024664299,
  "score6": 0.0847234492807943
}