{
  "score0": 0.6098739894595328,
  "score1": 0.4620565289561329,
  "score2": 0.2871109447814422,
  "score3": 0.4162307471870991,
  "score4": 0.40939099321147704,
  "score5": 0.13805634408496367,
  "score6": 0.08937628155053694
}