{
  "score0": 0.2638814990519228,
  "score1": 0.025856874318753692,
  "score2": 0.2666021040432147,
  "score3": 0.3530401719043201,
  "score4": 0.39510025678901045,
  "score5": 0.6485979690818904,
  "score6": 0.29753252738443586
}