{
  "score0": 0.23183216061037695,
  "score1": 0.6105760869121053,
  "score2": 0.46984907807831594,
  "score3": 0.25027801855407894,
  "score4": 0.23275288025425064,
  "score5": 0.14579731565244705,
  "score6": 0.040260369809937475
}