{
  "score0": 0.5726783304202574,
  "score1": 0.3691805256666897,
  "score2": 0.19645552169506425,
  "score3": 0.42158094151373793,
  "score4": 0.03472638591787936,
  "score5": 0.308057907569165,
  "score6": 0.13273064796346015
}