{
  "score0": 0.6783217916945844,
  "score1": 0.5120156196905221,
  "score2": 0.5250939442270836,
  "score3": 0.2754176385403686,
  "score4": 0.395756311503749,
  "score5": 0.054682695697271654,
  "score6": 0.07960853938403828
}