{
  "score0": 0.6562793090067119,
  "score1": 0.24168036505588847,
  "score2": 0.062057529424505195,
  "score3": 0.4367524623869321,
  "score4": 0.5068556754884724,
  "score5": 0.6527498457907152,
  "score6": 0.13917514560849592
}