{
  "score0": 0.13443460841412475,
  "score1": 0.08371804223803234,
  "score2": 0.1647306678397733,
  "score3": 0.38739010301553267,
  "score4": 0.4720688166490094,
  "score5": 0.5565096961973001,
  "score6": 0.2520037098949072
}