{
  "score0": 0.533087015785391,
  "score1": 0.06607624470483021,
  "score2": 0.09324995222901386,
  "score3": 0.06561852645168405,
  "score4": 0.18697136155733285,
  "score5": 0.18623201606558973,
  "score6": 0.1948624654814226
}