{
  "score0": 0.11824966427189706,
  "score1": 0.16449755622450454,
  "score2": 0.2186136384568665,
  "score3": 0.4970402396104348,
  "score4": 0.6780738407253198,
  "score5": 0.4721066500235928,
  "score6": 0.2891547450324877
}