{
  "score0": 0.5697215571129199,
  "score1": 0.23041035426505865,
  "score2": 0.07991032872043739,
  "score3": 0.3277710212372505,
  "score4": 0.3753936666210747,
  "score5": 0.585385102890346,
  "score6": 0.7245771240662157
}