{
  "score0": 0.5892080157839285,
  "score1": 0.21103846131034115,
  "score2": 0.07991032872043739,
  "score3": 0.3277710212372505,
  "score4": 0.3753936666210747,
  "score5": 0.585385102890346,
  "score6": 0.7245771240662157
}