{
  "score0": 0.09608692278613261,
  "score1": 0.39387314646713834,
  "score2": 0.06488681644907394,
  "score3": 0.21642956309885922,
  "score4": 0.14385095797713457,
  "score5": 0.06665790603371238,
  "score6": 0.18182039838388275
}