{
  "score0": 0.28135463752109285,
  "score1": 0.27962201017760707,
  "score2": 0.6530367148494232,
  "score3": 0.42849241556751494,
  "score4": 0.3643843940631622,
  "score5": 0.06537309343996493,
  "score6": 0.09230717565469178
}