{
  "score0": 0.16404303035165635,
  "score1": 0.20035587941766392,
  "score2": 0.2162432541395771,
  "score3": 0.49151785418661414,
  "score4": 0.41767295642754326,
  "score5": 0.528395350216773,
  "score6": 0.5781788964774207
}