{
  "score0": 0.025856874318753692,
  "score1": 0.2690341604986715,
  "score2": 0.4411794488914191,
  "score3": 0.6773707688603969,
  "score4": 0.44183984913354785,
  "score5": 0.8221076828662136,
  "score6": 0.6312873700354896
}