{
  "score0": 0.15292165237075847,
  "score1": 0.22378304818421174,
  "score2": 0.1480275329622724,
  "score3": 0.019784190571336114,
  "score4": 0.30809521993660566,
  "score5": 0.31940191657317346,
  "score6": 0.2755247048087612
}