{
  "score0": 0.1263722533696976,
  "score1": 0.5263811759013692,
  "score2": 0.16790351036253068,
  "score3": 0.11344595730425011,
  "score4": 0.21118099494239218,
  "score5": 0.03555314024664299,
  "score6": 0.0847234492807943
}