{
  "score0": 0.128989260783318,
  "score1": 0.3485620859719642,
  "score2": 0.4855980202982393,
  "score3": 0.3179793637405613,
  "score4": 0.7376977781381511,
  "score5": 0.6406136469307818,
  "score6": 0.8197204223904242
}