{
  "score0": 0.283373760177531,
  "score1": 0.5872681940516992,
  "score2": 0.5075277620636078,
  "score3": 0.34818258930683404,
  "score4": 0.17583781053262748,
  "score5": 0.15251062965950993,
  "score6": 0.22504466585110564
}