{
  "score0": 0.5956817106782608,
  "score1": 0.6225928025591572,
  "score2": 0.1585256661680466,
  "score3": 0.18886905398776463,
  "score4": 0.29951736622370934,
  "score5": 0.22286984032934085,
  "score6": 0.4543653948847221
}