{
  "score0": 0.5183409496647959,
  "score1": 0.59522937992393,
  "score2": 0.136480103158092,
  "score3": 0.17971499670367452,
  "score4": 0.301187665277114,
  "score5": 0.22493254595170933,
  "score6": 0.45421167007429514
}