{
  "score0": 0.10687913963354226,
  "score1": 0.16449755622450454,
  "score2": 0.2186136384568665,
  "score3": 0.5594804080617223,
  "score4": 0.6459135529338037,
  "score5": 0.4593261590467299,
  "score6": 0.0986074489102252
}