{
  "score0": 0.14127953818813105,
  "score1": 0.32524092615697037,
  "score2": 0.4670337775532578,
  "score3": 0.3324300858128457,
  "score4": 0.7202379141312397,
  "score5": 0.5870401572924989,
  "score6": 0.7150726763037684
}