{
  "score0": 0.533087015785391,
  "score1": 0.06607624470483021,
  "score2": 0.10031486268127636,
  "score3": 0.15533196115629347,
  "score4": 0.3794751907661201,
  "score5": 0.29325299070222216,
  "score6": 0.3395137576404353
}