{
  "score0": 0.528315948507146,
  "score1": 0.35903920246893334,
  "score2": 0.3626015040510587,
  "score3": 0.09695157357848254,
  "score4": 0.14394820298236002,
  "score5": 0.6066256665429501,
  "score6": 0.36503997331659094
}