{
  "score0": 0.12007268418627125,
  "score1": 0.496482511501228,
  "score2": 0.17199545934780122,
  "score3": 0.2259881501202298,
  "score4": 0.12477419169009002,
  "score5": 0.100148875455783,
  "score6": 0.21658531392137778
}