{
  "score0": 0.3345369907298229,
  "score1": 0.20320913686797062,
  "score2": 0.12153735655450898,
  "score3": 0.062363094453126454,
  "score4": 0.12420539128706119,
  "score5": 0.1623815295321375,
  "score6": 0.5062529458060694
}