{
  "score0": 0.5146986963799389,
  "score1": 0.32463926252684105,
  "score2": 0.3086199583241814,
  "score3": 0.4980513157950905,
  "score4": 0.08330436961667391,
  "score5": 0.11984802482021034,
  "score6": 0.38146450265857074
}