{
  "score0": 0.38401719892330044,
  "score1": 0.30089290558250303,
  "score2": 0.18634870339080287,
  "score3": 0.192511359975167,
  "score4": 0.3388569351752139,
  "score5": 0.6375460103852323,
  "score6": 0.5698720045984113
}