{
  "score0": 0.6175913401672715,
  "score1": 0.5143505499950591,
  "score2": 0.39551954735421774,
  "score3": 0.39734354137121103,
  "score4": 0.07365652987915432,
  "score5": 0.11778252289105373,
  "score6": 0.21655609300810055
}