{
  "score0": 0.12408864142513562,
  "score1": 0.291119966923443,
  "score2": 0.126939916568708,
  "score3": 0.0199970804480554,
  "score4": 0.30809521993660566,
  "score5": 0.2860895473391376,
  "score6": 0.25949758953049207
}