{
  "score0": 0.5361995425965328,
  "score1": 0.13009193943714203,
  "score2": 0.07037441467203111,
  "score3": 0.18697136155733285,
  "score4": 0.18623201606558973,
  "score5": 0.1948624654814226,
  "score6": 0.16068087021489896
}