{
  "score0": 0.595253972636894,
  "score1": 0.427413213168166,
  "score2": 0.11089212177534523,
  "score3": 0.14394820298236002,
  "score4": 0.6505557549570248,
  "score5": 0.40092502031285715,
  "score6": 0.2550014496547017
}