{
  "score0": 0.36111637995583207,
  "score1": 0.5373255755755236,
  "score2": 0.6688339374308286,
  "score3": 0.6353458256746042,
  "score4": 0.5703670865237732,
  "score5": 0.5853495499230582,
  "score6": 0.4577140488799258
}