{
  "score0": 0.6794106728175293,
  "score1": 0.5079272755118832,
  "score2": 0.31610993575739194,
  "score3": 0.36803413997768547,
  "score4": 0.39734354137121103,
  "score5": 0.0736753704588924,
  "score6": 0.11778252289105373
}