{
  "score0": 0.3478495911214555,
  "score1": 0.21974204454073373,
  "score2": 0.2547531547672509,
  "score3": 0.06216419714036559,
  "score4": 0.11958984243319237,
  "score5": 0.144206385369378,
  "score6": 0.5107459341824853
}