{
  "score0": 0.3896229224228963,
  "score1": 0.4178987217467999,
  "score2": 0.521033872978392,
  "score3": 0.613924212965747,
  "score4": 0.7520926045442549,
  "score5": 0.3009155133550739,
  "score6": 0.5236450752272271
}