{
  "score0": 0.09561145772336375,
  "score1": 0.12942879832192578,
  "score2": 0.20001255860258316,
  "score3": 0.5386949240838484,
  "score4": 0.6080343186016018,
  "score5": 0.4591445678884111,
  "score6": 0.09872459300067056
}