{
  "score0": 0.25418345038052914,
  "score1": 0.5363571255745392,
  "score2": 0.3820584438704731,
  "score3": 0.0976970684382309,
  "score4": 0.3941660628643817,
  "score5": 0.08817950170426647,
  "score6": 0.14335398496783247
}