{
  "score0": 0.5108181841000753,
  "score1": 0.09556714783420185,
  "score2": 0.01103688013049876,
  "score3": 0.03510510403898368,
  "score4": 0.16199913323992662,
  "score5": 0.3217066229552118,
  "score6": 0.12892615675000865
}