{
  "score0": 0.1124837878691683,
  "score1": 0.07655271273910233,
  "score2": 0.1647306678397733,
  "score3": 0.38739010301553267,
  "score4": 0.4720688166490094,
  "score5": 0.5565096961973001,
  "score6": 0.2520037098949072
}