{
  "score0": 0.23992454108854763,
  "score1": 0.017728247794966328,
  "score2": 0.1959888420351098,
  "score3": 0.15283654019753556,
  "score4": 0.44051615924828685,
  "score5": 0.5905259394796336,
  "score6": 0.6462794490216115
}