{
  "score0": 0.3282779066496573,
  "score1": 0.3146393408010528,
  "score2": 0.6997837769796036,
  "score3": 0.5922531945672921,
  "score4": 0.12824733846192424,
  "score5": 0.15889744239731532,
  "score6": 0.17247904269490988
}