{
  "score0": 0.33283656753862384,
  "score1": 0.5940735072707891,
  "score2": 0.5516095221822707,
  "score3": 0.17793419897019758,
  "score4": 0.42527610374167574,
  "score5": 0.06212817023852529,
  "score6": 0.19923499045943818
}