{
  "score0": 0.5546984547283352,
  "score1": 0.6789527824497578,
  "score2": 0.16862278825063465,
  "score3": 0.12201148832519826,
  "score4": 0.29951736622370934,
  "score5": 0.22286984032934085,
  "score6": 0.4543653948847221
}