{
  "score0": 0.5543097759159815,
  "score1": 0.11278168401001883,
  "score2": 0.013103915961791316,
  "score3": 0.03510510403898368,
  "score4": 0.16199913323992662,
  "score5": 0.31997888601022295,
  "score6": 0.15683048989514103
}