{
  "score0": 0.6896795542390033,
  "score1": 0.5120156196905221,
  "score2": 0.31395703971963307,
  "score3": 0.41270896887012726,
  "score4": 0.40950166325573295,
  "score5": 0.13805634408496367,
  "score6": 0.08937628155053694
}