{
  "score0": 0.5363571255745392,
  "score1": 0.38673823107615235,
  "score2": 0.08751048767833068,
  "score3": 0.14394820298236002,
  "score4": 0.6066256665429501,
  "score5": 0.36503997331659094,
  "score6": 0.23812018487875405
}