{
  "score0": 0.550669547568347,
  "score1": 0.3691805256666897,
  "score2": 0.19645552169506425,
  "score3": 0.3219386467282028,
  "score4": 0.16750714941790532,
  "score5": 0.15640629676339057,
  "score6": 0.28309574983178126
}