{
  "score0": 0.6088253050762265,
  "score1": 0.2634381242135483,
  "score2": 0.04491778219564961,
  "score3": 0.46013237976915544,
  "score4": 0.7310432211636132,
  "score5": 0.4345396356842848,
  "score6": 0.6324895175635823
}