{
  "score0": 0.41787039327041264,
  "score1": 0.5719067670830239,
  "score2": 0.46530032904618807,
  "score3": 0.6272484199176823,
  "score4": 0.6520619301845652,
  "score5": 0.5347498685356215,
  "score6": 0.6336217699803839
}