{
  "score0": 0.27554359061621686,
  "score1": 0.5597970919863567,
  "score2": 0.5017621077524138,
  "score3": 0.17786554328903095,
  "score4": 0.42527610374167574,
  "score5": 0.06212680949416791,
  "score6": 0.19923499045943818
}