{
  "score0": 0.5339422815039211,
  "score1": 0.59522937992393,
  "score2": 0.136480103158092,
  "score3": 0.17859102832609378,
  "score4": 0.2212040611349925,
  "score5": 0.36257961830589064,
  "score6": 0.3777344244523932
}