{
  "score0": 0.47368628316196637,
  "score1": 0.09556714783420185,
  "score2": 0.0765284437195467,
  "score3": 0.14616118406053316,
  "score4": 0.38248211809606203,
  "score5": 0.29325299070222216,
  "score6": 0.32251636905047726
}