{
  "score0": 0.2251888437342175,
  "score1": 0.5379368767943049,
  "score2": 0.5157577658782081,
  "score3": 0.45012299543759676,
  "score4": 0.17122140332236882,
  "score5": 0.23739792010592084,
  "score6": 0.02561122940211545
}