{
  "score0": 0.368826865339874,
  "score1": 0.5891376800956091,
  "score2": 