{
  "score0": 0.41787039327041264,
  "score1": 0.5719067670830239,
  "score2": 0.6573114071870815,
  "score3": 0.6261495054206937,
  "score4": 0.5635345452852427,
  "score5": 0.608749660801425,
  "score6": 0.47893229292049555
}