{
  "score0": 0.3282779066496573,
  "score1": 0.28948628942326493,
  "score2": 0.6015894744817163,
  "score3": 0.6382652273937777,
  "score4": 0.12824733846192424,
  "score5": 0.15889744239731532,
  "score6": 0.17247904269490988
}