{
  "score0": 0.15292165237075847,
  "score1": 0.5977580122544295,
  "score2": 0.1548287147147046,
  "score3": 0.22544649608944153,
  "score4": 0.019784190571336114,
  "score5": 0.30809521993660566,
  "score6": 0.31940191657317346
}