{
  "score0": 0.368826865339874,
  "score1": 0.5742482864916557,
  "score2": 0.6491306033723442,
  "score3": 0.6911184314753211,
  "score4": 0.658005467691629,
  "score5": 0.6686270449631682,
  "score6": 0.4840975426169641
}