{
  "score0": 0.23699784965168558,
  "score1": 0.007765266287909437,
  "score2": 0.21805232546495962,
  "score3": 0.15283654019753556,
  "score4": 0.44051615924828685,
  "score5": 0.5905259394796336,
  "score6": 0.6462794490216115
}