{
  "score0": 0.6266685117797117,
  "score1": 0.6372807956495448,
  "score2": 0.09536742270903822,
  "score3": 0.22775463113486524,
  "score4": 0.1567600443632624,
  "score5": 0.02765684656353776,
  "score6": 0.18529571892937957
}