{
  "score0": 0.14127953818813105,
  "score1": 0.32524092615697037,
  "score2": 0.45750387494470396,
  "score3": 0.49360069113752586,
  "score4": 0.6852375391047149,
  "score5": 0.6050879032527874,
  "score6": 0.5113561451457663
}