{
  "score0": 0.08984034712577114,
  "score1": 0.32964632985425546,
  "score2": 0.4310354062674476,
  "score3": 0.4500904990343684,
  "score4": 0.719395553642623,
  "score5": 0.6316513793471992,
  "score6": 0.7775959323120656
}