{
  "score0": 0.37510279041176026,
  "score1": 0.5387678747205308,
  "score2": 0.4642485969067722,
  "score3": 0.6330676950376327,
  "score4": 0.6632964484915214,
  "score5": 0.5311699553067964,
  "score6": 0.5926844053128096
}