{
  "score0": 0.2233173912870873,
  "score1": 0.24352690446681097,
  "score2": 0.6212081760377174,
  "score3": 0.7338898136332221,
  "score4": 0.17130291138539866,
  "score5": 0.4792306026015087,
  "score6": 0.23724175080835555
}