{
  "score0": 0.27966729347871966,
  "score1": 0.623594378622655,
  "score2": 0.5578930265347952,
  "score3": 0.27997333053354573,
  "score4": 0.15132877676240705,
  "score5": 0.16570773963966612,
  "score6": 0.20196270929234098
}