{
  "score0": 0.11678298758961285,
  "score1": 0.42340607203409025,
  "score2": 0.15299537930548,
  "score3": 0.07252303905649428,
  "score4": 0.230085207805913,
  "score5": 0.01901786198638682,
  "score6": 0.2896846198280059
}