{
  "score0": 0.5798661477688857,
  "score1": 0.2549123349728405,
  "score2": 0.014696377476970583,
  "score3": 0.23409033396947967,
  "score4": 0.48737927351785465,
  "score5": 0.2224240752743155,
  "score6": 0.2802722073210823
}