{
  "score0": 0.3338714323213805,
  "score1": 0.5373255755755236,
  "score2": 0.6619334147542856,
  "score3": 0.6944765705664663,
  "score4": 0.6577075407047263,
  "score5": 0.6459837294877184,
  "score6": 0.4840975426169641
}