{
  "score0": 0.30234636780974544,
  "score1": 0.3606418675224118,
  "score2": 0.05509262804773164,
  "score3": 0.08984364574127597,
  "score4": 0.027008981163857335,
  "score5": 0.05714814019593429,
  "score6": 0.27233366561997774
}