{
  "score0": 0.30234636780974544,
  "score1": 0.4272453338909482,
  "score2": 0.09031320470062472,
  "score3": 0.012576085445346436,
  "score4": 0.08968129806553349,
  "score5": 0.32035260274228156,
  "score6": 0.6077702342120633
}