{
  "score0": 0.14592727462257166,
  "score1": 0.2852313137445274,
  "score2": 