{
  "score0": 0.09565120392561158,
  "score1": 0.027331515689269704,
  "score2": 0.07637842399977579,
  "score3": 0.09785157316206179,
  "score4": 0.22681333963318928,
  "score5": 0.15356746912297023,
  "score6": 0.2170968508769853
}