{
  "score0": 0.09558266352134255,
  "score1": 0.057505296946852344,
  "score2": 0.06429047382877937,
  "score3": 0.03331028991878041,
  "score4": 0.11132093083744277,
  "score5": 0.18946520606169073,
  "score6": 0.10296412858862447
}