{
  "score0": 0.37601212205780904,
  "score1": 0.13747499873421232,
  "score2": 0.15416444518966277,
  "score3": 0.10150506395402244,
  "score4": 0.06031496564068279,
  "score5": 0.06609140008604664,
  "score6": 0.17483648825022416
}