{
  "score0": 0.3752391918572864,
  "score1": 0.10963557687631247,
  "score2": 0.016724077708443193,
  "score3": 0.16849943018266086,
  "score4": 0.10269600972296387,
  "score5": 0.2426902070332934,
  "score6": 0.43554601145000665
}