{
  "score0": 0.38760835756611983,
  "score1": 0.2565657650827563,
  "score2": 0.06706891036711816,
  "score3": 0.1825619899214185,
  "score4": 0.08776417982351375,
  "score5": 0.07691173003678686,
  "score6": 0.0879631526360743
}