{
  "score0": 0.027758897666618987,
  "score1": 0.16908101559248212,
  "score2": 0.1450834224396521,
  "score3": 0.4959025215998601,
  "score4": 0.3296050395057905,
  "score5": 0.5545797393712123,
  "score6": 0.24721755247337449
}