{
  "score0": 0.08855899545606306,
  "score1": 0.1727811068608163,
  "score2": 0.1432428552028356,
  "score3": 0.15175370477495995,
  "score4": 0.46529827834081744,
  "score5": 0.5679312277108782,
  "score6": 0.5257366351409344
}