{
  "score0": 0.30234636780974544,
  "score1": 0.3606418675224118,
  "score2": 0.04481565906694546,
  "score3": 0.11545708272155301,
  "score4": 0.09294876175572779,
  "score5": 0.1395086796895998,
  "score6": 0.23977349177751717
}