{
  "score0": 0.2922884436456613,
  "score1": 0.3474395410089083,
  "score2": 0.10907498644790853,
  "score3": 0.08615973190430122,
  "score4": 0.15802876461993376,
  "score5": 0.283242385958607,
  "score6": 0.042973786558518474
}