{
  "score0": 0.16330730893702727,
  "score1": 0.2994242211573186,
  "score2": 0.5116129303192909,
  "score3": 0.6550677006783276,
  "score4": 0.3083677342302403,
  "score5": 0.2156141756043397,
  "score6": 0.07439115198670211
}