{
  "score0": 0.037921540822014904,
  "score1": 0.012111040830929115,
  "score2": 0.0833837770834158,
  "score3": 0.22694059016310453,
  "score4": 0.18139668279385815,
  "score5": 0.20531060159505374,
  "score6": 0.1960219882043993
}