{
  "score0": 0.08350880887036652,
  "score1": 0.06147007090572973,
  "score2": 0.06228241455020749,
  "score3": 0.12744499014665425,
  "score4": 0.11223986843417026,
  "score5": 0.041243135245599825,
  "score6": 0.09167957447050235
}