{
  "score0": 0.35163010243731574,
  "score1": 0.10296153293791876,
  "score2": 0.018827916206827604,
  "score3": 0.17714539362337858,
  "score4": 0.12296207471573965,
  "score5": 0.29441198162540516,
  "score6": 0.42284852274139545
}