{
  "score0": 0.06758685426353461,
  "score1": 0.007371735258755741,
  "score2": 0.0833837770834158,
  "score3": 0.22694059016310453,
  "score4": 0.18139668279385815,
  "score5": 0.20531060159505374,
  "score6": 0.1960219882043993
}