{
  "score0": 0.053624355263611825,
  "score1": 0.13914160940087544,
  "score2": 0.3281318713685484,
  "score3": 0.38208000904691514,
  "score4": 0.09508291132218673,
  "score5": 0.2661715806272619,
  "score6": 0.1442158802263696
}