{
  "score0": 0.29891383525301085,
  "score1": 0.45079704102662377,
  "score2": 0.09031320470062472,
  "score3": 0.012576085445346436,
  "score4": 0.08968129806553349,
  "score5": 0.32035260274228156,
  "score6": 0.6077702342120633
}