{
  "score0": 0.1905799704309106,
  "score1": 0.1250962422730145,
  "score2": 0.07497072252183072,
  "score3": 0.042695733695494176,
  "score4": 0.08685661018903235,
  "score5": 0.08103827101854431,
  "score6": 0.2340128689402576
}