{
  "score0": 0.07896395406208709,
  "score1": 0.03691785397244608,
  "score2": 0.13496597487291714,
  "score3": 0.13866144296904329,
  "score4": 0.17653222905801857,
  "score5": 0.2546017213315542,
  "score6": 0.36554867444429306
}