{
  "score0": 0.09565120392561158,
  "score1": 0.04669989133364418,
  "score2": 0.0030810134434275,
  "score3": 0.04018302302089737,
  "score4": 0.1863321964019414,
  "score5": 0.24293892188853952,
  "score6": 0.11394090610620339
}