{
  "score0": 0.027758897666618987,
  "score1": 0.1729289119941141,
  "score2": 0.1658227818154063,
  "score3": 0.17670390388101317,
  "score4": 0.4959025215998601,
  "score5": 0.3296050395057905,
  "score6": 0.5545797393712123
}