{
  "score0": 0.397362861058761,
  "score1": 0.2445734096379601,
  "score2": 0.17184445509628682,
  "score3": 0.20355149386447483,
  "score4": 0.23507639180993403,
  "score5": 0.06275106036102256,
  "score6": 0.06135378843409852
}