{
  "score0": 0.13250853189782083,
  "score1": 0.3008673538597904,
  "score2": 0.32557971322880186,
  "score3": 0.1672400220366068,
  "score4": 0.07150585965124566,
  "score5": 0.08153821956070494,
  "score6": 0.09008371903835209
}