{
  "score0": 0.2102049038142338,
  "score1": 0.1936766691423016,
  "score2": 0.2978955496366012,
  "score3": 0.5156539145345015,
  "score4": 0.537898285015134,
  "score5": 0.6280220949109256,
  "score6": 0.16341747860982417
}