{
  "score0": 0.2956487948539269,
  "score1": 0.26925093863608973,
  "score2": 0.06684505498658773,
  "score3": 0.12785435255734687,
  "score4": 0.1339788688009,
  "score5": 0.06660737401596666,
  "score6": 0.1939265134430739
}