{
  "score0": 0.4009101506017157,
  "score1": 0.2445734096379601,
  "score2": 0.18731799703069213,
  "score3": 0.2740367415793354,
  "score4": 0.11056033293744731,
  "score5": 0.03185244671002404,
  "score6": 0.14288618827988483
}