{
  "score0": 0.06749768869091408,
  "score1": 0.011673035723595347,
  "score2": 0.13496597487291714,
  "score3": 0.13866144296904329,
  "score4": 0.17653222905801857,
  "score5": 0.2546017213315542,
  "score6": 0.36554867444429306
}