{
  "score0": 0.2176085017769106,
  "score1": 0.4185305025121955,
  "score2": 0.26075183335752555,
  "score3": 0.07338536310780142,
  "score4": 0.19119349834978863,
  "score5": 0.02755546436455264,
  "score6": 0.04280581340876082
}