{
  "score0": 0.14288767267885724,
  "score1": 0.29954581038150024,
  "score2": 0.21312699462782242,
  "score3": 0.20891714358673386,
  "score4": 0.08484855479742777,
  "score5": 0.12860919074340402,
  "score6": 0.0009433905307058556
}