{
  "score0": 0.08304360802974414,
  "score1": 0.053624355263611825,
  "score2": 0.13914160940087544,
  "score3": 0.2834424980554225,
  "score4": 0.3027032688661223,
  "score5": 0.21678589729990402,
  "score6": 0.006760085717704233
}