{
  "score0": 0.07944257708606836,
  "score1": 0.16964489520449855,
  "score2": 0.38018862725324754,
  "score3": 0.3164303695193034,
  "score4": 0.13320761818001245,
  "score5": 0.08921424652726508,
  "score6": 0.22185274264365448
}