{
  "score0": 0.09845317758389419,
  "score1": 0.011925257809541567,
  "score2": 0.14793148218291227,
  "score3": 0.03088181021122713,
  "score4": 0.10844594844996687,
  "score5": 0.3841888366281832,
  "score6": 0.5434535189156303
}