{
  "score0": 0.38760835756611983,
  "score1": 0.2565657650827563,
  "score2": 0.12438444366119225,
  "score3": 0.1825619899214185,
  "score4": 0.06637492348519665,
  "score5": 0.05902958789371882,
  "score6": 0.15493073912439492
}