{
  "score0": 0.37601212205780904,
  "score1": 0.16322618031605238,
  "score2": 0.1538337096471207,
  "score3": 0.14301563385044422,
  "score4": 0.06031496564068279,
  "score5": 0.06609140008604664,
  "score6": 0.17483648825022416
}