{
  "score0": 0.08350880887036652,
  "score1": 0.06147007090572973,
  "score2": 0.06406156553556916,
  "score3": 0.11219971690946301,
  "score4": 0.11972365617889076,
  "score5": 0.04074305600255513,
  "score6": 0.065095962832974
}