{
  "score0": 0.39425022949459176,
  "score1": 0.2527595474291806,
  "score2": 0.06161400105124539,
  "score3": 0.09827921939086336,
  "score4": 0.42501218844867045,
  "score5": 0.19427270082398648,
  "score6": 0.09543991732245445
}