{
  "score0": 0.36868777901601985,
  "score1": 0.2558385736482723,
  "score2": 0.2693698658081691,
  "score3": 0.14657652649018757,
  "score4": 0.26105120673011895,
  "score5": 0.11323734458605707,
  "score6": 0.0008977471408350944
}