{
  "score0": 0.16805546423548942,
  "score1": 0.2820779817833196,
  "score2": 0.5794059951812112,
  "score3": 0.46294093844693024,
  "score4": 0.43755371393695114,
  "score5": 0.2545492550760781,
  "score6": 0.2165729893989503
}