{
  "score0": 0.3613300754550934,
  "score1": 0.16322618031605238,
  "score2": 0.1538337096471207,
  "score3": 0.03526056208016213,
  "score4": 0.014519453533033334,
  "score5": 0.19967093281399442,
  "score6": 0.07744769546611978
}