{
  "score0": 0.19982006005709782,
  "score1": 0.1141762983169854,
  "score2": 0.09796560433118154,
  "score3": 0.06681512433156771,
  "score4": 0.007556390680240677,
  "score5": 0.14445617194805857,
  "score6": 0.2673560359092258
}