{
  "score0": 0.36666962998188923,
  "score1": 0.2565657650827563,
  "score2": 0.06706891036711816,
  "score3": 0.03526056208016213,
  "score4": 0.014519453533033334,
  "score5": 0.19967093281399442,
  "score6": 0.07744769546611978
}