{
  "score0": 0.13565630651832958,
  "score1": 0.34487184959754025,
  "score2": 0.27757592400050474,
  "score3": 0.2323020229511753,
  "score4": 0.11417429279689502,
  "score5": 0.11050247990666477,
  "score6": 0.013160013893868693
}