{
  "score0": 0.05496229059342297,
  "score1": 0.014092394603536715,
  "score2": 0.02374400773102595,
  "score3": 0.10179838662180167,
  "score4": 0.10614290926997932,
  "score5": 0.07952318269771469,
  "score6": 0.06457265978985409
}