{
  "score0": 0.1805753483370204,
  "score1": 0.1780141070514173,
  "score2": 0.3123858160418192,
  "score3": 0.6089696317732326,
  "score4": 0.5303332728557499,
  "score5": 0.10044372589930556,
  "score6": 0.2921982194280534
}