{
  "score0": 0.2960455292295173,
  "score1": 0.14253044590061595,
  "score2": 0.021896173951264787,
  "score3": 0.10759474824530652,
  "score4": 0.1473712284520441,
  "score5": 0.10904248135191823,
  "score6": 0.17178917288486265
}