{
  "score0": 0.13134565857859035,
  "score1": 0.01690047512982948,
  "score2": 0.09085023125812962,
  "score3": 0.07433461537905035,
  "score4": 0.25704077604494663,
  "score5": 0.3610643438865722,
  "score6": 0.42443395489901975
}