{
  "score0": 0.4009101506017157,
  "score1": 0.2445734096379601,
  "score2": 0.17176016745341546,
  "score3": 0.2597753873043205,
  "score4": 0.24164185442053276,
  "score5": 0.062050753482398975,
  "score6": 0.03183446694885122
}