{
  "score0": 0.07703116301531707,
  "score1": 0.05496229059342297,
  "score2": 0.014092394603536715,
  "score3": 0.03214847324992196,
  "score4": 0.15256625628403092,
  "score5": 0.013553441497239372,
  "score6": 0.13922898793126637
}