{
  "score0": 0.1313190926644803,
  "score1": 0.019816635808397,
  "score2": 0.1028751100499001,
  "score3": 0.03836128210963404,
  "score4": 0.18114552821622276,
  "score5": 0.34761020443601653,
  "score6": 0.43522246217577526
}