{
  "score0": 0.10664814705360769,
  "score1": 0.011925257809541567,
  "score2": 0.14793148218291227,
  "score3": 0.15211111724793558,
  "score4": 0.17934464952418147,
  "score5": 0.4644223020807236,
  "score6": 0.1945233495685401
}