{
  "score0": 0.3763630158524785,
  "score1": 0.29891383525301085,
  "score2": 0.45079704102662377,
  "score3": 0.06319036086917394,
  "score4": 0.16019302980380737,
  "score5": 0.09060390629336289,
  "score6": 0.03258437452790292
}