{
  "score0": 0.07693714459087216,
  "score1": 0.06940426549445068,
  "score2": 0.0349912240501995,
  "score3": 0.056791083389259554,
  "score4": 0.125957850958943,
  "score5": 0.03332569783804514,
  "score6": 0.007263128479988948
}