{
  "score0": 0.1370287176525099,
  "score1": 0.3008673538597904,
  "score2": 0.34841725771408616,
  "score3": 0.13376109713862272,
  "score4": 0.08147780249549917,
  "score5": 0.25240878791587834,
  "score6": 0.049500120439572325
}