{
  "score0": 0.3763630158524785,
  "score1": 0.29891383525301085,
  "score2": 0.2693698658081691,
  "score3": 0.11647028740204148,
  "score4": 0.24039186274092608,
  "score5": 0.01893895425332214,
  "score6": 0.048124495424561285
}