{
  "score0": 0.09666487938831272,
  "score1": 0.03691785397244608,
  "score2": 0.07411335455390185,
  "score3": 0.21280525415832288,
  "score4": 0.35626724065701687,
  "score5": 0.2363524504372058,
  "score6": 0.15605710260899766
}