{
  "score0": 0.22170665899373945,
  "score1": 0.17393023956745082,
  "score2": 0.311313251519604,
  "score3": 0.4224538899909174,
  "score4": 0.4439014482754624,
  "score5": 0.6940364123713199,
  "score6": 0.2633783184644996
}