{
  "score0": 0.20996136772378687,
  "score1": 0.4081170087222576,
  "score2": 0.3154688080708267,
  "score3": 0.07338536310780142,
  "score4": 0.19119349834978863,
  "score5": 0.02755546436455264,
  "score6": 0.04280581340876082
}