{
  "score0": 0.07973121323569493,
  "score1": 0.18781407571095546,
  "score2": 0.16068513317089908,
  "score3": 0.27822917325553037,
  "score4": 0.4937811952377207,
  "score5": 0.49281431473637394,
  "score6": 0.28567782015722626
}