{
  "score0": 0.15043998922535365,
  "score1": 0.2896704017138223,
  "score2": 0.32557971322880186,
  "score3": 0.1672400220366068,
  "score4": 0.07150585965124566,
  "score5": 0.08153821956070494,
  "score6": 0.09008371903835209
}