{
  "score0": 0.34339842764825806,
  "score1": 0.10776215956221158,
  "score2": 0.08298264533972469,
  "score3": 0.24281602057650406,
  "score4": 0.3605842003381144,
  "score5": 0.08611314813741315,
  "score6": 