{
  "score0": 0.16330730893702727,
  "score1": 0.2820779817833196,
  "score2": 0.5866605745074719,
  "score3": 0.43503293088844924,
  "score4": 0.6550677006783276,
  "score5": 0.3083677342302403,
  "score6": 0.2156141756043397
}