{
  "score0": 0.07944257708606836,
  "score1": 0.16964489520449855,
  "score2": 0.3275004946839262,
  "score3": 0.2954658407004001,
  "score4": 0.1261056211464365,
  "score5": 0.12147747346942006,
  "score6": 0.25838322287180443
}