{
  "score0": 0.07896395406208709,
  "score1": 0.03691785397244608,
  "score2": 0.07411335455390185,
  "score3": 0.16839483279941533,
  "score4": 0.18573662951815115,
  "score5": 0.1673503609900848,
  "score6": 0.4001330853345984
}