{
  "score0": 0.09157577351033641,
  "score1": 0.01664977135321789,
  "score2": 0.1246293560085054,
  "score3": 0.21280525415832288,
  "score4": 0.35626724065701687,
  "score5": 0.2363524504372058,
  "score6": 0.15605710260899766
}