{
  "score0": 0.20211517223313036,
  "score1": 0.16158373352163424,
  "score2": 0.2797115656272507,
  "score3": 0.553322302193612,
  "score4": 0.5793571506034055,
  "score5": 0.3294564296664045,
  "score6": 0.09997226991459825
}