{
  "score0": 0.10664814705360769,
  "score1": 0.03079084195285188,
  "score2": 0.14524460200567288,
  "score3": 0.15211111724793558,
  "score4": 0.17934464952418147,
  "score5": 0.4644223020807236,
  "score6": 0.1945233495685401
}