{
  "score0": 0.18118753734078302,
  "score1": 0.1250962422730145,
  "score2": 0.08175823882540681,
  "score3": 0.05137630657693007,
  "score4": 0.11543803484364577,
  "score5": 0.1522847448619028,
  "score6": 0.24969911668213937
}