{
  "score0": 0.4081170087222576,
  "score1": 0.3154688080708267,
  "score2": 0.06161400105124539,
  "score3": 0.09827921939086336,
  "score4": 0.42501218844867045,
  "score5": 0.19427270082398648,
  "score6": 0.09543991732245445
}