{
  "score0": 0.20790719366465626,
  "score1": 0.09510412188433749,
  "score2": 0.0633447803664783,
  "score3": 0.027371623988745052,
  "score4": 0.1085526597925479,
  "score5": 0.007556947789574009,
  "score6": 0.19537251315292314
}