{
  "score0": 0.1805753483370204,
  "score1": 0.17985299910941063,
  "score2": 0.26290781570874466,
  "score3": 0.4704991678511936,
  "score4": 0.6089696317732326,
  "score5": 0.5303332728557499,
  "score6": 0.10044372589930556
}