{
  "score0": 0.34487184959754025,
  "score1": 0.26383284856363665,
  "score2": 0.23881850885586378,
  "score3": 0.24164185442053276,
  "score4": 0.062050753482398975,
  "score5": 0.03183446694885122,
  "score6": 0.1900165721470571
}