{
  "score0": 0.2922884436456613,
  "score1": 0.34207248319917766,
  "score2": 0.0631713188092619,
  "score3": 0.08615973190430122,
  "score4": 0.15802876461993376,
  "score5": 0.283242385958607,
  "score6": 0.042973786558518474
}