{
  "score0": 0.20460011405242956,
  "score1": 0.1141762983169854,
  "score2": 0.09796560433118154,
  "score3": 0.06681512433156771,
  "score4": 0.042859061700749414,
  "score5": 0.07845529017076878,
  "score6": 0.24828774354705382
}