{
  "score0": 0.06758685426353461,
  "score1": 0.011673035723595347,
  "score2": 0.12626366247068924,
  "score3": 0.1638068744664367,
  "score4": 0.22694059016310453,
  "score5": 0.18139668279385815,
  "score6": 0.20531060159505374
}