{
  "score0": 0.34339842764825806,
  "score1": 0.10296153293791876,
  "score2": 0.0031172838728855254,
  "score3": 0.23522780569835208,
  "score4": 0.24281602057650406,
  "score5": 0.3605842003381144,
  "score6": 0.08611314813741315
}