{
  "score0": 0.06121103129461179,
  "score1": 0.04669989133364418,
  "score2": 0.0030810134434275,
  "score3": 0.007290233248596387,
  "score4": 0.14910380299095108,
  "score5": 0.15829683581435341,
  "score6": 0.09478550983349472
}