{
  "score0": 0.2693153146048439,
  "score1": 0.34207248319917766,
  "score2": 0.0631713188092619,
  "score3": 0.08615973190430122,
  "score4": 0.17681678181869928,
  "score5": 0.06420984482641318,
  "score6": 0.22939245432949854
}