{
  "score0": 0.2732316681528621,
  "score1": 0.053231920908389935,
  "score2": 0.5394819672273344,
  "score3": 0.7442629193179057,
  "score4": 0.7053746750541198,
  "score5": 0.36150156594894756,
  "score6": 0.16795404881234907
}