{
  "score0": 0.045528670741126015,
  "score1": 0.3135149006131667,
  "score2": 0.7660131492619066,
  "score3": 0.7547295591837244,
  "score4": 0.722831016448696,
  "score5": 0.12744982885353856,
  "score6": 0.20071039044423988
}