{
  "score0": 0.7754384312388414,
  "score1": 0.28705602127373075,
  "score2": 0.12948809734027025,
  "score3": 0.276862226457052,
  "score4": 0.21074744607057994,
  "score5": 0.5240696826660012,
  "score6": 0.7225732255029547
}