{
  "score0": 0.39414203043733076,
  "score1": 0.4888471364342881,
  "score2": 0.30154485638843753,
  "score3": 0.6649576974780559,
  "score4": 0.7032844696173896,
  "score5": 0.6863209216989178,
  "score6": 0.21540090530752296
}