{
  "score0": 0.7617817866899349,
  "score1": 0.8065379704010447,
  "score2": 0.6745204673332388,
  "score3": 0.20588860758033165,
  "score4": 0.18746907186690612,
  "score5": 0.08520257599158604,
  "score6": 0.37152920848430826
}