{
  "score0": 0.21042603784714997,
  "score1": 0.020466206032437453,
  "score2": 0.3630580150686671,
  "score3": 0.5122485725986438,
  "score4": 0.721748038487566,
  "score5": 0.7283706248364172,
  "score6": 0.7030151597172382
}