{
  "score0": 0.030064348272954153,
  "score1": 0.4517232127252036,
  "score2": 0.7932012380573303,
  "score3": 0.7949425561294948,
  "score4": 0.624704327093298,
  "score5": 0.1730927152656023,
  "score6": 0.4456118805892022
}