{
  "score0": 0.5862512583038164,
  "score1": 0.6202462986767199,
  "score2": 0.4558109620979297,
  "score3": 0.26550626017592466,
  "score4": 0.20810087749027636,
  "score5": 0.41095020338331406,
  "score6": 0.5675944315471403
}