{
  "score0": 0.22715071898330594,
  "score1": 0.3194754786398957,
  "score2": 0.39266319304362324,
  "score3": 0.5267437004963956,
  "score4": 0.6692616189961104,
  "score5": 0.4313225889071197,
  "score6": 0.4938274959103642
}