{
  "score0": 0.24904984496949636,
  "score1": 0.29056070625436403,
  "score2": 0.1276378561837846,
  "score3": 0.5259635149685497,
  "score4": 0.6453875399617578,
  "score5": 0.2988008965440925,
  "score6": 0.22791337052931193
}