{
  "score0": 0.08493939364567994,
  "score1": 0.38242868156198967,
  "score2": 0.7552104977810827,
  "score3": 0.7734053028164517,
  "score4": 0.51992282169069,
  "score5": 0.16882312165859967,
  "score6": 0.0638217238801626
}