{
  "score0": 0.5823041073144278,
  "score1": 0.5836114839209511,
  "score2": 0.4129997533653174,
  "score3": 0.4070580122247178,
  "score4": 0.17150497345011714,
  "score5": 0.5216793021492282,
  "score6": 0.7212537810634932
}