{
  "score0": 0.6241815308131938,
  "score1": 0.5911690557725403,
  "score2": 0.6151233228655525,
  "score3": 0.2224100400566562,
  "score4": 0.11999437137058806,
  "score5": 0.21950282482669206,
  "score6": 0.08554060051841018
}