{
  "score0": 0.24445303530313933,
  "score1": 0.38212077187104343,
  "score2": 0.5204436534223745,
  "score3": 0.3319071414646134,
  "score4": 0.6963736587521868,
  "score5": 0.7245833359759195,
  "score6": 0.5992094666253963
}