{
  "score0": 0.8118452653453877,
  "score1": 0.24541968446648627,
  "score2": 0.12912052366992405,
  "score3": 0.06993370313348181,
  "score4": 0.5922446634837214,
  "score5": 0.07985421904384753,
  "score6": 0.4291293794648119
}