{
  "score0": 0.23389683372983414,
  "score1": 0.15771684506836242,
  "score2": 0.387843412530016,
  "score3": 0.3076182434425005,
  "score4": 0.6762328221738777,
  "score5": 0.719697815936711,
  "score6": 0.7255261779357828
}