{
  "score0": 0.3088961897500289,
  "score1": 0.10646416024945013,
  "score2": 0.5446037572253913,
  "score3": 0.360288201815166,
  "score4": 0.6629342103145912,
  "score5": 0.4206152210922511,
  "score6": 0.31202789597626457
}