{
  "score0": 0.6075926062838732,
  "score1": 0.5589923085541114,
  "score2": 0.6657097690475643,
  "score3": 0.23638551867932112,
  "score4": 0.20931114207388601,
  "score5": 0.08891056154513323,
  "score6": 0.6413520407657961
}