{
  "score0": 0.472056989133164,
  "score1": 0.2975116645884382,
  "score2": 0.2773321174107941,
  "score3": 0.31385843610256486,
  "score4": 0.013565574081303315,
  "score5": 0.16601662553884813,
  "score6": 0.5873516753773398
}