{
  "score0": 0.3067094973786109,
  "score1": 0.16659516331931287,
  "score2": 0.13019815856075678,
  "score3": 0.3213046405285436,
  "score4": 0.1774751900406152,
  "score5": 0.8278025007393816,
  "score6": 0.730486573164205
}