{
  "score0": 0.27198754210581905,
  "score1": 0.3618667419745462,
  "score2": 0.26641063930302367,
  "score3": 0.6633588116394804,
  "score4": 0.2902849021641097,
  "score5": 0.2375492252528327,
  "score6": 0.3808610811165882
}