{
  "score0": 0.515920610299691,
  "score1": 0.635431019824673,
  "score2": 0.5606206899730468,
  "score3": 0.5310920096419819,
  "score4": 0.3088381833448781,
  "score5": 0.34267997167725733,
  "score6": 0.02967294716506667
}