{
  "score0": 0.2953880840031434,
  "score1": 0.16659516331931287,
  "score2": 0.13019815856075678,
  "score3": 0.3213046405285436,
  "score4": 0.27521735686709703,
  "score5": 0.7415185066092761,
  "score6": 0.614106028565201
}