{
  "score0": 0.7396300343305513,
  "score1": 0.7667389598615243,
  "score2": 0.6981599441838402,
  "score3": 0.12982947857472302,
  "score4": 0.08882140450429454,
  "score5": 0.06508945051488658,
  "score6": 0.1606166900107406
}