{
  "score0": 0.045528670741126015,
  "score1": 0.3291351925131033,
  "score2": 0.7420373762745719,
  "score3": 0.722831016448696,
  "score4": 0.12744982885353856,
  "score5": 0.20071039044423988,
  "score6": 0.043070389504700345
}