{
  "score0": 0.5862512583038164,
  "score1": 0.6202462986767199,
  "score2": 0.46433914439613067,
  "score3": 0.29502281436956307,
  "score4": 0.1455943893452585,
  "score5": 0.37772357594668016,
  "score6": 0.49771535084213187
}