{
  "score0": 0.4731010930399666,
  "score1": 0.2758236573327595,
  "score2": 0.3078169086051669,
  "score3": 0.06737591209297869,
  "score4": 0.7265161209529407,
  "score5": 0.5185040304811225,
  "score6": 0.10156999754329765
}