{
  "score0": 0.2732316681528621,
  "score1": 0.05533714164979758,
  "score2": 0.5738960314584449,
  "score3": 0.7010752024003252,
  "score4": 0.7053746750541198,
  "score5": 0.36150156594894756,
  "score6": 0.16795404881234907
}