{
  "score0": 0.24541968446648627,
  "score1": 0.1371106972302222,
  "score2": 0.10838446228197988,
  "score3": 0.2507867573251101,
  "score4": 0.7053252763402891,
  "score5": 0.7350603803861954,
  "score6": 0.6422754472877884
}