{
  "score0": 0.7387387309886717,
  "score1": 0.7334072413370979,
  "score2": 0.6014668451939804,
  "score3": 0.18746907186690612,
  "score4": 0.08520257599158604,
  "score5": 0.37152920848430826,
  "score6": 0.29447347661640194
}