{
  "score0": 0.5014517338994982,
  "score1": 0.6751644146777611,
  "score2": 0.5552872406385106,
  "score3": 0.5310920096419819,
  "score4": 0.3088381833448781,
  "score5": 0.34267997167725733,
  "score6": 0.02967294716506667
}