{
  "score0": 0.512685903046143,
  "score1": 0.48794544756967456,
  "score2": 0.25746775845749625,
  "score3": 0.22800196235937106,
  "score4": 0.15724944361285428,
  "score5": 0.6050623325438521,
  "score6": 0.7295142948702459
}