{
  "score0": 0.5151292173316732,
  "score1": 0.7024828157729363,
  "score2": 0.8036542641989235,
  "score3": 0.7061400253929214,
  "score4": 0.11751353636279083,
  "score5": 0.18751907765158396,
  "score6": 0.040443675196720145
}