{
  "score0": 0.5321711709053404,
  "score1": 0.728783742040571,
  "score2": 0.757242261405858,
  "score3": 0.6391594341103102,
  "score4": 0.364120686525808,
  "score5": 0.16222310374829121,
  "score6": 0.5578872243489509
}