{
  "score0": 0.22870891046643047,
  "score1": 0.13947697871831694,
  "score2": 0.41178672960758067,
  "score3": 0.5241419422915264,
  "score4": 0.634015282079386,
  "score5": 0.634599001467011,
  "score6": 0.7530985197828888
}