{
  "score0": 0.5769161407837524,
  "score1": 0.63489894512496,
  "score2": 0.3231977015591751,
  "score3": 0.16922757378589173,
  "score4": 0.5103728023891342,
  "score5": 0.6862403343053458,
  "score6": 0.5796873161908901
}