{
  "score0": 0.7617817866899349,
  "score1": 0.7957212983287414,
  "score2": 0.6014668451939804,
  "score3": 0.18746907186690612,
  "score4": 0.08520257599158604,
  "score5": 0.37152920848430826,
  "score6": 0.29447347661640194
}