{
  "score0": 0.6777540383560654,
  "score1": 0.5827158325557116,
  "score2": 0.39049709357382106,
  "score3": 0.13234046861457685,
  "score4": 0.4053014548796557,
  "score5": 0.13234046861457685,
  "score6": 0.16024262217773136
}