{
  "score0": 0.21621749591655368,
  "score1": 0.020466206032437453,
  "score2": 0.3781282730697957,
  "score3": 0.29900013518613183,
  "score4": 0.7216361137707891,
  "score5": 0.6541332220232258,
  "score6": 0.7398949151068805
}