{
  "score0": 0.5814619472423803,
  "score1": 0.7802620246637666,
  "score2": 0.18222021138839806,
  "score3": 0.08863042689022582,
  "score4": 0.228158723423731,
  "score5": 0.213011760515555,
  "score6": 0.41531812244173455
}