{
  "score0": 0.1477878870313145,
  "score1": 0.3772456387158478,
  "score2": 0.5329168849271294,
  "score3": 0.6765453645989038,
  "score4": 0.7871292318862598,
  "score5": 0.4541119398401721,
  "score6": 0.5576681998027132
}