{
  "score0": 0.3067094973786109,
  "score1": 0.1867330217518096,
  "score2": 0.07190562694050659,
  "score3": 0.43572391841139746,
  "score4": 0.1774751900406152,
  "score5": 0.8278025007393816,
  "score6": 0.730486573164205
}