{
  "score0": 0.21621749591655368,
  "score1": 0.03916153277412331,
  "score2": 0.2979428076355711,
  "score3": 0.7216361137707891,
  "score4": 0.6541332220232258,
  "score5": 0.7398949151068805,
  "score6": 0.8011015941576175
}