{
  "score0": 0.084938168715171,
  "score1": 0.4517232127252036,
  "score2": 0.7932012380573303,
  "score3": 0.6473100027947731,
  "score4": 0.51992282169069,
  "score5": 0.16882312165859967,
  "score6": 0.0638217238801626
}