{
  "score0": 0.7363678608986163,
  "score1": 0.28705602127373075,
  "score2": 0.12948809734027025,
  "score3": 0.2098010277918987,
  "score4": 0.4087353812954208,
  "score5": 0.7108753143774931,
  "score6": 0.8317567165829259
}