{
  "score0": 0.5655647082967376,
  "score1": 0.7098339174585406,
  "score2": 0.7489636710855637,
  "score3": 0.5170571381913586,
  "score4": 0.15348233245534093,
  "score5": 0.09628671280927487,
  "score6": 0.06604321128269726
}