{
  "score0": 0.7667389598615243,
  "score1": 0.6981599441838402,
  "score2": 0.08350512558098443,
  "score3": 0.1326726920725337,
  "score4": 0.3299128457713188,
  "score5": 0.7618840931703104,
  "score6": 0.6878798556205666
}