{
  "score0": 0.5808264739017764,
  "score1": 0.6089706339761797,
  "score2": 0.4558109620979297,
  "score3": 0.26550626017592466,
  "score4": 0.20810087749027636,
  "score5": 0.41095020338331406,
  "score6": 0.5675944315471403
}