{
  "score0": 0.7804748532963907,
  "score1": 0.2912348321463323,
  "score2": 0.09721818798266377,
  "score3": 0.3669569486419197,
  "score4": 0.467955239938535,
  "score5": 0.7453165549392496,
  "score6": 0.811438632533287
}