{
  "score0": 0.7575086568472411,
  "score1": 0.8065379704010447,
  "score2": 0.6176213672255635,
  "score3": 0.23131645391432407,
  "score4": 0.24332184693541378,
  "score5": 0.04598171145099375,
  "score6": 0.1797083910210925
}