{
  "score0": 0.5742773394233288,
  "score1": 0.7719082984580689,
  "score2": 0.24529816629508452,
  "score3": 0.13043938629953034,
  "score4": 0.16462560754967162,
  "score5": 0.44847045107471645,
  "score6": 0.07241959962320633
}