{
  "score0": 0.22715071898330594,
  "score1": 0.3194754786398957,
  "score2": 0.1949580455444544,
  "score3": 0.37096434769977166,
  "score4": 0.7050266896241704,
  "score5": 0.4830263391927305,
  "score6": 0.6138276858019073
}