{
  "score0": 0.5384788986888578,
  "score1": 0.5887866804786674,
  "score2": 0.3332958972753582,
  "score3": 0.4070580122247178,
  "score4": 0.18130540825603322,
  "score5": 0.6333597260018714,
  "score6": 0.7362797632563126
}