{
  "score0": 0.36768938312925553,
  "score1": 0.5755569954474168,
  "score2": 0.4418193906140371,
  "score3": 0.7167194848488662,
  "score4": 0.7439650314444551,
  "score5": 0.3371918749431711,
  "score6": 0.3482573016995587
}