{
  "score0": 0.4908287943943635,
  "score1": 0.7352984045611256,
  "score2": 0.16703076016336482,
  "score3": 0.10487013712773759,
  "score4": 0.22546772629132814,
  "score5": 0.17568133409812148,
  "score6": 0.39477227677161114
}