{
  "score0": 0.7881635601591296,
  "score1": 0.264538691230732,
  "score2": 0.16816631393672718,
  "score3": 0.3997337683440656,
  "score4": 0.7029991891270795,
  "score5": 0.465841830853202,
  "score6": 0.6398977855183513
}