{
  "score0": 0.5823041073144278,
  "score1": 0.6202462986767199,
  "score2": 0.46433914439613067,
  "score3": 0.29502281436956307,
  "score4": 0.17150497345011714,
  "score5": 0.5216793021492282,
  "score6": 0.7212537810634932
}