{
  "score0": 0.7395998552811809,
  "score1": 0.784101957351166,
  "score2": 0.7024385595143406,
  "score3": 0.0958269507476439,
  "score4": 0.2880719125133501,
  "score5": 0.020810023514115584,
  "score6": 0.41944541454178513
}