{
  "score0": 0.280142484121746,
  "score1": 0.36768938312925553,
  "score2": 0.5755569954474168,
  "score3": 0.2879045839583539,
  "score4": 0.6678264976386576,
  "score5": 0.731541047987475,
  "score6": 0.8230634008891786
}