{
  "score0": 0.7396300343305513,
  "score1": 0.7667389598615243,
  "score2": 0.6981599441838402,
  "score3": 0.0958269507476439,
  "score4": 0.2880719125133501,
  "score5": 0.020810023514115584,
  "score6": 0.41944541454178513
}