{
  "score0": 0.29976544433793495,
  "score1": 0.053231920908389935,
  "score2": 0.5394819672273344,
  "score3": 0.7442629193179057,
  "score4": 0.7786457676027885,
  "score5": 0.5539739782022257,
  "score6": 0.07623421223973993
}