{
  "score0": 0.09967602994703711,
  "score1": 0.38212077187104343,
  "score2": 0.5204436534223745,
  "score3": 0.5182715390799539,
  "score4": 0.6357894992748155,
  "score5": 0.6899598333345299,
  "score6": 0.33414624195701537
}