{
  "score0": 0.484536184581267,
  "score1": 0.7352984045611256,
  "score2": 0.1636803030414828,
  "score3": 0.04970680078599923,
  "score4": 0.10385225075446301,
  "score5": 0.1593433461494278,
  "score6": 0.521723964691097
}