{
  "score0": 0.2973198867599613,
  "score1": 0.09378863080612894,
  "score2": 0.6634043254822991,
  "score3": 0.39678527024650506,
  "score4": 0.5085042320616834,
  "score5": 0.44962069169309865,
  "score6": 0.3496691965747127
}