{
  "score0": 0.46223065517990536,
  "score1": 0.24500138592841597,
  "score2": 0.25528889269364646,
  "score3": 0.28561609698705964,
  "score4": 0.08752130124889601,
  "score5": 0.21956888605158845,
  "score6": 0.40519456268075466
}