{
  "score0": 0.2485409757621957,
  "score1": 0.3259150872193093,
  "score2": 0.1276378561837846,
  "score3": 0.5259635149685497,
  "score4": 0.5305936940578447,
  "score5": 0.18552778193382427,
  "score6": 0.32119265976823214
}