{
  "score0": 0.280142484121746,
  "score1": 0.4088137028906819,
  "score2": 0.49654479911825056,
  "score3": 0.2517862294875776,
  "score4": 0.6678264976386576,
  "score5": 0.731541047987475,
  "score6": 0.8230634008891786
}