{
  "score0": 0.47202198105662946,
  "score1": 0.7735859450125512,
  "score2": 0.18222021138839806,
  "score3": 0.08863042689022582,
  "score4": 0.2278293890630855,
  "score5": 0.16253664436085938,
  "score6": 0.307587284897458
}