{
  "score0": 0.22870891046643047,
  "score1": 0.15771684506836242,
  "score2": 0.3903721276630694,
  "score3": 0.5382997126436658,
  "score4": 0.634015282079386,
  "score5": 0.634599001467011,
  "score6": 0.7530985197828888
}