{
  "score0": 0.27632685478995067,
  "score1": 0.18940702895170614,
  "score2": 0.057086267591857955,
  "score3": 0.28329324837635245,
  "score4": 0.2507867573251101,
  "score5": 0.7053252763402891,
  "score6": 0.7350603803861954
}