{
  "score0": 0.37028904482369746,
  "score1": 0.46374997300553567,
  "score2": 0.41329125454577437,
  "score3": 0.6626315236734643,
  "score4": 0.7472592458253171,
  "score5": 0.5469345576602497,
  "score6": 0.1636100632478323
}