{
  "score0": 0.03659952280485716,
  "score1": 0.3135149006131667,
  "score2": 0.7626578014165925,
  "score3": 0.7295166415236246,
  "score4": 0.5114096521933509,
  "score5": 0.2080905528866389,
  "score6": 0.4782310207845597
}