{
  "score0": 0.5151292173316732,
  "score1": 0.6817371400151359,
  "score2": 0.7193837079406769,
  "score3": 0.6576339737576969,
  "score4": 0.11751353636279083,
  "score5": 0.18751907765158396,
  "score6": 0.040443675196720145
}