{
  "score0": 0.5375109783273374,
  "score1": 0.7024828157729363,
  "score2": 0.8036542641989235,
  "score3": 0.7061400253929214,
  "score4": 0.2009762658570893,
  "score5": 0.17507543694232786,
  "score6": 0.19798359077513109
}