{
  "score0": 0.13890029466858367,
  "score1": 0.3520447998599024,
  "score2": 0.45983936125170516,
  "score3": 0.5470325317493566,
  "score4": 0.6619508313199738,
  "score5": 0.6120680764951163,
  "score6": 0.23592008663186506
}