{
  "score0": 0.484536184581267,
  "score1": 0.7352984045611256,
  "score2": 0.173176393374488,
  "score3": 0.07864443127865718,
  "score4": 0.04204146688957311,
  "score5": 0.1326726920725337,
  "score6": 0.3299128457713188
}