{
  "score0": 0.7698292571562848,
  "score1": 0.784101957351166,
  "score2": 0.7024385595143406,
  "score3": 0.13412287467575465,
  "score4": 0.38000496871852557,
  "score5": 0.019623803150125754,
  "score6": 0.10931420972636757
}