{
  "score0": 0.4033828132928932,
  "score1": 0.4888471364342881,
  "score2": 0.30154485638843753,
  "score3": 0.6684096130046951,
  "score4": 0.669401833408457,
  "score5": 0.6245502589400401,
  "score6": 0.2513208009835107
}