{
  "score0": 0.6751644146777611,
  "score1": 0.5552872406385106,
  "score2": 0.39049709357382106,
  "score3": 0.13234046861457685,
  "score4": 0.4053014548796557,
  "score5": 0.13234046861457685,
  "score6": 0.16024262217773136
}