{
  "score0": 0.5321711709053404,
  "score1": 0.731923617605045,
  "score2": 0.6348397907719383,
  "score3": 0.364120686525808,
  "score4": 0.16222310374829121,
  "score5": 0.5578872243489509,
  "score6": 0.3333902834184919
}