{
  "score0": 0.6716061768800731,
  "score1": 0.6105541877701091,
  "score2": 0.662197939613226,
  "score3": 0.17189062589737544,
  "score4": 0.1328178759658648,
  "score5": 0.24388318883578042,
  "score6": 0.7495159468281972
}