{
  "score0": 0.4612054735459207,
  "score1": 0.2975116645884382,
  "score2": 0.2773321174107941,
  "score3": 0.3548429355275052,
  "score4": 0.013129975999966126,
  "score5": 0.2909361856520428,
  "score6": 0.34718213262404446
}