{
  "score0": 0.6777540383560654,
  "score1": 0.6105541877701091,
  "score2": 0.7082128659226482,
  "score3": 0.18666200721799667,
  "score4": 0.13234046861457685,
  "score5": 0.4053014548796557,
  "score6": 0.13234046861457685
}