{
  "score0": 0.27632685478995067,
  "score1": 0.16707081392406412,
  "score2": 0.10838446228197988,
  "score3": 0.2507867573251101,
  "score4": 0.7053252763402891,
  "score5": 0.7350603803861954,
  "score6": 0.6422754472877884
}