{
  "score0": 0.3088961897500289,
  "score1": 0.09378863080612894,
  "score2": 0.6574244780466467,
  "score3": 0.6449804556378024,
  "score4": 0.360288201815166,
  "score5": 0.6629342103145912,
  "score6": 0.4206152210922511
}