{
  "score0": 0.1477878870313145,
  "score1": 0.3520447998599024,
  "score2": 0.4406644319525145,
  "score3": 0.6107329373621012,
  "score4": 0.6765453645989038,
  "score5": 0.7871292318862598,
  "score6": 0.4541119398401721
}