{
  "score0": 0.262858158812576,
  "score1": 0.36404100150137747,
  "score2": 0.39266319304362324,
  "score3": 0.5267437004963956,
  "score4": 0.6692616189961104,
  "score5": 0.4313225889071197,
  "score6": 0.4938274959103642
}