{
  "score0": 0.7754384312388414,
  "score1": 0.25321765555181136,
  "score2": 0.12912052366992405,
  "score3": 0.06993370313348181,
  "score4": 0.21074744607057994,
  "score5": 0.5240696826660012,
  "score6": 0.7225732255029547
}