{
  "score0": 0.2640885972043309,
  "score1": 0.1867330217518096,
  "score2": 0.10054095622538778,
  "score3": 0.29763679296090356,
  "score4": 0.4054104357826311,
  "score5": 0.7528858907711848,
  "score6": 0.7136887109170664
}