{
  "score0": 0.7881635601591296,
  "score1": 0.2912348321463323,
  "score2": 0.10466796635731666,
  "score3": 0.30178790692613783,
  "score4": 0.3997337683440656,
  "score5": 0.7029991891270795,
  "score6": 0.465841830853202
}